"participant_id","study","trial","search_step","search_target","search_option","chose_option","search_cost_eur"
"pilot_1","pilot",1,1,NA,"lower_own_payoff","lower_own_payoff",NA
"pilot_2","pilot",1,1,NA,"lower_own_payoff","lower_own_payoff",NA
"pilot_3","pilot",1,1,NA,"lower_own_payoff","lower_own_payoff",NA
"pilot_4","pilot",1,1,NA,"higher_own_payoff","higher_own_payoff",NA
"pilot_5","pilot",1,1,NA,"lower_own_payoff","lower_own_payoff",NA
"pilot_6","pilot",1,1,NA,"lower_own_payoff","higher_own_payoff",NA
"pilot_7","pilot",1,1,NA,"lower_own_payoff","lower_own_payoff",NA
"pilot_8","pilot",1,1,NA,"lower_own_payoff","lower_own_payoff",NA
"pilot_9","pilot",1,1,NA,"higher_own_payoff","higher_own_payoff",NA
"pilot_10","pilot",1,1,NA,"higher_own_payoff","higher_own_payoff",NA
"pilot_11","pilot",1,1,NA,"lower_own_payoff","lower_own_payoff",NA
"pilot_12","pilot",1,1,NA,"higher_own_payoff","higher_own_payoff",NA
"pilot_13","pilot",1,1,NA,"lower_own_payoff","lower_own_payoff",NA
"pilot_14","pilot",1,1,NA,"higher_own_payoff","higher_own_payoff",NA
"pilot_15","pilot",1,1,NA,"lower_own_payoff","lower_own_payoff",NA
"pilot_16","pilot",1,1,NA,"higher_own_payoff","lower_own_payoff",NA
"pilot_17","pilot",1,1,NA,"lower_own_payoff","lower_own_payoff",NA
"pilot_18","pilot",1,1,NA,"lower_own_payoff","lower_own_payoff",NA
"pilot_19","pilot",1,1,NA,"lower_own_payoff","lower_own_payoff",NA
"pilot_20","pilot",1,1,NA,"higher_own_payoff","higher_own_payoff",NA
"pilot_21","pilot",1,1,NA,"higher_own_payoff","lower_own_payoff",NA
"pilot_22","pilot",1,1,NA,"higher_own_payoff","higher_own_payoff",NA
"pilot_23","pilot",1,1,NA,"higher_own_payoff","higher_own_payoff",NA
"pilot_24","pilot",1,1,NA,"lower_own_payoff","lower_own_payoff",NA
"pilot_25","pilot",1,1,NA,"lower_own_payoff","lower_own_payoff",NA
"pilot_26","pilot",1,1,NA,"higher_own_payoff","lower_own_payoff",NA
"pilot_27","pilot",1,1,NA,"higher_own_payoff","higher_own_payoff",NA
"pilot_28","pilot",1,1,NA,"lower_own_payoff","lower_own_payoff",NA
"pilot_29","pilot",1,1,NA,"lower_own_payoff","lower_own_payoff",NA
"pilot_30","pilot",1,1,NA,"higher_own_payoff","higher_own_payoff",NA
"pilot_31","pilot",1,1,NA,"lower_own_payoff","lower_own_payoff",NA
"pilot_32","pilot",1,1,NA,"lower_own_payoff","lower_own_payoff",NA
"pilot_33","pilot",1,1,NA,"higher_own_payoff","higher_own_payoff",NA
"pilot_34","pilot",1,1,NA,"lower_own_payoff","lower_own_payoff",NA
"pilot_35","pilot",1,1,NA,"lower_own_payoff","lower_own_payoff",NA
"pilot_36","pilot",1,1,NA,"lower_own_payoff","lower_own_payoff",NA
"pilot_37","pilot",1,1,NA,"lower_own_payoff","lower_own_payoff",NA
"pilot_38","pilot",1,1,NA,"lower_own_payoff","lower_own_payoff",NA
"pilot_39","pilot",1,1,NA,"lower_own_payoff","higher_own_payoff",NA
"pilot_40","pilot",1,1,NA,"lower_own_payoff","higher_own_payoff",NA
"pilot_41","pilot",1,1,NA,"higher_own_payoff","higher_own_payoff",NA
"pilot_42","pilot",1,1,NA,"lower_own_payoff","lower_own_payoff",NA
"pilot_43","pilot",1,1,NA,"lower_own_payoff","lower_own_payoff",NA
"pilot_44","pilot",1,1,NA,"lower_own_payoff","lower_own_payoff",NA
"pilot_45","pilot",1,1,NA,"higher_own_payoff","higher_own_payoff",NA
"pilot_46","pilot",1,1,NA,"lower_own_payoff","lower_own_payoff",NA
"pilot_47","pilot",1,1,NA,"higher_own_payoff","higher_own_payoff",NA
"pilot_48","pilot",1,1,NA,"lower_own_payoff","lower_own_payoff",NA
"pilot_49","pilot",1,1,NA,"higher_own_payoff","higher_own_payoff",NA
"pilot_50","pilot",1,1,NA,"lower_own_payoff","lower_own_payoff",NA
"pilot_51","pilot",1,1,NA,"higher_own_payoff","higher_own_payoff",NA
"pilot_52","pilot",1,1,NA,"higher_own_payoff","higher_own_payoff",NA
"pilot_53","pilot",1,1,NA,"lower_own_payoff","lower_own_payoff",NA
"pilot_54","pilot",1,1,NA,"lower_own_payoff","higher_own_payoff",NA
"pilot_55","pilot",1,1,NA,"lower_own_payoff","lower_own_payoff",NA
"pilot_56","pilot",1,1,NA,"lower_own_payoff","lower_own_payoff",NA
"pilot_57","pilot",1,1,NA,"lower_own_payoff","lower_own_payoff",NA
"pilot_58","pilot",1,1,NA,"higher_own_payoff","higher_own_payoff",NA
"pilot_59","pilot",1,1,NA,"lower_own_payoff","lower_own_payoff",NA
"pilot_60","pilot",1,1,NA,"lower_own_payoff","lower_own_payoff",NA
"pilot_61","pilot",1,1,NA,"higher_own_payoff","higher_own_payoff",NA
"pilot_62","pilot",1,1,NA,"higher_own_payoff","higher_own_payoff",NA
"pilot_63","pilot",1,1,NA,"lower_own_payoff","lower_own_payoff",NA
"pilot_64","pilot",1,1,NA,"lower_own_payoff","lower_own_payoff",NA
"pilot_65","pilot",1,1,NA,"lower_own_payoff","lower_own_payoff",NA
"pilot_66","pilot",1,1,NA,"lower_own_payoff","lower_own_payoff",NA
"pilot_67","pilot",1,1,NA,"higher_own_payoff","higher_own_payoff",NA
"pilot_68","pilot",1,1,NA,"higher_own_payoff","higher_own_payoff",NA
"pilot_69","pilot",1,1,NA,"lower_own_payoff","lower_own_payoff",NA
"pilot_70","pilot",1,1,NA,"lower_own_payoff","lower_own_payoff",NA
"pilot_71","pilot",1,1,NA,"lower_own_payoff","lower_own_payoff",NA
"pilot_72","pilot",1,1,NA,"lower_own_payoff","lower_own_payoff",NA
"pilot_73","pilot",1,1,NA,"lower_own_payoff","lower_own_payoff",NA
"pilot_74","pilot",1,1,NA,"lower_own_payoff","lower_own_payoff",NA
"pilot_75","pilot",1,1,NA,"lower_own_payoff","lower_own_payoff",NA
"pilot_76","pilot",1,1,NA,"lower_own_payoff","lower_own_payoff",NA
"pilot_77","pilot",1,1,NA,"higher_own_payoff","higher_own_payoff",NA
"pilot_78","pilot",1,1,NA,"lower_own_payoff","lower_own_payoff",NA
"pilot_79","pilot",1,1,NA,"lower_own_payoff","lower_own_payoff",NA
"pilot_80","pilot",1,1,NA,"higher_own_payoff","higher_own_payoff",NA
"pilot_81","pilot",1,1,NA,"lower_own_payoff","lower_own_payoff",NA
"pilot_82","pilot",1,1,NA,"lower_own_payoff","lower_own_payoff",NA
"pilot_83","pilot",1,1,NA,"higher_own_payoff","higher_own_payoff",NA
"pilot_84","pilot",1,1,NA,"lower_own_payoff","lower_own_payoff",NA
"pilot_85","pilot",1,1,NA,"higher_own_payoff","higher_own_payoff",NA
"pilot_86","pilot",1,1,NA,"lower_own_payoff","lower_own_payoff",NA
"pilot_87","pilot",1,1,NA,"lower_own_payoff","lower_own_payoff",NA
"pilot_88","pilot",1,1,NA,"lower_own_payoff","lower_own_payoff",NA
"pilot_89","pilot",1,1,NA,"higher_own_payoff","higher_own_payoff",NA
"pilot_90","pilot",1,1,NA,"lower_own_payoff","lower_own_payoff",NA
"pilot_91","pilot",1,1,NA,"higher_own_payoff","higher_own_payoff",NA
"pilot_92","pilot",1,1,NA,"lower_own_payoff","higher_own_payoff",NA
"pilot_93","pilot",1,1,NA,"lower_own_payoff","lower_own_payoff",NA
"pilot_94","pilot",1,1,NA,"lower_own_payoff","higher_own_payoff",NA
"pilot_95","pilot",1,1,NA,"lower_own_payoff","lower_own_payoff",NA
"pilot_96","pilot",1,1,NA,"lower_own_payoff","lower_own_payoff",NA
"pilot_97","pilot",1,1,NA,"higher_own_payoff","higher_own_payoff",NA
"pilot_98","pilot",1,1,NA,"lower_own_payoff","lower_own_payoff",NA
"pilot_99","pilot",1,1,NA,"lower_own_payoff","lower_own_payoff",NA
"pilot_100","pilot",1,1,NA,"higher_own_payoff","lower_own_payoff",NA
"pilot_101","pilot",1,1,NA,"higher_own_payoff","higher_own_payoff",NA
"pilot_102","pilot",1,1,NA,"lower_own_payoff","lower_own_payoff",NA
"pilot_103","pilot",1,1,NA,"lower_own_payoff","lower_own_payoff",NA
"pilot_104","pilot",1,1,NA,"lower_own_payoff","lower_own_payoff",NA
"pilot_105","pilot",1,1,NA,"lower_own_payoff","lower_own_payoff",NA
"pilot_106","pilot",1,1,NA,"higher_own_payoff","higher_own_payoff",NA
"pilot_107","pilot",1,1,NA,"lower_own_payoff","lower_own_payoff",NA
"pilot_108","pilot",1,1,NA,"higher_own_payoff","lower_own_payoff",NA
"pilot_109","pilot",1,1,NA,"lower_own_payoff","lower_own_payoff",NA
"pilot_110","pilot",1,1,NA,"lower_own_payoff","lower_own_payoff",NA
"pilot_111","pilot",1,1,NA,"lower_own_payoff","lower_own_payoff",NA
"pilot_112","pilot",1,1,NA,"lower_own_payoff","lower_own_payoff",NA
"pilot_113","pilot",1,1,NA,"lower_own_payoff","lower_own_payoff",NA
"pilot_114","pilot",1,1,NA,"higher_own_payoff","lower_own_payoff",NA
"pilot_115","pilot",1,1,NA,"higher_own_payoff","higher_own_payoff",NA
"pilot_116","pilot",1,1,NA,"lower_own_payoff","lower_own_payoff",NA
"pilot_117","pilot",1,1,NA,"higher_own_payoff","higher_own_payoff",NA
"pilot_118","pilot",1,1,NA,"lower_own_payoff","lower_own_payoff",NA
"pilot_119","pilot",1,1,NA,"lower_own_payoff","higher_own_payoff",NA
"pilot_120","pilot",1,1,NA,"higher_own_payoff","lower_own_payoff",NA
"pilot_121","pilot",1,1,NA,"higher_own_payoff","higher_own_payoff",NA
"pilot_122","pilot",1,1,NA,"lower_own_payoff","higher_own_payoff",NA
"pilot_123","pilot",1,1,NA,"lower_own_payoff","lower_own_payoff",NA
"pilot_124","pilot",1,1,NA,"lower_own_payoff","lower_own_payoff",NA
"pilot_125","pilot",1,1,NA,"lower_own_payoff","lower_own_payoff",NA
"pilot_126","pilot",1,1,NA,"lower_own_payoff","lower_own_payoff",NA
"pilot_127","pilot",1,1,NA,"lower_own_payoff","lower_own_payoff",NA
"pilot_128","pilot",1,1,NA,"higher_own_payoff","higher_own_payoff",NA
"pilot_129","pilot",1,1,NA,"lower_own_payoff","lower_own_payoff",NA
"pilot_130","pilot",1,1,NA,"lower_own_payoff","lower_own_payoff",NA
"pilot_131","pilot",1,1,NA,"lower_own_payoff","lower_own_payoff",NA
"pilot_132","pilot",1,1,NA,"lower_own_payoff","lower_own_payoff",NA
"pilot_133","pilot",1,1,NA,"lower_own_payoff","lower_own_payoff",NA
"pilot_134","pilot",1,1,NA,"higher_own_payoff","lower_own_payoff",NA
"pilot_135","pilot",1,1,NA,"lower_own_payoff","lower_own_payoff",NA
"pilot_136","pilot",1,1,NA,"lower_own_payoff","lower_own_payoff",NA
"pilot_137","pilot",1,1,NA,"lower_own_payoff","lower_own_payoff",NA
"pilot_138","pilot",1,1,NA,"lower_own_payoff","lower_own_payoff",NA
"pilot_139","pilot",1,1,NA,"lower_own_payoff","lower_own_payoff",NA
"pilot_140","pilot",1,1,NA,"lower_own_payoff","lower_own_payoff",NA
"pilot_141","pilot",1,1,NA,"lower_own_payoff","lower_own_payoff",NA
"pilot_142","pilot",1,1,NA,"lower_own_payoff","lower_own_payoff",NA
"pilot_143","pilot",1,1,NA,"higher_own_payoff","lower_own_payoff",NA
"pilot_144","pilot",1,1,NA,"higher_own_payoff","higher_own_payoff",NA
"pilot_145","pilot",1,1,NA,"lower_own_payoff","lower_own_payoff",NA
"pilot_146","pilot",1,1,NA,"lower_own_payoff","lower_own_payoff",NA
"pilot_147","pilot",1,1,NA,"lower_own_payoff","lower_own_payoff",NA
"pilot_148","pilot",1,1,NA,"lower_own_payoff","lower_own_payoff",NA
"pilot_149","pilot",1,1,NA,"lower_own_payoff","lower_own_payoff",NA
"pilot_150","pilot",1,1,NA,"lower_own_payoff","higher_own_payoff",NA
"pilot_151","pilot",1,1,NA,"higher_own_payoff","lower_own_payoff",NA
"pilot_152","pilot",1,1,NA,"lower_own_payoff","lower_own_payoff",NA
"pilot_153","pilot",1,1,NA,"lower_own_payoff","lower_own_payoff",NA
"pilot_154","pilot",1,1,NA,"higher_own_payoff","higher_own_payoff",NA
"pilot_155","pilot",1,1,NA,"lower_own_payoff","lower_own_payoff",NA
"pilot_156","pilot",1,1,NA,"lower_own_payoff","lower_own_payoff",NA
"pilot_157","pilot",1,1,NA,"lower_own_payoff","lower_own_payoff",NA
"pilot_158","pilot",1,1,NA,"higher_own_payoff","higher_own_payoff",NA
"pilot_159","pilot",1,1,NA,"higher_own_payoff","higher_own_payoff",NA
"pilot_160","pilot",1,1,NA,"lower_own_payoff","lower_own_payoff",NA
"pilot_161","pilot",1,1,NA,"higher_own_payoff","higher_own_payoff",NA
"pilot_162","pilot",1,1,NA,"lower_own_payoff","lower_own_payoff",NA
"pilot_163","pilot",1,1,NA,"higher_own_payoff","higher_own_payoff",NA
"pilot_164","pilot",1,1,NA,"lower_own_payoff","lower_own_payoff",NA
"pilot_165","pilot",1,1,NA,"lower_own_payoff","lower_own_payoff",NA
"pilot_166","pilot",1,1,NA,"higher_own_payoff","higher_own_payoff",NA
"pilot_167","pilot",1,1,NA,"higher_own_payoff","lower_own_payoff",NA
"pilot_168","pilot",1,1,NA,"higher_own_payoff","higher_own_payoff",NA
"pilot_169","pilot",1,1,NA,"lower_own_payoff","lower_own_payoff",NA
"pilot_170","pilot",1,1,NA,"higher_own_payoff","higher_own_payoff",NA
"pilot_171","pilot",1,1,NA,"higher_own_payoff","higher_own_payoff",NA
"pilot_172","pilot",1,1,NA,"lower_own_payoff","lower_own_payoff",NA
"pilot_173","pilot",1,1,NA,"higher_own_payoff","higher_own_payoff",NA
"pilot_174","pilot",1,1,NA,"lower_own_payoff","lower_own_payoff",NA
"pilot_175","pilot",1,1,NA,"lower_own_payoff","lower_own_payoff",NA
"pilot_176","pilot",1,1,NA,"lower_own_payoff","lower_own_payoff",NA
"pilot_177","pilot",1,1,NA,"higher_own_payoff","higher_own_payoff",NA
"pilot_178","pilot",1,1,NA,"higher_own_payoff","lower_own_payoff",NA
"pilot_179","pilot",1,1,NA,"higher_own_payoff","lower_own_payoff",NA
"pilot_180","pilot",1,1,NA,"lower_own_payoff","higher_own_payoff",NA
"pilot_181","pilot",1,1,NA,"higher_own_payoff","higher_own_payoff",NA
"pilot_182","pilot",1,1,NA,"lower_own_payoff","lower_own_payoff",NA
"pilot_183","pilot",1,1,NA,"higher_own_payoff","higher_own_payoff",NA
"pilot_184","pilot",1,1,NA,"higher_own_payoff","higher_own_payoff",NA
"pilot_185","pilot",1,1,NA,"lower_own_payoff","lower_own_payoff",NA
"pilot_186","pilot",1,1,NA,"lower_own_payoff","lower_own_payoff",NA
"pilot_187","pilot",1,1,NA,"lower_own_payoff","lower_own_payoff",NA
"pilot_188","pilot",1,1,NA,"lower_own_payoff","lower_own_payoff",NA
"pilot_189","pilot",1,1,NA,"higher_own_payoff","higher_own_payoff",NA
"pilot_190","pilot",1,1,NA,"higher_own_payoff","lower_own_payoff",NA
"pilot_191","pilot",1,1,NA,"lower_own_payoff","lower_own_payoff",NA
"pilot_192","pilot",1,1,NA,"higher_own_payoff","higher_own_payoff",NA
"pilot_193","pilot",1,1,NA,"lower_own_payoff","lower_own_payoff",NA
"pilot_194","pilot",1,1,NA,"lower_own_payoff","lower_own_payoff",NA
"pilot_195","pilot",1,1,NA,"lower_own_payoff","lower_own_payoff",NA
"pilot_196","pilot",1,1,NA,"lower_own_payoff","lower_own_payoff",NA
"pilot_197","pilot",1,1,NA,"lower_own_payoff","lower_own_payoff",NA
"pilot_198","pilot",1,1,NA,"higher_own_payoff","lower_own_payoff",NA
"pilot_199","pilot",1,1,NA,"lower_own_payoff","lower_own_payoff",NA
"pilot_200","pilot",1,1,NA,"lower_own_payoff","lower_own_payoff",NA
"pilot_201","pilot",1,1,NA,"lower_own_payoff","lower_own_payoff",NA
"pilot_202","pilot",1,1,NA,"lower_own_payoff","lower_own_payoff",NA
"pilot_203","pilot",1,1,NA,"higher_own_payoff","higher_own_payoff",NA
"pilot_204","pilot",1,1,NA,"higher_own_payoff","higher_own_payoff",NA
"pilot_205","pilot",1,1,NA,"higher_own_payoff","higher_own_payoff",NA
"pilot_206","pilot",1,1,NA,"higher_own_payoff","higher_own_payoff",NA
"pilot_207","pilot",1,1,NA,"higher_own_payoff","higher_own_payoff",NA
"pilot_208","pilot",1,1,NA,"lower_own_payoff","higher_own_payoff",NA
"pilot_209","pilot",1,1,NA,"lower_own_payoff","lower_own_payoff",NA
"pilot_210","pilot",1,1,NA,"lower_own_payoff","lower_own_payoff",NA
"pilot_211","pilot",1,1,NA,"higher_own_payoff","higher_own_payoff",NA
"pilot_212","pilot",1,1,NA,"higher_own_payoff","higher_own_payoff",NA
"pilot_213","pilot",1,1,NA,"higher_own_payoff","higher_own_payoff",NA
"pilot_214","pilot",1,1,NA,"lower_own_payoff","lower_own_payoff",NA
"pilot_215","pilot",1,1,NA,"lower_own_payoff","lower_own_payoff",NA
"pilot_216","pilot",1,1,NA,"lower_own_payoff","lower_own_payoff",NA
"pilot_217","pilot",1,1,NA,"lower_own_payoff","higher_own_payoff",NA
"pilot_218","pilot",1,1,NA,"lower_own_payoff","lower_own_payoff",NA
"pilot_219","pilot",1,1,NA,"lower_own_payoff","lower_own_payoff",NA
"pilot_220","pilot",1,1,NA,"higher_own_payoff","higher_own_payoff",NA
"pilot_221","pilot",1,1,NA,"lower_own_payoff","lower_own_payoff",NA
"pilot_222","pilot",1,1,NA,"higher_own_payoff","higher_own_payoff",NA
"pilot_223","pilot",1,1,NA,"higher_own_payoff","higher_own_payoff",NA
"pilot_224","pilot",1,1,NA,"higher_own_payoff","higher_own_payoff",NA
"pilot_225","pilot",1,1,NA,"lower_own_payoff","lower_own_payoff",NA
"pilot_226","pilot",1,1,NA,"lower_own_payoff","lower_own_payoff",NA
"pilot_227","pilot",1,1,NA,"higher_own_payoff","higher_own_payoff",NA
"pilot_228","pilot",1,1,NA,"higher_own_payoff","higher_own_payoff",NA
"pilot_229","pilot",1,1,NA,"higher_own_payoff","higher_own_payoff",NA
"pilot_230","pilot",1,1,NA,"higher_own_payoff","higher_own_payoff",NA
"pilot_231","pilot",1,1,NA,"higher_own_payoff","higher_own_payoff",NA
"pilot_232","pilot",1,1,NA,"lower_own_payoff","higher_own_payoff",NA
"pilot_233","pilot",1,1,NA,"lower_own_payoff","lower_own_payoff",NA
"pilot_234","pilot",1,1,NA,"higher_own_payoff","lower_own_payoff",NA
"pilot_235","pilot",1,1,NA,"higher_own_payoff","higher_own_payoff",NA
"pilot_236","pilot",1,1,NA,"higher_own_payoff","higher_own_payoff",NA
"pilot_237","pilot",1,1,NA,"lower_own_payoff","lower_own_payoff",NA
"pilot_238","pilot",1,1,NA,"higher_own_payoff","higher_own_payoff",NA
"pilot_239","pilot",1,1,NA,"higher_own_payoff","higher_own_payoff",NA
"pilot_240","pilot",1,1,NA,"lower_own_payoff","lower_own_payoff",NA
"pilot_241","pilot",1,1,NA,"higher_own_payoff","lower_own_payoff",NA
"pilot_242","pilot",1,1,NA,"lower_own_payoff","lower_own_payoff",NA
"pilot_243","pilot",1,1,NA,"lower_own_payoff","lower_own_payoff",NA
"pilot_244","pilot",1,1,NA,"higher_own_payoff","higher_own_payoff",NA
"pilot_245","pilot",1,1,NA,"higher_own_payoff","higher_own_payoff",NA
"pilot_246","pilot",1,1,NA,"higher_own_payoff","higher_own_payoff",NA
"pilot_247","pilot",1,1,NA,"higher_own_payoff","higher_own_payoff",NA
"pilot_248","pilot",1,1,NA,"lower_own_payoff","lower_own_payoff",NA
"pilot_249","pilot",1,1,NA,"lower_own_payoff","lower_own_payoff",NA
"pilot_250","pilot",1,1,NA,"lower_own_payoff","lower_own_payoff",NA
"pilot_251","pilot",1,1,NA,"lower_own_payoff","lower_own_payoff",NA
"pilot_252","pilot",1,1,NA,"higher_own_payoff","higher_own_payoff",NA
"pilot_253","pilot",1,1,NA,"higher_own_payoff","higher_own_payoff",NA
"pilot_254","pilot",1,1,NA,"higher_own_payoff","higher_own_payoff",NA
"pilot_255","pilot",1,1,NA,"lower_own_payoff","lower_own_payoff",NA
"pilot_256","pilot",1,1,NA,"lower_own_payoff","lower_own_payoff",NA
"pilot_257","pilot",1,1,NA,"higher_own_payoff","higher_own_payoff",NA
"pilot_258","pilot",1,1,NA,"higher_own_payoff","higher_own_payoff",NA
"pilot_259","pilot",1,1,NA,"higher_own_payoff","higher_own_payoff",NA
"pilot_260","pilot",1,1,NA,"higher_own_payoff","higher_own_payoff",NA
"pilot_261","pilot",1,1,NA,"higher_own_payoff","higher_own_payoff",NA
"pilot_262","pilot",1,1,NA,"higher_own_payoff","higher_own_payoff",NA
"pilot_263","pilot",1,1,NA,"higher_own_payoff","higher_own_payoff",NA
"pilot_264","pilot",1,1,NA,"higher_own_payoff","higher_own_payoff",NA
"pilot_265","pilot",1,1,NA,"lower_own_payoff","lower_own_payoff",NA
"pilot_266","pilot",1,1,NA,"lower_own_payoff","lower_own_payoff",NA
"pilot_267","pilot",1,1,NA,"lower_own_payoff","lower_own_payoff",NA
"pilot_268","pilot",1,1,NA,"lower_own_payoff","lower_own_payoff",NA
"pilot_269","pilot",1,1,NA,"lower_own_payoff","lower_own_payoff",NA
"pilot_270","pilot",1,1,NA,"higher_own_payoff","lower_own_payoff",NA
"pilot_271","pilot",1,1,NA,"higher_own_payoff","higher_own_payoff",NA
"pilot_272","pilot",1,1,NA,"lower_own_payoff","lower_own_payoff",NA
"pilot_273","pilot",1,1,NA,"lower_own_payoff","lower_own_payoff",NA
"pilot_274","pilot",1,1,NA,"higher_own_payoff","higher_own_payoff",NA
"pilot_275","pilot",1,1,NA,"lower_own_payoff","higher_own_payoff",NA
"pilot_276","pilot",1,1,NA,"lower_own_payoff","lower_own_payoff",NA
"pilot_277","pilot",1,1,NA,"lower_own_payoff","higher_own_payoff",NA
"pilot_278","pilot",1,1,NA,"lower_own_payoff","lower_own_payoff",NA
"pilot_279","pilot",1,1,NA,"lower_own_payoff","lower_own_payoff",NA
"pilot_280","pilot",1,1,NA,"lower_own_payoff","lower_own_payoff",NA
"pilot_281","pilot",1,1,NA,"lower_own_payoff","lower_own_payoff",NA
"pilot_282","pilot",1,1,NA,"lower_own_payoff","lower_own_payoff",NA
"pilot_283","pilot",1,1,NA,"higher_own_payoff","higher_own_payoff",NA
"pilot_284","pilot",1,1,NA,"lower_own_payoff","lower_own_payoff",NA
"pilot_285","pilot",1,1,NA,"lower_own_payoff","lower_own_payoff",NA
"pilot_286","pilot",1,1,NA,"lower_own_payoff","lower_own_payoff",NA
"pilot_287","pilot",1,1,NA,"lower_own_payoff","lower_own_payoff",NA
"pilot_288","pilot",1,1,NA,"lower_own_payoff","lower_own_payoff",NA
"pilot_289","pilot",1,1,NA,"lower_own_payoff","lower_own_payoff",NA
"pilot_290","pilot",1,1,NA,"higher_own_payoff","higher_own_payoff",NA
"pilot_291","pilot",1,1,NA,"higher_own_payoff","higher_own_payoff",NA
"pilot_292","pilot",1,1,NA,"higher_own_payoff","lower_own_payoff",NA
"pilot_293","pilot",1,1,NA,"lower_own_payoff","lower_own_payoff",NA
"pilot_294","pilot",1,1,NA,"lower_own_payoff","lower_own_payoff",NA
"pilot_295","pilot",1,1,NA,"lower_own_payoff","higher_own_payoff",NA
"pilot_296","pilot",1,1,NA,"lower_own_payoff","lower_own_payoff",NA
"pilot_297","pilot",1,1,NA,"higher_own_payoff","higher_own_payoff",NA
"pilot_298","pilot",1,1,NA,"higher_own_payoff","higher_own_payoff",NA
"pilot_299","pilot",1,1,NA,"lower_own_payoff","lower_own_payoff",NA
"pilot_300","pilot",1,1,NA,"lower_own_payoff","lower_own_payoff",NA
"pilot_301","pilot",1,1,NA,"lower_own_payoff","lower_own_payoff",NA
"pilot_302","pilot",1,1,NA,"higher_own_payoff","higher_own_payoff",NA
"pilot_303","pilot",1,1,NA,"lower_own_payoff","lower_own_payoff",NA
"pilot_304","pilot",1,1,NA,"lower_own_payoff","lower_own_payoff",NA
"pilot_305","pilot",1,1,NA,"lower_own_payoff","lower_own_payoff",NA
"pilot_306","pilot",1,1,NA,"lower_own_payoff","lower_own_payoff",NA
"pilot_1","pilot",2,1,NA,"lower_own_payoff","lower_own_payoff",NA
"pilot_2","pilot",2,1,NA,"higher_own_payoff","lower_own_payoff",NA
"pilot_3","pilot",2,1,NA,"lower_own_payoff","lower_own_payoff",NA
"pilot_4","pilot",2,1,NA,"lower_own_payoff","lower_own_payoff",NA
"pilot_5","pilot",2,1,NA,"lower_own_payoff","lower_own_payoff",NA
"pilot_6","pilot",2,1,NA,"higher_own_payoff","lower_own_payoff",NA
"pilot_7","pilot",2,1,NA,"higher_own_payoff","higher_own_payoff",NA
"pilot_8","pilot",2,1,NA,"lower_own_payoff","lower_own_payoff",NA
"pilot_9","pilot",2,1,NA,"higher_own_payoff","lower_own_payoff",NA
"pilot_10","pilot",2,1,NA,"higher_own_payoff","higher_own_payoff",NA
"pilot_11","pilot",2,1,NA,"lower_own_payoff","lower_own_payoff",NA
"pilot_12","pilot",2,1,NA,"higher_own_payoff","higher_own_payoff",NA
"pilot_13","pilot",2,1,NA,"lower_own_payoff","lower_own_payoff",NA
"pilot_14","pilot",2,1,NA,"higher_own_payoff","higher_own_payoff",NA
"pilot_15","pilot",2,1,NA,"lower_own_payoff","lower_own_payoff",NA
"pilot_16","pilot",2,1,NA,"lower_own_payoff","lower_own_payoff",NA
"pilot_17","pilot",2,1,NA,"lower_own_payoff","lower_own_payoff",NA
"pilot_18","pilot",2,1,NA,"lower_own_payoff","lower_own_payoff",NA
"pilot_19","pilot",2,1,NA,"higher_own_payoff","higher_own_payoff",NA
"pilot_20","pilot",2,1,NA,"higher_own_payoff","higher_own_payoff",NA
"pilot_21","pilot",2,1,NA,"lower_own_payoff","lower_own_payoff",NA
"pilot_22","pilot",2,1,NA,"higher_own_payoff","lower_own_payoff",NA
"pilot_23","pilot",2,1,NA,"higher_own_payoff","higher_own_payoff",NA
"pilot_24","pilot",2,1,NA,"lower_own_payoff","lower_own_payoff",NA
"pilot_25","pilot",2,1,NA,"lower_own_payoff","lower_own_payoff",NA
"pilot_26","pilot",2,1,NA,"higher_own_payoff","higher_own_payoff",NA
"pilot_27","pilot",2,1,NA,"higher_own_payoff","higher_own_payoff",NA
"pilot_28","pilot",2,1,NA,"higher_own_payoff","lower_own_payoff",NA
"pilot_29","pilot",2,1,NA,"lower_own_payoff","lower_own_payoff",NA
"pilot_30","pilot",2,1,NA,"lower_own_payoff","lower_own_payoff",NA
"pilot_31","pilot",2,1,NA,"higher_own_payoff","lower_own_payoff",NA
"pilot_32","pilot",2,1,NA,"lower_own_payoff","lower_own_payoff",NA
"pilot_33","pilot",2,1,NA,"higher_own_payoff","higher_own_payoff",NA
"pilot_34","pilot",2,1,NA,"lower_own_payoff","lower_own_payoff",NA
"pilot_35","pilot",2,1,NA,"lower_own_payoff","lower_own_payoff",NA
"pilot_36","pilot",2,1,NA,"lower_own_payoff","lower_own_payoff",NA
"pilot_37","pilot",2,1,NA,"lower_own_payoff","lower_own_payoff",NA
"pilot_38","pilot",2,1,NA,"lower_own_payoff","lower_own_payoff",NA
"pilot_39","pilot",2,1,NA,"higher_own_payoff","higher_own_payoff",NA
"pilot_40","pilot",2,1,NA,"higher_own_payoff","lower_own_payoff",NA
"pilot_41","pilot",2,1,NA,"higher_own_payoff","higher_own_payoff",NA
"pilot_42","pilot",2,1,NA,"lower_own_payoff","higher_own_payoff",NA
"pilot_43","pilot",2,1,NA,"lower_own_payoff","lower_own_payoff",NA
"pilot_44","pilot",2,1,NA,"higher_own_payoff","lower_own_payoff",NA
"pilot_45","pilot",2,1,NA,"higher_own_payoff","higher_own_payoff",NA
"pilot_46","pilot",2,1,NA,"lower_own_payoff","lower_own_payoff",NA
"pilot_47","pilot",2,1,NA,"lower_own_payoff","lower_own_payoff",NA
"pilot_48","pilot",2,1,NA,"lower_own_payoff","lower_own_payoff",NA
"pilot_49","pilot",2,1,NA,"higher_own_payoff","higher_own_payoff",NA
"pilot_50","pilot",2,1,NA,"lower_own_payoff","lower_own_payoff",NA
"pilot_51","pilot",2,1,NA,"higher_own_payoff","higher_own_payoff",NA
"pilot_52","pilot",2,1,NA,"lower_own_payoff","higher_own_payoff",NA
"pilot_53","pilot",2,1,NA,"lower_own_payoff","lower_own_payoff",NA
"pilot_54","pilot",2,1,NA,"lower_own_payoff","lower_own_payoff",NA
"pilot_55","pilot",2,1,NA,"higher_own_payoff","lower_own_payoff",NA
"pilot_56","pilot",2,1,NA,"lower_own_payoff","lower_own_payoff",NA
"pilot_57","pilot",2,1,NA,"lower_own_payoff","lower_own_payoff",NA
"pilot_58","pilot",2,1,NA,"lower_own_payoff","higher_own_payoff",NA
"pilot_59","pilot",2,1,NA,"lower_own_payoff","lower_own_payoff",NA
"pilot_60","pilot",2,1,NA,"lower_own_payoff","lower_own_payoff",NA
"pilot_61","pilot",2,1,NA,"higher_own_payoff","higher_own_payoff",NA
"pilot_62","pilot",2,1,NA,"higher_own_payoff","higher_own_payoff",NA
"pilot_63","pilot",2,1,NA,"lower_own_payoff","lower_own_payoff",NA
"pilot_64","pilot",2,1,NA,"higher_own_payoff","higher_own_payoff",NA
"pilot_65","pilot",2,1,NA,"lower_own_payoff","lower_own_payoff",NA
"pilot_66","pilot",2,1,NA,"lower_own_payoff","lower_own_payoff",NA
"pilot_67","pilot",2,1,NA,"higher_own_payoff","higher_own_payoff",NA
"pilot_68","pilot",2,1,NA,"higher_own_payoff","higher_own_payoff",NA
"pilot_69","pilot",2,1,NA,"lower_own_payoff","higher_own_payoff",NA
"pilot_70","pilot",2,1,NA,"lower_own_payoff","lower_own_payoff",NA
"pilot_71","pilot",2,1,NA,"lower_own_payoff","lower_own_payoff",NA
"pilot_72","pilot",2,1,NA,"lower_own_payoff","lower_own_payoff",NA
"pilot_73","pilot",2,1,NA,"higher_own_payoff","higher_own_payoff",NA
"pilot_74","pilot",2,1,NA,"higher_own_payoff","higher_own_payoff",NA
"pilot_75","pilot",2,1,NA,"lower_own_payoff","lower_own_payoff",NA
"pilot_76","pilot",2,1,NA,"higher_own_payoff","higher_own_payoff",NA
"pilot_77","pilot",2,1,NA,"higher_own_payoff","higher_own_payoff",NA
"pilot_78","pilot",2,1,NA,"lower_own_payoff","lower_own_payoff",NA
"pilot_79","pilot",2,1,NA,"lower_own_payoff","lower_own_payoff",NA
"pilot_80","pilot",2,1,NA,"higher_own_payoff","lower_own_payoff",NA
"pilot_81","pilot",2,1,NA,"lower_own_payoff","lower_own_payoff",NA
"pilot_82","pilot",2,1,NA,"lower_own_payoff","lower_own_payoff",NA
"pilot_83","pilot",2,1,NA,"higher_own_payoff","higher_own_payoff",NA
"pilot_84","pilot",2,1,NA,"lower_own_payoff","lower_own_payoff",NA
"pilot_85","pilot",2,1,NA,"lower_own_payoff","lower_own_payoff",NA
"pilot_86","pilot",2,1,NA,"lower_own_payoff","lower_own_payoff",NA
"pilot_87","pilot",2,1,NA,"lower_own_payoff","lower_own_payoff",NA
"pilot_88","pilot",2,1,NA,"higher_own_payoff","higher_own_payoff",NA
"pilot_89","pilot",2,1,NA,"higher_own_payoff","higher_own_payoff",NA
"pilot_90","pilot",2,1,NA,"higher_own_payoff","lower_own_payoff",NA
"pilot_91","pilot",2,1,NA,"higher_own_payoff","higher_own_payoff",NA
"pilot_92","pilot",2,1,NA,"lower_own_payoff","lower_own_payoff",NA
"pilot_93","pilot",2,1,NA,"lower_own_payoff","lower_own_payoff",NA
"pilot_94","pilot",2,1,NA,"lower_own_payoff","higher_own_payoff",NA
"pilot_95","pilot",2,1,NA,"lower_own_payoff","higher_own_payoff",NA
"pilot_96","pilot",2,1,NA,"higher_own_payoff","higher_own_payoff",NA
"pilot_97","pilot",2,1,NA,"lower_own_payoff","lower_own_payoff",NA
"pilot_98","pilot",2,1,NA,"higher_own_payoff","higher_own_payoff",NA
"pilot_99","pilot",2,1,NA,"lower_own_payoff","lower_own_payoff",NA
"pilot_100","pilot",2,1,NA,"higher_own_payoff","lower_own_payoff",NA
"pilot_101","pilot",2,1,NA,"higher_own_payoff","higher_own_payoff",NA
"pilot_102","pilot",2,1,NA,"higher_own_payoff","higher_own_payoff",NA
"pilot_103","pilot",2,1,NA,"higher_own_payoff","higher_own_payoff",NA
"pilot_104","pilot",2,1,NA,"lower_own_payoff","lower_own_payoff",NA
"pilot_105","pilot",2,1,NA,"lower_own_payoff","lower_own_payoff",NA
"pilot_106","pilot",2,1,NA,"higher_own_payoff","higher_own_payoff",NA
"pilot_107","pilot",2,1,NA,"lower_own_payoff","higher_own_payoff",NA
"pilot_108","pilot",2,1,NA,"lower_own_payoff","higher_own_payoff",NA
"pilot_109","pilot",2,1,NA,"lower_own_payoff","lower_own_payoff",NA
"pilot_110","pilot",2,1,NA,"lower_own_payoff","lower_own_payoff",NA
"pilot_111","pilot",2,1,NA,"lower_own_payoff","lower_own_payoff",NA
"pilot_112","pilot",2,1,NA,"lower_own_payoff","lower_own_payoff",NA
"pilot_113","pilot",2,1,NA,"higher_own_payoff","lower_own_payoff",NA
"pilot_114","pilot",2,1,NA,"lower_own_payoff","higher_own_payoff",NA
"pilot_115","pilot",2,1,NA,"higher_own_payoff","higher_own_payoff",NA
"pilot_116","pilot",2,1,NA,"lower_own_payoff","higher_own_payoff",NA
"pilot_117","pilot",2,1,NA,"higher_own_payoff","higher_own_payoff",NA
"pilot_118","pilot",2,1,NA,"lower_own_payoff","lower_own_payoff",NA
"pilot_119","pilot",2,1,NA,"higher_own_payoff","higher_own_payoff",NA
"pilot_120","pilot",2,1,NA,"lower_own_payoff","lower_own_payoff",NA
"pilot_121","pilot",2,1,NA,"higher_own_payoff","higher_own_payoff",NA
"pilot_122","pilot",2,1,NA,"higher_own_payoff","lower_own_payoff",NA
"pilot_123","pilot",2,1,NA,"higher_own_payoff","lower_own_payoff",NA
"pilot_124","pilot",2,1,NA,"lower_own_payoff","lower_own_payoff",NA
"pilot_125","pilot",2,1,NA,"lower_own_payoff","lower_own_payoff",NA
"pilot_126","pilot",2,1,NA,"lower_own_payoff","lower_own_payoff",NA
"pilot_127","pilot",2,1,NA,"lower_own_payoff","lower_own_payoff",NA
"pilot_128","pilot",2,1,NA,"higher_own_payoff","higher_own_payoff",NA
"pilot_129","pilot",2,1,NA,"higher_own_payoff","higher_own_payoff",NA
"pilot_130","pilot",2,1,NA,"higher_own_payoff","higher_own_payoff",NA
"pilot_131","pilot",2,1,NA,"lower_own_payoff","lower_own_payoff",NA
"pilot_132","pilot",2,1,NA,"higher_own_payoff","higher_own_payoff",NA
"pilot_133","pilot",2,1,NA,"higher_own_payoff","higher_own_payoff",NA
"pilot_134","pilot",2,1,NA,"higher_own_payoff","lower_own_payoff",NA
"pilot_135","pilot",2,1,NA,"higher_own_payoff","higher_own_payoff",NA
"pilot_136","pilot",2,1,NA,"higher_own_payoff","higher_own_payoff",NA
"pilot_137","pilot",2,1,NA,"lower_own_payoff","lower_own_payoff",NA
"pilot_138","pilot",2,1,NA,"lower_own_payoff","lower_own_payoff",NA
"pilot_139","pilot",2,1,NA,"lower_own_payoff","lower_own_payoff",NA
"pilot_140","pilot",2,1,NA,"lower_own_payoff","lower_own_payoff",NA
"pilot_141","pilot",2,1,NA,"lower_own_payoff","higher_own_payoff",NA
"pilot_142","pilot",2,1,NA,"lower_own_payoff","higher_own_payoff",NA
"pilot_143","pilot",2,1,NA,"higher_own_payoff","lower_own_payoff",NA
"pilot_144","pilot",2,1,NA,"higher_own_payoff","higher_own_payoff",NA
"pilot_145","pilot",2,1,NA,"higher_own_payoff","higher_own_payoff",NA
"pilot_146","pilot",2,1,NA,"higher_own_payoff","higher_own_payoff",NA
"pilot_147","pilot",2,1,NA,"lower_own_payoff","lower_own_payoff",NA
"pilot_148","pilot",2,1,NA,"lower_own_payoff","lower_own_payoff",NA
"pilot_149","pilot",2,1,NA,"higher_own_payoff","higher_own_payoff",NA
"pilot_150","pilot",2,1,NA,"lower_own_payoff","lower_own_payoff",NA
"pilot_151","pilot",2,1,NA,"higher_own_payoff","higher_own_payoff",NA
"pilot_152","pilot",2,1,NA,"lower_own_payoff","lower_own_payoff",NA
"pilot_153","pilot",2,1,NA,"higher_own_payoff","higher_own_payoff",NA
"pilot_154","pilot",2,1,NA,"higher_own_payoff","higher_own_payoff",NA
"pilot_155","pilot",2,1,NA,"lower_own_payoff","higher_own_payoff",NA
"pilot_156","pilot",2,1,NA,"lower_own_payoff","lower_own_payoff",NA
"pilot_157","pilot",2,1,NA,"higher_own_payoff","lower_own_payoff",NA
"pilot_158","pilot",2,1,NA,"lower_own_payoff","lower_own_payoff",NA
"pilot_159","pilot",2,1,NA,"higher_own_payoff","higher_own_payoff",NA
"pilot_160","pilot",2,1,NA,"lower_own_payoff","lower_own_payoff",NA
"pilot_161","pilot",2,1,NA,"higher_own_payoff","higher_own_payoff",NA
"pilot_162","pilot",2,1,NA,"lower_own_payoff","lower_own_payoff",NA
"pilot_163","pilot",2,1,NA,"higher_own_payoff","higher_own_payoff",NA
"pilot_164","pilot",2,1,NA,"lower_own_payoff","lower_own_payoff",NA
"pilot_165","pilot",2,1,NA,"lower_own_payoff","lower_own_payoff",NA
"pilot_166","pilot",2,1,NA,"higher_own_payoff","higher_own_payoff",NA
"pilot_167","pilot",2,1,NA,"higher_own_payoff","higher_own_payoff",NA
"pilot_168","pilot",2,1,NA,"higher_own_payoff","higher_own_payoff",NA
"pilot_169","pilot",2,1,NA,"lower_own_payoff","lower_own_payoff",NA
"pilot_170","pilot",2,1,NA,"higher_own_payoff","higher_own_payoff",NA
"pilot_171","pilot",2,1,NA,"higher_own_payoff","lower_own_payoff",NA
"pilot_172","pilot",2,1,NA,"higher_own_payoff","lower_own_payoff",NA
"pilot_173","pilot",2,1,NA,"higher_own_payoff","higher_own_payoff",NA
"pilot_174","pilot",2,1,NA,"lower_own_payoff","lower_own_payoff",NA
"pilot_175","pilot",2,1,NA,"lower_own_payoff","lower_own_payoff",NA
"pilot_176","pilot",2,1,NA,"lower_own_payoff","lower_own_payoff",NA
"pilot_177","pilot",2,1,NA,"higher_own_payoff","lower_own_payoff",NA
"pilot_178","pilot",2,1,NA,"lower_own_payoff","lower_own_payoff",NA
"pilot_179","pilot",2,1,NA,"lower_own_payoff","lower_own_payoff",NA
"pilot_180","pilot",2,1,NA,"higher_own_payoff","lower_own_payoff",NA
"pilot_181","pilot",2,1,NA,"higher_own_payoff","lower_own_payoff",NA
"pilot_182","pilot",2,1,NA,"higher_own_payoff","higher_own_payoff",NA
"pilot_183","pilot",2,1,NA,"higher_own_payoff","higher_own_payoff",NA
"pilot_184","pilot",2,1,NA,"higher_own_payoff","higher_own_payoff",NA
"pilot_185","pilot",2,1,NA,"lower_own_payoff","higher_own_payoff",NA
"pilot_186","pilot",2,1,NA,"lower_own_payoff","lower_own_payoff",NA
"pilot_187","pilot",2,1,NA,"lower_own_payoff","lower_own_payoff",NA
"pilot_188","pilot",2,1,NA,"higher_own_payoff","higher_own_payoff",NA
"pilot_189","pilot",2,1,NA,"higher_own_payoff","higher_own_payoff",NA
"pilot_190","pilot",2,1,NA,"lower_own_payoff","lower_own_payoff",NA
"pilot_191","pilot",2,1,NA,"higher_own_payoff","higher_own_payoff",NA
"pilot_192","pilot",2,1,NA,"higher_own_payoff","higher_own_payoff",NA
"pilot_193","pilot",2,1,NA,"higher_own_payoff","higher_own_payoff",NA
"pilot_194","pilot",2,1,NA,"lower_own_payoff","higher_own_payoff",NA
"pilot_195","pilot",2,1,NA,"lower_own_payoff","lower_own_payoff",NA
"pilot_196","pilot",2,1,NA,"lower_own_payoff","lower_own_payoff",NA
"pilot_197","pilot",2,1,NA,"higher_own_payoff","higher_own_payoff",NA
"pilot_198","pilot",2,1,NA,"higher_own_payoff","higher_own_payoff",NA
"pilot_199","pilot",2,1,NA,"lower_own_payoff","lower_own_payoff",NA
"pilot_200","pilot",2,1,NA,"lower_own_payoff","lower_own_payoff",NA
"pilot_201","pilot",2,1,NA,"lower_own_payoff","higher_own_payoff",NA
"pilot_202","pilot",2,1,NA,"lower_own_payoff","lower_own_payoff",NA
"pilot_203","pilot",2,1,NA,"higher_own_payoff","higher_own_payoff",NA
"pilot_204","pilot",2,1,NA,"higher_own_payoff","higher_own_payoff",NA
"pilot_205","pilot",2,1,NA,"higher_own_payoff","lower_own_payoff",NA
"pilot_206","pilot",2,1,NA,"lower_own_payoff","lower_own_payoff",NA
"pilot_207","pilot",2,1,NA,"lower_own_payoff","higher_own_payoff",NA
"pilot_208","pilot",2,1,NA,"higher_own_payoff","lower_own_payoff",NA
"pilot_209","pilot",2,1,NA,"lower_own_payoff","lower_own_payoff",NA
"pilot_210","pilot",2,1,NA,"lower_own_payoff","lower_own_payoff",NA
"pilot_211","pilot",2,1,NA,"higher_own_payoff","higher_own_payoff",NA
"pilot_212","pilot",2,1,NA,"higher_own_payoff","lower_own_payoff",NA
"pilot_213","pilot",2,1,NA,"higher_own_payoff","lower_own_payoff",NA
"pilot_214","pilot",2,1,NA,"higher_own_payoff","lower_own_payoff",NA
"pilot_215","pilot",2,1,NA,"lower_own_payoff","lower_own_payoff",NA
"pilot_216","pilot",2,1,NA,"lower_own_payoff","lower_own_payoff",NA
"pilot_217","pilot",2,1,NA,"lower_own_payoff","higher_own_payoff",NA
"pilot_218","pilot",2,1,NA,"lower_own_payoff","lower_own_payoff",NA
"pilot_219","pilot",2,1,NA,"higher_own_payoff","lower_own_payoff",NA
"pilot_220","pilot",2,1,NA,"higher_own_payoff","higher_own_payoff",NA
"pilot_221","pilot",2,1,NA,"lower_own_payoff","lower_own_payoff",NA
"pilot_222","pilot",2,1,NA,"higher_own_payoff","higher_own_payoff",NA
"pilot_223","pilot",2,1,NA,"higher_own_payoff","higher_own_payoff",NA
"pilot_224","pilot",2,1,NA,"higher_own_payoff","higher_own_payoff",NA
"pilot_225","pilot",2,1,NA,"higher_own_payoff","higher_own_payoff",NA
"pilot_226","pilot",2,1,NA,"higher_own_payoff","higher_own_payoff",NA
"pilot_227","pilot",2,1,NA,"higher_own_payoff","higher_own_payoff",NA
"pilot_228","pilot",2,1,NA,"higher_own_payoff","higher_own_payoff",NA
"pilot_229","pilot",2,1,NA,"higher_own_payoff","higher_own_payoff",NA
"pilot_230","pilot",2,1,NA,"higher_own_payoff","higher_own_payoff",NA
"pilot_231","pilot",2,1,NA,"higher_own_payoff","higher_own_payoff",NA
"pilot_232","pilot",2,1,NA,"lower_own_payoff","higher_own_payoff",NA
"pilot_233","pilot",2,1,NA,"lower_own_payoff","lower_own_payoff",NA
"pilot_234","pilot",2,1,NA,"higher_own_payoff","lower_own_payoff",NA
"pilot_235","pilot",2,1,NA,"higher_own_payoff","lower_own_payoff",NA
"pilot_236","pilot",2,1,NA,"higher_own_payoff","higher_own_payoff",NA
"pilot_237","pilot",2,1,NA,"lower_own_payoff","higher_own_payoff",NA
"pilot_238","pilot",2,1,NA,"higher_own_payoff","higher_own_payoff",NA
"pilot_239","pilot",2,1,NA,"higher_own_payoff","lower_own_payoff",NA
"pilot_240","pilot",2,1,NA,"higher_own_payoff","higher_own_payoff",NA
"pilot_241","pilot",2,1,NA,"higher_own_payoff","higher_own_payoff",NA
"pilot_242","pilot",2,1,NA,"lower_own_payoff","lower_own_payoff",NA
"pilot_243","pilot",2,1,NA,"lower_own_payoff","lower_own_payoff",NA
"pilot_244","pilot",2,1,NA,"higher_own_payoff","higher_own_payoff",NA
"pilot_245","pilot",2,1,NA,"lower_own_payoff","lower_own_payoff",NA
"pilot_246","pilot",2,1,NA,"higher_own_payoff","higher_own_payoff",NA
"pilot_247","pilot",2,1,NA,"higher_own_payoff","higher_own_payoff",NA
"pilot_248","pilot",2,1,NA,"higher_own_payoff","lower_own_payoff",NA
"pilot_249","pilot",2,1,NA,"lower_own_payoff","lower_own_payoff",NA
"pilot_250","pilot",2,1,NA,"lower_own_payoff","lower_own_payoff",NA
"pilot_251","pilot",2,1,NA,"lower_own_payoff","lower_own_payoff",NA
"pilot_252","pilot",2,1,NA,"higher_own_payoff","lower_own_payoff",NA
"pilot_253","pilot",2,1,NA,"higher_own_payoff","lower_own_payoff",NA
"pilot_254","pilot",2,1,NA,"lower_own_payoff","lower_own_payoff",NA
"pilot_255","pilot",2,1,NA,"lower_own_payoff","lower_own_payoff",NA
"pilot_256","pilot",2,1,NA,"lower_own_payoff","lower_own_payoff",NA
"pilot_257","pilot",2,1,NA,"higher_own_payoff","higher_own_payoff",NA
"pilot_258","pilot",2,1,NA,"lower_own_payoff","higher_own_payoff",NA
"pilot_259","pilot",2,1,NA,"higher_own_payoff","higher_own_payoff",NA
"pilot_260","pilot",2,1,NA,"lower_own_payoff","lower_own_payoff",NA
"pilot_261","pilot",2,1,NA,"higher_own_payoff","higher_own_payoff",NA
"pilot_262","pilot",2,1,NA,"higher_own_payoff","higher_own_payoff",NA
"pilot_263","pilot",2,1,NA,"higher_own_payoff","higher_own_payoff",NA
"pilot_264","pilot",2,1,NA,"higher_own_payoff","higher_own_payoff",NA
"pilot_265","pilot",2,1,NA,"lower_own_payoff","lower_own_payoff",NA
"pilot_266","pilot",2,1,NA,"lower_own_payoff","lower_own_payoff",NA
"pilot_267","pilot",2,1,NA,"lower_own_payoff","lower_own_payoff",NA
"pilot_268","pilot",2,1,NA,"lower_own_payoff","lower_own_payoff",NA
"pilot_269","pilot",2,1,NA,"lower_own_payoff","lower_own_payoff",NA
"pilot_270","pilot",2,1,NA,"higher_own_payoff","higher_own_payoff",NA
"pilot_271","pilot",2,1,NA,"higher_own_payoff","higher_own_payoff",NA
"pilot_272","pilot",2,1,NA,"lower_own_payoff","higher_own_payoff",NA
"pilot_273","pilot",2,1,NA,"lower_own_payoff","lower_own_payoff",NA
"pilot_274","pilot",2,1,NA,"higher_own_payoff","lower_own_payoff",NA
"pilot_275","pilot",2,1,NA,"lower_own_payoff","higher_own_payoff",NA
"pilot_276","pilot",2,1,NA,"lower_own_payoff","lower_own_payoff",NA
"pilot_277","pilot",2,1,NA,"lower_own_payoff","higher_own_payoff",NA
"pilot_278","pilot",2,1,NA,"lower_own_payoff","lower_own_payoff",NA
"pilot_279","pilot",2,1,NA,"lower_own_payoff","lower_own_payoff",NA
"pilot_280","pilot",2,1,NA,"lower_own_payoff","lower_own_payoff",NA
"pilot_281","pilot",2,1,NA,"lower_own_payoff","lower_own_payoff",NA
"pilot_282","pilot",2,1,NA,"lower_own_payoff","lower_own_payoff",NA
"pilot_283","pilot",2,1,NA,"higher_own_payoff","lower_own_payoff",NA
"pilot_284","pilot",2,1,NA,"lower_own_payoff","lower_own_payoff",NA
"pilot_285","pilot",2,1,NA,"higher_own_payoff","lower_own_payoff",NA
"pilot_286","pilot",2,1,NA,"lower_own_payoff","lower_own_payoff",NA
"pilot_287","pilot",2,1,NA,"lower_own_payoff","lower_own_payoff",NA
"pilot_288","pilot",2,1,NA,"lower_own_payoff","lower_own_payoff",NA
"pilot_289","pilot",2,1,NA,"lower_own_payoff","higher_own_payoff",NA
"pilot_290","pilot",2,1,NA,"higher_own_payoff","higher_own_payoff",NA
"pilot_291","pilot",2,1,NA,"higher_own_payoff","lower_own_payoff",NA
"pilot_292","pilot",2,1,NA,"lower_own_payoff","higher_own_payoff",NA
"pilot_293","pilot",2,1,NA,"higher_own_payoff","higher_own_payoff",NA
"pilot_294","pilot",2,1,NA,"lower_own_payoff","lower_own_payoff",NA
"pilot_295","pilot",2,1,NA,"higher_own_payoff","lower_own_payoff",NA
"pilot_296","pilot",2,1,NA,"higher_own_payoff","higher_own_payoff",NA
"pilot_297","pilot",2,1,NA,"lower_own_payoff","higher_own_payoff",NA
"pilot_298","pilot",2,1,NA,"lower_own_payoff","higher_own_payoff",NA
"pilot_299","pilot",2,1,NA,"higher_own_payoff","higher_own_payoff",NA
"pilot_300","pilot",2,1,NA,"lower_own_payoff","lower_own_payoff",NA
"pilot_301","pilot",2,1,NA,"lower_own_payoff","lower_own_payoff",NA
"pilot_302","pilot",2,1,NA,"higher_own_payoff","higher_own_payoff",NA
"pilot_303","pilot",2,1,NA,"higher_own_payoff","lower_own_payoff",NA
"pilot_304","pilot",2,1,NA,"lower_own_payoff","higher_own_payoff",NA
"pilot_305","pilot",2,1,NA,"higher_own_payoff","lower_own_payoff",NA
"pilot_306","pilot",2,1,NA,"lower_own_payoff","lower_own_payoff",NA
"pilot_1","pilot",3,1,NA,"lower_own_payoff","lower_own_payoff",NA
"pilot_2","pilot",3,1,NA,"higher_own_payoff","higher_own_payoff",NA
"pilot_3","pilot",3,1,NA,"lower_own_payoff","lower_own_payoff",NA
"pilot_4","pilot",3,1,NA,"higher_own_payoff","higher_own_payoff",NA
"pilot_5","pilot",3,1,NA,"lower_own_payoff","lower_own_payoff",NA
"pilot_6","pilot",3,1,NA,"higher_own_payoff","higher_own_payoff",NA
"pilot_7","pilot",3,1,NA,"higher_own_payoff","higher_own_payoff",NA
"pilot_8","pilot",3,1,NA,"higher_own_payoff","lower_own_payoff",NA
"pilot_9","pilot",3,1,NA,"higher_own_payoff","higher_own_payoff",NA
"pilot_10","pilot",3,1,NA,"lower_own_payoff","lower_own_payoff",NA
"pilot_11","pilot",3,1,NA,"lower_own_payoff","lower_own_payoff",NA
"pilot_12","pilot",3,1,NA,"higher_own_payoff","higher_own_payoff",NA
"pilot_13","pilot",3,1,NA,"lower_own_payoff","lower_own_payoff",NA
"pilot_14","pilot",3,1,NA,"higher_own_payoff","higher_own_payoff",NA
"pilot_15","pilot",3,1,NA,"lower_own_payoff","lower_own_payoff",NA
"pilot_16","pilot",3,1,NA,"lower_own_payoff","lower_own_payoff",NA
"pilot_17","pilot",3,1,NA,"lower_own_payoff","lower_own_payoff",NA
"pilot_18","pilot",3,1,NA,"lower_own_payoff","higher_own_payoff",NA
"pilot_19","pilot",3,1,NA,"higher_own_payoff","higher_own_payoff",NA
"pilot_20","pilot",3,1,NA,"higher_own_payoff","higher_own_payoff",NA
"pilot_21","pilot",3,1,NA,"higher_own_payoff","lower_own_payoff",NA
"pilot_22","pilot",3,1,NA,"lower_own_payoff","lower_own_payoff",NA
"pilot_23","pilot",3,1,NA,"higher_own_payoff","higher_own_payoff",NA
"pilot_24","pilot",3,1,NA,"lower_own_payoff","lower_own_payoff",NA
"pilot_25","pilot",3,1,NA,"lower_own_payoff","lower_own_payoff",NA
"pilot_26","pilot",3,1,NA,"lower_own_payoff","lower_own_payoff",NA
"pilot_27","pilot",3,1,NA,"higher_own_payoff","higher_own_payoff",NA
"pilot_28","pilot",3,1,NA,"higher_own_payoff","higher_own_payoff",NA
"pilot_29","pilot",3,1,NA,"lower_own_payoff","lower_own_payoff",NA
"pilot_30","pilot",3,1,NA,"higher_own_payoff","higher_own_payoff",NA
"pilot_31","pilot",3,1,NA,"lower_own_payoff","lower_own_payoff",NA
"pilot_32","pilot",3,1,NA,"lower_own_payoff","lower_own_payoff",NA
"pilot_33","pilot",3,1,NA,"lower_own_payoff","lower_own_payoff",NA
"pilot_34","pilot",3,1,NA,"lower_own_payoff","lower_own_payoff",NA
"pilot_35","pilot",3,1,NA,"lower_own_payoff","lower_own_payoff",NA
"pilot_36","pilot",3,1,NA,"higher_own_payoff","higher_own_payoff",NA
"pilot_37","pilot",3,1,NA,"lower_own_payoff","higher_own_payoff",NA
"pilot_38","pilot",3,1,NA,"lower_own_payoff","lower_own_payoff",NA
"pilot_39","pilot",3,1,NA,"higher_own_payoff","lower_own_payoff",NA
"pilot_40","pilot",3,1,NA,"higher_own_payoff","lower_own_payoff",NA
"pilot_41","pilot",3,1,NA,"higher_own_payoff","higher_own_payoff",NA
"pilot_42","pilot",3,1,NA,"lower_own_payoff","higher_own_payoff",NA
"pilot_43","pilot",3,1,NA,"lower_own_payoff","lower_own_payoff",NA
"pilot_44","pilot",3,1,NA,"lower_own_payoff","lower_own_payoff",NA
"pilot_45","pilot",3,1,NA,"higher_own_payoff","higher_own_payoff",NA
"pilot_46","pilot",3,1,NA,"lower_own_payoff","lower_own_payoff",NA
"pilot_47","pilot",3,1,NA,"higher_own_payoff","higher_own_payoff",NA
"pilot_48","pilot",3,1,NA,"lower_own_payoff","lower_own_payoff",NA
"pilot_49","pilot",3,1,NA,"higher_own_payoff","higher_own_payoff",NA
"pilot_50","pilot",3,1,NA,"lower_own_payoff","lower_own_payoff",NA
"pilot_51","pilot",3,1,NA,"higher_own_payoff","lower_own_payoff",NA
"pilot_52","pilot",3,1,NA,"higher_own_payoff","higher_own_payoff",NA
"pilot_53","pilot",3,1,NA,"lower_own_payoff","higher_own_payoff",NA
"pilot_54","pilot",3,1,NA,"lower_own_payoff","lower_own_payoff",NA
"pilot_55","pilot",3,1,NA,"lower_own_payoff","lower_own_payoff",NA
"pilot_56","pilot",3,1,NA,"lower_own_payoff","lower_own_payoff",NA
"pilot_57","pilot",3,1,NA,"lower_own_payoff","lower_own_payoff",NA
"pilot_58","pilot",3,1,NA,"higher_own_payoff","higher_own_payoff",NA
"pilot_59","pilot",3,1,NA,"lower_own_payoff","lower_own_payoff",NA
"pilot_60","pilot",3,1,NA,"lower_own_payoff","lower_own_payoff",NA
"pilot_61","pilot",3,1,NA,"higher_own_payoff","higher_own_payoff",NA
"pilot_62","pilot",3,1,NA,"higher_own_payoff","higher_own_payoff",NA
"pilot_63","pilot",3,1,NA,"lower_own_payoff","lower_own_payoff",NA
"pilot_64","pilot",3,1,NA,"higher_own_payoff","higher_own_payoff",NA
"pilot_65","pilot",3,1,NA,"lower_own_payoff","lower_own_payoff",NA
"pilot_66","pilot",3,1,NA,"lower_own_payoff","lower_own_payoff",NA
"pilot_67","pilot",3,1,NA,"lower_own_payoff","lower_own_payoff",NA
"pilot_68","pilot",3,1,NA,"higher_own_payoff","higher_own_payoff",NA
"pilot_69","pilot",3,1,NA,"lower_own_payoff","lower_own_payoff",NA
"pilot_70","pilot",3,1,NA,"higher_own_payoff","higher_own_payoff",NA
"pilot_71","pilot",3,1,NA,"lower_own_payoff","lower_own_payoff",NA
"pilot_72","pilot",3,1,NA,"higher_own_payoff","higher_own_payoff",NA
"pilot_73","pilot",3,1,NA,"lower_own_payoff","lower_own_payoff",NA
"pilot_74","pilot",3,1,NA,"lower_own_payoff","higher_own_payoff",NA
"pilot_75","pilot",3,1,NA,"lower_own_payoff","lower_own_payoff",NA
"pilot_76","pilot",3,1,NA,"higher_own_payoff","higher_own_payoff",NA
"pilot_77","pilot",3,1,NA,"higher_own_payoff","higher_own_payoff",NA
"pilot_78","pilot",3,1,NA,"lower_own_payoff","lower_own_payoff",NA
"pilot_79","pilot",3,1,NA,"lower_own_payoff","lower_own_payoff",NA
"pilot_80","pilot",3,1,NA,"higher_own_payoff","higher_own_payoff",NA
"pilot_81","pilot",3,1,NA,"lower_own_payoff","lower_own_payoff",NA
"pilot_82","pilot",3,1,NA,"lower_own_payoff","lower_own_payoff",NA
"pilot_83","pilot",3,1,NA,"higher_own_payoff","higher_own_payoff",NA
"pilot_84","pilot",3,1,NA,"lower_own_payoff","lower_own_payoff",NA
"pilot_85","pilot",3,1,NA,"higher_own_payoff","higher_own_payoff",NA
"pilot_86","pilot",3,1,NA,"higher_own_payoff","higher_own_payoff",NA
"pilot_87","pilot",3,1,NA,"lower_own_payoff","lower_own_payoff",NA
"pilot_88","pilot",3,1,NA,"higher_own_payoff","lower_own_payoff",NA
"pilot_89","pilot",3,1,NA,"higher_own_payoff","higher_own_payoff",NA
"pilot_90","pilot",3,1,NA,"higher_own_payoff","higher_own_payoff",NA
"pilot_91","pilot",3,1,NA,"higher_own_payoff","higher_own_payoff",NA
"pilot_92","pilot",3,1,NA,"lower_own_payoff","lower_own_payoff",NA
"pilot_93","pilot",3,1,NA,"lower_own_payoff","lower_own_payoff",NA
"pilot_94","pilot",3,1,NA,"lower_own_payoff","higher_own_payoff",NA
"pilot_95","pilot",3,1,NA,"lower_own_payoff","lower_own_payoff",NA
"pilot_96","pilot",3,1,NA,"higher_own_payoff","lower_own_payoff",NA
"pilot_97","pilot",3,1,NA,"higher_own_payoff","lower_own_payoff",NA
"pilot_98","pilot",3,1,NA,"lower_own_payoff","lower_own_payoff",NA
"pilot_99","pilot",3,1,NA,"higher_own_payoff","higher_own_payoff",NA
"pilot_100","pilot",3,1,NA,"higher_own_payoff","higher_own_payoff",NA
"pilot_101","pilot",3,1,NA,"lower_own_payoff","lower_own_payoff",NA
"pilot_102","pilot",3,1,NA,"higher_own_payoff","higher_own_payoff",NA
"pilot_103","pilot",3,1,NA,"lower_own_payoff","lower_own_payoff",NA
"pilot_104","pilot",3,1,NA,"higher_own_payoff","higher_own_payoff",NA
"pilot_105","pilot",3,1,NA,"higher_own_payoff","higher_own_payoff",NA
"pilot_106","pilot",3,1,NA,"lower_own_payoff","higher_own_payoff",NA
"pilot_107","pilot",3,1,NA,"lower_own_payoff","lower_own_payoff",NA
"pilot_108","pilot",3,1,NA,"lower_own_payoff","higher_own_payoff",NA
"pilot_109","pilot",3,1,NA,"higher_own_payoff","higher_own_payoff",NA
"pilot_110","pilot",3,1,NA,"lower_own_payoff","lower_own_payoff",NA
"pilot_111","pilot",3,1,NA,"lower_own_payoff","lower_own_payoff",NA
"pilot_112","pilot",3,1,NA,"higher_own_payoff","higher_own_payoff",NA
"pilot_113","pilot",3,1,NA,"lower_own_payoff","lower_own_payoff",NA
"pilot_114","pilot",3,1,NA,"higher_own_payoff","lower_own_payoff",NA
"pilot_115","pilot",3,1,NA,"higher_own_payoff","higher_own_payoff",NA
"pilot_116","pilot",3,1,NA,"higher_own_payoff","higher_own_payoff",NA
"pilot_117","pilot",3,1,NA,"higher_own_payoff","higher_own_payoff",NA
"pilot_118","pilot",3,1,NA,"higher_own_payoff","higher_own_payoff",NA
"pilot_119","pilot",3,1,NA,"higher_own_payoff","higher_own_payoff",NA
"pilot_120","pilot",3,1,NA,"lower_own_payoff","lower_own_payoff",NA
"pilot_121","pilot",3,1,NA,"lower_own_payoff","lower_own_payoff",NA
"pilot_122","pilot",3,1,NA,"higher_own_payoff","higher_own_payoff",NA
"pilot_123","pilot",3,1,NA,"higher_own_payoff","higher_own_payoff",NA
"pilot_124","pilot",3,1,NA,"lower_own_payoff","lower_own_payoff",NA
"pilot_125","pilot",3,1,NA,"lower_own_payoff","lower_own_payoff",NA
"pilot_126","pilot",3,1,NA,"lower_own_payoff","lower_own_payoff",NA
"pilot_127","pilot",3,1,NA,"lower_own_payoff","lower_own_payoff",NA
"pilot_128","pilot",3,1,NA,"lower_own_payoff","lower_own_payoff",NA
"pilot_129","pilot",3,1,NA,"higher_own_payoff","higher_own_payoff",NA
"pilot_130","pilot",3,1,NA,"higher_own_payoff","higher_own_payoff",NA
"pilot_131","pilot",3,1,NA,"lower_own_payoff","lower_own_payoff",NA
"pilot_132","pilot",3,1,NA,"higher_own_payoff","higher_own_payoff",NA
"pilot_133","pilot",3,1,NA,"higher_own_payoff","higher_own_payoff",NA
"pilot_134","pilot",3,1,NA,"lower_own_payoff","lower_own_payoff",NA
"pilot_135","pilot",3,1,NA,"higher_own_payoff","lower_own_payoff",NA
"pilot_136","pilot",3,1,NA,"lower_own_payoff","lower_own_payoff",NA
"pilot_137","pilot",3,1,NA,"lower_own_payoff","lower_own_payoff",NA
"pilot_138","pilot",3,1,NA,"higher_own_payoff","higher_own_payoff",NA
"pilot_139","pilot",3,1,NA,"lower_own_payoff","lower_own_payoff",NA
"pilot_140","pilot",3,1,NA,"lower_own_payoff","lower_own_payoff",NA
"pilot_141","pilot",3,1,NA,"lower_own_payoff","higher_own_payoff",NA
"pilot_142","pilot",3,1,NA,"higher_own_payoff","higher_own_payoff",NA
"pilot_143","pilot",3,1,NA,"higher_own_payoff","lower_own_payoff",NA
"pilot_144","pilot",3,1,NA,"higher_own_payoff","higher_own_payoff",NA
"pilot_145","pilot",3,1,NA,"lower_own_payoff","lower_own_payoff",NA
"pilot_146","pilot",3,1,NA,"higher_own_payoff","higher_own_payoff",NA
"pilot_147","pilot",3,1,NA,"lower_own_payoff","lower_own_payoff",NA
"pilot_148","pilot",3,1,NA,"lower_own_payoff","lower_own_payoff",NA
"pilot_149","pilot",3,1,NA,"lower_own_payoff","higher_own_payoff",NA
"pilot_150","pilot",3,1,NA,"lower_own_payoff","higher_own_payoff",NA
"pilot_151","pilot",3,1,NA,"lower_own_payoff","lower_own_payoff",NA
"pilot_152","pilot",3,1,NA,"lower_own_payoff","lower_own_payoff",NA
"pilot_153","pilot",3,1,NA,"higher_own_payoff","higher_own_payoff",NA
"pilot_154","pilot",3,1,NA,"higher_own_payoff","higher_own_payoff",NA
"pilot_155","pilot",3,1,NA,"higher_own_payoff","higher_own_payoff",NA
"pilot_156","pilot",3,1,NA,"lower_own_payoff","lower_own_payoff",NA
"pilot_157","pilot",3,1,NA,"higher_own_payoff","lower_own_payoff",NA
"pilot_158","pilot",3,1,NA,"higher_own_payoff","lower_own_payoff",NA
"pilot_159","pilot",3,1,NA,"higher_own_payoff","higher_own_payoff",NA
"pilot_160","pilot",3,1,NA,"lower_own_payoff","lower_own_payoff",NA
"pilot_161","pilot",3,1,NA,"higher_own_payoff","higher_own_payoff",NA
"pilot_162","pilot",3,1,NA,"lower_own_payoff","lower_own_payoff",NA
"pilot_163","pilot",3,1,NA,"higher_own_payoff","higher_own_payoff",NA
"pilot_164","pilot",3,1,NA,"lower_own_payoff","lower_own_payoff",NA
"pilot_165","pilot",3,1,NA,"lower_own_payoff","lower_own_payoff",NA
"pilot_166","pilot",3,1,NA,"higher_own_payoff","lower_own_payoff",NA
"pilot_167","pilot",3,1,NA,"higher_own_payoff","higher_own_payoff",NA
"pilot_168","pilot",3,1,NA,"higher_own_payoff","higher_own_payoff",NA
"pilot_169","pilot",3,1,NA,"lower_own_payoff","lower_own_payoff",NA
"pilot_170","pilot",3,1,NA,"higher_own_payoff","higher_own_payoff",NA
"pilot_171","pilot",3,1,NA,"higher_own_payoff","higher_own_payoff",NA
"pilot_172","pilot",3,1,NA,"higher_own_payoff","higher_own_payoff",NA
"pilot_173","pilot",3,1,NA,"higher_own_payoff","higher_own_payoff",NA
"pilot_174","pilot",3,1,NA,"lower_own_payoff","lower_own_payoff",NA
"pilot_175","pilot",3,1,NA,"lower_own_payoff","lower_own_payoff",NA
"pilot_176","pilot",3,1,NA,"lower_own_payoff","higher_own_payoff",NA
"pilot_177","pilot",3,1,NA,"lower_own_payoff","higher_own_payoff",NA
"pilot_178","pilot",3,1,NA,"lower_own_payoff","higher_own_payoff",NA
"pilot_179","pilot",3,1,NA,"higher_own_payoff","lower_own_payoff",NA
"pilot_180","pilot",3,1,NA,"lower_own_payoff","higher_own_payoff",NA
"pilot_181","pilot",3,1,NA,"higher_own_payoff","higher_own_payoff",NA
"pilot_182","pilot",3,1,NA,"lower_own_payoff","lower_own_payoff",NA
"pilot_183","pilot",3,1,NA,"higher_own_payoff","higher_own_payoff",NA
"pilot_184","pilot",3,1,NA,"higher_own_payoff","lower_own_payoff",NA
"pilot_185","pilot",3,1,NA,"lower_own_payoff","lower_own_payoff",NA
"pilot_186","pilot",3,1,NA,"lower_own_payoff","lower_own_payoff",NA
"pilot_187","pilot",3,1,NA,"higher_own_payoff","higher_own_payoff",NA
"pilot_188","pilot",3,1,NA,"higher_own_payoff","higher_own_payoff",NA
"pilot_189","pilot",3,1,NA,"higher_own_payoff","lower_own_payoff",NA
"pilot_190","pilot",3,1,NA,"lower_own_payoff","lower_own_payoff",NA
"pilot_191","pilot",3,1,NA,"higher_own_payoff","higher_own_payoff",NA
"pilot_192","pilot",3,1,NA,"lower_own_payoff","lower_own_payoff",NA
"pilot_193","pilot",3,1,NA,"lower_own_payoff","higher_own_payoff",NA
"pilot_194","pilot",3,1,NA,"higher_own_payoff","higher_own_payoff",NA
"pilot_195","pilot",3,1,NA,"lower_own_payoff","lower_own_payoff",NA
"pilot_196","pilot",3,1,NA,"lower_own_payoff","lower_own_payoff",NA
"pilot_197","pilot",3,1,NA,"lower_own_payoff","lower_own_payoff",NA
"pilot_198","pilot",3,1,NA,"higher_own_payoff","lower_own_payoff",NA
"pilot_199","pilot",3,1,NA,"lower_own_payoff","lower_own_payoff",NA
"pilot_200","pilot",3,1,NA,"lower_own_payoff","lower_own_payoff",NA
"pilot_201","pilot",3,1,NA,"higher_own_payoff","lower_own_payoff",NA
"pilot_202","pilot",3,1,NA,"lower_own_payoff","lower_own_payoff",NA
"pilot_203","pilot",3,1,NA,"lower_own_payoff","lower_own_payoff",NA
"pilot_204","pilot",3,1,NA,"lower_own_payoff","lower_own_payoff",NA
"pilot_205","pilot",3,1,NA,"higher_own_payoff","lower_own_payoff",NA
"pilot_206","pilot",3,1,NA,"higher_own_payoff","higher_own_payoff",NA
"pilot_207","pilot",3,1,NA,"higher_own_payoff","higher_own_payoff",NA
"pilot_208","pilot",3,1,NA,"lower_own_payoff","lower_own_payoff",NA
"pilot_209","pilot",3,1,NA,"higher_own_payoff","higher_own_payoff",NA
"pilot_210","pilot",3,1,NA,"lower_own_payoff","lower_own_payoff",NA
"pilot_211","pilot",3,1,NA,"higher_own_payoff","higher_own_payoff",NA
"pilot_212","pilot",3,1,NA,"higher_own_payoff","higher_own_payoff",NA
"pilot_213","pilot",3,1,NA,"higher_own_payoff","higher_own_payoff",NA
"pilot_214","pilot",3,1,NA,"higher_own_payoff","higher_own_payoff",NA
"pilot_215","pilot",3,1,NA,"lower_own_payoff","lower_own_payoff",NA
"pilot_216","pilot",3,1,NA,"lower_own_payoff","lower_own_payoff",NA
"pilot_217","pilot",3,1,NA,"higher_own_payoff","higher_own_payoff",NA
"pilot_218","pilot",3,1,NA,"lower_own_payoff","lower_own_payoff",NA
"pilot_219","pilot",3,1,NA,"higher_own_payoff","higher_own_payoff",NA
"pilot_220","pilot",3,1,NA,"higher_own_payoff","higher_own_payoff",NA
"pilot_221","pilot",3,1,NA,"lower_own_payoff","lower_own_payoff",NA
"pilot_222","pilot",3,1,NA,"higher_own_payoff","higher_own_payoff",NA
"pilot_223","pilot",3,1,NA,"higher_own_payoff","higher_own_payoff",NA
"pilot_224","pilot",3,1,NA,"higher_own_payoff","higher_own_payoff",NA
"pilot_225","pilot",3,1,NA,"higher_own_payoff","higher_own_payoff",NA
"pilot_226","pilot",3,1,NA,"higher_own_payoff","higher_own_payoff",NA
"pilot_227","pilot",3,1,NA,"higher_own_payoff","higher_own_payoff",NA
"pilot_228","pilot",3,1,NA,"lower_own_payoff","lower_own_payoff",NA
"pilot_229","pilot",3,1,NA,"higher_own_payoff","higher_own_payoff",NA
"pilot_230","pilot",3,1,NA,"higher_own_payoff","higher_own_payoff",NA
"pilot_231","pilot",3,1,NA,"higher_own_payoff","higher_own_payoff",NA
"pilot_232","pilot",3,1,NA,"lower_own_payoff","higher_own_payoff",NA
"pilot_233","pilot",3,1,NA,"higher_own_payoff","higher_own_payoff",NA
"pilot_234","pilot",3,1,NA,"higher_own_payoff","higher_own_payoff",NA
"pilot_235","pilot",3,1,NA,"higher_own_payoff","higher_own_payoff",NA
"pilot_236","pilot",3,1,NA,"higher_own_payoff","higher_own_payoff",NA
"pilot_237","pilot",3,1,NA,"lower_own_payoff","higher_own_payoff",NA
"pilot_238","pilot",3,1,NA,"higher_own_payoff","higher_own_payoff",NA
"pilot_239","pilot",3,1,NA,"lower_own_payoff","lower_own_payoff",NA
"pilot_240","pilot",3,1,NA,"lower_own_payoff","lower_own_payoff",NA
"pilot_241","pilot",3,1,NA,"lower_own_payoff","lower_own_payoff",NA
"pilot_242","pilot",3,1,NA,"higher_own_payoff","higher_own_payoff",NA
"pilot_243","pilot",3,1,NA,"lower_own_payoff","lower_own_payoff",NA
"pilot_244","pilot",3,1,NA,"higher_own_payoff","higher_own_payoff",NA
"pilot_245","pilot",3,1,NA,"lower_own_payoff","lower_own_payoff",NA
"pilot_246","pilot",3,1,NA,"higher_own_payoff","higher_own_payoff",NA
"pilot_247","pilot",3,1,NA,"higher_own_payoff","higher_own_payoff",NA
"pilot_248","pilot",3,1,NA,"higher_own_payoff","higher_own_payoff",NA
"pilot_249","pilot",3,1,NA,"lower_own_payoff","lower_own_payoff",NA
"pilot_250","pilot",3,1,NA,"lower_own_payoff","lower_own_payoff",NA
"pilot_251","pilot",3,1,NA,"higher_own_payoff","lower_own_payoff",NA
"pilot_252","pilot",3,1,NA,"higher_own_payoff","lower_own_payoff",NA
"pilot_253","pilot",3,1,NA,"higher_own_payoff","higher_own_payoff",NA
"pilot_254","pilot",3,1,NA,"higher_own_payoff","lower_own_payoff",NA
"pilot_255","pilot",3,1,NA,"higher_own_payoff","higher_own_payoff",NA
"pilot_256","pilot",3,1,NA,"lower_own_payoff","lower_own_payoff",NA
"pilot_257","pilot",3,1,NA,"higher_own_payoff","higher_own_payoff",NA
"pilot_258","pilot",3,1,NA,"higher_own_payoff","higher_own_payoff",NA
"pilot_259","pilot",3,1,NA,"higher_own_payoff","higher_own_payoff",NA
"pilot_260","pilot",3,1,NA,"lower_own_payoff","lower_own_payoff",NA
"pilot_261","pilot",3,1,NA,"higher_own_payoff","higher_own_payoff",NA
"pilot_262","pilot",3,1,NA,"higher_own_payoff","higher_own_payoff",NA
"pilot_263","pilot",3,1,NA,"higher_own_payoff","higher_own_payoff",NA
"pilot_264","pilot",3,1,NA,"higher_own_payoff","higher_own_payoff",NA
"pilot_265","pilot",3,1,NA,"lower_own_payoff","lower_own_payoff",NA
"pilot_266","pilot",3,1,NA,"higher_own_payoff","higher_own_payoff",NA
"pilot_267","pilot",3,1,NA,"lower_own_payoff","lower_own_payoff",NA
"pilot_268","pilot",3,1,NA,"higher_own_payoff","higher_own_payoff",NA
"pilot_269","pilot",3,1,NA,"lower_own_payoff","lower_own_payoff",NA
"pilot_270","pilot",3,1,NA,"lower_own_payoff","higher_own_payoff",NA
"pilot_271","pilot",3,1,NA,"lower_own_payoff","lower_own_payoff",NA
"pilot_272","pilot",3,1,NA,"higher_own_payoff","higher_own_payoff",NA
"pilot_273","pilot",3,1,NA,"lower_own_payoff","lower_own_payoff",NA
"pilot_274","pilot",3,1,NA,"higher_own_payoff","higher_own_payoff",NA
"pilot_275","pilot",3,1,NA,"higher_own_payoff","higher_own_payoff",NA
"pilot_276","pilot",3,1,NA,"lower_own_payoff","lower_own_payoff",NA
"pilot_277","pilot",3,1,NA,"lower_own_payoff","higher_own_payoff",NA
"pilot_278","pilot",3,1,NA,"lower_own_payoff","lower_own_payoff",NA
"pilot_279","pilot",3,1,NA,"lower_own_payoff","lower_own_payoff",NA
"pilot_280","pilot",3,1,NA,"lower_own_payoff","lower_own_payoff",NA
"pilot_281","pilot",3,1,NA,"lower_own_payoff","lower_own_payoff",NA
"pilot_282","pilot",3,1,NA,"higher_own_payoff","higher_own_payoff",NA
"pilot_283","pilot",3,1,NA,"higher_own_payoff","higher_own_payoff",NA
"pilot_284","pilot",3,1,NA,"higher_own_payoff","higher_own_payoff",NA
"pilot_285","pilot",3,1,NA,"higher_own_payoff","lower_own_payoff",NA
"pilot_286","pilot",3,1,NA,"lower_own_payoff","lower_own_payoff",NA
"pilot_287","pilot",3,1,NA,"lower_own_payoff","lower_own_payoff",NA
"pilot_288","pilot",3,1,NA,"lower_own_payoff","lower_own_payoff",NA
"pilot_289","pilot",3,1,NA,"lower_own_payoff","lower_own_payoff",NA
"pilot_290","pilot",3,1,NA,"higher_own_payoff","higher_own_payoff",NA
"pilot_291","pilot",3,1,NA,"higher_own_payoff","higher_own_payoff",NA
"pilot_292","pilot",3,1,NA,"higher_own_payoff","higher_own_payoff",NA
"pilot_293","pilot",3,1,NA,"lower_own_payoff","lower_own_payoff",NA
"pilot_294","pilot",3,1,NA,"lower_own_payoff","lower_own_payoff",NA
"pilot_295","pilot",3,1,NA,"higher_own_payoff","higher_own_payoff",NA
"pilot_296","pilot",3,1,NA,"higher_own_payoff","higher_own_payoff",NA
"pilot_297","pilot",3,1,NA,"lower_own_payoff","lower_own_payoff",NA
"pilot_298","pilot",3,1,NA,"lower_own_payoff","lower_own_payoff",NA
"pilot_299","pilot",3,1,NA,"lower_own_payoff","lower_own_payoff",NA
"pilot_300","pilot",3,1,NA,"lower_own_payoff","lower_own_payoff",NA
"pilot_301","pilot",3,1,NA,"lower_own_payoff","lower_own_payoff",NA
"pilot_302","pilot",3,1,NA,"higher_own_payoff","higher_own_payoff",NA
"pilot_303","pilot",3,1,NA,"lower_own_payoff","lower_own_payoff",NA
"pilot_304","pilot",3,1,NA,"lower_own_payoff","higher_own_payoff",NA
"pilot_305","pilot",3,1,NA,"higher_own_payoff","lower_own_payoff",NA
"pilot_306","pilot",3,1,NA,"higher_own_payoff","higher_own_payoff",NA
"pilot_1","pilot",4,1,NA,"lower_own_payoff","lower_own_payoff",NA
"pilot_2","pilot",4,1,NA,"higher_own_payoff","higher_own_payoff",NA
"pilot_3","pilot",4,1,NA,"lower_own_payoff","lower_own_payoff",NA
"pilot_4","pilot",4,1,NA,"higher_own_payoff","higher_own_payoff",NA
"pilot_5","pilot",4,1,NA,"lower_own_payoff","lower_own_payoff",NA
"pilot_6","pilot",4,1,NA,"lower_own_payoff","lower_own_payoff",NA
"pilot_7","pilot",4,1,NA,"higher_own_payoff","higher_own_payoff",NA
"pilot_8","pilot",4,1,NA,"lower_own_payoff","lower_own_payoff",NA
"pilot_9","pilot",4,1,NA,"higher_own_payoff","lower_own_payoff",NA
"pilot_10","pilot",4,1,NA,"higher_own_payoff","higher_own_payoff",NA
"pilot_11","pilot",4,1,NA,"higher_own_payoff","lower_own_payoff",NA
"pilot_12","pilot",4,1,NA,"higher_own_payoff","higher_own_payoff",NA
"pilot_13","pilot",4,1,NA,"lower_own_payoff","lower_own_payoff",NA
"pilot_14","pilot",4,1,NA,"lower_own_payoff","higher_own_payoff",NA
"pilot_15","pilot",4,1,NA,"lower_own_payoff","lower_own_payoff",NA
"pilot_16","pilot",4,1,NA,"lower_own_payoff","lower_own_payoff",NA
"pilot_17","pilot",4,1,NA,"higher_own_payoff","higher_own_payoff",NA
"pilot_18","pilot",4,1,NA,"higher_own_payoff","lower_own_payoff",NA
"pilot_19","pilot",4,1,NA,"higher_own_payoff","higher_own_payoff",NA
"pilot_20","pilot",4,1,NA,"higher_own_payoff","higher_own_payoff",NA
"pilot_21","pilot",4,1,NA,"lower_own_payoff","lower_own_payoff",NA
"pilot_22","pilot",4,1,NA,"lower_own_payoff","lower_own_payoff",NA
"pilot_23","pilot",4,1,NA,"higher_own_payoff","higher_own_payoff",NA
"pilot_24","pilot",4,1,NA,"lower_own_payoff","lower_own_payoff",NA
"pilot_25","pilot",4,1,NA,"lower_own_payoff","lower_own_payoff",NA
"pilot_26","pilot",4,1,NA,"lower_own_payoff","higher_own_payoff",NA
"pilot_27","pilot",4,1,NA,"lower_own_payoff","lower_own_payoff",NA
"pilot_28","pilot",4,1,NA,"higher_own_payoff","higher_own_payoff",NA
"pilot_29","pilot",4,1,NA,"higher_own_payoff","higher_own_payoff",NA
"pilot_30","pilot",4,1,NA,"higher_own_payoff","higher_own_payoff",NA
"pilot_31","pilot",4,1,NA,"higher_own_payoff","higher_own_payoff",NA
"pilot_32","pilot",4,1,NA,"lower_own_payoff","lower_own_payoff",NA
"pilot_33","pilot",4,1,NA,"lower_own_payoff","lower_own_payoff",NA
"pilot_34","pilot",4,1,NA,"lower_own_payoff","lower_own_payoff",NA
"pilot_35","pilot",4,1,NA,"lower_own_payoff","lower_own_payoff",NA
"pilot_36","pilot",4,1,NA,"lower_own_payoff","lower_own_payoff",NA
"pilot_37","pilot",4,1,NA,"lower_own_payoff","higher_own_payoff",NA
"pilot_38","pilot",4,1,NA,"higher_own_payoff","higher_own_payoff",NA
"pilot_39","pilot",4,1,NA,"lower_own_payoff","lower_own_payoff",NA
"pilot_40","pilot",4,1,NA,"lower_own_payoff","lower_own_payoff",NA
"pilot_41","pilot",4,1,NA,"higher_own_payoff","higher_own_payoff",NA
"pilot_42","pilot",4,1,NA,"higher_own_payoff","lower_own_payoff",NA
"pilot_43","pilot",4,1,NA,"higher_own_payoff","higher_own_payoff",NA
"pilot_44","pilot",4,1,NA,"lower_own_payoff","higher_own_payoff",NA
"pilot_45","pilot",4,1,NA,"higher_own_payoff","higher_own_payoff",NA
"pilot_46","pilot",4,1,NA,"lower_own_payoff","lower_own_payoff",NA
"pilot_47","pilot",4,1,NA,"higher_own_payoff","higher_own_payoff",NA
"pilot_48","pilot",4,1,NA,"lower_own_payoff","lower_own_payoff",NA
"pilot_49","pilot",4,1,NA,"higher_own_payoff","higher_own_payoff",NA
"pilot_50","pilot",4,1,NA,"lower_own_payoff","lower_own_payoff",NA
"pilot_51","pilot",4,1,NA,"lower_own_payoff","higher_own_payoff",NA
"pilot_52","pilot",4,1,NA,"higher_own_payoff","lower_own_payoff",NA
"pilot_53","pilot",4,1,NA,"lower_own_payoff","lower_own_payoff",NA
"pilot_54","pilot",4,1,NA,"lower_own_payoff","lower_own_payoff",NA
"pilot_55","pilot",4,1,NA,"lower_own_payoff","lower_own_payoff",NA
"pilot_56","pilot",4,1,NA,"lower_own_payoff","lower_own_payoff",NA
"pilot_57","pilot",4,1,NA,"lower_own_payoff","lower_own_payoff",NA
"pilot_58","pilot",4,1,NA,"lower_own_payoff","lower_own_payoff",NA
"pilot_59","pilot",4,1,NA,"lower_own_payoff","lower_own_payoff",NA
"pilot_60","pilot",4,1,NA,"lower_own_payoff","lower_own_payoff",NA
"pilot_61","pilot",4,1,NA,"higher_own_payoff","higher_own_payoff",NA
"pilot_62","pilot",4,1,NA,"higher_own_payoff","higher_own_payoff",NA
"pilot_63","pilot",4,1,NA,"lower_own_payoff","lower_own_payoff",NA
"pilot_64","pilot",4,1,NA,"higher_own_payoff","higher_own_payoff",NA
"pilot_65","pilot",4,1,NA,"higher_own_payoff","higher_own_payoff",NA
"pilot_66","pilot",4,1,NA,"lower_own_payoff","lower_own_payoff",NA
"pilot_67","pilot",4,1,NA,"lower_own_payoff","lower_own_payoff",NA
"pilot_68","pilot",4,1,NA,"lower_own_payoff","lower_own_payoff",NA
"pilot_69","pilot",4,1,NA,"lower_own_payoff","higher_own_payoff",NA
"pilot_70","pilot",4,1,NA,"higher_own_payoff","higher_own_payoff",NA
"pilot_71","pilot",4,1,NA,"lower_own_payoff","lower_own_payoff",NA
"pilot_72","pilot",4,1,NA,"higher_own_payoff","higher_own_payoff",NA
"pilot_73","pilot",4,1,NA,"lower_own_payoff","lower_own_payoff",NA
"pilot_74","pilot",4,1,NA,"lower_own_payoff","higher_own_payoff",NA
"pilot_75","pilot",4,1,NA,"higher_own_payoff","lower_own_payoff",NA
"pilot_76","pilot",4,1,NA,"higher_own_payoff","higher_own_payoff",NA
"pilot_77","pilot",4,1,NA,"higher_own_payoff","higher_own_payoff",NA
"pilot_78","pilot",4,1,NA,"lower_own_payoff","higher_own_payoff",NA
"pilot_79","pilot",4,1,NA,"higher_own_payoff","lower_own_payoff",NA
"pilot_80","pilot",4,1,NA,"higher_own_payoff","higher_own_payoff",NA
"pilot_81","pilot",4,1,NA,"lower_own_payoff","lower_own_payoff",NA
"pilot_82","pilot",4,1,NA,"lower_own_payoff","lower_own_payoff",NA
"pilot_83","pilot",4,1,NA,"lower_own_payoff","lower_own_payoff",NA
"pilot_84","pilot",4,1,NA,"lower_own_payoff","lower_own_payoff",NA
"pilot_85","pilot",4,1,NA,"lower_own_payoff","higher_own_payoff",NA
"pilot_86","pilot",4,1,NA,"lower_own_payoff","lower_own_payoff",NA
"pilot_87","pilot",4,1,NA,"lower_own_payoff","lower_own_payoff",NA
"pilot_88","pilot",4,1,NA,"lower_own_payoff","lower_own_payoff",NA
"pilot_89","pilot",4,1,NA,"higher_own_payoff","higher_own_payoff",NA
"pilot_90","pilot",4,1,NA,"higher_own_payoff","higher_own_payoff",NA
"pilot_91","pilot",4,1,NA,"higher_own_payoff","higher_own_payoff",NA
"pilot_92","pilot",4,1,NA,"higher_own_payoff","lower_own_payoff",NA
"pilot_93","pilot",4,1,NA,"lower_own_payoff","lower_own_payoff",NA
"pilot_94","pilot",4,1,NA,"lower_own_payoff","lower_own_payoff",NA
"pilot_95","pilot",4,1,NA,"higher_own_payoff","higher_own_payoff",NA
"pilot_96","pilot",4,1,NA,"higher_own_payoff","lower_own_payoff",NA
"pilot_97","pilot",4,1,NA,"lower_own_payoff","lower_own_payoff",NA
"pilot_98","pilot",4,1,NA,"lower_own_payoff","lower_own_payoff",NA
"pilot_99","pilot",4,1,NA,"higher_own_payoff","higher_own_payoff",NA
"pilot_100","pilot",4,1,NA,"higher_own_payoff","higher_own_payoff",NA
"pilot_101","pilot",4,1,NA,"higher_own_payoff","higher_own_payoff",NA
"pilot_102","pilot",4,1,NA,"higher_own_payoff","higher_own_payoff",NA
"pilot_103","pilot",4,1,NA,"higher_own_payoff","higher_own_payoff",NA
"pilot_104","pilot",4,1,NA,"lower_own_payoff","lower_own_payoff",NA
"pilot_105","pilot",4,1,NA,"higher_own_payoff","higher_own_payoff",NA
"pilot_106","pilot",4,1,NA,"higher_own_payoff","higher_own_payoff",NA
"pilot_107","pilot",4,1,NA,"lower_own_payoff","higher_own_payoff",NA
"pilot_108","pilot",4,1,NA,"lower_own_payoff","higher_own_payoff",NA
"pilot_109","pilot",4,1,NA,"lower_own_payoff","lower_own_payoff",NA
"pilot_110","pilot",4,1,NA,"lower_own_payoff","lower_own_payoff",NA
"pilot_111","pilot",4,1,NA,"lower_own_payoff","lower_own_payoff",NA
"pilot_112","pilot",4,1,NA,"higher_own_payoff","lower_own_payoff",NA
"pilot_113","pilot",4,1,NA,"higher_own_payoff","higher_own_payoff",NA
"pilot_114","pilot",4,1,NA,"higher_own_payoff","higher_own_payoff",NA
"pilot_115","pilot",4,1,NA,"higher_own_payoff","higher_own_payoff",NA
"pilot_116","pilot",4,1,NA,"lower_own_payoff","lower_own_payoff",NA
"pilot_117","pilot",4,1,NA,"higher_own_payoff","higher_own_payoff",NA
"pilot_118","pilot",4,1,NA,"lower_own_payoff","lower_own_payoff",NA
"pilot_119","pilot",4,1,NA,"lower_own_payoff","lower_own_payoff",NA
"pilot_120","pilot",4,1,NA,"lower_own_payoff","lower_own_payoff",NA
"pilot_121","pilot",4,1,NA,"higher_own_payoff","higher_own_payoff",NA
"pilot_122","pilot",4,1,NA,"higher_own_payoff","higher_own_payoff",NA
"pilot_123","pilot",4,1,NA,"lower_own_payoff","lower_own_payoff",NA
"pilot_124","pilot",4,1,NA,"lower_own_payoff","lower_own_payoff",NA
"pilot_125","pilot",4,1,NA,"lower_own_payoff","lower_own_payoff",NA
"pilot_126","pilot",4,1,NA,"higher_own_payoff","higher_own_payoff",NA
"pilot_127","pilot",4,1,NA,"lower_own_payoff","lower_own_payoff",NA
"pilot_128","pilot",4,1,NA,"higher_own_payoff","higher_own_payoff",NA
"pilot_129","pilot",4,1,NA,"higher_own_payoff","higher_own_payoff",NA
"pilot_130","pilot",4,1,NA,"lower_own_payoff","lower_own_payoff",NA
"pilot_131","pilot",4,1,NA,"lower_own_payoff","lower_own_payoff",NA
"pilot_132","pilot",4,1,NA,"higher_own_payoff","lower_own_payoff",NA
"pilot_133","pilot",4,1,NA,"higher_own_payoff","higher_own_payoff",NA
"pilot_134","pilot",4,1,NA,"higher_own_payoff","higher_own_payoff",NA
"pilot_135","pilot",4,1,NA,"higher_own_payoff","lower_own_payoff",NA
"pilot_136","pilot",4,1,NA,"lower_own_payoff","lower_own_payoff",NA
"pilot_137","pilot",4,1,NA,"lower_own_payoff","lower_own_payoff",NA
"pilot_138","pilot",4,1,NA,"higher_own_payoff","higher_own_payoff",NA
"pilot_139","pilot",4,1,NA,"lower_own_payoff","lower_own_payoff",NA
"pilot_140","pilot",4,1,NA,"higher_own_payoff","higher_own_payoff",NA
"pilot_141","pilot",4,1,NA,"higher_own_payoff","higher_own_payoff",NA
"pilot_142","pilot",4,1,NA,"lower_own_payoff","lower_own_payoff",NA
"pilot_143","pilot",4,1,NA,"higher_own_payoff","lower_own_payoff",NA
"pilot_144","pilot",4,1,NA,"higher_own_payoff","lower_own_payoff",NA
"pilot_145","pilot",4,1,NA,"lower_own_payoff","lower_own_payoff",NA
"pilot_146","pilot",4,1,NA,"lower_own_payoff","lower_own_payoff",NA
"pilot_147","pilot",4,1,NA,"lower_own_payoff","lower_own_payoff",NA
"pilot_148","pilot",4,1,NA,"lower_own_payoff","lower_own_payoff",NA
"pilot_149","pilot",4,1,NA,"higher_own_payoff","higher_own_payoff",NA
"pilot_150","pilot",4,1,NA,"higher_own_payoff","lower_own_payoff",NA
"pilot_151","pilot",4,1,NA,"lower_own_payoff","lower_own_payoff",NA
"pilot_152","pilot",4,1,NA,"lower_own_payoff","lower_own_payoff",NA
"pilot_153","pilot",4,1,NA,"higher_own_payoff","higher_own_payoff",NA
"pilot_154","pilot",4,1,NA,"higher_own_payoff","higher_own_payoff",NA
"pilot_155","pilot",4,1,NA,"lower_own_payoff","lower_own_payoff",NA
"pilot_156","pilot",4,1,NA,"lower_own_payoff","lower_own_payoff",NA
"pilot_157","pilot",4,1,NA,"lower_own_payoff","lower_own_payoff",NA
"pilot_158","pilot",4,1,NA,"higher_own_payoff","higher_own_payoff",NA
"pilot_159","pilot",4,1,NA,"higher_own_payoff","higher_own_payoff",NA
"pilot_160","pilot",4,1,NA,"lower_own_payoff","lower_own_payoff",NA
"pilot_161","pilot",4,1,NA,"higher_own_payoff","higher_own_payoff",NA
"pilot_162","pilot",4,1,NA,"lower_own_payoff","lower_own_payoff",NA
"pilot_163","pilot",4,1,NA,"higher_own_payoff","higher_own_payoff",NA
"pilot_164","pilot",4,1,NA,"lower_own_payoff","lower_own_payoff",NA
"pilot_165","pilot",4,1,NA,"lower_own_payoff","lower_own_payoff",NA
"pilot_166","pilot",4,1,NA,"higher_own_payoff","higher_own_payoff",NA
"pilot_167","pilot",4,1,NA,"higher_own_payoff","higher_own_payoff",NA
"pilot_168","pilot",4,1,NA,"higher_own_payoff","higher_own_payoff",NA
"pilot_169","pilot",4,1,NA,"lower_own_payoff","lower_own_payoff",NA
"pilot_170","pilot",4,1,NA,"higher_own_payoff","higher_own_payoff",NA
"pilot_171","pilot",4,1,NA,"higher_own_payoff","higher_own_payoff",NA
"pilot_172","pilot",4,1,NA,"lower_own_payoff","lower_own_payoff",NA
"pilot_173","pilot",4,1,NA,"higher_own_payoff","higher_own_payoff",NA
"pilot_174","pilot",4,1,NA,"lower_own_payoff","lower_own_payoff",NA
"pilot_175","pilot",4,1,NA,"higher_own_payoff","higher_own_payoff",NA
"pilot_176","pilot",4,1,NA,"higher_own_payoff","higher_own_payoff",NA
"pilot_177","pilot",4,1,NA,"higher_own_payoff","higher_own_payoff",NA
"pilot_178","pilot",4,1,NA,"higher_own_payoff","higher_own_payoff",NA
"pilot_179","pilot",4,1,NA,"higher_own_payoff","higher_own_payoff",NA
"pilot_180","pilot",4,1,NA,"lower_own_payoff","lower_own_payoff",NA
"pilot_181","pilot",4,1,NA,"higher_own_payoff","higher_own_payoff",NA
"pilot_182","pilot",4,1,NA,"higher_own_payoff","higher_own_payoff",NA
"pilot_183","pilot",4,1,NA,"higher_own_payoff","higher_own_payoff",NA
"pilot_184","pilot",4,1,NA,"lower_own_payoff","lower_own_payoff",NA
"pilot_185","pilot",4,1,NA,"lower_own_payoff","lower_own_payoff",NA
"pilot_186","pilot",4,1,NA,"lower_own_payoff","lower_own_payoff",NA
"pilot_187","pilot",4,1,NA,"higher_own_payoff","higher_own_payoff",NA
"pilot_188","pilot",4,1,NA,"higher_own_payoff","higher_own_payoff",NA
"pilot_189","pilot",4,1,NA,"higher_own_payoff","higher_own_payoff",NA
"pilot_190","pilot",4,1,NA,"lower_own_payoff","lower_own_payoff",NA
"pilot_191","pilot",4,1,NA,"higher_own_payoff","higher_own_payoff",NA
"pilot_192","pilot",4,1,NA,"lower_own_payoff","lower_own_payoff",NA
"pilot_193","pilot",4,1,NA,"higher_own_payoff","higher_own_payoff",NA
"pilot_194","pilot",4,1,NA,"lower_own_payoff","lower_own_payoff",NA
"pilot_195","pilot",4,1,NA,"lower_own_payoff","lower_own_payoff",NA
"pilot_196","pilot",4,1,NA,"lower_own_payoff","lower_own_payoff",NA
"pilot_197","pilot",4,1,NA,"lower_own_payoff","lower_own_payoff",NA
"pilot_198","pilot",4,1,NA,"lower_own_payoff","lower_own_payoff",NA
"pilot_199","pilot",4,1,NA,"lower_own_payoff","lower_own_payoff",NA
"pilot_200","pilot",4,1,NA,"lower_own_payoff","lower_own_payoff",NA
"pilot_201","pilot",4,1,NA,"higher_own_payoff","higher_own_payoff",NA
"pilot_202","pilot",4,1,NA,"lower_own_payoff","lower_own_payoff",NA
"pilot_203","pilot",4,1,NA,"lower_own_payoff","lower_own_payoff",NA
"pilot_204","pilot",4,1,NA,"higher_own_payoff","higher_own_payoff",NA
"pilot_205","pilot",4,1,NA,"higher_own_payoff","higher_own_payoff",NA
"pilot_206","pilot",4,1,NA,"higher_own_payoff","higher_own_payoff",NA
"pilot_207","pilot",4,1,NA,"higher_own_payoff","higher_own_payoff",NA
"pilot_208","pilot",4,1,NA,"higher_own_payoff","higher_own_payoff",NA
"pilot_209","pilot",4,1,NA,"higher_own_payoff","higher_own_payoff",NA
"pilot_210","pilot",4,1,NA,"higher_own_payoff","higher_own_payoff",NA
"pilot_211","pilot",4,1,NA,"lower_own_payoff","lower_own_payoff",NA
"pilot_212","pilot",4,1,NA,"higher_own_payoff","higher_own_payoff",NA
"pilot_213","pilot",4,1,NA,"lower_own_payoff","lower_own_payoff",NA
"pilot_214","pilot",4,1,NA,"higher_own_payoff","higher_own_payoff",NA
"pilot_215","pilot",4,1,NA,"lower_own_payoff","lower_own_payoff",NA
"pilot_216","pilot",4,1,NA,"lower_own_payoff","lower_own_payoff",NA
"pilot_217","pilot",4,1,NA,"lower_own_payoff","lower_own_payoff",NA
"pilot_218","pilot",4,1,NA,"lower_own_payoff","lower_own_payoff",NA
"pilot_219","pilot",4,1,NA,"higher_own_payoff","higher_own_payoff",NA
"pilot_220","pilot",4,1,NA,"higher_own_payoff","higher_own_payoff",NA
"pilot_221","pilot",4,1,NA,"lower_own_payoff","lower_own_payoff",NA
"pilot_222","pilot",4,1,NA,"higher_own_payoff","higher_own_payoff",NA
"pilot_223","pilot",4,1,NA,"higher_own_payoff","higher_own_payoff",NA
"pilot_224","pilot",4,1,NA,"higher_own_payoff","higher_own_payoff",NA
"pilot_225","pilot",4,1,NA,"lower_own_payoff","lower_own_payoff",NA
"pilot_226","pilot",4,1,NA,"higher_own_payoff","higher_own_payoff",NA
"pilot_227","pilot",4,1,NA,"higher_own_payoff","higher_own_payoff",NA
"pilot_228","pilot",4,1,NA,"lower_own_payoff","lower_own_payoff",NA
"pilot_229","pilot",4,1,NA,"higher_own_payoff","higher_own_payoff",NA
"pilot_230","pilot",4,1,NA,"higher_own_payoff","higher_own_payoff",NA
"pilot_231","pilot",4,1,NA,"higher_own_payoff","higher_own_payoff",NA
"pilot_232","pilot",4,1,NA,"higher_own_payoff","higher_own_payoff",NA
"pilot_233","pilot",4,1,NA,"lower_own_payoff","lower_own_payoff",NA
"pilot_234","pilot",4,1,NA,"higher_own_payoff","higher_own_payoff",NA
"pilot_235","pilot",4,1,NA,"higher_own_payoff","higher_own_payoff",NA
"pilot_236","pilot",4,1,NA,"higher_own_payoff","higher_own_payoff",NA
"pilot_237","pilot",4,1,NA,"lower_own_payoff","lower_own_payoff",NA
"pilot_238","pilot",4,1,NA,"higher_own_payoff","higher_own_payoff",NA
"pilot_239","pilot",4,1,NA,"higher_own_payoff","higher_own_payoff",NA
"pilot_240","pilot",4,1,NA,"lower_own_payoff","higher_own_payoff",NA
"pilot_241","pilot",4,1,NA,"higher_own_payoff","higher_own_payoff",NA
"pilot_242","pilot",4,1,NA,"lower_own_payoff","lower_own_payoff",NA
"pilot_243","pilot",4,1,NA,"lower_own_payoff","lower_own_payoff",NA
"pilot_244","pilot",4,1,NA,"higher_own_payoff","higher_own_payoff",NA
"pilot_245","pilot",4,1,NA,"higher_own_payoff","higher_own_payoff",NA
"pilot_246","pilot",4,1,NA,"higher_own_payoff","higher_own_payoff",NA
"pilot_247","pilot",4,1,NA,"higher_own_payoff","higher_own_payoff",NA
"pilot_248","pilot",4,1,NA,"lower_own_payoff","lower_own_payoff",NA
"pilot_249","pilot",4,1,NA,"lower_own_payoff","lower_own_payoff",NA
"pilot_250","pilot",4,1,NA,"lower_own_payoff","lower_own_payoff",NA
"pilot_251","pilot",4,1,NA,"lower_own_payoff","higher_own_payoff",NA
"pilot_252","pilot",4,1,NA,"higher_own_payoff","higher_own_payoff",NA
"pilot_253","pilot",4,1,NA,"higher_own_payoff","higher_own_payoff",NA
"pilot_254","pilot",4,1,NA,"higher_own_payoff","higher_own_payoff",NA
"pilot_255","pilot",4,1,NA,"lower_own_payoff","lower_own_payoff",NA
"pilot_256","pilot",4,1,NA,"lower_own_payoff","lower_own_payoff",NA
"pilot_257","pilot",4,1,NA,"higher_own_payoff","higher_own_payoff",NA
"pilot_258","pilot",4,1,NA,"higher_own_payoff","higher_own_payoff",NA
"pilot_259","pilot",4,1,NA,"higher_own_payoff","higher_own_payoff",NA
"pilot_260","pilot",4,1,NA,"lower_own_payoff","lower_own_payoff",NA
"pilot_261","pilot",4,1,NA,"higher_own_payoff","higher_own_payoff",NA
"pilot_262","pilot",4,1,NA,"higher_own_payoff","higher_own_payoff",NA
"pilot_263","pilot",4,1,NA,"higher_own_payoff","higher_own_payoff",NA
"pilot_264","pilot",4,1,NA,"higher_own_payoff","higher_own_payoff",NA
"pilot_265","pilot",4,1,NA,"lower_own_payoff","lower_own_payoff",NA
"pilot_266","pilot",4,1,NA,"lower_own_payoff","lower_own_payoff",NA
"pilot_267","pilot",4,1,NA,"lower_own_payoff","lower_own_payoff",NA
"pilot_268","pilot",4,1,NA,"higher_own_payoff","higher_own_payoff",NA
"pilot_269","pilot",4,1,NA,"lower_own_payoff","lower_own_payoff",NA
"pilot_270","pilot",4,1,NA,"lower_own_payoff","higher_own_payoff",NA
"pilot_271","pilot",4,1,NA,"higher_own_payoff","higher_own_payoff",NA
"pilot_272","pilot",4,1,NA,"higher_own_payoff","higher_own_payoff",NA
"pilot_273","pilot",4,1,NA,"lower_own_payoff","lower_own_payoff",NA
"pilot_274","pilot",4,1,NA,"higher_own_payoff","higher_own_payoff",NA
"pilot_275","pilot",4,1,NA,"higher_own_payoff","higher_own_payoff",NA
"pilot_276","pilot",4,1,NA,"lower_own_payoff","lower_own_payoff",NA
"pilot_277","pilot",4,1,NA,"higher_own_payoff","higher_own_payoff",NA
"pilot_278","pilot",4,1,NA,"lower_own_payoff","lower_own_payoff",NA
"pilot_279","pilot",4,1,NA,"lower_own_payoff","lower_own_payoff",NA
"pilot_280","pilot",4,1,NA,"lower_own_payoff","lower_own_payoff",NA
"pilot_281","pilot",4,1,NA,"lower_own_payoff","lower_own_payoff",NA
"pilot_282","pilot",4,1,NA,"lower_own_payoff","lower_own_payoff",NA
"pilot_283","pilot",4,1,NA,"lower_own_payoff","lower_own_payoff",NA
"pilot_284","pilot",4,1,NA,"higher_own_payoff","lower_own_payoff",NA
"pilot_285","pilot",4,1,NA,"higher_own_payoff","lower_own_payoff",NA
"pilot_286","pilot",4,1,NA,"lower_own_payoff","lower_own_payoff",NA
"pilot_287","pilot",4,1,NA,"lower_own_payoff","lower_own_payoff",NA
"pilot_288","pilot",4,1,NA,"higher_own_payoff","higher_own_payoff",NA
"pilot_289","pilot",4,1,NA,"lower_own_payoff","lower_own_payoff",NA
"pilot_290","pilot",4,1,NA,"higher_own_payoff","higher_own_payoff",NA
"pilot_291","pilot",4,1,NA,"higher_own_payoff","higher_own_payoff",NA
"pilot_292","pilot",4,1,NA,"lower_own_payoff","lower_own_payoff",NA
"pilot_293","pilot",4,1,NA,"lower_own_payoff","lower_own_payoff",NA
"pilot_294","pilot",4,1,NA,"lower_own_payoff","lower_own_payoff",NA
"pilot_295","pilot",4,1,NA,"higher_own_payoff","higher_own_payoff",NA
"pilot_296","pilot",4,1,NA,"lower_own_payoff","lower_own_payoff",NA
"pilot_297","pilot",4,1,NA,"lower_own_payoff","lower_own_payoff",NA
"pilot_298","pilot",4,1,NA,"higher_own_payoff","higher_own_payoff",NA
"pilot_299","pilot",4,1,NA,"higher_own_payoff","higher_own_payoff",NA
"pilot_300","pilot",4,1,NA,"lower_own_payoff","lower_own_payoff",NA
"pilot_301","pilot",4,1,NA,"higher_own_payoff","higher_own_payoff",NA
"pilot_302","pilot",4,1,NA,"higher_own_payoff","higher_own_payoff",NA
"pilot_303","pilot",4,1,NA,"lower_own_payoff","lower_own_payoff",NA
"pilot_304","pilot",4,1,NA,"higher_own_payoff","higher_own_payoff",NA
"pilot_305","pilot",4,1,NA,"lower_own_payoff","higher_own_payoff",NA
"pilot_306","pilot",4,1,NA,"lower_own_payoff","lower_own_payoff",NA
"pilot_1","pilot",5,1,NA,"higher_own_payoff","lower_own_payoff",NA
"pilot_2","pilot",5,1,NA,"higher_own_payoff","higher_own_payoff",NA
"pilot_3","pilot",5,1,NA,"higher_own_payoff","higher_own_payoff",NA
"pilot_4","pilot",5,1,NA,"higher_own_payoff","lower_own_payoff",NA
"pilot_5","pilot",5,1,NA,"lower_own_payoff","lower_own_payoff",NA
"pilot_6","pilot",5,1,NA,"higher_own_payoff","lower_own_payoff",NA
"pilot_7","pilot",5,1,NA,"higher_own_payoff","higher_own_payoff",NA
"pilot_8","pilot",5,1,NA,"lower_own_payoff","lower_own_payoff",NA
"pilot_9","pilot",5,1,NA,"higher_own_payoff","lower_own_payoff",NA
"pilot_10","pilot",5,1,NA,"higher_own_payoff","lower_own_payoff",NA
"pilot_11","pilot",5,1,NA,"higher_own_payoff","higher_own_payoff",NA
"pilot_12","pilot",5,1,NA,"higher_own_payoff","higher_own_payoff",NA
"pilot_13","pilot",5,1,NA,"lower_own_payoff","lower_own_payoff",NA
"pilot_14","pilot",5,1,NA,"higher_own_payoff","lower_own_payoff",NA
"pilot_15","pilot",5,1,NA,"lower_own_payoff","lower_own_payoff",NA
"pilot_16","pilot",5,1,NA,"higher_own_payoff","lower_own_payoff",NA
"pilot_17","pilot",5,1,NA,"lower_own_payoff","lower_own_payoff",NA
"pilot_18","pilot",5,1,NA,"lower_own_payoff","lower_own_payoff",NA
"pilot_19","pilot",5,1,NA,"higher_own_payoff","higher_own_payoff",NA
"pilot_20","pilot",5,1,NA,"higher_own_payoff","higher_own_payoff",NA
"pilot_21","pilot",5,1,NA,"lower_own_payoff","lower_own_payoff",NA
"pilot_22","pilot",5,1,NA,"higher_own_payoff","lower_own_payoff",NA
"pilot_23","pilot",5,1,NA,"higher_own_payoff","higher_own_payoff",NA
"pilot_24","pilot",5,1,NA,"lower_own_payoff","lower_own_payoff",NA
"pilot_25","pilot",5,1,NA,"higher_own_payoff","higher_own_payoff",NA
"pilot_26","pilot",5,1,NA,"lower_own_payoff","lower_own_payoff",NA
"pilot_27","pilot",5,1,NA,"higher_own_payoff","higher_own_payoff",NA
"pilot_28","pilot",5,1,NA,"lower_own_payoff","lower_own_payoff",NA
"pilot_29","pilot",5,1,NA,"lower_own_payoff","lower_own_payoff",NA
"pilot_30","pilot",5,1,NA,"lower_own_payoff","lower_own_payoff",NA
"pilot_31","pilot",5,1,NA,"higher_own_payoff","higher_own_payoff",NA
"pilot_32","pilot",5,1,NA,"lower_own_payoff","lower_own_payoff",NA
"pilot_33","pilot",5,1,NA,"higher_own_payoff","lower_own_payoff",NA
"pilot_34","pilot",5,1,NA,"higher_own_payoff","higher_own_payoff",NA
"pilot_35","pilot",5,1,NA,"higher_own_payoff","lower_own_payoff",NA
"pilot_36","pilot",5,1,NA,"higher_own_payoff","lower_own_payoff",NA
"pilot_37","pilot",5,1,NA,"lower_own_payoff","lower_own_payoff",NA
"pilot_38","pilot",5,1,NA,"lower_own_payoff","lower_own_payoff",NA
"pilot_39","pilot",5,1,NA,"higher_own_payoff","higher_own_payoff",NA
"pilot_40","pilot",5,1,NA,"higher_own_payoff","lower_own_payoff",NA
"pilot_41","pilot",5,1,NA,"higher_own_payoff","higher_own_payoff",NA
"pilot_42","pilot",5,1,NA,"lower_own_payoff","higher_own_payoff",NA
"pilot_43","pilot",5,1,NA,"lower_own_payoff","lower_own_payoff",NA
"pilot_44","pilot",5,1,NA,"higher_own_payoff","lower_own_payoff",NA
"pilot_45","pilot",5,1,NA,"higher_own_payoff","higher_own_payoff",NA
"pilot_46","pilot",5,1,NA,"higher_own_payoff","higher_own_payoff",NA
"pilot_47","pilot",5,1,NA,"higher_own_payoff","lower_own_payoff",NA
"pilot_48","pilot",5,1,NA,"lower_own_payoff","lower_own_payoff",NA
"pilot_49","pilot",5,1,NA,"higher_own_payoff","higher_own_payoff",NA
"pilot_50","pilot",5,1,NA,"lower_own_payoff","lower_own_payoff",NA
"pilot_51","pilot",5,1,NA,"lower_own_payoff","higher_own_payoff",NA
"pilot_52","pilot",5,1,NA,"higher_own_payoff","lower_own_payoff",NA
"pilot_53","pilot",5,1,NA,"lower_own_payoff","lower_own_payoff",NA
"pilot_54","pilot",5,1,NA,"lower_own_payoff","lower_own_payoff",NA
"pilot_55","pilot",5,1,NA,"higher_own_payoff","lower_own_payoff",NA
"pilot_56","pilot",5,1,NA,"higher_own_payoff","higher_own_payoff",NA
"pilot_57","pilot",5,1,NA,"lower_own_payoff","lower_own_payoff",NA
"pilot_58","pilot",5,1,NA,"higher_own_payoff","higher_own_payoff",NA
"pilot_59","pilot",5,1,NA,"lower_own_payoff","lower_own_payoff",NA
"pilot_60","pilot",5,1,NA,"higher_own_payoff","lower_own_payoff",NA
"pilot_61","pilot",5,1,NA,"higher_own_payoff","higher_own_payoff",NA
"pilot_62","pilot",5,1,NA,"lower_own_payoff","higher_own_payoff",NA
"pilot_63","pilot",5,1,NA,"lower_own_payoff","lower_own_payoff",NA
"pilot_64","pilot",5,1,NA,"higher_own_payoff","higher_own_payoff",NA
"pilot_65","pilot",5,1,NA,"higher_own_payoff","higher_own_payoff",NA
"pilot_66","pilot",5,1,NA,"lower_own_payoff","lower_own_payoff",NA
"pilot_67","pilot",5,1,NA,"higher_own_payoff","higher_own_payoff",NA
"pilot_68","pilot",5,1,NA,"higher_own_payoff","higher_own_payoff",NA
"pilot_69","pilot",5,1,NA,"higher_own_payoff","lower_own_payoff",NA
"pilot_70","pilot",5,1,NA,"lower_own_payoff","lower_own_payoff",NA
"pilot_71","pilot",5,1,NA,"lower_own_payoff","lower_own_payoff",NA
"pilot_72","pilot",5,1,NA,"higher_own_payoff","higher_own_payoff",NA
"pilot_73","pilot",5,1,NA,"lower_own_payoff","higher_own_payoff",NA
"pilot_74","pilot",5,1,NA,"lower_own_payoff","lower_own_payoff",NA
"pilot_75","pilot",5,1,NA,"lower_own_payoff","lower_own_payoff",NA
"pilot_76","pilot",5,1,NA,"lower_own_payoff","lower_own_payoff",NA
"pilot_77","pilot",5,1,NA,"higher_own_payoff","higher_own_payoff",NA
"pilot_78","pilot",5,1,NA,"lower_own_payoff","lower_own_payoff",NA
"pilot_79","pilot",5,1,NA,"lower_own_payoff","lower_own_payoff",NA
"pilot_80","pilot",5,1,NA,"higher_own_payoff","higher_own_payoff",NA
"pilot_81","pilot",5,1,NA,"lower_own_payoff","lower_own_payoff",NA
"pilot_82","pilot",5,1,NA,"lower_own_payoff","lower_own_payoff",NA
"pilot_83","pilot",5,1,NA,"lower_own_payoff","higher_own_payoff",NA
"pilot_84","pilot",5,1,NA,"lower_own_payoff","lower_own_payoff",NA
"pilot_85","pilot",5,1,NA,"higher_own_payoff","lower_own_payoff",NA
"pilot_86","pilot",5,1,NA,"higher_own_payoff","lower_own_payoff",NA
"pilot_87","pilot",5,1,NA,"lower_own_payoff","lower_own_payoff",NA
"pilot_88","pilot",5,1,NA,"higher_own_payoff","higher_own_payoff",NA
"pilot_89","pilot",5,1,NA,"higher_own_payoff","higher_own_payoff",NA
"pilot_90","pilot",5,1,NA,"higher_own_payoff","lower_own_payoff",NA
"pilot_91","pilot",5,1,NA,"higher_own_payoff","higher_own_payoff",NA
"pilot_92","pilot",5,1,NA,"higher_own_payoff","lower_own_payoff",NA
"pilot_93","pilot",5,1,NA,"lower_own_payoff","lower_own_payoff",NA
"pilot_94","pilot",5,1,NA,"lower_own_payoff","lower_own_payoff",NA
"pilot_95","pilot",5,1,NA,"lower_own_payoff","lower_own_payoff",NA
"pilot_96","pilot",5,1,NA,"higher_own_payoff","higher_own_payoff",NA
"pilot_97","pilot",5,1,NA,"higher_own_payoff","higher_own_payoff",NA
"pilot_98","pilot",5,1,NA,"lower_own_payoff","lower_own_payoff",NA
"pilot_99","pilot",5,1,NA,"higher_own_payoff","higher_own_payoff",NA
"pilot_100","pilot",5,1,NA,"higher_own_payoff","lower_own_payoff",NA
"pilot_101","pilot",5,1,NA,"lower_own_payoff","higher_own_payoff",NA
"pilot_102","pilot",5,1,NA,"higher_own_payoff","higher_own_payoff",NA
"pilot_103","pilot",5,1,NA,"lower_own_payoff","lower_own_payoff",NA
"pilot_104","pilot",5,1,NA,"lower_own_payoff","lower_own_payoff",NA
"pilot_105","pilot",5,1,NA,"higher_own_payoff","higher_own_payoff",NA
"pilot_106","pilot",5,1,NA,"lower_own_payoff","higher_own_payoff",NA
"pilot_107","pilot",5,1,NA,"higher_own_payoff","lower_own_payoff",NA
"pilot_108","pilot",5,1,NA,"lower_own_payoff","higher_own_payoff",NA
"pilot_109","pilot",5,1,NA,"lower_own_payoff","lower_own_payoff",NA
"pilot_110","pilot",5,1,NA,"lower_own_payoff","lower_own_payoff",NA
"pilot_111","pilot",5,1,NA,"lower_own_payoff","lower_own_payoff",NA
"pilot_112","pilot",5,1,NA,"higher_own_payoff","lower_own_payoff",NA
"pilot_113","pilot",5,1,NA,"higher_own_payoff","higher_own_payoff",NA
"pilot_114","pilot",5,1,NA,"lower_own_payoff","higher_own_payoff",NA
"pilot_115","pilot",5,1,NA,"higher_own_payoff","higher_own_payoff",NA
"pilot_116","pilot",5,1,NA,"higher_own_payoff","higher_own_payoff",NA
"pilot_117","pilot",5,1,NA,"higher_own_payoff","higher_own_payoff",NA
"pilot_118","pilot",5,1,NA,"lower_own_payoff","lower_own_payoff",NA
"pilot_119","pilot",5,1,NA,"higher_own_payoff","lower_own_payoff",NA
"pilot_120","pilot",5,1,NA,"higher_own_payoff","lower_own_payoff",NA
"pilot_121","pilot",5,1,NA,"lower_own_payoff","higher_own_payoff",NA
"pilot_122","pilot",5,1,NA,"lower_own_payoff","higher_own_payoff",NA
"pilot_123","pilot",5,1,NA,"higher_own_payoff","higher_own_payoff",NA
"pilot_124","pilot",5,1,NA,"higher_own_payoff","higher_own_payoff",NA
"pilot_125","pilot",5,1,NA,"lower_own_payoff","higher_own_payoff",NA
"pilot_126","pilot",5,1,NA,"lower_own_payoff","lower_own_payoff",NA
"pilot_127","pilot",5,1,NA,"lower_own_payoff","lower_own_payoff",NA
"pilot_128","pilot",5,1,NA,"lower_own_payoff","lower_own_payoff",NA
"pilot_129","pilot",5,1,NA,"higher_own_payoff","higher_own_payoff",NA
"pilot_130","pilot",5,1,NA,"higher_own_payoff","higher_own_payoff",NA
"pilot_131","pilot",5,1,NA,"lower_own_payoff","lower_own_payoff",NA
"pilot_132","pilot",5,1,NA,"lower_own_payoff","lower_own_payoff",NA
"pilot_133","pilot",5,1,NA,"higher_own_payoff","higher_own_payoff",NA
"pilot_134","pilot",5,1,NA,"higher_own_payoff","lower_own_payoff",NA
"pilot_135","pilot",5,1,NA,"higher_own_payoff","lower_own_payoff",NA
"pilot_136","pilot",5,1,NA,"lower_own_payoff","lower_own_payoff",NA
"pilot_137","pilot",5,1,NA,"lower_own_payoff","higher_own_payoff",NA
"pilot_138","pilot",5,1,NA,"higher_own_payoff","higher_own_payoff",NA
"pilot_139","pilot",5,1,NA,"lower_own_payoff","lower_own_payoff",NA
"pilot_140","pilot",5,1,NA,"lower_own_payoff","lower_own_payoff",NA
"pilot_141","pilot",5,1,NA,"higher_own_payoff","higher_own_payoff",NA
"pilot_142","pilot",5,1,NA,"higher_own_payoff","higher_own_payoff",NA
"pilot_143","pilot",5,1,NA,"higher_own_payoff","lower_own_payoff",NA
"pilot_144","pilot",5,1,NA,"higher_own_payoff","higher_own_payoff",NA
"pilot_145","pilot",5,1,NA,"lower_own_payoff","lower_own_payoff",NA
"pilot_146","pilot",5,1,NA,"lower_own_payoff","lower_own_payoff",NA
"pilot_147","pilot",5,1,NA,"lower_own_payoff","higher_own_payoff",NA
"pilot_148","pilot",5,1,NA,"lower_own_payoff","lower_own_payoff",NA
"pilot_149","pilot",5,1,NA,"higher_own_payoff","higher_own_payoff",NA
"pilot_150","pilot",5,1,NA,"lower_own_payoff","lower_own_payoff",NA
"pilot_151","pilot",5,1,NA,"lower_own_payoff","higher_own_payoff",NA
"pilot_152","pilot",5,1,NA,"higher_own_payoff","higher_own_payoff",NA
"pilot_153","pilot",5,1,NA,"higher_own_payoff","higher_own_payoff",NA
"pilot_154","pilot",5,1,NA,"lower_own_payoff","higher_own_payoff",NA
"pilot_155","pilot",5,1,NA,"lower_own_payoff","lower_own_payoff",NA
"pilot_156","pilot",5,1,NA,"lower_own_payoff","lower_own_payoff",NA
"pilot_157","pilot",5,1,NA,"lower_own_payoff","higher_own_payoff",NA
"pilot_158","pilot",5,1,NA,"lower_own_payoff","higher_own_payoff",NA
"pilot_159","pilot",5,1,NA,"higher_own_payoff","higher_own_payoff",NA
"pilot_160","pilot",5,1,NA,"lower_own_payoff","lower_own_payoff",NA
"pilot_161","pilot",5,1,NA,"higher_own_payoff","higher_own_payoff",NA
"pilot_162","pilot",5,1,NA,"lower_own_payoff","lower_own_payoff",NA
"pilot_163","pilot",5,1,NA,"higher_own_payoff","higher_own_payoff",NA
"pilot_164","pilot",5,1,NA,"higher_own_payoff","higher_own_payoff",NA
"pilot_165","pilot",5,1,NA,"lower_own_payoff","lower_own_payoff",NA
"pilot_166","pilot",5,1,NA,"higher_own_payoff","higher_own_payoff",NA
"pilot_167","pilot",5,1,NA,"higher_own_payoff","higher_own_payoff",NA
"pilot_168","pilot",5,1,NA,"higher_own_payoff","higher_own_payoff",NA
"pilot_169","pilot",5,1,NA,"lower_own_payoff","lower_own_payoff",NA
"pilot_170","pilot",5,1,NA,"higher_own_payoff","higher_own_payoff",NA
"pilot_171","pilot",5,1,NA,"higher_own_payoff","lower_own_payoff",NA
"pilot_172","pilot",5,1,NA,"higher_own_payoff","lower_own_payoff",NA
"pilot_173","pilot",5,1,NA,"higher_own_payoff","higher_own_payoff",NA
"pilot_174","pilot",5,1,NA,"lower_own_payoff","lower_own_payoff",NA
"pilot_175","pilot",5,1,NA,"lower_own_payoff","lower_own_payoff",NA
"pilot_176","pilot",5,1,NA,"lower_own_payoff","lower_own_payoff",NA
"pilot_177","pilot",5,1,NA,"higher_own_payoff","higher_own_payoff",NA
"pilot_178","pilot",5,1,NA,"lower_own_payoff","higher_own_payoff",NA
"pilot_179","pilot",5,1,NA,"higher_own_payoff","lower_own_payoff",NA
"pilot_180","pilot",5,1,NA,"higher_own_payoff","higher_own_payoff",NA
"pilot_181","pilot",5,1,NA,"higher_own_payoff","higher_own_payoff",NA
"pilot_182","pilot",5,1,NA,"higher_own_payoff","higher_own_payoff",NA
"pilot_183","pilot",5,1,NA,"lower_own_payoff","lower_own_payoff",NA
"pilot_184","pilot",5,1,NA,"higher_own_payoff","lower_own_payoff",NA
"pilot_185","pilot",5,1,NA,"lower_own_payoff","higher_own_payoff",NA
"pilot_186","pilot",5,1,NA,"higher_own_payoff","higher_own_payoff",NA
"pilot_187","pilot",5,1,NA,"lower_own_payoff","lower_own_payoff",NA
"pilot_188","pilot",5,1,NA,"lower_own_payoff","higher_own_payoff",NA
"pilot_189","pilot",5,1,NA,"higher_own_payoff","lower_own_payoff",NA
"pilot_190","pilot",5,1,NA,"higher_own_payoff","higher_own_payoff",NA
"pilot_191","pilot",5,1,NA,"higher_own_payoff","higher_own_payoff",NA
"pilot_192","pilot",5,1,NA,"higher_own_payoff","higher_own_payoff",NA
"pilot_193","pilot",5,1,NA,"lower_own_payoff","lower_own_payoff",NA
"pilot_194","pilot",5,1,NA,"higher_own_payoff","lower_own_payoff",NA
"pilot_195","pilot",5,1,NA,"lower_own_payoff","lower_own_payoff",NA
"pilot_196","pilot",5,1,NA,"lower_own_payoff","lower_own_payoff",NA
"pilot_197","pilot",5,1,NA,"lower_own_payoff","lower_own_payoff",NA
"pilot_198","pilot",5,1,NA,"lower_own_payoff","higher_own_payoff",NA
"pilot_199","pilot",5,1,NA,"higher_own_payoff","lower_own_payoff",NA
"pilot_200","pilot",5,1,NA,"higher_own_payoff","lower_own_payoff",NA
"pilot_201","pilot",5,1,NA,"higher_own_payoff","lower_own_payoff",NA
"pilot_202","pilot",5,1,NA,"lower_own_payoff","lower_own_payoff",NA
"pilot_203","pilot",5,1,NA,"higher_own_payoff","higher_own_payoff",NA
"pilot_204","pilot",5,1,NA,"higher_own_payoff","higher_own_payoff",NA
"pilot_205","pilot",5,1,NA,"lower_own_payoff","higher_own_payoff",NA
"pilot_206","pilot",5,1,NA,"higher_own_payoff","lower_own_payoff",NA
"pilot_207","pilot",5,1,NA,"higher_own_payoff","higher_own_payoff",NA
"pilot_208","pilot",5,1,NA,"higher_own_payoff","higher_own_payoff",NA
"pilot_209","pilot",5,1,NA,"higher_own_payoff","lower_own_payoff",NA
"pilot_210","pilot",5,1,NA,"lower_own_payoff","lower_own_payoff",NA
"pilot_211","pilot",5,1,NA,"higher_own_payoff","higher_own_payoff",NA
"pilot_212","pilot",5,1,NA,"higher_own_payoff","higher_own_payoff",NA
"pilot_213","pilot",5,1,NA,"lower_own_payoff","lower_own_payoff",NA
"pilot_214","pilot",5,1,NA,"lower_own_payoff","lower_own_payoff",NA
"pilot_215","pilot",5,1,NA,"lower_own_payoff","lower_own_payoff",NA
"pilot_216","pilot",5,1,NA,"higher_own_payoff","higher_own_payoff",NA
"pilot_217","pilot",5,1,NA,"higher_own_payoff","lower_own_payoff",NA
"pilot_218","pilot",5,1,NA,"lower_own_payoff","lower_own_payoff",NA
"pilot_219","pilot",5,1,NA,"lower_own_payoff","lower_own_payoff",NA
"pilot_220","pilot",5,1,NA,"higher_own_payoff","higher_own_payoff",NA
"pilot_221","pilot",5,1,NA,"lower_own_payoff","lower_own_payoff",NA
"pilot_222","pilot",5,1,NA,"higher_own_payoff","higher_own_payoff",NA
"pilot_223","pilot",5,1,NA,"higher_own_payoff","higher_own_payoff",NA
"pilot_224","pilot",5,1,NA,"higher_own_payoff","higher_own_payoff",NA
"pilot_225","pilot",5,1,NA,"higher_own_payoff","lower_own_payoff",NA
"pilot_226","pilot",5,1,NA,"higher_own_payoff","higher_own_payoff",NA
"pilot_227","pilot",5,1,NA,"higher_own_payoff","higher_own_payoff",NA
"pilot_228","pilot",5,1,NA,"higher_own_payoff","lower_own_payoff",NA
"pilot_229","pilot",5,1,NA,"higher_own_payoff","higher_own_payoff",NA
"pilot_230","pilot",5,1,NA,"higher_own_payoff","higher_own_payoff",NA
"pilot_231","pilot",5,1,NA,"higher_own_payoff","higher_own_payoff",NA
"pilot_232","pilot",5,1,NA,"lower_own_payoff","higher_own_payoff",NA
"pilot_233","pilot",5,1,NA,"lower_own_payoff","higher_own_payoff",NA
"pilot_234","pilot",5,1,NA,"lower_own_payoff","lower_own_payoff",NA
"pilot_235","pilot",5,1,NA,"higher_own_payoff","higher_own_payoff",NA
"pilot_236","pilot",5,1,NA,"higher_own_payoff","lower_own_payoff",NA
"pilot_237","pilot",5,1,NA,"lower_own_payoff","higher_own_payoff",NA
"pilot_238","pilot",5,1,NA,"higher_own_payoff","higher_own_payoff",NA
"pilot_239","pilot",5,1,NA,"higher_own_payoff","higher_own_payoff",NA
"pilot_240","pilot",5,1,NA,"higher_own_payoff","higher_own_payoff",NA
"pilot_241","pilot",5,1,NA,"higher_own_payoff","higher_own_payoff",NA
"pilot_242","pilot",5,1,NA,"lower_own_payoff","lower_own_payoff",NA
"pilot_243","pilot",5,1,NA,"lower_own_payoff","lower_own_payoff",NA
"pilot_244","pilot",5,1,NA,"lower_own_payoff","higher_own_payoff",NA
"pilot_245","pilot",5,1,NA,"higher_own_payoff","higher_own_payoff",NA
"pilot_246","pilot",5,1,NA,"higher_own_payoff","higher_own_payoff",NA
"pilot_247","pilot",5,1,NA,"higher_own_payoff","higher_own_payoff",NA
"pilot_248","pilot",5,1,NA,"higher_own_payoff","higher_own_payoff",NA
"pilot_249","pilot",5,1,NA,"lower_own_payoff","lower_own_payoff",NA
"pilot_250","pilot",5,1,NA,"lower_own_payoff","lower_own_payoff",NA
"pilot_251","pilot",5,1,NA,"higher_own_payoff","lower_own_payoff",NA
"pilot_252","pilot",5,1,NA,"higher_own_payoff","lower_own_payoff",NA
"pilot_253","pilot",5,1,NA,"higher_own_payoff","higher_own_payoff",NA
"pilot_254","pilot",5,1,NA,"higher_own_payoff","higher_own_payoff",NA
"pilot_255","pilot",5,1,NA,"higher_own_payoff","higher_own_payoff",NA
"pilot_256","pilot",5,1,NA,"lower_own_payoff","lower_own_payoff",NA
"pilot_257","pilot",5,1,NA,"higher_own_payoff","lower_own_payoff",NA
"pilot_258","pilot",5,1,NA,"higher_own_payoff","higher_own_payoff",NA
"pilot_259","pilot",5,1,NA,"higher_own_payoff","higher_own_payoff",NA
"pilot_260","pilot",5,1,NA,"higher_own_payoff","higher_own_payoff",NA
"pilot_261","pilot",5,1,NA,"higher_own_payoff","higher_own_payoff",NA
"pilot_262","pilot",5,1,NA,"higher_own_payoff","higher_own_payoff",NA
"pilot_263","pilot",5,1,NA,"higher_own_payoff","higher_own_payoff",NA
"pilot_264","pilot",5,1,NA,"higher_own_payoff","higher_own_payoff",NA
"pilot_265","pilot",5,1,NA,"lower_own_payoff","lower_own_payoff",NA
"pilot_266","pilot",5,1,NA,"higher_own_payoff","higher_own_payoff",NA
"pilot_267","pilot",5,1,NA,"lower_own_payoff","lower_own_payoff",NA
"pilot_268","pilot",5,1,NA,"higher_own_payoff","higher_own_payoff",NA
"pilot_269","pilot",5,1,NA,"lower_own_payoff","lower_own_payoff",NA
"pilot_270","pilot",5,1,NA,"higher_own_payoff","lower_own_payoff",NA
"pilot_271","pilot",5,1,NA,"higher_own_payoff","higher_own_payoff",NA
"pilot_272","pilot",5,1,NA,"lower_own_payoff","higher_own_payoff",NA
"pilot_273","pilot",5,1,NA,"lower_own_payoff","lower_own_payoff",NA
"pilot_274","pilot",5,1,NA,"higher_own_payoff","higher_own_payoff",NA
"pilot_275","pilot",5,1,NA,"higher_own_payoff","higher_own_payoff",NA
"pilot_276","pilot",5,1,NA,"lower_own_payoff","lower_own_payoff",NA
"pilot_277","pilot",5,1,NA,"lower_own_payoff","lower_own_payoff",NA
"pilot_278","pilot",5,1,NA,"lower_own_payoff","lower_own_payoff",NA
"pilot_279","pilot",5,1,NA,"lower_own_payoff","lower_own_payoff",NA
"pilot_280","pilot",5,1,NA,"lower_own_payoff","lower_own_payoff",NA
"pilot_281","pilot",5,1,NA,"higher_own_payoff","lower_own_payoff",NA
"pilot_282","pilot",5,1,NA,"lower_own_payoff","lower_own_payoff",NA
"pilot_283","pilot",5,1,NA,"higher_own_payoff","lower_own_payoff",NA
"pilot_284","pilot",5,1,NA,"higher_own_payoff","lower_own_payoff",NA
"pilot_285","pilot",5,1,NA,"higher_own_payoff","lower_own_payoff",NA
"pilot_286","pilot",5,1,NA,"lower_own_payoff","higher_own_payoff",NA
"pilot_287","pilot",5,1,NA,"lower_own_payoff","lower_own_payoff",NA
"pilot_288","pilot",5,1,NA,"lower_own_payoff","lower_own_payoff",NA
"pilot_289","pilot",5,1,NA,"lower_own_payoff","higher_own_payoff",NA
"pilot_290","pilot",5,1,NA,"higher_own_payoff","higher_own_payoff",NA
"pilot_291","pilot",5,1,NA,"higher_own_payoff","higher_own_payoff",NA
"pilot_292","pilot",5,1,NA,"higher_own_payoff","higher_own_payoff",NA
"pilot_293","pilot",5,1,NA,"lower_own_payoff","lower_own_payoff",NA
"pilot_294","pilot",5,1,NA,"lower_own_payoff","higher_own_payoff",NA
"pilot_295","pilot",5,1,NA,"lower_own_payoff","higher_own_payoff",NA
"pilot_296","pilot",5,1,NA,"higher_own_payoff","higher_own_payoff",NA
"pilot_297","pilot",5,1,NA,"lower_own_payoff","higher_own_payoff",NA
"pilot_298","pilot",5,1,NA,"lower_own_payoff","higher_own_payoff",NA
"pilot_299","pilot",5,1,NA,"lower_own_payoff","higher_own_payoff",NA
"pilot_300","pilot",5,1,NA,"lower_own_payoff","lower_own_payoff",NA
"pilot_301","pilot",5,1,NA,"lower_own_payoff","lower_own_payoff",NA
"pilot_302","pilot",5,1,NA,"higher_own_payoff","higher_own_payoff",NA
"pilot_303","pilot",5,1,NA,"lower_own_payoff","lower_own_payoff",NA
"pilot_304","pilot",5,1,NA,"higher_own_payoff","higher_own_payoff",NA
"pilot_305","pilot",5,1,NA,"higher_own_payoff","higher_own_payoff",NA
"pilot_306","pilot",5,1,NA,"higher_own_payoff","higher_own_payoff",NA
"pilot_1","pilot",6,1,NA,"lower_own_payoff","lower_own_payoff",NA
"pilot_2","pilot",6,1,NA,"lower_own_payoff","higher_own_payoff",NA
"pilot_3","pilot",6,1,NA,"lower_own_payoff","lower_own_payoff",NA
"pilot_4","pilot",6,1,NA,"higher_own_payoff","higher_own_payoff",NA
"pilot_5","pilot",6,1,NA,"lower_own_payoff","lower_own_payoff",NA
"pilot_6","pilot",6,1,NA,"higher_own_payoff","higher_own_payoff",NA
"pilot_7","pilot",6,1,NA,"higher_own_payoff","higher_own_payoff",NA
"pilot_8","pilot",6,1,NA,"lower_own_payoff","lower_own_payoff",NA
"pilot_9","pilot",6,1,NA,"lower_own_payoff","lower_own_payoff",NA
"pilot_10","pilot",6,1,NA,"higher_own_payoff","higher_own_payoff",NA
"pilot_11","pilot",6,1,NA,"lower_own_payoff","lower_own_payoff",NA
"pilot_12","pilot",6,1,NA,"higher_own_payoff","higher_own_payoff",NA
"pilot_13","pilot",6,1,NA,"lower_own_payoff","lower_own_payoff",NA
"pilot_14","pilot",6,1,NA,"lower_own_payoff","lower_own_payoff",NA
"pilot_15","pilot",6,1,NA,"lower_own_payoff","lower_own_payoff",NA
"pilot_16","pilot",6,1,NA,"lower_own_payoff","lower_own_payoff",NA
"pilot_17","pilot",6,1,NA,"lower_own_payoff","lower_own_payoff",NA
"pilot_18","pilot",6,1,NA,"lower_own_payoff","lower_own_payoff",NA
"pilot_19","pilot",6,1,NA,"higher_own_payoff","higher_own_payoff",NA
"pilot_20","pilot",6,1,NA,"higher_own_payoff","higher_own_payoff",NA
"pilot_21","pilot",6,1,NA,"lower_own_payoff","lower_own_payoff",NA
"pilot_22","pilot",6,1,NA,"higher_own_payoff","higher_own_payoff",NA
"pilot_23","pilot",6,1,NA,"higher_own_payoff","higher_own_payoff",NA
"pilot_24","pilot",6,1,NA,"lower_own_payoff","lower_own_payoff",NA
"pilot_25","pilot",6,1,NA,"lower_own_payoff","lower_own_payoff",NA
"pilot_26","pilot",6,1,NA,"higher_own_payoff","higher_own_payoff",NA
"pilot_27","pilot",6,1,NA,"higher_own_payoff","higher_own_payoff",NA
"pilot_28","pilot",6,1,NA,"higher_own_payoff","lower_own_payoff",NA
"pilot_29","pilot",6,1,NA,"higher_own_payoff","higher_own_payoff",NA
"pilot_30","pilot",6,1,NA,"higher_own_payoff","lower_own_payoff",NA
"pilot_31","pilot",6,1,NA,"lower_own_payoff","lower_own_payoff",NA
"pilot_32","pilot",6,1,NA,"lower_own_payoff","lower_own_payoff",NA
"pilot_33","pilot",6,1,NA,"higher_own_payoff","lower_own_payoff",NA
"pilot_34","pilot",6,1,NA,"lower_own_payoff","lower_own_payoff",NA
"pilot_35","pilot",6,1,NA,"lower_own_payoff","lower_own_payoff",NA
"pilot_36","pilot",6,1,NA,"lower_own_payoff","lower_own_payoff",NA
"pilot_37","pilot",6,1,NA,"lower_own_payoff","higher_own_payoff",NA
"pilot_38","pilot",6,1,NA,"lower_own_payoff","lower_own_payoff",NA
"pilot_39","pilot",6,1,NA,"higher_own_payoff","higher_own_payoff",NA
"pilot_40","pilot",6,1,NA,"higher_own_payoff","higher_own_payoff",NA
"pilot_41","pilot",6,1,NA,"higher_own_payoff","higher_own_payoff",NA
"pilot_42","pilot",6,1,NA,"higher_own_payoff","higher_own_payoff",NA
"pilot_43","pilot",6,1,NA,"lower_own_payoff","lower_own_payoff",NA
"pilot_44","pilot",6,1,NA,"higher_own_payoff","higher_own_payoff",NA
"pilot_45","pilot",6,1,NA,"lower_own_payoff","lower_own_payoff",NA
"pilot_46","pilot",6,1,NA,"higher_own_payoff","higher_own_payoff",NA
"pilot_47","pilot",6,1,NA,"higher_own_payoff","lower_own_payoff",NA
"pilot_48","pilot",6,1,NA,"lower_own_payoff","higher_own_payoff",NA
"pilot_49","pilot",6,1,NA,"higher_own_payoff","higher_own_payoff",NA
"pilot_50","pilot",6,1,NA,"higher_own_payoff","higher_own_payoff",NA
"pilot_51","pilot",6,1,NA,"higher_own_payoff","higher_own_payoff",NA
"pilot_52","pilot",6,1,NA,"lower_own_payoff","lower_own_payoff",NA
"pilot_53","pilot",6,1,NA,"higher_own_payoff","higher_own_payoff",NA
"pilot_54","pilot",6,1,NA,"higher_own_payoff","lower_own_payoff",NA
"pilot_55","pilot",6,1,NA,"higher_own_payoff","higher_own_payoff",NA
"pilot_56","pilot",6,1,NA,"lower_own_payoff","lower_own_payoff",NA
"pilot_57","pilot",6,1,NA,"lower_own_payoff","lower_own_payoff",NA
"pilot_58","pilot",6,1,NA,"lower_own_payoff","lower_own_payoff",NA
"pilot_59","pilot",6,1,NA,"lower_own_payoff","lower_own_payoff",NA
"pilot_60","pilot",6,1,NA,"lower_own_payoff","lower_own_payoff",NA
"pilot_61","pilot",6,1,NA,"higher_own_payoff","higher_own_payoff",NA
"pilot_62","pilot",6,1,NA,"higher_own_payoff","higher_own_payoff",NA
"pilot_63","pilot",6,1,NA,"lower_own_payoff","lower_own_payoff",NA
"pilot_64","pilot",6,1,NA,"higher_own_payoff","higher_own_payoff",NA
"pilot_65","pilot",6,1,NA,"lower_own_payoff","lower_own_payoff",NA
"pilot_66","pilot",6,1,NA,"lower_own_payoff","lower_own_payoff",NA
"pilot_67","pilot",6,1,NA,"lower_own_payoff","lower_own_payoff",NA
"pilot_68","pilot",6,1,NA,"higher_own_payoff","higher_own_payoff",NA
"pilot_69","pilot",6,1,NA,"lower_own_payoff","higher_own_payoff",NA
"pilot_70","pilot",6,1,NA,"higher_own_payoff","higher_own_payoff",NA
"pilot_71","pilot",6,1,NA,"lower_own_payoff","lower_own_payoff",NA
"pilot_72","pilot",6,1,NA,"higher_own_payoff","higher_own_payoff",NA
"pilot_73","pilot",6,1,NA,"lower_own_payoff","lower_own_payoff",NA
"pilot_74","pilot",6,1,NA,"higher_own_payoff","higher_own_payoff",NA
"pilot_75","pilot",6,1,NA,"higher_own_payoff","higher_own_payoff",NA
"pilot_76","pilot",6,1,NA,"higher_own_payoff","higher_own_payoff",NA
"pilot_77","pilot",6,1,NA,"higher_own_payoff","higher_own_payoff",NA
"pilot_78","pilot",6,1,NA,"lower_own_payoff","lower_own_payoff",NA
"pilot_79","pilot",6,1,NA,"higher_own_payoff","lower_own_payoff",NA
"pilot_80","pilot",6,1,NA,"higher_own_payoff","higher_own_payoff",NA
"pilot_81","pilot",6,1,NA,"lower_own_payoff","lower_own_payoff",NA
"pilot_82","pilot",6,1,NA,"lower_own_payoff","lower_own_payoff",NA
"pilot_83","pilot",6,1,NA,"higher_own_payoff","higher_own_payoff",NA
"pilot_84","pilot",6,1,NA,"lower_own_payoff","lower_own_payoff",NA
"pilot_85","pilot",6,1,NA,"higher_own_payoff","higher_own_payoff",NA
"pilot_86","pilot",6,1,NA,"lower_own_payoff","lower_own_payoff",NA
"pilot_87","pilot",6,1,NA,"lower_own_payoff","lower_own_payoff",NA
"pilot_88","pilot",6,1,NA,"lower_own_payoff","lower_own_payoff",NA
"pilot_89","pilot",6,1,NA,"higher_own_payoff","higher_own_payoff",NA
"pilot_90","pilot",6,1,NA,"higher_own_payoff","higher_own_payoff",NA
"pilot_91","pilot",6,1,NA,"higher_own_payoff","higher_own_payoff",NA
"pilot_92","pilot",6,1,NA,"lower_own_payoff","higher_own_payoff",NA
"pilot_93","pilot",6,1,NA,"lower_own_payoff","lower_own_payoff",NA
"pilot_94","pilot",6,1,NA,"lower_own_payoff","lower_own_payoff",NA
"pilot_95","pilot",6,1,NA,"higher_own_payoff","higher_own_payoff",NA
"pilot_96","pilot",6,1,NA,"higher_own_payoff","higher_own_payoff",NA
"pilot_97","pilot",6,1,NA,"lower_own_payoff","lower_own_payoff",NA
"pilot_98","pilot",6,1,NA,"lower_own_payoff","lower_own_payoff",NA
"pilot_99","pilot",6,1,NA,"lower_own_payoff","lower_own_payoff",NA
"pilot_100","pilot",6,1,NA,"higher_own_payoff","higher_own_payoff",NA
"pilot_101","pilot",6,1,NA,"higher_own_payoff","higher_own_payoff",NA
"pilot_102","pilot",6,1,NA,"higher_own_payoff","higher_own_payoff",NA
"pilot_103","pilot",6,1,NA,"higher_own_payoff","higher_own_payoff",NA
"pilot_104","pilot",6,1,NA,"lower_own_payoff","lower_own_payoff",NA
"pilot_105","pilot",6,1,NA,"lower_own_payoff","lower_own_payoff",NA
"pilot_106","pilot",6,1,NA,"higher_own_payoff","higher_own_payoff",NA
"pilot_107","pilot",6,1,NA,"higher_own_payoff","higher_own_payoff",NA
"pilot_108","pilot",6,1,NA,"higher_own_payoff","lower_own_payoff",NA
"pilot_109","pilot",6,1,NA,"higher_own_payoff","higher_own_payoff",NA
"pilot_110","pilot",6,1,NA,"lower_own_payoff","lower_own_payoff",NA
"pilot_111","pilot",6,1,NA,"lower_own_payoff","lower_own_payoff",NA
"pilot_112","pilot",6,1,NA,"lower_own_payoff","lower_own_payoff",NA
"pilot_113","pilot",6,1,NA,"higher_own_payoff","higher_own_payoff",NA
"pilot_114","pilot",6,1,NA,"higher_own_payoff","lower_own_payoff",NA
"pilot_115","pilot",6,1,NA,"higher_own_payoff","higher_own_payoff",NA
"pilot_116","pilot",6,1,NA,"higher_own_payoff","higher_own_payoff",NA
"pilot_117","pilot",6,1,NA,"higher_own_payoff","higher_own_payoff",NA
"pilot_118","pilot",6,1,NA,"lower_own_payoff","lower_own_payoff",NA
"pilot_119","pilot",6,1,NA,"higher_own_payoff","lower_own_payoff",NA
"pilot_120","pilot",6,1,NA,"lower_own_payoff","lower_own_payoff",NA
"pilot_121","pilot",6,1,NA,"higher_own_payoff","higher_own_payoff",NA
"pilot_122","pilot",6,1,NA,"higher_own_payoff","higher_own_payoff",NA
"pilot_123","pilot",6,1,NA,"higher_own_payoff","higher_own_payoff",NA
"pilot_124","pilot",6,1,NA,"lower_own_payoff","lower_own_payoff",NA
"pilot_125","pilot",6,1,NA,"lower_own_payoff","lower_own_payoff",NA
"pilot_126","pilot",6,1,NA,"lower_own_payoff","lower_own_payoff",NA
"pilot_127","pilot",6,1,NA,"lower_own_payoff","lower_own_payoff",NA
"pilot_128","pilot",6,1,NA,"lower_own_payoff","lower_own_payoff",NA
"pilot_129","pilot",6,1,NA,"higher_own_payoff","higher_own_payoff",NA
"pilot_130","pilot",6,1,NA,"lower_own_payoff","lower_own_payoff",NA
"pilot_131","pilot",6,1,NA,"lower_own_payoff","lower_own_payoff",NA
"pilot_132","pilot",6,1,NA,"lower_own_payoff","lower_own_payoff",NA
"pilot_133","pilot",6,1,NA,"lower_own_payoff","lower_own_payoff",NA
"pilot_134","pilot",6,1,NA,"lower_own_payoff","higher_own_payoff",NA
"pilot_135","pilot",6,1,NA,"lower_own_payoff","higher_own_payoff",NA
"pilot_136","pilot",6,1,NA,"lower_own_payoff","lower_own_payoff",NA
"pilot_137","pilot",6,1,NA,"lower_own_payoff","lower_own_payoff",NA
"pilot_138","pilot",6,1,NA,"higher_own_payoff","higher_own_payoff",NA
"pilot_139","pilot",6,1,NA,"lower_own_payoff","lower_own_payoff",NA
"pilot_140","pilot",6,1,NA,"lower_own_payoff","lower_own_payoff",NA
"pilot_141","pilot",6,1,NA,"higher_own_payoff","higher_own_payoff",NA
"pilot_142","pilot",6,1,NA,"lower_own_payoff","lower_own_payoff",NA
"pilot_143","pilot",6,1,NA,"higher_own_payoff","lower_own_payoff",NA
"pilot_144","pilot",6,1,NA,"higher_own_payoff","higher_own_payoff",NA
"pilot_145","pilot",6,1,NA,"lower_own_payoff","lower_own_payoff",NA
"pilot_146","pilot",6,1,NA,"higher_own_payoff","higher_own_payoff",NA
"pilot_147","pilot",6,1,NA,"lower_own_payoff","lower_own_payoff",NA
"pilot_148","pilot",6,1,NA,"lower_own_payoff","lower_own_payoff",NA
"pilot_149","pilot",6,1,NA,"higher_own_payoff","lower_own_payoff",NA
"pilot_150","pilot",6,1,NA,"lower_own_payoff","higher_own_payoff",NA
"pilot_151","pilot",6,1,NA,"lower_own_payoff","lower_own_payoff",NA
"pilot_152","pilot",6,1,NA,"lower_own_payoff","lower_own_payoff",NA
"pilot_153","pilot",6,1,NA,"higher_own_payoff","higher_own_payoff",NA
"pilot_154","pilot",6,1,NA,"higher_own_payoff","higher_own_payoff",NA
"pilot_155","pilot",6,1,NA,"lower_own_payoff","lower_own_payoff",NA
"pilot_156","pilot",6,1,NA,"higher_own_payoff","higher_own_payoff",NA
"pilot_157","pilot",6,1,NA,"lower_own_payoff","lower_own_payoff",NA
"pilot_158","pilot",6,1,NA,"higher_own_payoff","lower_own_payoff",NA
"pilot_159","pilot",6,1,NA,"higher_own_payoff","higher_own_payoff",NA
"pilot_160","pilot",6,1,NA,"lower_own_payoff","lower_own_payoff",NA
"pilot_161","pilot",6,1,NA,"higher_own_payoff","higher_own_payoff",NA
"pilot_162","pilot",6,1,NA,"lower_own_payoff","lower_own_payoff",NA
"pilot_163","pilot",6,1,NA,"higher_own_payoff","higher_own_payoff",NA
"pilot_164","pilot",6,1,NA,"lower_own_payoff","lower_own_payoff",NA
"pilot_165","pilot",6,1,NA,"lower_own_payoff","lower_own_payoff",NA
"pilot_166","pilot",6,1,NA,"higher_own_payoff","higher_own_payoff",NA
"pilot_167","pilot",6,1,NA,"higher_own_payoff","higher_own_payoff",NA
"pilot_168","pilot",6,1,NA,"higher_own_payoff","higher_own_payoff",NA
"pilot_169","pilot",6,1,NA,"lower_own_payoff","lower_own_payoff",NA
"pilot_170","pilot",6,1,NA,"higher_own_payoff","higher_own_payoff",NA
"pilot_171","pilot",6,1,NA,"lower_own_payoff","lower_own_payoff",NA
"pilot_172","pilot",6,1,NA,"lower_own_payoff","lower_own_payoff",NA
"pilot_173","pilot",6,1,NA,"higher_own_payoff","higher_own_payoff",NA
"pilot_174","pilot",6,1,NA,"higher_own_payoff","higher_own_payoff",NA
"pilot_175","pilot",6,1,NA,"lower_own_payoff","lower_own_payoff",NA
"pilot_176","pilot",6,1,NA,"lower_own_payoff","higher_own_payoff",NA
"pilot_177","pilot",6,1,NA,"higher_own_payoff","higher_own_payoff",NA
"pilot_178","pilot",6,1,NA,"higher_own_payoff","lower_own_payoff",NA
"pilot_179","pilot",6,1,NA,"higher_own_payoff","higher_own_payoff",NA
"pilot_180","pilot",6,1,NA,"lower_own_payoff","lower_own_payoff",NA
"pilot_181","pilot",6,1,NA,"higher_own_payoff","higher_own_payoff",NA
"pilot_182","pilot",6,1,NA,"higher_own_payoff","higher_own_payoff",NA
"pilot_183","pilot",6,1,NA,"higher_own_payoff","higher_own_payoff",NA
"pilot_184","pilot",6,1,NA,"higher_own_payoff","higher_own_payoff",NA
"pilot_185","pilot",6,1,NA,"lower_own_payoff","lower_own_payoff",NA
"pilot_186","pilot",6,1,NA,"lower_own_payoff","lower_own_payoff",NA
"pilot_187","pilot",6,1,NA,"lower_own_payoff","lower_own_payoff",NA
"pilot_188","pilot",6,1,NA,"higher_own_payoff","lower_own_payoff",NA
"pilot_189","pilot",6,1,NA,"higher_own_payoff","higher_own_payoff",NA
"pilot_190","pilot",6,1,NA,"lower_own_payoff","lower_own_payoff",NA
"pilot_191","pilot",6,1,NA,"higher_own_payoff","higher_own_payoff",NA
"pilot_192","pilot",6,1,NA,"lower_own_payoff","lower_own_payoff",NA
"pilot_193","pilot",6,1,NA,"lower_own_payoff","lower_own_payoff",NA
"pilot_194","pilot",6,1,NA,"lower_own_payoff","lower_own_payoff",NA
"pilot_195","pilot",6,1,NA,"lower_own_payoff","lower_own_payoff",NA
"pilot_196","pilot",6,1,NA,"lower_own_payoff","lower_own_payoff",NA
"pilot_197","pilot",6,1,NA,"lower_own_payoff","lower_own_payoff",NA
"pilot_198","pilot",6,1,NA,"higher_own_payoff","lower_own_payoff",NA
"pilot_199","pilot",6,1,NA,"lower_own_payoff","lower_own_payoff",NA
"pilot_200","pilot",6,1,NA,"lower_own_payoff","lower_own_payoff",NA
"pilot_201","pilot",6,1,NA,"higher_own_payoff","lower_own_payoff",NA
"pilot_202","pilot",6,1,NA,"higher_own_payoff","higher_own_payoff",NA
"pilot_203","pilot",6,1,NA,"higher_own_payoff","higher_own_payoff",NA
"pilot_204","pilot",6,1,NA,"higher_own_payoff","higher_own_payoff",NA
"pilot_205","pilot",6,1,NA,"higher_own_payoff","higher_own_payoff",NA
"pilot_206","pilot",6,1,NA,"lower_own_payoff","lower_own_payoff",NA
"pilot_207","pilot",6,1,NA,"higher_own_payoff","higher_own_payoff",NA
"pilot_208","pilot",6,1,NA,"higher_own_payoff","higher_own_payoff",NA
"pilot_209","pilot",6,1,NA,"lower_own_payoff","lower_own_payoff",NA
"pilot_210","pilot",6,1,NA,"higher_own_payoff","higher_own_payoff",NA
"pilot_211","pilot",6,1,NA,"higher_own_payoff","higher_own_payoff",NA
"pilot_212","pilot",6,1,NA,"higher_own_payoff","higher_own_payoff",NA
"pilot_213","pilot",6,1,NA,"lower_own_payoff","lower_own_payoff",NA
"pilot_214","pilot",6,1,NA,"lower_own_payoff","higher_own_payoff",NA
"pilot_215","pilot",6,1,NA,"lower_own_payoff","lower_own_payoff",NA
"pilot_216","pilot",6,1,NA,"higher_own_payoff","higher_own_payoff",NA
"pilot_217","pilot",6,1,NA,"higher_own_payoff","higher_own_payoff",NA
"pilot_218","pilot",6,1,NA,"lower_own_payoff","lower_own_payoff",NA
"pilot_219","pilot",6,1,NA,"higher_own_payoff","higher_own_payoff",NA
"pilot_220","pilot",6,1,NA,"higher_own_payoff","higher_own_payoff",NA
"pilot_221","pilot",6,1,NA,"lower_own_payoff","lower_own_payoff",NA
"pilot_222","pilot",6,1,NA,"higher_own_payoff","higher_own_payoff",NA
"pilot_223","pilot",6,1,NA,"higher_own_payoff","higher_own_payoff",NA
"pilot_224","pilot",6,1,NA,"higher_own_payoff","higher_own_payoff",NA
"pilot_225","pilot",6,1,NA,"lower_own_payoff","lower_own_payoff",NA
"pilot_226","pilot",6,1,NA,"lower_own_payoff","lower_own_payoff",NA
"pilot_227","pilot",6,1,NA,"higher_own_payoff","higher_own_payoff",NA
"pilot_228","pilot",6,1,NA,"higher_own_payoff","higher_own_payoff",NA
"pilot_229","pilot",6,1,NA,"higher_own_payoff","higher_own_payoff",NA
"pilot_230","pilot",6,1,NA,"higher_own_payoff","higher_own_payoff",NA
"pilot_231","pilot",6,1,NA,"higher_own_payoff","higher_own_payoff",NA
"pilot_232","pilot",6,1,NA,"lower_own_payoff","lower_own_payoff",NA
"pilot_233","pilot",6,1,NA,"higher_own_payoff","higher_own_payoff",NA
"pilot_234","pilot",6,1,NA,"higher_own_payoff","higher_own_payoff",NA
"pilot_235","pilot",6,1,NA,"higher_own_payoff","higher_own_payoff",NA
"pilot_236","pilot",6,1,NA,"higher_own_payoff","higher_own_payoff",NA
"pilot_237","pilot",6,1,NA,"lower_own_payoff","lower_own_payoff",NA
"pilot_238","pilot",6,1,NA,"lower_own_payoff","lower_own_payoff",NA
"pilot_239","pilot",6,1,NA,"higher_own_payoff","higher_own_payoff",NA
"pilot_240","pilot",6,1,NA,"higher_own_payoff","higher_own_payoff",NA
"pilot_241","pilot",6,1,NA,"higher_own_payoff","higher_own_payoff",NA
"pilot_242","pilot",6,1,NA,"higher_own_payoff","higher_own_payoff",NA
"pilot_243","pilot",6,1,NA,"lower_own_payoff","lower_own_payoff",NA
"pilot_244","pilot",6,1,NA,"higher_own_payoff","higher_own_payoff",NA
"pilot_245","pilot",6,1,NA,"higher_own_payoff","higher_own_payoff",NA
"pilot_246","pilot",6,1,NA,"lower_own_payoff","lower_own_payoff",NA
"pilot_247","pilot",6,1,NA,"higher_own_payoff","higher_own_payoff",NA
"pilot_248","pilot",6,1,NA,"lower_own_payoff","lower_own_payoff",NA
"pilot_249","pilot",6,1,NA,"higher_own_payoff","higher_own_payoff",NA
"pilot_250","pilot",6,1,NA,"lower_own_payoff","lower_own_payoff",NA
"pilot_251","pilot",6,1,NA,"higher_own_payoff","higher_own_payoff",NA
"pilot_252","pilot",6,1,NA,"higher_own_payoff","higher_own_payoff",NA
"pilot_253","pilot",6,1,NA,"higher_own_payoff","higher_own_payoff",NA
"pilot_254","pilot",6,1,NA,"lower_own_payoff","lower_own_payoff",NA
"pilot_255","pilot",6,1,NA,"lower_own_payoff","lower_own_payoff",NA
"pilot_256","pilot",6,1,NA,"lower_own_payoff","lower_own_payoff",NA
"pilot_257","pilot",6,1,NA,"higher_own_payoff","higher_own_payoff",NA
"pilot_258","pilot",6,1,NA,"higher_own_payoff","higher_own_payoff",NA
"pilot_259","pilot",6,1,NA,"higher_own_payoff","higher_own_payoff",NA
"pilot_260","pilot",6,1,NA,"lower_own_payoff","lower_own_payoff",NA
"pilot_261","pilot",6,1,NA,"higher_own_payoff","higher_own_payoff",NA
"pilot_262","pilot",6,1,NA,"higher_own_payoff","higher_own_payoff",NA
"pilot_263","pilot",6,1,NA,"higher_own_payoff","higher_own_payoff",NA
"pilot_264","pilot",6,1,NA,"higher_own_payoff","higher_own_payoff",NA
"pilot_265","pilot",6,1,NA,"lower_own_payoff","lower_own_payoff",NA
"pilot_266","pilot",6,1,NA,"higher_own_payoff","higher_own_payoff",NA
"pilot_267","pilot",6,1,NA,"lower_own_payoff","lower_own_payoff",NA
"pilot_268","pilot",6,1,NA,"higher_own_payoff","higher_own_payoff",NA
"pilot_269","pilot",6,1,NA,"lower_own_payoff","lower_own_payoff",NA
"pilot_270","pilot",6,1,NA,"higher_own_payoff","higher_own_payoff",NA
"pilot_271","pilot",6,1,NA,"higher_own_payoff","higher_own_payoff",NA
"pilot_272","pilot",6,1,NA,"lower_own_payoff","lower_own_payoff",NA
"pilot_273","pilot",6,1,NA,"lower_own_payoff","lower_own_payoff",NA
"pilot_274","pilot",6,1,NA,"higher_own_payoff","higher_own_payoff",NA
"pilot_275","pilot",6,1,NA,"higher_own_payoff","higher_own_payoff",NA
"pilot_276","pilot",6,1,NA,"lower_own_payoff","lower_own_payoff",NA
"pilot_277","pilot",6,1,NA,"lower_own_payoff","higher_own_payoff",NA
"pilot_278","pilot",6,1,NA,"lower_own_payoff","lower_own_payoff",NA
"pilot_279","pilot",6,1,NA,"lower_own_payoff","lower_own_payoff",NA
"pilot_280","pilot",6,1,NA,"lower_own_payoff","lower_own_payoff",NA
"pilot_281","pilot",6,1,NA,"lower_own_payoff","lower_own_payoff",NA
"pilot_282","pilot",6,1,NA,"higher_own_payoff","higher_own_payoff",NA
"pilot_283","pilot",6,1,NA,"lower_own_payoff","lower_own_payoff",NA
"pilot_284","pilot",6,1,NA,"higher_own_payoff","higher_own_payoff",NA
"pilot_285","pilot",6,1,NA,"lower_own_payoff","higher_own_payoff",NA
"pilot_286","pilot",6,1,NA,"lower_own_payoff","lower_own_payoff",NA
"pilot_287","pilot",6,1,NA,"lower_own_payoff","lower_own_payoff",NA
"pilot_288","pilot",6,1,NA,"higher_own_payoff","higher_own_payoff",NA
"pilot_289","pilot",6,1,NA,"higher_own_payoff","higher_own_payoff",NA
"pilot_290","pilot",6,1,NA,"higher_own_payoff","higher_own_payoff",NA
"pilot_291","pilot",6,1,NA,"higher_own_payoff","higher_own_payoff",NA
"pilot_292","pilot",6,1,NA,"lower_own_payoff","higher_own_payoff",NA
"pilot_293","pilot",6,1,NA,"higher_own_payoff","higher_own_payoff",NA
"pilot_294","pilot",6,1,NA,"higher_own_payoff","higher_own_payoff",NA
"pilot_295","pilot",6,1,NA,"lower_own_payoff","lower_own_payoff",NA
"pilot_296","pilot",6,1,NA,"lower_own_payoff","higher_own_payoff",NA
"pilot_297","pilot",6,1,NA,"higher_own_payoff","higher_own_payoff",NA
"pilot_298","pilot",6,1,NA,"lower_own_payoff","lower_own_payoff",NA
"pilot_299","pilot",6,1,NA,"higher_own_payoff","higher_own_payoff",NA
"pilot_300","pilot",6,1,NA,"lower_own_payoff","lower_own_payoff",NA
"pilot_301","pilot",6,1,NA,"lower_own_payoff","lower_own_payoff",NA
"pilot_302","pilot",6,1,NA,"higher_own_payoff","higher_own_payoff",NA
"pilot_303","pilot",6,1,NA,"lower_own_payoff","lower_own_payoff",NA
"pilot_304","pilot",6,1,NA,"lower_own_payoff","lower_own_payoff",NA
"pilot_305","pilot",6,1,NA,"higher_own_payoff","higher_own_payoff",NA
"pilot_306","pilot",6,1,NA,"higher_own_payoff","higher_own_payoff",NA
"pilot_1","pilot",7,1,NA,"lower_own_payoff","lower_own_payoff",NA
"pilot_2","pilot",7,1,NA,"lower_own_payoff","lower_own_payoff",NA
"pilot_3","pilot",7,1,NA,"lower_own_payoff","lower_own_payoff",NA
"pilot_4","pilot",7,1,NA,"higher_own_payoff","lower_own_payoff",NA
"pilot_5","pilot",7,1,NA,"lower_own_payoff","lower_own_payoff",NA
"pilot_6","pilot",7,1,NA,"lower_own_payoff","higher_own_payoff",NA
"pilot_7","pilot",7,1,NA,"higher_own_payoff","higher_own_payoff",NA
"pilot_8","pilot",7,1,NA,"lower_own_payoff","lower_own_payoff",NA
"pilot_9","pilot",7,1,NA,"higher_own_payoff","lower_own_payoff",NA
"pilot_10","pilot",7,1,NA,"higher_own_payoff","lower_own_payoff",NA
"pilot_11","pilot",7,1,NA,"lower_own_payoff","lower_own_payoff",NA
"pilot_12","pilot",7,1,NA,"higher_own_payoff","higher_own_payoff",NA
"pilot_13","pilot",7,1,NA,"lower_own_payoff","lower_own_payoff",NA
"pilot_14","pilot",7,1,NA,"lower_own_payoff","lower_own_payoff",NA
"pilot_15","pilot",7,1,NA,"lower_own_payoff","higher_own_payoff",NA
"pilot_16","pilot",7,1,NA,"lower_own_payoff","higher_own_payoff",NA
"pilot_17","pilot",7,1,NA,"higher_own_payoff","higher_own_payoff",NA
"pilot_18","pilot",7,1,NA,"lower_own_payoff","higher_own_payoff",NA
"pilot_19","pilot",7,1,NA,"higher_own_payoff","lower_own_payoff",NA
"pilot_20","pilot",7,1,NA,"higher_own_payoff","higher_own_payoff",NA
"pilot_21","pilot",7,1,NA,"lower_own_payoff","lower_own_payoff",NA
"pilot_22","pilot",7,1,NA,"higher_own_payoff","lower_own_payoff",NA
"pilot_23","pilot",7,1,NA,"higher_own_payoff","higher_own_payoff",NA
"pilot_24","pilot",7,1,NA,"lower_own_payoff","lower_own_payoff",NA
"pilot_25","pilot",7,1,NA,"lower_own_payoff","lower_own_payoff",NA
"pilot_26","pilot",7,1,NA,"lower_own_payoff","higher_own_payoff",NA
"pilot_27","pilot",7,1,NA,"higher_own_payoff","higher_own_payoff",NA
"pilot_28","pilot",7,1,NA,"lower_own_payoff","higher_own_payoff",NA
"pilot_29","pilot",7,1,NA,"lower_own_payoff","lower_own_payoff",NA
"pilot_30","pilot",7,1,NA,"higher_own_payoff","higher_own_payoff",NA
"pilot_31","pilot",7,1,NA,"lower_own_payoff","higher_own_payoff",NA
"pilot_32","pilot",7,1,NA,"higher_own_payoff","lower_own_payoff",NA
"pilot_33","pilot",7,1,NA,"lower_own_payoff","higher_own_payoff",NA
"pilot_34","pilot",7,1,NA,"lower_own_payoff","lower_own_payoff",NA
"pilot_35","pilot",7,1,NA,"lower_own_payoff","higher_own_payoff",NA
"pilot_36","pilot",7,1,NA,"higher_own_payoff","lower_own_payoff",NA
"pilot_37","pilot",7,1,NA,"lower_own_payoff","lower_own_payoff",NA
"pilot_38","pilot",7,1,NA,"higher_own_payoff","lower_own_payoff",NA
"pilot_39","pilot",7,1,NA,"lower_own_payoff","higher_own_payoff",NA
"pilot_40","pilot",7,1,NA,"higher_own_payoff","lower_own_payoff",NA
"pilot_41","pilot",7,1,NA,"higher_own_payoff","higher_own_payoff",NA
"pilot_42","pilot",7,1,NA,"higher_own_payoff","lower_own_payoff",NA
"pilot_43","pilot",7,1,NA,"lower_own_payoff","lower_own_payoff",NA
"pilot_44","pilot",7,1,NA,"higher_own_payoff","lower_own_payoff",NA
"pilot_45","pilot",7,1,NA,"lower_own_payoff","lower_own_payoff",NA
"pilot_46","pilot",7,1,NA,"lower_own_payoff","higher_own_payoff",NA
"pilot_47","pilot",7,1,NA,"higher_own_payoff","lower_own_payoff",NA
"pilot_48","pilot",7,1,NA,"lower_own_payoff","lower_own_payoff",NA
"pilot_49","pilot",7,1,NA,"lower_own_payoff","lower_own_payoff",NA
"pilot_50","pilot",7,1,NA,"lower_own_payoff","lower_own_payoff",NA
"pilot_51","pilot",7,1,NA,"higher_own_payoff","higher_own_payoff",NA
"pilot_52","pilot",7,1,NA,"lower_own_payoff","lower_own_payoff",NA
"pilot_53","pilot",7,1,NA,"lower_own_payoff","lower_own_payoff",NA
"pilot_54","pilot",7,1,NA,"higher_own_payoff","higher_own_payoff",NA
"pilot_55","pilot",7,1,NA,"higher_own_payoff","higher_own_payoff",NA
"pilot_56","pilot",7,1,NA,"lower_own_payoff","lower_own_payoff",NA
"pilot_57","pilot",7,1,NA,"higher_own_payoff","lower_own_payoff",NA
"pilot_58","pilot",7,1,NA,"higher_own_payoff","lower_own_payoff",NA
"pilot_59","pilot",7,1,NA,"lower_own_payoff","lower_own_payoff",NA
"pilot_60","pilot",7,1,NA,"lower_own_payoff","lower_own_payoff",NA
"pilot_61","pilot",7,1,NA,"higher_own_payoff","higher_own_payoff",NA
"pilot_62","pilot",7,1,NA,"lower_own_payoff","lower_own_payoff",NA
"pilot_63","pilot",7,1,NA,"lower_own_payoff","lower_own_payoff",NA
"pilot_64","pilot",7,1,NA,"higher_own_payoff","lower_own_payoff",NA
"pilot_65","pilot",7,1,NA,"higher_own_payoff","higher_own_payoff",NA
"pilot_66","pilot",7,1,NA,"lower_own_payoff","lower_own_payoff",NA
"pilot_67","pilot",7,1,NA,"higher_own_payoff","higher_own_payoff",NA
"pilot_68","pilot",7,1,NA,"lower_own_payoff","lower_own_payoff",NA
"pilot_69","pilot",7,1,NA,"higher_own_payoff","higher_own_payoff",NA
"pilot_70","pilot",7,1,NA,"lower_own_payoff","lower_own_payoff",NA
"pilot_71","pilot",7,1,NA,"lower_own_payoff","lower_own_payoff",NA
"pilot_72","pilot",7,1,NA,"lower_own_payoff","lower_own_payoff",NA
"pilot_73","pilot",7,1,NA,"lower_own_payoff","higher_own_payoff",NA
"pilot_74","pilot",7,1,NA,"lower_own_payoff","lower_own_payoff",NA
"pilot_75","pilot",7,1,NA,"higher_own_payoff","lower_own_payoff",NA
"pilot_76","pilot",7,1,NA,"higher_own_payoff","higher_own_payoff",NA
"pilot_77","pilot",7,1,NA,"higher_own_payoff","lower_own_payoff",NA
"pilot_78","pilot",7,1,NA,"higher_own_payoff","lower_own_payoff",NA
"pilot_79","pilot",7,1,NA,"lower_own_payoff","lower_own_payoff",NA
"pilot_80","pilot",7,1,NA,"higher_own_payoff","lower_own_payoff",NA
"pilot_81","pilot",7,1,NA,"lower_own_payoff","lower_own_payoff",NA
"pilot_82","pilot",7,1,NA,"higher_own_payoff","lower_own_payoff",NA
"pilot_83","pilot",7,1,NA,"lower_own_payoff","higher_own_payoff",NA
"pilot_84","pilot",7,1,NA,"lower_own_payoff","lower_own_payoff",NA
"pilot_85","pilot",7,1,NA,"lower_own_payoff","lower_own_payoff",NA
"pilot_86","pilot",7,1,NA,"lower_own_payoff","higher_own_payoff",NA
"pilot_87","pilot",7,1,NA,"lower_own_payoff","higher_own_payoff",NA
"pilot_88","pilot",7,1,NA,"higher_own_payoff","lower_own_payoff",NA
"pilot_89","pilot",7,1,NA,"higher_own_payoff","higher_own_payoff",NA
"pilot_90","pilot",7,1,NA,"higher_own_payoff","lower_own_payoff",NA
"pilot_91","pilot",7,1,NA,"higher_own_payoff","lower_own_payoff",NA
"pilot_92","pilot",7,1,NA,"lower_own_payoff","lower_own_payoff",NA
"pilot_93","pilot",7,1,NA,"higher_own_payoff","lower_own_payoff",NA
"pilot_94","pilot",7,1,NA,"lower_own_payoff","higher_own_payoff",NA
"pilot_95","pilot",7,1,NA,"lower_own_payoff","lower_own_payoff",NA
"pilot_96","pilot",7,1,NA,"lower_own_payoff","higher_own_payoff",NA
"pilot_97","pilot",7,1,NA,"lower_own_payoff","higher_own_payoff",NA
"pilot_98","pilot",7,1,NA,"lower_own_payoff","lower_own_payoff",NA
"pilot_99","pilot",7,1,NA,"lower_own_payoff","lower_own_payoff",NA
"pilot_100","pilot",7,1,NA,"lower_own_payoff","higher_own_payoff",NA
"pilot_101","pilot",7,1,NA,"higher_own_payoff","lower_own_payoff",NA
"pilot_102","pilot",7,1,NA,"higher_own_payoff","lower_own_payoff",NA
"pilot_103","pilot",7,1,NA,"lower_own_payoff","higher_own_payoff",NA
"pilot_104","pilot",7,1,NA,"lower_own_payoff","higher_own_payoff",NA
"pilot_105","pilot",7,1,NA,"lower_own_payoff","higher_own_payoff",NA
"pilot_106","pilot",7,1,NA,"lower_own_payoff","lower_own_payoff",NA
"pilot_107","pilot",7,1,NA,"lower_own_payoff","higher_own_payoff",NA
"pilot_108","pilot",7,1,NA,"lower_own_payoff","higher_own_payoff",NA
"pilot_109","pilot",7,1,NA,"higher_own_payoff","lower_own_payoff",NA
"pilot_110","pilot",7,1,NA,"lower_own_payoff","lower_own_payoff",NA
"pilot_111","pilot",7,1,NA,"higher_own_payoff","lower_own_payoff",NA
"pilot_112","pilot",7,1,NA,"higher_own_payoff","lower_own_payoff",NA
"pilot_113","pilot",7,1,NA,"higher_own_payoff","lower_own_payoff",NA
"pilot_114","pilot",7,1,NA,"lower_own_payoff","higher_own_payoff",NA
"pilot_115","pilot",7,1,NA,"higher_own_payoff","higher_own_payoff",NA
"pilot_116","pilot",7,1,NA,"lower_own_payoff","higher_own_payoff",NA
"pilot_117","pilot",7,1,NA,"lower_own_payoff","lower_own_payoff",NA
"pilot_118","pilot",7,1,NA,"lower_own_payoff","lower_own_payoff",NA
"pilot_119","pilot",7,1,NA,"lower_own_payoff","higher_own_payoff",NA
"pilot_120","pilot",7,1,NA,"lower_own_payoff","lower_own_payoff",NA
"pilot_121","pilot",7,1,NA,"lower_own_payoff","lower_own_payoff",NA
"pilot_122","pilot",7,1,NA,"higher_own_payoff","higher_own_payoff",NA
"pilot_123","pilot",7,1,NA,"lower_own_payoff","higher_own_payoff",NA
"pilot_124","pilot",7,1,NA,"lower_own_payoff","lower_own_payoff",NA
"pilot_125","pilot",7,1,NA,"lower_own_payoff","higher_own_payoff",NA
"pilot_126","pilot",7,1,NA,"lower_own_payoff","lower_own_payoff",NA
"pilot_127","pilot",7,1,NA,"lower_own_payoff","lower_own_payoff",NA
"pilot_128","pilot",7,1,NA,"higher_own_payoff","higher_own_payoff",NA
"pilot_129","pilot",7,1,NA,"lower_own_payoff","lower_own_payoff",NA
"pilot_130","pilot",7,1,NA,"lower_own_payoff","lower_own_payoff",NA
"pilot_131","pilot",7,1,NA,"higher_own_payoff","lower_own_payoff",NA
"pilot_132","pilot",7,1,NA,"lower_own_payoff","higher_own_payoff",NA
"pilot_133","pilot",7,1,NA,"higher_own_payoff","higher_own_payoff",NA
"pilot_134","pilot",7,1,NA,"higher_own_payoff","lower_own_payoff",NA
"pilot_135","pilot",7,1,NA,"higher_own_payoff","higher_own_payoff",NA
"pilot_136","pilot",7,1,NA,"lower_own_payoff","lower_own_payoff",NA
"pilot_137","pilot",7,1,NA,"lower_own_payoff","lower_own_payoff",NA
"pilot_138","pilot",7,1,NA,"higher_own_payoff","higher_own_payoff",NA
"pilot_139","pilot",7,1,NA,"lower_own_payoff","lower_own_payoff",NA
"pilot_140","pilot",7,1,NA,"lower_own_payoff","lower_own_payoff",NA
"pilot_141","pilot",7,1,NA,"lower_own_payoff","lower_own_payoff",NA
"pilot_142","pilot",7,1,NA,"lower_own_payoff","higher_own_payoff",NA
"pilot_143","pilot",7,1,NA,"higher_own_payoff","lower_own_payoff",NA
"pilot_144","pilot",7,1,NA,"higher_own_payoff","lower_own_payoff",NA
"pilot_145","pilot",7,1,NA,"lower_own_payoff","higher_own_payoff",NA
"pilot_146","pilot",7,1,NA,"higher_own_payoff","higher_own_payoff",NA
"pilot_147","pilot",7,1,NA,"higher_own_payoff","higher_own_payoff",NA
"pilot_148","pilot",7,1,NA,"lower_own_payoff","lower_own_payoff",NA
"pilot_149","pilot",7,1,NA,"higher_own_payoff","higher_own_payoff",NA
"pilot_150","pilot",7,1,NA,"higher_own_payoff","higher_own_payoff",NA
"pilot_151","pilot",7,1,NA,"lower_own_payoff","higher_own_payoff",NA
"pilot_152","pilot",7,1,NA,"lower_own_payoff","lower_own_payoff",NA
"pilot_153","pilot",7,1,NA,"lower_own_payoff","lower_own_payoff",NA
"pilot_154","pilot",7,1,NA,"higher_own_payoff","higher_own_payoff",NA
"pilot_155","pilot",7,1,NA,"lower_own_payoff","lower_own_payoff",NA
"pilot_156","pilot",7,1,NA,"lower_own_payoff","lower_own_payoff",NA
"pilot_157","pilot",7,1,NA,"lower_own_payoff","higher_own_payoff",NA
"pilot_158","pilot",7,1,NA,"higher_own_payoff","higher_own_payoff",NA
"pilot_159","pilot",7,1,NA,"higher_own_payoff","higher_own_payoff",NA
"pilot_160","pilot",7,1,NA,"lower_own_payoff","higher_own_payoff",NA
"pilot_161","pilot",7,1,NA,"lower_own_payoff","lower_own_payoff",NA
"pilot_162","pilot",7,1,NA,"lower_own_payoff","lower_own_payoff",NA
"pilot_163","pilot",7,1,NA,"higher_own_payoff","higher_own_payoff",NA
"pilot_164","pilot",7,1,NA,"lower_own_payoff","higher_own_payoff",NA
"pilot_165","pilot",7,1,NA,"lower_own_payoff","lower_own_payoff",NA
"pilot_166","pilot",7,1,NA,"higher_own_payoff","higher_own_payoff",NA
"pilot_167","pilot",7,1,NA,"higher_own_payoff","higher_own_payoff",NA
"pilot_168","pilot",7,1,NA,"higher_own_payoff","higher_own_payoff",NA
"pilot_169","pilot",7,1,NA,"lower_own_payoff","lower_own_payoff",NA
"pilot_170","pilot",7,1,NA,"higher_own_payoff","higher_own_payoff",NA
"pilot_171","pilot",7,1,NA,"lower_own_payoff","higher_own_payoff",NA
"pilot_172","pilot",7,1,NA,"lower_own_payoff","lower_own_payoff",NA
"pilot_173","pilot",7,1,NA,"higher_own_payoff","higher_own_payoff",NA
"pilot_174","pilot",7,1,NA,"lower_own_payoff","lower_own_payoff",NA
"pilot_175","pilot",7,1,NA,"lower_own_payoff","lower_own_payoff",NA
"pilot_176","pilot",7,1,NA,"lower_own_payoff","higher_own_payoff",NA
"pilot_177","pilot",7,1,NA,"higher_own_payoff","lower_own_payoff",NA
"pilot_178","pilot",7,1,NA,"lower_own_payoff","lower_own_payoff",NA
"pilot_179","pilot",7,1,NA,"higher_own_payoff","lower_own_payoff",NA
"pilot_180","pilot",7,1,NA,"lower_own_payoff","lower_own_payoff",NA
"pilot_181","pilot",7,1,NA,"higher_own_payoff","lower_own_payoff",NA
"pilot_182","pilot",7,1,NA,"higher_own_payoff","higher_own_payoff",NA
"pilot_183","pilot",7,1,NA,"lower_own_payoff","lower_own_payoff",NA
"pilot_184","pilot",7,1,NA,"lower_own_payoff","higher_own_payoff",NA
"pilot_185","pilot",7,1,NA,"lower_own_payoff","higher_own_payoff",NA
"pilot_186","pilot",7,1,NA,"lower_own_payoff","higher_own_payoff",NA
"pilot_187","pilot",7,1,NA,"lower_own_payoff","lower_own_payoff",NA
"pilot_188","pilot",7,1,NA,"lower_own_payoff","lower_own_payoff",NA
"pilot_189","pilot",7,1,NA,"higher_own_payoff","lower_own_payoff",NA
"pilot_190","pilot",7,1,NA,"higher_own_payoff","higher_own_payoff",NA
"pilot_191","pilot",7,1,NA,"higher_own_payoff","lower_own_payoff",NA
"pilot_192","pilot",7,1,NA,"higher_own_payoff","lower_own_payoff",NA
"pilot_193","pilot",7,1,NA,"higher_own_payoff","higher_own_payoff",NA
"pilot_194","pilot",7,1,NA,"lower_own_payoff","higher_own_payoff",NA
"pilot_195","pilot",7,1,NA,"lower_own_payoff","lower_own_payoff",NA
"pilot_196","pilot",7,1,NA,"higher_own_payoff","higher_own_payoff",NA
"pilot_197","pilot",7,1,NA,"lower_own_payoff","lower_own_payoff",NA
"pilot_198","pilot",7,1,NA,"higher_own_payoff","lower_own_payoff",NA
"pilot_199","pilot",7,1,NA,"lower_own_payoff","higher_own_payoff",NA
"pilot_200","pilot",7,1,NA,"lower_own_payoff","lower_own_payoff",NA
"pilot_201","pilot",7,1,NA,"higher_own_payoff","lower_own_payoff",NA
"pilot_202","pilot",7,1,NA,"lower_own_payoff","lower_own_payoff",NA
"pilot_203","pilot",7,1,NA,"lower_own_payoff","higher_own_payoff",NA
"pilot_204","pilot",7,1,NA,"higher_own_payoff","higher_own_payoff",NA
"pilot_205","pilot",7,1,NA,"lower_own_payoff","lower_own_payoff",NA
"pilot_206","pilot",7,1,NA,"higher_own_payoff","lower_own_payoff",NA
"pilot_207","pilot",7,1,NA,"lower_own_payoff","lower_own_payoff",NA
"pilot_208","pilot",7,1,NA,"higher_own_payoff","higher_own_payoff",NA
"pilot_209","pilot",7,1,NA,"lower_own_payoff","lower_own_payoff",NA
"pilot_210","pilot",7,1,NA,"lower_own_payoff","lower_own_payoff",NA
"pilot_211","pilot",7,1,NA,"higher_own_payoff","higher_own_payoff",NA
"pilot_212","pilot",7,1,NA,"higher_own_payoff","higher_own_payoff",NA
"pilot_213","pilot",7,1,NA,"higher_own_payoff","lower_own_payoff",NA
"pilot_214","pilot",7,1,NA,"lower_own_payoff","lower_own_payoff",NA
"pilot_215","pilot",7,1,NA,"lower_own_payoff","lower_own_payoff",NA
"pilot_216","pilot",7,1,NA,"lower_own_payoff","higher_own_payoff",NA
"pilot_217","pilot",7,1,NA,"higher_own_payoff","lower_own_payoff",NA
"pilot_218","pilot",7,1,NA,"lower_own_payoff","higher_own_payoff",NA
"pilot_219","pilot",7,1,NA,"higher_own_payoff","lower_own_payoff",NA
"pilot_220","pilot",7,1,NA,"higher_own_payoff","lower_own_payoff",NA
"pilot_221","pilot",7,1,NA,"lower_own_payoff","lower_own_payoff",NA
"pilot_222","pilot",7,1,NA,"higher_own_payoff","higher_own_payoff",NA
"pilot_223","pilot",7,1,NA,"higher_own_payoff","lower_own_payoff",NA
"pilot_224","pilot",7,1,NA,"higher_own_payoff","higher_own_payoff",NA
"pilot_225","pilot",7,1,NA,"higher_own_payoff","lower_own_payoff",NA
"pilot_226","pilot",7,1,NA,"lower_own_payoff","higher_own_payoff",NA
"pilot_227","pilot",7,1,NA,"higher_own_payoff","higher_own_payoff",NA
"pilot_228","pilot",7,1,NA,"lower_own_payoff","lower_own_payoff",NA
"pilot_229","pilot",7,1,NA,"higher_own_payoff","higher_own_payoff",NA
"pilot_230","pilot",7,1,NA,"higher_own_payoff","higher_own_payoff",NA
"pilot_231","pilot",7,1,NA,"higher_own_payoff","higher_own_payoff",NA
"pilot_232","pilot",7,1,NA,"lower_own_payoff","higher_own_payoff",NA
"pilot_233","pilot",7,1,NA,"lower_own_payoff","higher_own_payoff",NA
"pilot_234","pilot",7,1,NA,"higher_own_payoff","higher_own_payoff",NA
"pilot_235","pilot",7,1,NA,"higher_own_payoff","higher_own_payoff",NA
"pilot_236","pilot",7,1,NA,"higher_own_payoff","higher_own_payoff",NA
"pilot_237","pilot",7,1,NA,"lower_own_payoff","higher_own_payoff",NA
"pilot_238","pilot",7,1,NA,"higher_own_payoff","higher_own_payoff",NA
"pilot_239","pilot",7,1,NA,"higher_own_payoff","lower_own_payoff",NA
"pilot_240","pilot",7,1,NA,"lower_own_payoff","lower_own_payoff",NA
"pilot_241","pilot",7,1,NA,"higher_own_payoff","lower_own_payoff",NA
"pilot_242","pilot",7,1,NA,"higher_own_payoff","higher_own_payoff",NA
"pilot_243","pilot",7,1,NA,"lower_own_payoff","lower_own_payoff",NA
"pilot_244","pilot",7,1,NA,"lower_own_payoff","higher_own_payoff",NA
"pilot_245","pilot",7,1,NA,"higher_own_payoff","higher_own_payoff",NA
"pilot_246","pilot",7,1,NA,"higher_own_payoff","higher_own_payoff",NA
"pilot_247","pilot",7,1,NA,"higher_own_payoff","higher_own_payoff",NA
"pilot_248","pilot",7,1,NA,"higher_own_payoff","lower_own_payoff",NA
"pilot_249","pilot",7,1,NA,"lower_own_payoff","higher_own_payoff",NA
"pilot_250","pilot",7,1,NA,"lower_own_payoff","lower_own_payoff",NA
"pilot_251","pilot",7,1,NA,"higher_own_payoff","higher_own_payoff",NA
"pilot_252","pilot",7,1,NA,"higher_own_payoff","higher_own_payoff",NA
"pilot_253","pilot",7,1,NA,"higher_own_payoff","lower_own_payoff",NA
"pilot_254","pilot",7,1,NA,"higher_own_payoff","higher_own_payoff",NA
"pilot_255","pilot",7,1,NA,"lower_own_payoff","higher_own_payoff",NA
"pilot_256","pilot",7,1,NA,"lower_own_payoff","lower_own_payoff",NA
"pilot_257","pilot",7,1,NA,"higher_own_payoff","lower_own_payoff",NA
"pilot_258","pilot",7,1,NA,"higher_own_payoff","higher_own_payoff",NA
"pilot_259","pilot",7,1,NA,"higher_own_payoff","higher_own_payoff",NA
"pilot_260","pilot",7,1,NA,"lower_own_payoff","lower_own_payoff",NA
"pilot_261","pilot",7,1,NA,"higher_own_payoff","lower_own_payoff",NA
"pilot_262","pilot",7,1,NA,"higher_own_payoff","lower_own_payoff",NA
"pilot_263","pilot",7,1,NA,"higher_own_payoff","higher_own_payoff",NA
"pilot_264","pilot",7,1,NA,"higher_own_payoff","higher_own_payoff",NA
"pilot_265","pilot",7,1,NA,"lower_own_payoff","lower_own_payoff",NA
"pilot_266","pilot",7,1,NA,"higher_own_payoff","lower_own_payoff",NA
"pilot_267","pilot",7,1,NA,"lower_own_payoff","lower_own_payoff",NA
"pilot_268","pilot",7,1,NA,"lower_own_payoff","lower_own_payoff",NA
"pilot_269","pilot",7,1,NA,"lower_own_payoff","lower_own_payoff",NA
"pilot_270","pilot",7,1,NA,"higher_own_payoff","lower_own_payoff",NA
"pilot_271","pilot",7,1,NA,"higher_own_payoff","lower_own_payoff",NA
"pilot_272","pilot",7,1,NA,"higher_own_payoff","higher_own_payoff",NA
"pilot_273","pilot",7,1,NA,"lower_own_payoff","lower_own_payoff",NA
"pilot_274","pilot",7,1,NA,"lower_own_payoff","lower_own_payoff",NA
"pilot_275","pilot",7,1,NA,"lower_own_payoff","lower_own_payoff",NA
"pilot_276","pilot",7,1,NA,"lower_own_payoff","lower_own_payoff",NA
"pilot_277","pilot",7,1,NA,"lower_own_payoff","lower_own_payoff",NA
"pilot_278","pilot",7,1,NA,"lower_own_payoff","lower_own_payoff",NA
"pilot_279","pilot",7,1,NA,"lower_own_payoff","lower_own_payoff",NA
"pilot_280","pilot",7,1,NA,"lower_own_payoff","lower_own_payoff",NA
"pilot_281","pilot",7,1,NA,"lower_own_payoff","lower_own_payoff",NA
"pilot_282","pilot",7,1,NA,"lower_own_payoff","lower_own_payoff",NA
"pilot_283","pilot",7,1,NA,"lower_own_payoff","higher_own_payoff",NA
"pilot_284","pilot",7,1,NA,"higher_own_payoff","lower_own_payoff",NA
"pilot_285","pilot",7,1,NA,"lower_own_payoff","higher_own_payoff",NA
"pilot_286","pilot",7,1,NA,"lower_own_payoff","lower_own_payoff",NA
"pilot_287","pilot",7,1,NA,"lower_own_payoff","lower_own_payoff",NA
"pilot_288","pilot",7,1,NA,"higher_own_payoff","lower_own_payoff",NA
"pilot_289","pilot",7,1,NA,"lower_own_payoff","higher_own_payoff",NA
"pilot_290","pilot",7,1,NA,"higher_own_payoff","higher_own_payoff",NA
"pilot_291","pilot",7,1,NA,"higher_own_payoff","higher_own_payoff",NA
"pilot_292","pilot",7,1,NA,"higher_own_payoff","lower_own_payoff",NA
"pilot_293","pilot",7,1,NA,"lower_own_payoff","lower_own_payoff",NA
"pilot_294","pilot",7,1,NA,"lower_own_payoff","higher_own_payoff",NA
"pilot_295","pilot",7,1,NA,"lower_own_payoff","higher_own_payoff",NA
"pilot_296","pilot",7,1,NA,"higher_own_payoff","higher_own_payoff",NA
"pilot_297","pilot",7,1,NA,"lower_own_payoff","higher_own_payoff",NA
"pilot_298","pilot",7,1,NA,"higher_own_payoff","lower_own_payoff",NA
"pilot_299","pilot",7,1,NA,"lower_own_payoff","lower_own_payoff",NA
"pilot_300","pilot",7,1,NA,"lower_own_payoff","lower_own_payoff",NA
"pilot_301","pilot",7,1,NA,"lower_own_payoff","lower_own_payoff",NA
"pilot_302","pilot",7,1,NA,"lower_own_payoff","higher_own_payoff",NA
"pilot_303","pilot",7,1,NA,"lower_own_payoff","lower_own_payoff",NA
"pilot_304","pilot",7,1,NA,"higher_own_payoff","higher_own_payoff",NA
"pilot_305","pilot",7,1,NA,"lower_own_payoff","lower_own_payoff",NA
"pilot_306","pilot",7,1,NA,"higher_own_payoff","higher_own_payoff",NA
"pilot_1","pilot",8,1,NA,"lower_own_payoff","lower_own_payoff",NA
"pilot_2","pilot",8,1,NA,"higher_own_payoff","lower_own_payoff",NA
"pilot_3","pilot",8,1,NA,"lower_own_payoff","lower_own_payoff",NA
"pilot_4","pilot",8,1,NA,"higher_own_payoff","higher_own_payoff",NA
"pilot_5","pilot",8,1,NA,"lower_own_payoff","lower_own_payoff",NA
"pilot_6","pilot",8,1,NA,"higher_own_payoff","lower_own_payoff",NA
"pilot_7","pilot",8,1,NA,"lower_own_payoff","lower_own_payoff",NA
"pilot_8","pilot",8,1,NA,"lower_own_payoff","lower_own_payoff",NA
"pilot_9","pilot",8,1,NA,"higher_own_payoff","lower_own_payoff",NA
"pilot_10","pilot",8,1,NA,"lower_own_payoff","higher_own_payoff",NA
"pilot_11","pilot",8,1,NA,"lower_own_payoff","lower_own_payoff",NA
"pilot_12","pilot",8,1,NA,"higher_own_payoff","higher_own_payoff",NA
"pilot_13","pilot",8,1,NA,"lower_own_payoff","lower_own_payoff",NA
"pilot_14","pilot",8,1,NA,"lower_own_payoff","lower_own_payoff",NA
"pilot_15","pilot",8,1,NA,"lower_own_payoff","higher_own_payoff",NA
"pilot_16","pilot",8,1,NA,"lower_own_payoff","higher_own_payoff",NA
"pilot_17","pilot",8,1,NA,"higher_own_payoff","higher_own_payoff",NA
"pilot_18","pilot",8,1,NA,"lower_own_payoff","lower_own_payoff",NA
"pilot_19","pilot",8,1,NA,"lower_own_payoff","higher_own_payoff",NA
"pilot_20","pilot",8,1,NA,"higher_own_payoff","higher_own_payoff",NA
"pilot_21","pilot",8,1,NA,"lower_own_payoff","higher_own_payoff",NA
"pilot_22","pilot",8,1,NA,"lower_own_payoff","higher_own_payoff",NA
"pilot_23","pilot",8,1,NA,"higher_own_payoff","higher_own_payoff",NA
"pilot_24","pilot",8,1,NA,"lower_own_payoff","lower_own_payoff",NA
"pilot_25","pilot",8,1,NA,"lower_own_payoff","lower_own_payoff",NA
"pilot_26","pilot",8,1,NA,"higher_own_payoff","lower_own_payoff",NA
"pilot_27","pilot",8,1,NA,"higher_own_payoff","higher_own_payoff",NA
"pilot_28","pilot",8,1,NA,"lower_own_payoff","higher_own_payoff",NA
"pilot_29","pilot",8,1,NA,"lower_own_payoff","lower_own_payoff",NA
"pilot_30","pilot",8,1,NA,"lower_own_payoff","lower_own_payoff",NA
"pilot_31","pilot",8,1,NA,"lower_own_payoff","higher_own_payoff",NA
"pilot_32","pilot",8,1,NA,"higher_own_payoff","higher_own_payoff",NA
"pilot_33","pilot",8,1,NA,"higher_own_payoff","higher_own_payoff",NA
"pilot_34","pilot",8,1,NA,"lower_own_payoff","lower_own_payoff",NA
"pilot_35","pilot",8,1,NA,"lower_own_payoff","lower_own_payoff",NA
"pilot_36","pilot",8,1,NA,"lower_own_payoff","higher_own_payoff",NA
"pilot_37","pilot",8,1,NA,"lower_own_payoff","lower_own_payoff",NA
"pilot_38","pilot",8,1,NA,"lower_own_payoff","lower_own_payoff",NA
"pilot_39","pilot",8,1,NA,"higher_own_payoff","higher_own_payoff",NA
"pilot_40","pilot",8,1,NA,"higher_own_payoff","lower_own_payoff",NA
"pilot_41","pilot",8,1,NA,"higher_own_payoff","higher_own_payoff",NA
"pilot_42","pilot",8,1,NA,"lower_own_payoff","higher_own_payoff",NA
"pilot_43","pilot",8,1,NA,"lower_own_payoff","lower_own_payoff",NA
"pilot_44","pilot",8,1,NA,"lower_own_payoff","lower_own_payoff",NA
"pilot_45","pilot",8,1,NA,"lower_own_payoff","lower_own_payoff",NA
"pilot_46","pilot",8,1,NA,"higher_own_payoff","lower_own_payoff",NA
"pilot_47","pilot",8,1,NA,"higher_own_payoff","lower_own_payoff",NA
"pilot_48","pilot",8,1,NA,"lower_own_payoff","lower_own_payoff",NA
"pilot_49","pilot",8,1,NA,"higher_own_payoff","higher_own_payoff",NA
"pilot_50","pilot",8,1,NA,"lower_own_payoff","lower_own_payoff",NA
"pilot_51","pilot",8,1,NA,"higher_own_payoff","higher_own_payoff",NA
"pilot_52","pilot",8,1,NA,"higher_own_payoff","lower_own_payoff",NA
"pilot_53","pilot",8,1,NA,"lower_own_payoff","lower_own_payoff",NA
"pilot_54","pilot",8,1,NA,"lower_own_payoff","lower_own_payoff",NA
"pilot_55","pilot",8,1,NA,"lower_own_payoff","higher_own_payoff",NA
"pilot_56","pilot",8,1,NA,"lower_own_payoff","lower_own_payoff",NA
"pilot_57","pilot",8,1,NA,"lower_own_payoff","lower_own_payoff",NA
"pilot_58","pilot",8,1,NA,"lower_own_payoff","higher_own_payoff",NA
"pilot_59","pilot",8,1,NA,"lower_own_payoff","lower_own_payoff",NA
"pilot_60","pilot",8,1,NA,"lower_own_payoff","higher_own_payoff",NA
"pilot_61","pilot",8,1,NA,"higher_own_payoff","higher_own_payoff",NA
"pilot_62","pilot",8,1,NA,"higher_own_payoff","higher_own_payoff",NA
"pilot_63","pilot",8,1,NA,"lower_own_payoff","lower_own_payoff",NA
"pilot_64","pilot",8,1,NA,"higher_own_payoff","lower_own_payoff",NA
"pilot_65","pilot",8,1,NA,"lower_own_payoff","lower_own_payoff",NA
"pilot_66","pilot",8,1,NA,"lower_own_payoff","lower_own_payoff",NA
"pilot_67","pilot",8,1,NA,"higher_own_payoff","higher_own_payoff",NA
"pilot_68","pilot",8,1,NA,"higher_own_payoff","higher_own_payoff",NA
"pilot_69","pilot",8,1,NA,"lower_own_payoff","lower_own_payoff",NA
"pilot_70","pilot",8,1,NA,"higher_own_payoff","lower_own_payoff",NA
"pilot_71","pilot",8,1,NA,"lower_own_payoff","lower_own_payoff",NA
"pilot_72","pilot",8,1,NA,"lower_own_payoff","lower_own_payoff",NA
"pilot_73","pilot",8,1,NA,"lower_own_payoff","higher_own_payoff",NA
"pilot_74","pilot",8,1,NA,"higher_own_payoff","lower_own_payoff",NA
"pilot_75","pilot",8,1,NA,"lower_own_payoff","lower_own_payoff",NA
"pilot_76","pilot",8,1,NA,"higher_own_payoff","higher_own_payoff",NA
"pilot_77","pilot",8,1,NA,"higher_own_payoff","higher_own_payoff",NA
"pilot_78","pilot",8,1,NA,"lower_own_payoff","lower_own_payoff",NA
"pilot_79","pilot",8,1,NA,"lower_own_payoff","lower_own_payoff",NA
"pilot_80","pilot",8,1,NA,"higher_own_payoff","lower_own_payoff",NA
"pilot_81","pilot",8,1,NA,"lower_own_payoff","lower_own_payoff",NA
"pilot_82","pilot",8,1,NA,"lower_own_payoff","higher_own_payoff",NA
"pilot_83","pilot",8,1,NA,"lower_own_payoff","higher_own_payoff",NA
"pilot_84","pilot",8,1,NA,"lower_own_payoff","lower_own_payoff",NA
"pilot_85","pilot",8,1,NA,"lower_own_payoff","lower_own_payoff",NA
"pilot_86","pilot",8,1,NA,"lower_own_payoff","higher_own_payoff",NA
"pilot_87","pilot",8,1,NA,"lower_own_payoff","lower_own_payoff",NA
"pilot_88","pilot",8,1,NA,"higher_own_payoff","lower_own_payoff",NA
"pilot_89","pilot",8,1,NA,"higher_own_payoff","higher_own_payoff",NA
"pilot_90","pilot",8,1,NA,"lower_own_payoff","lower_own_payoff",NA
"pilot_91","pilot",8,1,NA,"higher_own_payoff","lower_own_payoff",NA
"pilot_92","pilot",8,1,NA,"higher_own_payoff","higher_own_payoff",NA
"pilot_93","pilot",8,1,NA,"lower_own_payoff","higher_own_payoff",NA
"pilot_94","pilot",8,1,NA,"lower_own_payoff","higher_own_payoff",NA
"pilot_95","pilot",8,1,NA,"higher_own_payoff","lower_own_payoff",NA
"pilot_96","pilot",8,1,NA,"lower_own_payoff","higher_own_payoff",NA
"pilot_97","pilot",8,1,NA,"higher_own_payoff","lower_own_payoff",NA
"pilot_98","pilot",8,1,NA,"lower_own_payoff","lower_own_payoff",NA
"pilot_99","pilot",8,1,NA,"lower_own_payoff","lower_own_payoff",NA
"pilot_100","pilot",8,1,NA,"higher_own_payoff","lower_own_payoff",NA
"pilot_101","pilot",8,1,NA,"lower_own_payoff","higher_own_payoff",NA
"pilot_102","pilot",8,1,NA,"higher_own_payoff","higher_own_payoff",NA
"pilot_103","pilot",8,1,NA,"higher_own_payoff","higher_own_payoff",NA
"pilot_104","pilot",8,1,NA,"higher_own_payoff","higher_own_payoff",NA
"pilot_105","pilot",8,1,NA,"lower_own_payoff","lower_own_payoff",NA
"pilot_106","pilot",8,1,NA,"lower_own_payoff","lower_own_payoff",NA
"pilot_107","pilot",8,1,NA,"higher_own_payoff","higher_own_payoff",NA
"pilot_108","pilot",8,1,NA,"lower_own_payoff","lower_own_payoff",NA
"pilot_109","pilot",8,1,NA,"higher_own_payoff","lower_own_payoff",NA
"pilot_110","pilot",8,1,NA,"lower_own_payoff","lower_own_payoff",NA
"pilot_111","pilot",8,1,NA,"lower_own_payoff","lower_own_payoff",NA
"pilot_112","pilot",8,1,NA,"higher_own_payoff","lower_own_payoff",NA
"pilot_113","pilot",8,1,NA,"higher_own_payoff","lower_own_payoff",NA
"pilot_114","pilot",8,1,NA,"lower_own_payoff","higher_own_payoff",NA
"pilot_115","pilot",8,1,NA,"higher_own_payoff","higher_own_payoff",NA
"pilot_116","pilot",8,1,NA,"higher_own_payoff","higher_own_payoff",NA
"pilot_117","pilot",8,1,NA,"lower_own_payoff","lower_own_payoff",NA
"pilot_118","pilot",8,1,NA,"lower_own_payoff","lower_own_payoff",NA
"pilot_119","pilot",8,1,NA,"higher_own_payoff","lower_own_payoff",NA
"pilot_120","pilot",8,1,NA,"lower_own_payoff","lower_own_payoff",NA
"pilot_121","pilot",8,1,NA,"lower_own_payoff","lower_own_payoff",NA
"pilot_122","pilot",8,1,NA,"higher_own_payoff","higher_own_payoff",NA
"pilot_123","pilot",8,1,NA,"lower_own_payoff","lower_own_payoff",NA
"pilot_124","pilot",8,1,NA,"higher_own_payoff","higher_own_payoff",NA
"pilot_125","pilot",8,1,NA,"lower_own_payoff","higher_own_payoff",NA
"pilot_126","pilot",8,1,NA,"lower_own_payoff","lower_own_payoff",NA
"pilot_127","pilot",8,1,NA,"lower_own_payoff","higher_own_payoff",NA
"pilot_128","pilot",8,1,NA,"higher_own_payoff","higher_own_payoff",NA
"pilot_129","pilot",8,1,NA,"higher_own_payoff","higher_own_payoff",NA
"pilot_130","pilot",8,1,NA,"lower_own_payoff","lower_own_payoff",NA
"pilot_131","pilot",8,1,NA,"higher_own_payoff","higher_own_payoff",NA
"pilot_132","pilot",8,1,NA,"higher_own_payoff","lower_own_payoff",NA
"pilot_133","pilot",8,1,NA,"higher_own_payoff","higher_own_payoff",NA
"pilot_134","pilot",8,1,NA,"higher_own_payoff","lower_own_payoff",NA
"pilot_135","pilot",8,1,NA,"lower_own_payoff","higher_own_payoff",NA
"pilot_136","pilot",8,1,NA,"lower_own_payoff","lower_own_payoff",NA
"pilot_137","pilot",8,1,NA,"higher_own_payoff","lower_own_payoff",NA
"pilot_138","pilot",8,1,NA,"higher_own_payoff","higher_own_payoff",NA
"pilot_139","pilot",8,1,NA,"lower_own_payoff","lower_own_payoff",NA
"pilot_140","pilot",8,1,NA,"lower_own_payoff","lower_own_payoff",NA
"pilot_141","pilot",8,1,NA,"lower_own_payoff","lower_own_payoff",NA
"pilot_142","pilot",8,1,NA,"lower_own_payoff","higher_own_payoff",NA
"pilot_143","pilot",8,1,NA,"higher_own_payoff","lower_own_payoff",NA
"pilot_144","pilot",8,1,NA,"higher_own_payoff","lower_own_payoff",NA
"pilot_145","pilot",8,1,NA,"higher_own_payoff","lower_own_payoff",NA
"pilot_146","pilot",8,1,NA,"lower_own_payoff","lower_own_payoff",NA
"pilot_147","pilot",8,1,NA,"lower_own_payoff","higher_own_payoff",NA
"pilot_148","pilot",8,1,NA,"lower_own_payoff","lower_own_payoff",NA
"pilot_149","pilot",8,1,NA,"higher_own_payoff","higher_own_payoff",NA
"pilot_150","pilot",8,1,NA,"lower_own_payoff","lower_own_payoff",NA
"pilot_151","pilot",8,1,NA,"lower_own_payoff","lower_own_payoff",NA
"pilot_152","pilot",8,1,NA,"lower_own_payoff","higher_own_payoff",NA
"pilot_153","pilot",8,1,NA,"lower_own_payoff","lower_own_payoff",NA
"pilot_154","pilot",8,1,NA,"higher_own_payoff","higher_own_payoff",NA
"pilot_155","pilot",8,1,NA,"lower_own_payoff","lower_own_payoff",NA
"pilot_156","pilot",8,1,NA,"lower_own_payoff","lower_own_payoff",NA
"pilot_157","pilot",8,1,NA,"lower_own_payoff","higher_own_payoff",NA
"pilot_158","pilot",8,1,NA,"lower_own_payoff","lower_own_payoff",NA
"pilot_159","pilot",8,1,NA,"higher_own_payoff","higher_own_payoff",NA
"pilot_160","pilot",8,1,NA,"lower_own_payoff","higher_own_payoff",NA
"pilot_161","pilot",8,1,NA,"lower_own_payoff","lower_own_payoff",NA
"pilot_162","pilot",8,1,NA,"lower_own_payoff","lower_own_payoff",NA
"pilot_163","pilot",8,1,NA,"higher_own_payoff","higher_own_payoff",NA
"pilot_164","pilot",8,1,NA,"lower_own_payoff","lower_own_payoff",NA
"pilot_165","pilot",8,1,NA,"lower_own_payoff","lower_own_payoff",NA
"pilot_166","pilot",8,1,NA,"higher_own_payoff","higher_own_payoff",NA
"pilot_167","pilot",8,1,NA,"higher_own_payoff","higher_own_payoff",NA
"pilot_168","pilot",8,1,NA,"higher_own_payoff","higher_own_payoff",NA
"pilot_169","pilot",8,1,NA,"lower_own_payoff","lower_own_payoff",NA
"pilot_170","pilot",8,1,NA,"higher_own_payoff","higher_own_payoff",NA
"pilot_171","pilot",8,1,NA,"higher_own_payoff","lower_own_payoff",NA
"pilot_172","pilot",8,1,NA,"higher_own_payoff","lower_own_payoff",NA
"pilot_173","pilot",8,1,NA,"higher_own_payoff","higher_own_payoff",NA
"pilot_174","pilot",8,1,NA,"lower_own_payoff","lower_own_payoff",NA
"pilot_175","pilot",8,1,NA,"lower_own_payoff","lower_own_payoff",NA
"pilot_176","pilot",8,1,NA,"lower_own_payoff","lower_own_payoff",NA
"pilot_177","pilot",8,1,NA,"lower_own_payoff","higher_own_payoff",NA
"pilot_178","pilot",8,1,NA,"lower_own_payoff","lower_own_payoff",NA
"pilot_179","pilot",8,1,NA,"higher_own_payoff","lower_own_payoff",NA
"pilot_180","pilot",8,1,NA,"lower_own_payoff","lower_own_payoff",NA
"pilot_181","pilot",8,1,NA,"higher_own_payoff","lower_own_payoff",NA
"pilot_182","pilot",8,1,NA,"higher_own_payoff","lower_own_payoff",NA
"pilot_183","pilot",8,1,NA,"lower_own_payoff","lower_own_payoff",NA
"pilot_184","pilot",8,1,NA,"higher_own_payoff","lower_own_payoff",NA
"pilot_185","pilot",8,1,NA,"lower_own_payoff","higher_own_payoff",NA
"pilot_186","pilot",8,1,NA,"lower_own_payoff","lower_own_payoff",NA
"pilot_187","pilot",8,1,NA,"higher_own_payoff","higher_own_payoff",NA
"pilot_188","pilot",8,1,NA,"lower_own_payoff","lower_own_payoff",NA
"pilot_189","pilot",8,1,NA,"lower_own_payoff","higher_own_payoff",NA
"pilot_190","pilot",8,1,NA,"lower_own_payoff","lower_own_payoff",NA
"pilot_191","pilot",8,1,NA,"higher_own_payoff","higher_own_payoff",NA
"pilot_192","pilot",8,1,NA,"lower_own_payoff","lower_own_payoff",NA
"pilot_193","pilot",8,1,NA,"higher_own_payoff","higher_own_payoff",NA
"pilot_194","pilot",8,1,NA,"lower_own_payoff","higher_own_payoff",NA
"pilot_195","pilot",8,1,NA,"higher_own_payoff","higher_own_payoff",NA
"pilot_196","pilot",8,1,NA,"lower_own_payoff","lower_own_payoff",NA
"pilot_197","pilot",8,1,NA,"higher_own_payoff","higher_own_payoff",NA
"pilot_198","pilot",8,1,NA,"lower_own_payoff","higher_own_payoff",NA
"pilot_199","pilot",8,1,NA,"higher_own_payoff","lower_own_payoff",NA
"pilot_200","pilot",8,1,NA,"lower_own_payoff","lower_own_payoff",NA
"pilot_201","pilot",8,1,NA,"higher_own_payoff","higher_own_payoff",NA
"pilot_202","pilot",8,1,NA,"lower_own_payoff","lower_own_payoff",NA
"pilot_203","pilot",8,1,NA,"higher_own_payoff","higher_own_payoff",NA
"pilot_204","pilot",8,1,NA,"higher_own_payoff","lower_own_payoff",NA
"pilot_205","pilot",8,1,NA,"higher_own_payoff","lower_own_payoff",NA
"pilot_206","pilot",8,1,NA,"higher_own_payoff","lower_own_payoff",NA
"pilot_207","pilot",8,1,NA,"higher_own_payoff","higher_own_payoff",NA
"pilot_208","pilot",8,1,NA,"higher_own_payoff","higher_own_payoff",NA
"pilot_209","pilot",8,1,NA,"lower_own_payoff","lower_own_payoff",NA
"pilot_210","pilot",8,1,NA,"lower_own_payoff","lower_own_payoff",NA
"pilot_211","pilot",8,1,NA,"higher_own_payoff","higher_own_payoff",NA
"pilot_212","pilot",8,1,NA,"higher_own_payoff","higher_own_payoff",NA
"pilot_213","pilot",8,1,NA,"higher_own_payoff","lower_own_payoff",NA
"pilot_214","pilot",8,1,NA,"lower_own_payoff","lower_own_payoff",NA
"pilot_215","pilot",8,1,NA,"lower_own_payoff","lower_own_payoff",NA
"pilot_216","pilot",8,1,NA,"lower_own_payoff","higher_own_payoff",NA
"pilot_217","pilot",8,1,NA,"lower_own_payoff","higher_own_payoff",NA
"pilot_218","pilot",8,1,NA,"lower_own_payoff","higher_own_payoff",NA
"pilot_219","pilot",8,1,NA,"lower_own_payoff","lower_own_payoff",NA
"pilot_220","pilot",8,1,NA,"lower_own_payoff","lower_own_payoff",NA
"pilot_221","pilot",8,1,NA,"lower_own_payoff","lower_own_payoff",NA
"pilot_222","pilot",8,1,NA,"higher_own_payoff","higher_own_payoff",NA
"pilot_223","pilot",8,1,NA,"higher_own_payoff","higher_own_payoff",NA
"pilot_224","pilot",8,1,NA,"higher_own_payoff","higher_own_payoff",NA
"pilot_225","pilot",8,1,NA,"higher_own_payoff","lower_own_payoff",NA
"pilot_226","pilot",8,1,NA,"lower_own_payoff","lower_own_payoff",NA
"pilot_227","pilot",8,1,NA,"higher_own_payoff","higher_own_payoff",NA
"pilot_228","pilot",8,1,NA,"lower_own_payoff","lower_own_payoff",NA
"pilot_229","pilot",8,1,NA,"higher_own_payoff","higher_own_payoff",NA
"pilot_230","pilot",8,1,NA,"higher_own_payoff","higher_own_payoff",NA
"pilot_231","pilot",8,1,NA,"higher_own_payoff","higher_own_payoff",NA
"pilot_232","pilot",8,1,NA,"lower_own_payoff","higher_own_payoff",NA
"pilot_233","pilot",8,1,NA,"lower_own_payoff","higher_own_payoff",NA
"pilot_234","pilot",8,1,NA,"lower_own_payoff","lower_own_payoff",NA
"pilot_235","pilot",8,1,NA,"higher_own_payoff","higher_own_payoff",NA
"pilot_236","pilot",8,1,NA,"higher_own_payoff","higher_own_payoff",NA
"pilot_237","pilot",8,1,NA,"lower_own_payoff","higher_own_payoff",NA
"pilot_238","pilot",8,1,NA,"higher_own_payoff","higher_own_payoff",NA
"pilot_239","pilot",8,1,NA,"higher_own_payoff","lower_own_payoff",NA
"pilot_240","pilot",8,1,NA,"lower_own_payoff","lower_own_payoff",NA
"pilot_241","pilot",8,1,NA,"lower_own_payoff","higher_own_payoff",NA
"pilot_242","pilot",8,1,NA,"lower_own_payoff","lower_own_payoff",NA
"pilot_243","pilot",8,1,NA,"lower_own_payoff","lower_own_payoff",NA
"pilot_244","pilot",8,1,NA,"higher_own_payoff","higher_own_payoff",NA
"pilot_245","pilot",8,1,NA,"higher_own_payoff","higher_own_payoff",NA
"pilot_246","pilot",8,1,NA,"higher_own_payoff","higher_own_payoff",NA
"pilot_247","pilot",8,1,NA,"higher_own_payoff","higher_own_payoff",NA
"pilot_248","pilot",8,1,NA,"higher_own_payoff","lower_own_payoff",NA
"pilot_249","pilot",8,1,NA,"higher_own_payoff","lower_own_payoff",NA
"pilot_250","pilot",8,1,NA,"lower_own_payoff","higher_own_payoff",NA
"pilot_251","pilot",8,1,NA,"lower_own_payoff","lower_own_payoff",NA
"pilot_252","pilot",8,1,NA,"higher_own_payoff","higher_own_payoff",NA
"pilot_253","pilot",8,1,NA,"higher_own_payoff","lower_own_payoff",NA
"pilot_254","pilot",8,1,NA,"lower_own_payoff","lower_own_payoff",NA
"pilot_255","pilot",8,1,NA,"lower_own_payoff","higher_own_payoff",NA
"pilot_256","pilot",8,1,NA,"lower_own_payoff","lower_own_payoff",NA
"pilot_257","pilot",8,1,NA,"higher_own_payoff","lower_own_payoff",NA
"pilot_258","pilot",8,1,NA,"higher_own_payoff","higher_own_payoff",NA
"pilot_259","pilot",8,1,NA,"higher_own_payoff","higher_own_payoff",NA
"pilot_260","pilot",8,1,NA,"lower_own_payoff","lower_own_payoff",NA
"pilot_261","pilot",8,1,NA,"lower_own_payoff","higher_own_payoff",NA
"pilot_262","pilot",8,1,NA,"higher_own_payoff","higher_own_payoff",NA
"pilot_263","pilot",8,1,NA,"higher_own_payoff","higher_own_payoff",NA
"pilot_264","pilot",8,1,NA,"higher_own_payoff","lower_own_payoff",NA
"pilot_265","pilot",8,1,NA,"lower_own_payoff","lower_own_payoff",NA
"pilot_266","pilot",8,1,NA,"lower_own_payoff","higher_own_payoff",NA
"pilot_267","pilot",8,1,NA,"lower_own_payoff","lower_own_payoff",NA
"pilot_268","pilot",8,1,NA,"lower_own_payoff","lower_own_payoff",NA
"pilot_269","pilot",8,1,NA,"lower_own_payoff","lower_own_payoff",NA
"pilot_270","pilot",8,1,NA,"higher_own_payoff","higher_own_payoff",NA
"pilot_271","pilot",8,1,NA,"higher_own_payoff","higher_own_payoff",NA
"pilot_272","pilot",8,1,NA,"lower_own_payoff","lower_own_payoff",NA
"pilot_273","pilot",8,1,NA,"lower_own_payoff","lower_own_payoff",NA
"pilot_274","pilot",8,1,NA,"higher_own_payoff","higher_own_payoff",NA
"pilot_275","pilot",8,1,NA,"higher_own_payoff","higher_own_payoff",NA
"pilot_276","pilot",8,1,NA,"lower_own_payoff","lower_own_payoff",NA
"pilot_277","pilot",8,1,NA,"higher_own_payoff","higher_own_payoff",NA
"pilot_278","pilot",8,1,NA,"lower_own_payoff","lower_own_payoff",NA
"pilot_279","pilot",8,1,NA,"lower_own_payoff","lower_own_payoff",NA
"pilot_280","pilot",8,1,NA,"lower_own_payoff","lower_own_payoff",NA
"pilot_281","pilot",8,1,NA,"lower_own_payoff","lower_own_payoff",NA
"pilot_282","pilot",8,1,NA,"lower_own_payoff","lower_own_payoff",NA
"pilot_283","pilot",8,1,NA,"higher_own_payoff","lower_own_payoff",NA
"pilot_284","pilot",8,1,NA,"higher_own_payoff","lower_own_payoff",NA
"pilot_285","pilot",8,1,NA,"lower_own_payoff","lower_own_payoff",NA
"pilot_286","pilot",8,1,NA,"lower_own_payoff","lower_own_payoff",NA
"pilot_287","pilot",8,1,NA,"lower_own_payoff","lower_own_payoff",NA
"pilot_288","pilot",8,1,NA,"higher_own_payoff","higher_own_payoff",NA
"pilot_289","pilot",8,1,NA,"higher_own_payoff","higher_own_payoff",NA
"pilot_290","pilot",8,1,NA,"higher_own_payoff","higher_own_payoff",NA
"pilot_291","pilot",8,1,NA,"higher_own_payoff","higher_own_payoff",NA
"pilot_292","pilot",8,1,NA,"higher_own_payoff","lower_own_payoff",NA
"pilot_293","pilot",8,1,NA,"higher_own_payoff","higher_own_payoff",NA
"pilot_294","pilot",8,1,NA,"lower_own_payoff","lower_own_payoff",NA
"pilot_295","pilot",8,1,NA,"lower_own_payoff","higher_own_payoff",NA
"pilot_296","pilot",8,1,NA,"higher_own_payoff","higher_own_payoff",NA
"pilot_297","pilot",8,1,NA,"lower_own_payoff","higher_own_payoff",NA
"pilot_298","pilot",8,1,NA,"higher_own_payoff","higher_own_payoff",NA
"pilot_299","pilot",8,1,NA,"lower_own_payoff","lower_own_payoff",NA
"pilot_300","pilot",8,1,NA,"lower_own_payoff","lower_own_payoff",NA
"pilot_301","pilot",8,1,NA,"lower_own_payoff","lower_own_payoff",NA
"pilot_302","pilot",8,1,NA,"higher_own_payoff","higher_own_payoff",NA
"pilot_303","pilot",8,1,NA,"lower_own_payoff","lower_own_payoff",NA
"pilot_304","pilot",8,1,NA,"higher_own_payoff","higher_own_payoff",NA
"pilot_305","pilot",8,1,NA,"higher_own_payoff","lower_own_payoff",NA
"pilot_306","pilot",8,1,NA,"lower_own_payoff","lower_own_payoff",NA
"pilot_1","pilot",9,1,NA,"lower_own_payoff","lower_own_payoff",NA
"pilot_2","pilot",9,1,NA,"higher_own_payoff","higher_own_payoff",NA
"pilot_3","pilot",9,1,NA,"lower_own_payoff","lower_own_payoff",NA
"pilot_4","pilot",9,1,NA,"lower_own_payoff","lower_own_payoff",NA
"pilot_5","pilot",9,1,NA,"lower_own_payoff","lower_own_payoff",NA
"pilot_6","pilot",9,1,NA,"higher_own_payoff","higher_own_payoff",NA
"pilot_7","pilot",9,1,NA,"higher_own_payoff","higher_own_payoff",NA
"pilot_8","pilot",9,1,NA,"higher_own_payoff","higher_own_payoff",NA
"pilot_9","pilot",9,1,NA,"higher_own_payoff","higher_own_payoff",NA
"pilot_10","pilot",9,1,NA,"lower_own_payoff","lower_own_payoff",NA
"pilot_11","pilot",9,1,NA,"lower_own_payoff","lower_own_payoff",NA
"pilot_12","pilot",9,1,NA,"higher_own_payoff","higher_own_payoff",NA
"pilot_13","pilot",9,1,NA,"lower_own_payoff","lower_own_payoff",NA
"pilot_14","pilot",9,1,NA,"higher_own_payoff","higher_own_payoff",NA
"pilot_15","pilot",9,1,NA,"lower_own_payoff","lower_own_payoff",NA
"pilot_16","pilot",9,1,NA,"lower_own_payoff","lower_own_payoff",NA
"pilot_17","pilot",9,1,NA,"higher_own_payoff","higher_own_payoff",NA
"pilot_18","pilot",9,1,NA,"higher_own_payoff","lower_own_payoff",NA
"pilot_19","pilot",9,1,NA,"higher_own_payoff","higher_own_payoff",NA
"pilot_20","pilot",9,1,NA,"higher_own_payoff","higher_own_payoff",NA
"pilot_21","pilot",9,1,NA,"lower_own_payoff","lower_own_payoff",NA
"pilot_22","pilot",9,1,NA,"lower_own_payoff","lower_own_payoff",NA
"pilot_23","pilot",9,1,NA,"higher_own_payoff","higher_own_payoff",NA
"pilot_24","pilot",9,1,NA,"higher_own_payoff","lower_own_payoff",NA
"pilot_25","pilot",9,1,NA,"lower_own_payoff","lower_own_payoff",NA
"pilot_26","pilot",9,1,NA,"higher_own_payoff","higher_own_payoff",NA
"pilot_27","pilot",9,1,NA,"higher_own_payoff","higher_own_payoff",NA
"pilot_28","pilot",9,1,NA,"lower_own_payoff","higher_own_payoff",NA
"pilot_29","pilot",9,1,NA,"higher_own_payoff","higher_own_payoff",NA
"pilot_30","pilot",9,1,NA,"higher_own_payoff","higher_own_payoff",NA
"pilot_31","pilot",9,1,NA,"higher_own_payoff","higher_own_payoff",NA
"pilot_32","pilot",9,1,NA,"higher_own_payoff","higher_own_payoff",NA
"pilot_33","pilot",9,1,NA,"higher_own_payoff","lower_own_payoff",NA
"pilot_34","pilot",9,1,NA,"lower_own_payoff","lower_own_payoff",NA
"pilot_35","pilot",9,1,NA,"higher_own_payoff","higher_own_payoff",NA
"pilot_36","pilot",9,1,NA,"lower_own_payoff","lower_own_payoff",NA
"pilot_37","pilot",9,1,NA,"lower_own_payoff","higher_own_payoff",NA
"pilot_38","pilot",9,1,NA,"higher_own_payoff","higher_own_payoff",NA
"pilot_39","pilot",9,1,NA,"lower_own_payoff","lower_own_payoff",NA
"pilot_40","pilot",9,1,NA,"lower_own_payoff","lower_own_payoff",NA
"pilot_41","pilot",9,1,NA,"higher_own_payoff","higher_own_payoff",NA
"pilot_42","pilot",9,1,NA,"higher_own_payoff","higher_own_payoff",NA
"pilot_43","pilot",9,1,NA,"lower_own_payoff","lower_own_payoff",NA
"pilot_44","pilot",9,1,NA,"lower_own_payoff","lower_own_payoff",NA
"pilot_45","pilot",9,1,NA,"higher_own_payoff","higher_own_payoff",NA
"pilot_46","pilot",9,1,NA,"lower_own_payoff","lower_own_payoff",NA
"pilot_47","pilot",9,1,NA,"higher_own_payoff","higher_own_payoff",NA
"pilot_48","pilot",9,1,NA,"lower_own_payoff","lower_own_payoff",NA
"pilot_49","pilot",9,1,NA,"higher_own_payoff","higher_own_payoff",NA
"pilot_50","pilot",9,1,NA,"lower_own_payoff","lower_own_payoff",NA
"pilot_51","pilot",9,1,NA,"lower_own_payoff","higher_own_payoff",NA
"pilot_52","pilot",9,1,NA,"higher_own_payoff","higher_own_payoff",NA
"pilot_53","pilot",9,1,NA,"higher_own_payoff","higher_own_payoff",NA
"pilot_54","pilot",9,1,NA,"higher_own_payoff","higher_own_payoff",NA
"pilot_55","pilot",9,1,NA,"higher_own_payoff","higher_own_payoff",NA
"pilot_56","pilot",9,1,NA,"lower_own_payoff","lower_own_payoff",NA
"pilot_57","pilot",9,1,NA,"lower_own_payoff","lower_own_payoff",NA
"pilot_58","pilot",9,1,NA,"higher_own_payoff","higher_own_payoff",NA
"pilot_59","pilot",9,1,NA,"lower_own_payoff","lower_own_payoff",NA
"pilot_60","pilot",9,1,NA,"lower_own_payoff","lower_own_payoff",NA
"pilot_61","pilot",9,1,NA,"higher_own_payoff","higher_own_payoff",NA
"pilot_62","pilot",9,1,NA,"lower_own_payoff","lower_own_payoff",NA
"pilot_63","pilot",9,1,NA,"lower_own_payoff","lower_own_payoff",NA
"pilot_64","pilot",9,1,NA,"higher_own_payoff","higher_own_payoff",NA
"pilot_65","pilot",9,1,NA,"higher_own_payoff","higher_own_payoff",NA
"pilot_66","pilot",9,1,NA,"lower_own_payoff","lower_own_payoff",NA
"pilot_67","pilot",9,1,NA,"higher_own_payoff","lower_own_payoff",NA
"pilot_68","pilot",9,1,NA,"higher_own_payoff","higher_own_payoff",NA
"pilot_69","pilot",9,1,NA,"higher_own_payoff","lower_own_payoff",NA
"pilot_70","pilot",9,1,NA,"higher_own_payoff","higher_own_payoff",NA
"pilot_71","pilot",9,1,NA,"lower_own_payoff","lower_own_payoff",NA
"pilot_72","pilot",9,1,NA,"lower_own_payoff","lower_own_payoff",NA
"pilot_73","pilot",9,1,NA,"lower_own_payoff","lower_own_payoff",NA
"pilot_74","pilot",9,1,NA,"lower_own_payoff","lower_own_payoff",NA
"pilot_75","pilot",9,1,NA,"higher_own_payoff","higher_own_payoff",NA
"pilot_76","pilot",9,1,NA,"higher_own_payoff","higher_own_payoff",NA
"pilot_77","pilot",9,1,NA,"higher_own_payoff","higher_own_payoff",NA
"pilot_78","pilot",9,1,NA,"higher_own_payoff","lower_own_payoff",NA
"pilot_79","pilot",9,1,NA,"lower_own_payoff","lower_own_payoff",NA
"pilot_80","pilot",9,1,NA,"higher_own_payoff","higher_own_payoff",NA
"pilot_81","pilot",9,1,NA,"lower_own_payoff","lower_own_payoff",NA
"pilot_82","pilot",9,1,NA,"lower_own_payoff","lower_own_payoff",NA
"pilot_83","pilot",9,1,NA,"lower_own_payoff","lower_own_payoff",NA
"pilot_84","pilot",9,1,NA,"lower_own_payoff","lower_own_payoff",NA
"pilot_85","pilot",9,1,NA,"higher_own_payoff","higher_own_payoff",NA
"pilot_86","pilot",9,1,NA,"lower_own_payoff","lower_own_payoff",NA
"pilot_87","pilot",9,1,NA,"higher_own_payoff","higher_own_payoff",NA
"pilot_88","pilot",9,1,NA,"lower_own_payoff","lower_own_payoff",NA
"pilot_89","pilot",9,1,NA,"lower_own_payoff","lower_own_payoff",NA
"pilot_90","pilot",9,1,NA,"lower_own_payoff","lower_own_payoff",NA
"pilot_91","pilot",9,1,NA,"higher_own_payoff","higher_own_payoff",NA
"pilot_92","pilot",9,1,NA,"lower_own_payoff","higher_own_payoff",NA
"pilot_93","pilot",9,1,NA,"lower_own_payoff","lower_own_payoff",NA
"pilot_94","pilot",9,1,NA,"lower_own_payoff","lower_own_payoff",NA
"pilot_95","pilot",9,1,NA,"lower_own_payoff","lower_own_payoff",NA
"pilot_96","pilot",9,1,NA,"higher_own_payoff","lower_own_payoff",NA
"pilot_97","pilot",9,1,NA,"lower_own_payoff","lower_own_payoff",NA
"pilot_98","pilot",9,1,NA,"lower_own_payoff","lower_own_payoff",NA
"pilot_99","pilot",9,1,NA,"higher_own_payoff","higher_own_payoff",NA
"pilot_100","pilot",9,1,NA,"higher_own_payoff","lower_own_payoff",NA
"pilot_101","pilot",9,1,NA,"lower_own_payoff","lower_own_payoff",NA
"pilot_102","pilot",9,1,NA,"higher_own_payoff","higher_own_payoff",NA
"pilot_103","pilot",9,1,NA,"higher_own_payoff","higher_own_payoff",NA
"pilot_104","pilot",9,1,NA,"higher_own_payoff","higher_own_payoff",NA
"pilot_105","pilot",9,1,NA,"lower_own_payoff","lower_own_payoff",NA
"pilot_106","pilot",9,1,NA,"lower_own_payoff","lower_own_payoff",NA
"pilot_107","pilot",9,1,NA,"lower_own_payoff","lower_own_payoff",NA
"pilot_108","pilot",9,1,NA,"lower_own_payoff","lower_own_payoff",NA
"pilot_109","pilot",9,1,NA,"lower_own_payoff","lower_own_payoff",NA
"pilot_110","pilot",9,1,NA,"lower_own_payoff","lower_own_payoff",NA
"pilot_111","pilot",9,1,NA,"lower_own_payoff","lower_own_payoff",NA
"pilot_112","pilot",9,1,NA,"lower_own_payoff","higher_own_payoff",NA
"pilot_113","pilot",9,1,NA,"lower_own_payoff","lower_own_payoff",NA
"pilot_114","pilot",9,1,NA,"higher_own_payoff","lower_own_payoff",NA
"pilot_115","pilot",9,1,NA,"higher_own_payoff","higher_own_payoff",NA
"pilot_116","pilot",9,1,NA,"lower_own_payoff","lower_own_payoff",NA
"pilot_117","pilot",9,1,NA,"higher_own_payoff","higher_own_payoff",NA
"pilot_118","pilot",9,1,NA,"lower_own_payoff","lower_own_payoff",NA
"pilot_119","pilot",9,1,NA,"higher_own_payoff","higher_own_payoff",NA
"pilot_120","pilot",9,1,NA,"higher_own_payoff","higher_own_payoff",NA
"pilot_121","pilot",9,1,NA,"lower_own_payoff","lower_own_payoff",NA
"pilot_122","pilot",9,1,NA,"lower_own_payoff","lower_own_payoff",NA
"pilot_123","pilot",9,1,NA,"higher_own_payoff","higher_own_payoff",NA
"pilot_124","pilot",9,1,NA,"higher_own_payoff","higher_own_payoff",NA
"pilot_125","pilot",9,1,NA,"lower_own_payoff","lower_own_payoff",NA
"pilot_126","pilot",9,1,NA,"higher_own_payoff","higher_own_payoff",NA
"pilot_127","pilot",9,1,NA,"lower_own_payoff","lower_own_payoff",NA
"pilot_128","pilot",9,1,NA,"higher_own_payoff","higher_own_payoff",NA
"pilot_129","pilot",9,1,NA,"higher_own_payoff","higher_own_payoff",NA
"pilot_130","pilot",9,1,NA,"lower_own_payoff","lower_own_payoff",NA
"pilot_131","pilot",9,1,NA,"lower_own_payoff","lower_own_payoff",NA
"pilot_132","pilot",9,1,NA,"lower_own_payoff","higher_own_payoff",NA
"pilot_133","pilot",9,1,NA,"lower_own_payoff","lower_own_payoff",NA
"pilot_134","pilot",9,1,NA,"lower_own_payoff","lower_own_payoff",NA
"pilot_135","pilot",9,1,NA,"higher_own_payoff","higher_own_payoff",NA
"pilot_136","pilot",9,1,NA,"lower_own_payoff","lower_own_payoff",NA
"pilot_137","pilot",9,1,NA,"lower_own_payoff","lower_own_payoff",NA
"pilot_138","pilot",9,1,NA,"higher_own_payoff","higher_own_payoff",NA
"pilot_139","pilot",9,1,NA,"lower_own_payoff","lower_own_payoff",NA
"pilot_140","pilot",9,1,NA,"lower_own_payoff","lower_own_payoff",NA
"pilot_141","pilot",9,1,NA,"lower_own_payoff","lower_own_payoff",NA
"pilot_142","pilot",9,1,NA,"lower_own_payoff","lower_own_payoff",NA
"pilot_143","pilot",9,1,NA,"higher_own_payoff","lower_own_payoff",NA
"pilot_144","pilot",9,1,NA,"higher_own_payoff","higher_own_payoff",NA
"pilot_145","pilot",9,1,NA,"lower_own_payoff","lower_own_payoff",NA
"pilot_146","pilot",9,1,NA,"higher_own_payoff","higher_own_payoff",NA
"pilot_147","pilot",9,1,NA,"lower_own_payoff","lower_own_payoff",NA
"pilot_148","pilot",9,1,NA,"lower_own_payoff","lower_own_payoff",NA
"pilot_149","pilot",9,1,NA,"lower_own_payoff","lower_own_payoff",NA
"pilot_150","pilot",9,1,NA,"lower_own_payoff","higher_own_payoff",NA
"pilot_151","pilot",9,1,NA,"lower_own_payoff","lower_own_payoff",NA
"pilot_152","pilot",9,1,NA,"lower_own_payoff","lower_own_payoff",NA
"pilot_153","pilot",9,1,NA,"higher_own_payoff","higher_own_payoff",NA
"pilot_154","pilot",9,1,NA,"higher_own_payoff","higher_own_payoff",NA
"pilot_155","pilot",9,1,NA,"higher_own_payoff","higher_own_payoff",NA
"pilot_156","pilot",9,1,NA,"lower_own_payoff","lower_own_payoff",NA
"pilot_157","pilot",9,1,NA,"lower_own_payoff","lower_own_payoff",NA
"pilot_158","pilot",9,1,NA,"lower_own_payoff","lower_own_payoff",NA
"pilot_159","pilot",9,1,NA,"higher_own_payoff","higher_own_payoff",NA
"pilot_160","pilot",9,1,NA,"lower_own_payoff","lower_own_payoff",NA
"pilot_161","pilot",9,1,NA,"lower_own_payoff","lower_own_payoff",NA
"pilot_162","pilot",9,1,NA,"lower_own_payoff","lower_own_payoff",NA
"pilot_163","pilot",9,1,NA,"higher_own_payoff","higher_own_payoff",NA
"pilot_164","pilot",9,1,NA,"higher_own_payoff","higher_own_payoff",NA
"pilot_165","pilot",9,1,NA,"lower_own_payoff","lower_own_payoff",NA
"pilot_166","pilot",9,1,NA,"higher_own_payoff","higher_own_payoff",NA
"pilot_167","pilot",9,1,NA,"higher_own_payoff","higher_own_payoff",NA
"pilot_168","pilot",9,1,NA,"higher_own_payoff","higher_own_payoff",NA
"pilot_169","pilot",9,1,NA,"lower_own_payoff","lower_own_payoff",NA
"pilot_170","pilot",9,1,NA,"higher_own_payoff","higher_own_payoff",NA
"pilot_171","pilot",9,1,NA,"higher_own_payoff","higher_own_payoff",NA
"pilot_172","pilot",9,1,NA,"lower_own_payoff","lower_own_payoff",NA
"pilot_173","pilot",9,1,NA,"higher_own_payoff","higher_own_payoff",NA
"pilot_174","pilot",9,1,NA,"higher_own_payoff","higher_own_payoff",NA
"pilot_175","pilot",9,1,NA,"lower_own_payoff","lower_own_payoff",NA
"pilot_176","pilot",9,1,NA,"lower_own_payoff","lower_own_payoff",NA
"pilot_177","pilot",9,1,NA,"higher_own_payoff","lower_own_payoff",NA
"pilot_178","pilot",9,1,NA,"lower_own_payoff","higher_own_payoff",NA
"pilot_179","pilot",9,1,NA,"higher_own_payoff","higher_own_payoff",NA
"pilot_180","pilot",9,1,NA,"higher_own_payoff","lower_own_payoff",NA
"pilot_181","pilot",9,1,NA,"higher_own_payoff","higher_own_payoff",NA
"pilot_182","pilot",9,1,NA,"lower_own_payoff","lower_own_payoff",NA
"pilot_183","pilot",9,1,NA,"lower_own_payoff","lower_own_payoff",NA
"pilot_184","pilot",9,1,NA,"lower_own_payoff","lower_own_payoff",NA
"pilot_185","pilot",9,1,NA,"lower_own_payoff","lower_own_payoff",NA
"pilot_186","pilot",9,1,NA,"higher_own_payoff","lower_own_payoff",NA
"pilot_187","pilot",9,1,NA,"lower_own_payoff","lower_own_payoff",NA
"pilot_188","pilot",9,1,NA,"higher_own_payoff","higher_own_payoff",NA
"pilot_189","pilot",9,1,NA,"higher_own_payoff","lower_own_payoff",NA
"pilot_190","pilot",9,1,NA,"lower_own_payoff","lower_own_payoff",NA
"pilot_191","pilot",9,1,NA,"lower_own_payoff","lower_own_payoff",NA
"pilot_192","pilot",9,1,NA,"lower_own_payoff","lower_own_payoff",NA
"pilot_193","pilot",9,1,NA,"higher_own_payoff","higher_own_payoff",NA
"pilot_194","pilot",9,1,NA,"lower_own_payoff","lower_own_payoff",NA
"pilot_195","pilot",9,1,NA,"higher_own_payoff","higher_own_payoff",NA
"pilot_196","pilot",9,1,NA,"lower_own_payoff","lower_own_payoff",NA
"pilot_197","pilot",9,1,NA,"higher_own_payoff","lower_own_payoff",NA
"pilot_198","pilot",9,1,NA,"lower_own_payoff","higher_own_payoff",NA
"pilot_199","pilot",9,1,NA,"lower_own_payoff","lower_own_payoff",NA
"pilot_200","pilot",9,1,NA,"lower_own_payoff","lower_own_payoff",NA
"pilot_201","pilot",9,1,NA,"lower_own_payoff","higher_own_payoff",NA
"pilot_202","pilot",9,1,NA,"lower_own_payoff","lower_own_payoff",NA
"pilot_203","pilot",9,1,NA,"lower_own_payoff","lower_own_payoff",NA
"pilot_204","pilot",9,1,NA,"higher_own_payoff","higher_own_payoff",NA
"pilot_205","pilot",9,1,NA,"higher_own_payoff","higher_own_payoff",NA
"pilot_206","pilot",9,1,NA,"higher_own_payoff","higher_own_payoff",NA
"pilot_207","pilot",9,1,NA,"higher_own_payoff","higher_own_payoff",NA
"pilot_208","pilot",9,1,NA,"higher_own_payoff","higher_own_payoff",NA
"pilot_209","pilot",9,1,NA,"lower_own_payoff","lower_own_payoff",NA
"pilot_210","pilot",9,1,NA,"higher_own_payoff","higher_own_payoff",NA
"pilot_211","pilot",9,1,NA,"higher_own_payoff","higher_own_payoff",NA
"pilot_212","pilot",9,1,NA,"higher_own_payoff","higher_own_payoff",NA
"pilot_213","pilot",9,1,NA,"lower_own_payoff","lower_own_payoff",NA
"pilot_214","pilot",9,1,NA,"lower_own_payoff","lower_own_payoff",NA
"pilot_215","pilot",9,1,NA,"lower_own_payoff","lower_own_payoff",NA
"pilot_216","pilot",9,1,NA,"lower_own_payoff","lower_own_payoff",NA
"pilot_217","pilot",9,1,NA,"lower_own_payoff","lower_own_payoff",NA
"pilot_218","pilot",9,1,NA,"lower_own_payoff","lower_own_payoff",NA
"pilot_219","pilot",9,1,NA,"lower_own_payoff","higher_own_payoff",NA
"pilot_220","pilot",9,1,NA,"higher_own_payoff","higher_own_payoff",NA
"pilot_221","pilot",9,1,NA,"lower_own_payoff","lower_own_payoff",NA
"pilot_222","pilot",9,1,NA,"higher_own_payoff","higher_own_payoff",NA
"pilot_223","pilot",9,1,NA,"higher_own_payoff","higher_own_payoff",NA
"pilot_224","pilot",9,1,NA,"higher_own_payoff","higher_own_payoff",NA
"pilot_225","pilot",9,1,NA,"higher_own_payoff","higher_own_payoff",NA
"pilot_226","pilot",9,1,NA,"higher_own_payoff","higher_own_payoff",NA
"pilot_227","pilot",9,1,NA,"higher_own_payoff","higher_own_payoff",NA
"pilot_228","pilot",9,1,NA,"lower_own_payoff","lower_own_payoff",NA
"pilot_229","pilot",9,1,NA,"higher_own_payoff","higher_own_payoff",NA
"pilot_230","pilot",9,1,NA,"higher_own_payoff","higher_own_payoff",NA
"pilot_231","pilot",9,1,NA,"higher_own_payoff","higher_own_payoff",NA
"pilot_232","pilot",9,1,NA,"higher_own_payoff","higher_own_payoff",NA
"pilot_233","pilot",9,1,NA,"higher_own_payoff","higher_own_payoff",NA
"pilot_234","pilot",9,1,NA,"higher_own_payoff","higher_own_payoff",NA
"pilot_235","pilot",9,1,NA,"higher_own_payoff","higher_own_payoff",NA
"pilot_236","pilot",9,1,NA,"higher_own_payoff","higher_own_payoff",NA
"pilot_237","pilot",9,1,NA,"lower_own_payoff","lower_own_payoff",NA
"pilot_238","pilot",9,1,NA,"higher_own_payoff","higher_own_payoff",NA
"pilot_239","pilot",9,1,NA,"higher_own_payoff","higher_own_payoff",NA
"pilot_240","pilot",9,1,NA,"higher_own_payoff","higher_own_payoff",NA
"pilot_241","pilot",9,1,NA,"higher_own_payoff","higher_own_payoff",NA
"pilot_242","pilot",9,1,NA,"lower_own_payoff","lower_own_payoff",NA
"pilot_243","pilot",9,1,NA,"lower_own_payoff","lower_own_payoff",NA
"pilot_244","pilot",9,1,NA,"higher_own_payoff","higher_own_payoff",NA
"pilot_245","pilot",9,1,NA,"higher_own_payoff","higher_own_payoff",NA
"pilot_246","pilot",9,1,NA,"higher_own_payoff","higher_own_payoff",NA
"pilot_247","pilot",9,1,NA,"higher_own_payoff","higher_own_payoff",NA
"pilot_248","pilot",9,1,NA,"lower_own_payoff","lower_own_payoff",NA
"pilot_249","pilot",9,1,NA,"lower_own_payoff","lower_own_payoff",NA
"pilot_250","pilot",9,1,NA,"lower_own_payoff","lower_own_payoff",NA
"pilot_251","pilot",9,1,NA,"higher_own_payoff","higher_own_payoff",NA
"pilot_252","pilot",9,1,NA,"lower_own_payoff","higher_own_payoff",NA
"pilot_253","pilot",9,1,NA,"lower_own_payoff","lower_own_payoff",NA
"pilot_254","pilot",9,1,NA,"higher_own_payoff","higher_own_payoff",NA
"pilot_255","pilot",9,1,NA,"lower_own_payoff","lower_own_payoff",NA
"pilot_256","pilot",9,1,NA,"lower_own_payoff","lower_own_payoff",NA
"pilot_257","pilot",9,1,NA,"higher_own_payoff","higher_own_payoff",NA
"pilot_258","pilot",9,1,NA,"higher_own_payoff","higher_own_payoff",NA
"pilot_259","pilot",9,1,NA,"higher_own_payoff","higher_own_payoff",NA
"pilot_260","pilot",9,1,NA,"lower_own_payoff","lower_own_payoff",NA
"pilot_261","pilot",9,1,NA,"higher_own_payoff","higher_own_payoff",NA
"pilot_262","pilot",9,1,NA,"higher_own_payoff","higher_own_payoff",NA
"pilot_263","pilot",9,1,NA,"higher_own_payoff","higher_own_payoff",NA
"pilot_264","pilot",9,1,NA,"higher_own_payoff","higher_own_payoff",NA
"pilot_265","pilot",9,1,NA,"lower_own_payoff","lower_own_payoff",NA
"pilot_266","pilot",9,1,NA,"lower_own_payoff","lower_own_payoff",NA
"pilot_267","pilot",9,1,NA,"lower_own_payoff","lower_own_payoff",NA
"pilot_268","pilot",9,1,NA,"higher_own_payoff","higher_own_payoff",NA
"pilot_269","pilot",9,1,NA,"lower_own_payoff","lower_own_payoff",NA
"pilot_270","pilot",9,1,NA,"higher_own_payoff","lower_own_payoff",NA
"pilot_271","pilot",9,1,NA,"higher_own_payoff","higher_own_payoff",NA
"pilot_272","pilot",9,1,NA,"higher_own_payoff","lower_own_payoff",NA
"pilot_273","pilot",9,1,NA,"lower_own_payoff","lower_own_payoff",NA
"pilot_274","pilot",9,1,NA,"higher_own_payoff","higher_own_payoff",NA
"pilot_275","pilot",9,1,NA,"higher_own_payoff","higher_own_payoff",NA
"pilot_276","pilot",9,1,NA,"lower_own_payoff","lower_own_payoff",NA
"pilot_277","pilot",9,1,NA,"higher_own_payoff","higher_own_payoff",NA
"pilot_278","pilot",9,1,NA,"lower_own_payoff","lower_own_payoff",NA
"pilot_279","pilot",9,1,NA,"lower_own_payoff","lower_own_payoff",NA
"pilot_280","pilot",9,1,NA,"higher_own_payoff","higher_own_payoff",NA
"pilot_281","pilot",9,1,NA,"lower_own_payoff","lower_own_payoff",NA
"pilot_282","pilot",9,1,NA,"higher_own_payoff","higher_own_payoff",NA
"pilot_283","pilot",9,1,NA,"lower_own_payoff","higher_own_payoff",NA
"pilot_284","pilot",9,1,NA,"lower_own_payoff","higher_own_payoff",NA
"pilot_285","pilot",9,1,NA,"higher_own_payoff","lower_own_payoff",NA
"pilot_286","pilot",9,1,NA,"lower_own_payoff","lower_own_payoff",NA
"pilot_287","pilot",9,1,NA,"lower_own_payoff","lower_own_payoff",NA
"pilot_288","pilot",9,1,NA,"lower_own_payoff","lower_own_payoff",NA
"pilot_289","pilot",9,1,NA,"lower_own_payoff","lower_own_payoff",NA
"pilot_290","pilot",9,1,NA,"higher_own_payoff","higher_own_payoff",NA
"pilot_291","pilot",9,1,NA,"higher_own_payoff","higher_own_payoff",NA
"pilot_292","pilot",9,1,NA,"higher_own_payoff","higher_own_payoff",NA
"pilot_293","pilot",9,1,NA,"lower_own_payoff","lower_own_payoff",NA
"pilot_294","pilot",9,1,NA,"lower_own_payoff","lower_own_payoff",NA
"pilot_295","pilot",9,1,NA,"lower_own_payoff","lower_own_payoff",NA
"pilot_296","pilot",9,1,NA,"higher_own_payoff","higher_own_payoff",NA
"pilot_297","pilot",9,1,NA,"lower_own_payoff","lower_own_payoff",NA
"pilot_298","pilot",9,1,NA,"higher_own_payoff","lower_own_payoff",NA
"pilot_299","pilot",9,1,NA,"higher_own_payoff","higher_own_payoff",NA
"pilot_300","pilot",9,1,NA,"lower_own_payoff","lower_own_payoff",NA
"pilot_301","pilot",9,1,NA,"lower_own_payoff","lower_own_payoff",NA
"pilot_302","pilot",9,1,NA,"higher_own_payoff","higher_own_payoff",NA
"pilot_303","pilot",9,1,NA,"lower_own_payoff","lower_own_payoff",NA
"pilot_304","pilot",9,1,NA,"lower_own_payoff","higher_own_payoff",NA
"pilot_305","pilot",9,1,NA,"lower_own_payoff","lower_own_payoff",NA
"pilot_306","pilot",9,1,NA,"lower_own_payoff","lower_own_payoff",NA
"pilot_1","pilot",10,1,NA,"lower_own_payoff","lower_own_payoff",NA
"pilot_2","pilot",10,1,NA,"lower_own_payoff","lower_own_payoff",NA
"pilot_3","pilot",10,1,NA,"lower_own_payoff","lower_own_payoff",NA
"pilot_4","pilot",10,1,NA,"higher_own_payoff","higher_own_payoff",NA
"pilot_5","pilot",10,1,NA,"lower_own_payoff","lower_own_payoff",NA
"pilot_6","pilot",10,1,NA,"higher_own_payoff","higher_own_payoff",NA
"pilot_7","pilot",10,1,NA,"higher_own_payoff","higher_own_payoff",NA
"pilot_8","pilot",10,1,NA,"lower_own_payoff","lower_own_payoff",NA
"pilot_9","pilot",10,1,NA,"higher_own_payoff","higher_own_payoff",NA
"pilot_10","pilot",10,1,NA,"lower_own_payoff","lower_own_payoff",NA
"pilot_11","pilot",10,1,NA,"lower_own_payoff","lower_own_payoff",NA
"pilot_12","pilot",10,1,NA,"higher_own_payoff","higher_own_payoff",NA
"pilot_13","pilot",10,1,NA,"lower_own_payoff","lower_own_payoff",NA
"pilot_14","pilot",10,1,NA,"higher_own_payoff","higher_own_payoff",NA
"pilot_15","pilot",10,1,NA,"lower_own_payoff","lower_own_payoff",NA
"pilot_16","pilot",10,1,NA,"lower_own_payoff","lower_own_payoff",NA
"pilot_17","pilot",10,1,NA,"lower_own_payoff","lower_own_payoff",NA
"pilot_18","pilot",10,1,NA,"higher_own_payoff","lower_own_payoff",NA
"pilot_19","pilot",10,1,NA,"higher_own_payoff","higher_own_payoff",NA
"pilot_20","pilot",10,1,NA,"higher_own_payoff","higher_own_payoff",NA
"pilot_21","pilot",10,1,NA,"higher_own_payoff","higher_own_payoff",NA
"pilot_22","pilot",10,1,NA,"higher_own_payoff","higher_own_payoff",NA
"pilot_23","pilot",10,1,NA,"higher_own_payoff","higher_own_payoff",NA
"pilot_24","pilot",10,1,NA,"lower_own_payoff","lower_own_payoff",NA
"pilot_25","pilot",10,1,NA,"higher_own_payoff","higher_own_payoff",NA
"pilot_26","pilot",10,1,NA,"higher_own_payoff","lower_own_payoff",NA
"pilot_27","pilot",10,1,NA,"higher_own_payoff","higher_own_payoff",NA
"pilot_28","pilot",10,1,NA,"lower_own_payoff","lower_own_payoff",NA
"pilot_29","pilot",10,1,NA,"higher_own_payoff","higher_own_payoff",NA
"pilot_30","pilot",10,1,NA,"lower_own_payoff","lower_own_payoff",NA
"pilot_31","pilot",10,1,NA,"higher_own_payoff","higher_own_payoff",NA
"pilot_32","pilot",10,1,NA,"higher_own_payoff","higher_own_payoff",NA
"pilot_33","pilot",10,1,NA,"lower_own_payoff","higher_own_payoff",NA
"pilot_34","pilot",10,1,NA,"lower_own_payoff","lower_own_payoff",NA
"pilot_35","pilot",10,1,NA,"lower_own_payoff","lower_own_payoff",NA
"pilot_36","pilot",10,1,NA,"lower_own_payoff","lower_own_payoff",NA
"pilot_37","pilot",10,1,NA,"higher_own_payoff","lower_own_payoff",NA
"pilot_38","pilot",10,1,NA,"lower_own_payoff","lower_own_payoff",NA
"pilot_39","pilot",10,1,NA,"higher_own_payoff","higher_own_payoff",NA
"pilot_40","pilot",10,1,NA,"higher_own_payoff","lower_own_payoff",NA
"pilot_41","pilot",10,1,NA,"higher_own_payoff","higher_own_payoff",NA
"pilot_42","pilot",10,1,NA,"lower_own_payoff","lower_own_payoff",NA
"pilot_43","pilot",10,1,NA,"higher_own_payoff","higher_own_payoff",NA
"pilot_44","pilot",10,1,NA,"lower_own_payoff","lower_own_payoff",NA
"pilot_45","pilot",10,1,NA,"higher_own_payoff","higher_own_payoff",NA
"pilot_46","pilot",10,1,NA,"lower_own_payoff","lower_own_payoff",NA
"pilot_47","pilot",10,1,NA,"higher_own_payoff","higher_own_payoff",NA
"pilot_48","pilot",10,1,NA,"lower_own_payoff","lower_own_payoff",NA
"pilot_49","pilot",10,1,NA,"higher_own_payoff","higher_own_payoff",NA
"pilot_50","pilot",10,1,NA,"lower_own_payoff","lower_own_payoff",NA
"pilot_51","pilot",10,1,NA,"lower_own_payoff","lower_own_payoff",NA
"pilot_52","pilot",10,1,NA,"lower_own_payoff","higher_own_payoff",NA
"pilot_53","pilot",10,1,NA,"higher_own_payoff","lower_own_payoff",NA
"pilot_54","pilot",10,1,NA,"higher_own_payoff","lower_own_payoff",NA
"pilot_55","pilot",10,1,NA,"lower_own_payoff","lower_own_payoff",NA
"pilot_56","pilot",10,1,NA,"lower_own_payoff","lower_own_payoff",NA
"pilot_57","pilot",10,1,NA,"lower_own_payoff","lower_own_payoff",NA
"pilot_58","pilot",10,1,NA,"higher_own_payoff","lower_own_payoff",NA
"pilot_59","pilot",10,1,NA,"lower_own_payoff","lower_own_payoff",NA
"pilot_60","pilot",10,1,NA,"lower_own_payoff","lower_own_payoff",NA
"pilot_61","pilot",10,1,NA,"higher_own_payoff","higher_own_payoff",NA
"pilot_62","pilot",10,1,NA,"higher_own_payoff","higher_own_payoff",NA
"pilot_63","pilot",10,1,NA,"lower_own_payoff","lower_own_payoff",NA
"pilot_64","pilot",10,1,NA,"higher_own_payoff","lower_own_payoff",NA
"pilot_65","pilot",10,1,NA,"higher_own_payoff","higher_own_payoff",NA
"pilot_66","pilot",10,1,NA,"lower_own_payoff","lower_own_payoff",NA
"pilot_67","pilot",10,1,NA,"lower_own_payoff","lower_own_payoff",NA
"pilot_68","pilot",10,1,NA,"higher_own_payoff","higher_own_payoff",NA
"pilot_69","pilot",10,1,NA,"higher_own_payoff","lower_own_payoff",NA
"pilot_70","pilot",10,1,NA,"higher_own_payoff","higher_own_payoff",NA
"pilot_71","pilot",10,1,NA,"lower_own_payoff","lower_own_payoff",NA
"pilot_72","pilot",10,1,NA,"higher_own_payoff","higher_own_payoff",NA
"pilot_73","pilot",10,1,NA,"lower_own_payoff","lower_own_payoff",NA
"pilot_74","pilot",10,1,NA,"higher_own_payoff","higher_own_payoff",NA
"pilot_75","pilot",10,1,NA,"lower_own_payoff","lower_own_payoff",NA
"pilot_76","pilot",10,1,NA,"higher_own_payoff","higher_own_payoff",NA
"pilot_77","pilot",10,1,NA,"higher_own_payoff","higher_own_payoff",NA
"pilot_78","pilot",10,1,NA,"lower_own_payoff","lower_own_payoff",NA
"pilot_79","pilot",10,1,NA,"lower_own_payoff","higher_own_payoff",NA
"pilot_80","pilot",10,1,NA,"higher_own_payoff","higher_own_payoff",NA
"pilot_81","pilot",10,1,NA,"lower_own_payoff","higher_own_payoff",NA
"pilot_82","pilot",10,1,NA,"lower_own_payoff","lower_own_payoff",NA
"pilot_83","pilot",10,1,NA,"lower_own_payoff","lower_own_payoff",NA
"pilot_84","pilot",10,1,NA,"higher_own_payoff","higher_own_payoff",NA
"pilot_85","pilot",10,1,NA,"higher_own_payoff","higher_own_payoff",NA
"pilot_86","pilot",10,1,NA,"lower_own_payoff","lower_own_payoff",NA
"pilot_87","pilot",10,1,NA,"lower_own_payoff","lower_own_payoff",NA
"pilot_88","pilot",10,1,NA,"lower_own_payoff","lower_own_payoff",NA
"pilot_89","pilot",10,1,NA,"higher_own_payoff","higher_own_payoff",NA
"pilot_90","pilot",10,1,NA,"lower_own_payoff","lower_own_payoff",NA
"pilot_91","pilot",10,1,NA,"higher_own_payoff","higher_own_payoff",NA
"pilot_92","pilot",10,1,NA,"lower_own_payoff","higher_own_payoff",NA
"pilot_93","pilot",10,1,NA,"lower_own_payoff","lower_own_payoff",NA
"pilot_94","pilot",10,1,NA,"lower_own_payoff","lower_own_payoff",NA
"pilot_95","pilot",10,1,NA,"lower_own_payoff","higher_own_payoff",NA
"pilot_96","pilot",10,1,NA,"higher_own_payoff","higher_own_payoff",NA
"pilot_97","pilot",10,1,NA,"lower_own_payoff","lower_own_payoff",NA
"pilot_98","pilot",10,1,NA,"higher_own_payoff","higher_own_payoff",NA
"pilot_99","pilot",10,1,NA,"higher_own_payoff","higher_own_payoff",NA
"pilot_100","pilot",10,1,NA,"higher_own_payoff","lower_own_payoff",NA
"pilot_101","pilot",10,1,NA,"lower_own_payoff","lower_own_payoff",NA
"pilot_102","pilot",10,1,NA,"higher_own_payoff","higher_own_payoff",NA
"pilot_103","pilot",10,1,NA,"lower_own_payoff","lower_own_payoff",NA
"pilot_104","pilot",10,1,NA,"lower_own_payoff","lower_own_payoff",NA
"pilot_105","pilot",10,1,NA,"lower_own_payoff","lower_own_payoff",NA
"pilot_106","pilot",10,1,NA,"higher_own_payoff","higher_own_payoff",NA
"pilot_107","pilot",10,1,NA,"lower_own_payoff","higher_own_payoff",NA
"pilot_108","pilot",10,1,NA,"lower_own_payoff","higher_own_payoff",NA
"pilot_109","pilot",10,1,NA,"higher_own_payoff","lower_own_payoff",NA
"pilot_110","pilot",10,1,NA,"lower_own_payoff","lower_own_payoff",NA
"pilot_111","pilot",10,1,NA,"lower_own_payoff","lower_own_payoff",NA
"pilot_112","pilot",10,1,NA,"lower_own_payoff","higher_own_payoff",NA
"pilot_113","pilot",10,1,NA,"lower_own_payoff","lower_own_payoff",NA
"pilot_114","pilot",10,1,NA,"higher_own_payoff","lower_own_payoff",NA
"pilot_115","pilot",10,1,NA,"higher_own_payoff","higher_own_payoff",NA
"pilot_116","pilot",10,1,NA,"lower_own_payoff","lower_own_payoff",NA
"pilot_117","pilot",10,1,NA,"higher_own_payoff","higher_own_payoff",NA
"pilot_118","pilot",10,1,NA,"lower_own_payoff","lower_own_payoff",NA
"pilot_119","pilot",10,1,NA,"lower_own_payoff","lower_own_payoff",NA
"pilot_120","pilot",10,1,NA,"lower_own_payoff","lower_own_payoff",NA
"pilot_121","pilot",10,1,NA,"higher_own_payoff","higher_own_payoff",NA
"pilot_122","pilot",10,1,NA,"lower_own_payoff","higher_own_payoff",NA
"pilot_123","pilot",10,1,NA,"higher_own_payoff","higher_own_payoff",NA
"pilot_124","pilot",10,1,NA,"higher_own_payoff","higher_own_payoff",NA
"pilot_125","pilot",10,1,NA,"lower_own_payoff","lower_own_payoff",NA
"pilot_126","pilot",10,1,NA,"lower_own_payoff","lower_own_payoff",NA
"pilot_127","pilot",10,1,NA,"lower_own_payoff","lower_own_payoff",NA
"pilot_128","pilot",10,1,NA,"higher_own_payoff","higher_own_payoff",NA
"pilot_129","pilot",10,1,NA,"higher_own_payoff","higher_own_payoff",NA
"pilot_130","pilot",10,1,NA,"lower_own_payoff","lower_own_payoff",NA
"pilot_131","pilot",10,1,NA,"higher_own_payoff","higher_own_payoff",NA
"pilot_132","pilot",10,1,NA,"higher_own_payoff","higher_own_payoff",NA
"pilot_133","pilot",10,1,NA,"lower_own_payoff","lower_own_payoff",NA
"pilot_134","pilot",10,1,NA,"lower_own_payoff","lower_own_payoff",NA
"pilot_135","pilot",10,1,NA,"lower_own_payoff","higher_own_payoff",NA
"pilot_136","pilot",10,1,NA,"lower_own_payoff","lower_own_payoff",NA
"pilot_137","pilot",10,1,NA,"higher_own_payoff","higher_own_payoff",NA
"pilot_138","pilot",10,1,NA,"lower_own_payoff","lower_own_payoff",NA
"pilot_139","pilot",10,1,NA,"lower_own_payoff","higher_own_payoff",NA
"pilot_140","pilot",10,1,NA,"higher_own_payoff","higher_own_payoff",NA
"pilot_141","pilot",10,1,NA,"higher_own_payoff","higher_own_payoff",NA
"pilot_142","pilot",10,1,NA,"lower_own_payoff","lower_own_payoff",NA
"pilot_143","pilot",10,1,NA,"higher_own_payoff","lower_own_payoff",NA
"pilot_144","pilot",10,1,NA,"higher_own_payoff","higher_own_payoff",NA
"pilot_145","pilot",10,1,NA,"lower_own_payoff","lower_own_payoff",NA
"pilot_146","pilot",10,1,NA,"higher_own_payoff","higher_own_payoff",NA
"pilot_147","pilot",10,1,NA,"lower_own_payoff","lower_own_payoff",NA
"pilot_148","pilot",10,1,NA,"lower_own_payoff","lower_own_payoff",NA
"pilot_149","pilot",10,1,NA,"higher_own_payoff","higher_own_payoff",NA
"pilot_150","pilot",10,1,NA,"lower_own_payoff","higher_own_payoff",NA
"pilot_151","pilot",10,1,NA,"higher_own_payoff","higher_own_payoff",NA
"pilot_152","pilot",10,1,NA,"lower_own_payoff","lower_own_payoff",NA
"pilot_153","pilot",10,1,NA,"higher_own_payoff","higher_own_payoff",NA
"pilot_154","pilot",10,1,NA,"higher_own_payoff","lower_own_payoff",NA
"pilot_155","pilot",10,1,NA,"lower_own_payoff","lower_own_payoff",NA
"pilot_156","pilot",10,1,NA,"lower_own_payoff","lower_own_payoff",NA
"pilot_157","pilot",10,1,NA,"higher_own_payoff","lower_own_payoff",NA
"pilot_158","pilot",10,1,NA,"lower_own_payoff","lower_own_payoff",NA
"pilot_159","pilot",10,1,NA,"higher_own_payoff","higher_own_payoff",NA
"pilot_160","pilot",10,1,NA,"lower_own_payoff","lower_own_payoff",NA
"pilot_161","pilot",10,1,NA,"higher_own_payoff","higher_own_payoff",NA
"pilot_162","pilot",10,1,NA,"higher_own_payoff","higher_own_payoff",NA
"pilot_163","pilot",10,1,NA,"higher_own_payoff","higher_own_payoff",NA
"pilot_164","pilot",10,1,NA,"lower_own_payoff","lower_own_payoff",NA
"pilot_165","pilot",10,1,NA,"lower_own_payoff","lower_own_payoff",NA
"pilot_166","pilot",10,1,NA,"higher_own_payoff","higher_own_payoff",NA
"pilot_167","pilot",10,1,NA,"higher_own_payoff","higher_own_payoff",NA
"pilot_168","pilot",10,1,NA,"higher_own_payoff","higher_own_payoff",NA
"pilot_169","pilot",10,1,NA,"lower_own_payoff","lower_own_payoff",NA
"pilot_170","pilot",10,1,NA,"higher_own_payoff","higher_own_payoff",NA
"pilot_171","pilot",10,1,NA,"lower_own_payoff","higher_own_payoff",NA
"pilot_172","pilot",10,1,NA,"higher_own_payoff","higher_own_payoff",NA
"pilot_173","pilot",10,1,NA,"higher_own_payoff","higher_own_payoff",NA
"pilot_174","pilot",10,1,NA,"lower_own_payoff","lower_own_payoff",NA
"pilot_175","pilot",10,1,NA,"lower_own_payoff","lower_own_payoff",NA
"pilot_176","pilot",10,1,NA,"higher_own_payoff","higher_own_payoff",NA
"pilot_177","pilot",10,1,NA,"higher_own_payoff","lower_own_payoff",NA
"pilot_178","pilot",10,1,NA,"lower_own_payoff","higher_own_payoff",NA
"pilot_179","pilot",10,1,NA,"higher_own_payoff","higher_own_payoff",NA
"pilot_180","pilot",10,1,NA,"lower_own_payoff","lower_own_payoff",NA
"pilot_181","pilot",10,1,NA,"higher_own_payoff","lower_own_payoff",NA
"pilot_182","pilot",10,1,NA,"lower_own_payoff","lower_own_payoff",NA
"pilot_183","pilot",10,1,NA,"higher_own_payoff","higher_own_payoff",NA
"pilot_184","pilot",10,1,NA,"lower_own_payoff","lower_own_payoff",NA
"pilot_185","pilot",10,1,NA,"lower_own_payoff","lower_own_payoff",NA
"pilot_186","pilot",10,1,NA,"lower_own_payoff","lower_own_payoff",NA
"pilot_187","pilot",10,1,NA,"higher_own_payoff","higher_own_payoff",NA
"pilot_188","pilot",10,1,NA,"higher_own_payoff","lower_own_payoff",NA
"pilot_189","pilot",10,1,NA,"higher_own_payoff","lower_own_payoff",NA
"pilot_190","pilot",10,1,NA,"lower_own_payoff","lower_own_payoff",NA
"pilot_191","pilot",10,1,NA,"higher_own_payoff","higher_own_payoff",NA
"pilot_192","pilot",10,1,NA,"lower_own_payoff","lower_own_payoff",NA
"pilot_193","pilot",10,1,NA,"higher_own_payoff","higher_own_payoff",NA
"pilot_194","pilot",10,1,NA,"higher_own_payoff","lower_own_payoff",NA
"pilot_195","pilot",10,1,NA,"higher_own_payoff","higher_own_payoff",NA
"pilot_196","pilot",10,1,NA,"higher_own_payoff","higher_own_payoff",NA
"pilot_197","pilot",10,1,NA,"lower_own_payoff","lower_own_payoff",NA
"pilot_198","pilot",10,1,NA,"higher_own_payoff","higher_own_payoff",NA
"pilot_199","pilot",10,1,NA,"lower_own_payoff","lower_own_payoff",NA
"pilot_200","pilot",10,1,NA,"higher_own_payoff","higher_own_payoff",NA
"pilot_201","pilot",10,1,NA,"lower_own_payoff","higher_own_payoff",NA
"pilot_202","pilot",10,1,NA,"higher_own_payoff","higher_own_payoff",NA
"pilot_203","pilot",10,1,NA,"higher_own_payoff","higher_own_payoff",NA
"pilot_204","pilot",10,1,NA,"higher_own_payoff","higher_own_payoff",NA
"pilot_205","pilot",10,1,NA,"lower_own_payoff","lower_own_payoff",NA
"pilot_206","pilot",10,1,NA,"higher_own_payoff","higher_own_payoff",NA
"pilot_207","pilot",10,1,NA,"higher_own_payoff","higher_own_payoff",NA
"pilot_208","pilot",10,1,NA,"higher_own_payoff","higher_own_payoff",NA
"pilot_209","pilot",10,1,NA,"lower_own_payoff","lower_own_payoff",NA
"pilot_210","pilot",10,1,NA,"higher_own_payoff","higher_own_payoff",NA
"pilot_211","pilot",10,1,NA,"higher_own_payoff","higher_own_payoff",NA
"pilot_212","pilot",10,1,NA,"higher_own_payoff","higher_own_payoff",NA
"pilot_213","pilot",10,1,NA,"higher_own_payoff","higher_own_payoff",NA
"pilot_214","pilot",10,1,NA,"lower_own_payoff","lower_own_payoff",NA
"pilot_215","pilot",10,1,NA,"lower_own_payoff","lower_own_payoff",NA
"pilot_216","pilot",10,1,NA,"higher_own_payoff","higher_own_payoff",NA
"pilot_217","pilot",10,1,NA,"higher_own_payoff","higher_own_payoff",NA
"pilot_218","pilot",10,1,NA,"lower_own_payoff","lower_own_payoff",NA
"pilot_219","pilot",10,1,NA,"higher_own_payoff","higher_own_payoff",NA
"pilot_220","pilot",10,1,NA,"higher_own_payoff","higher_own_payoff",NA
"pilot_221","pilot",10,1,NA,"lower_own_payoff","lower_own_payoff",NA
"pilot_222","pilot",10,1,NA,"higher_own_payoff","higher_own_payoff",NA
"pilot_223","pilot",10,1,NA,"higher_own_payoff","higher_own_payoff",NA
"pilot_224","pilot",10,1,NA,"higher_own_payoff","higher_own_payoff",NA
"pilot_225","pilot",10,1,NA,"higher_own_payoff","higher_own_payoff",NA
"pilot_226","pilot",10,1,NA,"higher_own_payoff","higher_own_payoff",NA
"pilot_227","pilot",10,1,NA,"higher_own_payoff","higher_own_payoff",NA
"pilot_228","pilot",10,1,NA,"lower_own_payoff","lower_own_payoff",NA
"pilot_229","pilot",10,1,NA,"higher_own_payoff","higher_own_payoff",NA
"pilot_230","pilot",10,1,NA,"higher_own_payoff","higher_own_payoff",NA
"pilot_231","pilot",10,1,NA,"higher_own_payoff","lower_own_payoff",NA
"pilot_232","pilot",10,1,NA,"lower_own_payoff","higher_own_payoff",NA
"pilot_233","pilot",10,1,NA,"higher_own_payoff","higher_own_payoff",NA
"pilot_234","pilot",10,1,NA,"higher_own_payoff","lower_own_payoff",NA
"pilot_235","pilot",10,1,NA,"higher_own_payoff","higher_own_payoff",NA
"pilot_236","pilot",10,1,NA,"higher_own_payoff","higher_own_payoff",NA
"pilot_237","pilot",10,1,NA,"lower_own_payoff","lower_own_payoff",NA
"pilot_238","pilot",10,1,NA,"higher_own_payoff","higher_own_payoff",NA
"pilot_239","pilot",10,1,NA,"lower_own_payoff","lower_own_payoff",NA
"pilot_240","pilot",10,1,NA,"higher_own_payoff","higher_own_payoff",NA
"pilot_241","pilot",10,1,NA,"lower_own_payoff","lower_own_payoff",NA
"pilot_242","pilot",10,1,NA,"lower_own_payoff","lower_own_payoff",NA
"pilot_243","pilot",10,1,NA,"lower_own_payoff","lower_own_payoff",NA
"pilot_244","pilot",10,1,NA,"higher_own_payoff","higher_own_payoff",NA
"pilot_245","pilot",10,1,NA,"higher_own_payoff","higher_own_payoff",NA
"pilot_246","pilot",10,1,NA,"higher_own_payoff","higher_own_payoff",NA
"pilot_247","pilot",10,1,NA,"higher_own_payoff","higher_own_payoff",NA
"pilot_248","pilot",10,1,NA,"lower_own_payoff","lower_own_payoff",NA
"pilot_249","pilot",10,1,NA,"higher_own_payoff","higher_own_payoff",NA
"pilot_250","pilot",10,1,NA,"lower_own_payoff","lower_own_payoff",NA
"pilot_251","pilot",10,1,NA,"lower_own_payoff","lower_own_payoff",NA
"pilot_252","pilot",10,1,NA,"higher_own_payoff","higher_own_payoff",NA
"pilot_253","pilot",10,1,NA,"higher_own_payoff","higher_own_payoff",NA
"pilot_254","pilot",10,1,NA,"lower_own_payoff","lower_own_payoff",NA
"pilot_255","pilot",10,1,NA,"lower_own_payoff","lower_own_payoff",NA
"pilot_256","pilot",10,1,NA,"higher_own_payoff","higher_own_payoff",NA
"pilot_257","pilot",10,1,NA,"higher_own_payoff","higher_own_payoff",NA
"pilot_258","pilot",10,1,NA,"higher_own_payoff","higher_own_payoff",NA
"pilot_259","pilot",10,1,NA,"higher_own_payoff","higher_own_payoff",NA
"pilot_260","pilot",10,1,NA,"lower_own_payoff","lower_own_payoff",NA
"pilot_261","pilot",10,1,NA,"higher_own_payoff","higher_own_payoff",NA
"pilot_262","pilot",10,1,NA,"higher_own_payoff","higher_own_payoff",NA
"pilot_263","pilot",10,1,NA,"higher_own_payoff","higher_own_payoff",NA
"pilot_264","pilot",10,1,NA,"lower_own_payoff","lower_own_payoff",NA
"pilot_265","pilot",10,1,NA,"lower_own_payoff","lower_own_payoff",NA
"pilot_266","pilot",10,1,NA,"lower_own_payoff","lower_own_payoff",NA
"pilot_267","pilot",10,1,NA,"lower_own_payoff","lower_own_payoff",NA
"pilot_268","pilot",10,1,NA,"higher_own_payoff","higher_own_payoff",NA
"pilot_269","pilot",10,1,NA,"lower_own_payoff","lower_own_payoff",NA
"pilot_270","pilot",10,1,NA,"lower_own_payoff","higher_own_payoff",NA
"pilot_271","pilot",10,1,NA,"higher_own_payoff","higher_own_payoff",NA
"pilot_272","pilot",10,1,NA,"lower_own_payoff","lower_own_payoff",NA
"pilot_273","pilot",10,1,NA,"lower_own_payoff","lower_own_payoff",NA
"pilot_274","pilot",10,1,NA,"higher_own_payoff","higher_own_payoff",NA
"pilot_275","pilot",10,1,NA,"higher_own_payoff","higher_own_payoff",NA
"pilot_276","pilot",10,1,NA,"lower_own_payoff","lower_own_payoff",NA
"pilot_277","pilot",10,1,NA,"higher_own_payoff","higher_own_payoff",NA
"pilot_278","pilot",10,1,NA,"lower_own_payoff","lower_own_payoff",NA
"pilot_279","pilot",10,1,NA,"lower_own_payoff","lower_own_payoff",NA
"pilot_280","pilot",10,1,NA,"higher_own_payoff","higher_own_payoff",NA
"pilot_281","pilot",10,1,NA,"lower_own_payoff","lower_own_payoff",NA
"pilot_282","pilot",10,1,NA,"lower_own_payoff","lower_own_payoff",NA
"pilot_283","pilot",10,1,NA,"higher_own_payoff","higher_own_payoff",NA
"pilot_284","pilot",10,1,NA,"higher_own_payoff","higher_own_payoff",NA
"pilot_285","pilot",10,1,NA,"higher_own_payoff","lower_own_payoff",NA
"pilot_286","pilot",10,1,NA,"lower_own_payoff","lower_own_payoff",NA
"pilot_287","pilot",10,1,NA,"higher_own_payoff","higher_own_payoff",NA
"pilot_288","pilot",10,1,NA,"higher_own_payoff","higher_own_payoff",NA
"pilot_289","pilot",10,1,NA,"lower_own_payoff","lower_own_payoff",NA
"pilot_290","pilot",10,1,NA,"higher_own_payoff","higher_own_payoff",NA
"pilot_291","pilot",10,1,NA,"higher_own_payoff","higher_own_payoff",NA
"pilot_292","pilot",10,1,NA,"higher_own_payoff","lower_own_payoff",NA
"pilot_293","pilot",10,1,NA,"higher_own_payoff","higher_own_payoff",NA
"pilot_294","pilot",10,1,NA,"lower_own_payoff","lower_own_payoff",NA
"pilot_295","pilot",10,1,NA,"higher_own_payoff","higher_own_payoff",NA
"pilot_296","pilot",10,1,NA,"higher_own_payoff","lower_own_payoff",NA
"pilot_297","pilot",10,1,NA,"higher_own_payoff","lower_own_payoff",NA
"pilot_298","pilot",10,1,NA,"lower_own_payoff","lower_own_payoff",NA
"pilot_299","pilot",10,1,NA,"higher_own_payoff","higher_own_payoff",NA
"pilot_300","pilot",10,1,NA,"lower_own_payoff","lower_own_payoff",NA
"pilot_301","pilot",10,1,NA,"higher_own_payoff","higher_own_payoff",NA
"pilot_302","pilot",10,1,NA,"higher_own_payoff","higher_own_payoff",NA
"pilot_303","pilot",10,1,NA,"lower_own_payoff","lower_own_payoff",NA
"pilot_304","pilot",10,1,NA,"lower_own_payoff","lower_own_payoff",NA
"pilot_305","pilot",10,1,NA,"higher_own_payoff","lower_own_payoff",NA
"pilot_306","pilot",10,1,NA,"lower_own_payoff","lower_own_payoff",NA
"pilot_1","pilot",11,1,NA,"lower_own_payoff","lower_own_payoff",NA
"pilot_2","pilot",11,1,NA,"higher_own_payoff","lower_own_payoff",NA
"pilot_3","pilot",11,1,NA,"lower_own_payoff","lower_own_payoff",NA
"pilot_4","pilot",11,1,NA,"higher_own_payoff","lower_own_payoff",NA
"pilot_5","pilot",11,1,NA,"lower_own_payoff","higher_own_payoff",NA
"pilot_6","pilot",11,1,NA,"higher_own_payoff","lower_own_payoff",NA
"pilot_7","pilot",11,1,NA,"higher_own_payoff","lower_own_payoff",NA
"pilot_8","pilot",11,1,NA,"lower_own_payoff","lower_own_payoff",NA
"pilot_9","pilot",11,1,NA,"lower_own_payoff","higher_own_payoff",NA
"pilot_10","pilot",11,1,NA,"lower_own_payoff","higher_own_payoff",NA
"pilot_11","pilot",11,1,NA,"lower_own_payoff","lower_own_payoff",NA
"pilot_12","pilot",11,1,NA,"higher_own_payoff","lower_own_payoff",NA
"pilot_13","pilot",11,1,NA,"higher_own_payoff","higher_own_payoff",NA
"pilot_14","pilot",11,1,NA,"higher_own_payoff","lower_own_payoff",NA
"pilot_15","pilot",11,1,NA,"lower_own_payoff","higher_own_payoff",NA
"pilot_16","pilot",11,1,NA,"higher_own_payoff","lower_own_payoff",NA
"pilot_17","pilot",11,1,NA,"higher_own_payoff","higher_own_payoff",NA
"pilot_18","pilot",11,1,NA,"lower_own_payoff","lower_own_payoff",NA
"pilot_19","pilot",11,1,NA,"higher_own_payoff","higher_own_payoff",NA
"pilot_20","pilot",11,1,NA,"higher_own_payoff","higher_own_payoff",NA
"pilot_21","pilot",11,1,NA,"higher_own_payoff","lower_own_payoff",NA
"pilot_22","pilot",11,1,NA,"lower_own_payoff","higher_own_payoff",NA
"pilot_23","pilot",11,1,NA,"higher_own_payoff","higher_own_payoff",NA
"pilot_24","pilot",11,1,NA,"lower_own_payoff","lower_own_payoff",NA
"pilot_25","pilot",11,1,NA,"lower_own_payoff","higher_own_payoff",NA
"pilot_26","pilot",11,1,NA,"higher_own_payoff","lower_own_payoff",NA
"pilot_27","pilot",11,1,NA,"higher_own_payoff","higher_own_payoff",NA
"pilot_28","pilot",11,1,NA,"higher_own_payoff","higher_own_payoff",NA
"pilot_29","pilot",11,1,NA,"lower_own_payoff","lower_own_payoff",NA
"pilot_30","pilot",11,1,NA,"higher_own_payoff","higher_own_payoff",NA
"pilot_31","pilot",11,1,NA,"lower_own_payoff","higher_own_payoff",NA
"pilot_32","pilot",11,1,NA,"higher_own_payoff","higher_own_payoff",NA
"pilot_33","pilot",11,1,NA,"lower_own_payoff","higher_own_payoff",NA
"pilot_34","pilot",11,1,NA,"higher_own_payoff","higher_own_payoff",NA
"pilot_35","pilot",11,1,NA,"higher_own_payoff","lower_own_payoff",NA
"pilot_36","pilot",11,1,NA,"lower_own_payoff","lower_own_payoff",NA
"pilot_37","pilot",11,1,NA,"lower_own_payoff","lower_own_payoff",NA
"pilot_38","pilot",11,1,NA,"lower_own_payoff","lower_own_payoff",NA
"pilot_39","pilot",11,1,NA,"higher_own_payoff","lower_own_payoff",NA
"pilot_40","pilot",11,1,NA,"lower_own_payoff","higher_own_payoff",NA
"pilot_41","pilot",11,1,NA,"higher_own_payoff","higher_own_payoff",NA
"pilot_42","pilot",11,1,NA,"higher_own_payoff","lower_own_payoff",NA
"pilot_43","pilot",11,1,NA,"higher_own_payoff","higher_own_payoff",NA
"pilot_44","pilot",11,1,NA,"lower_own_payoff","higher_own_payoff",NA
"pilot_45","pilot",11,1,NA,"higher_own_payoff","higher_own_payoff",NA
"pilot_46","pilot",11,1,NA,"lower_own_payoff","lower_own_payoff",NA
"pilot_47","pilot",11,1,NA,"higher_own_payoff","higher_own_payoff",NA
"pilot_48","pilot",11,1,NA,"lower_own_payoff","lower_own_payoff",NA
"pilot_49","pilot",11,1,NA,"lower_own_payoff","higher_own_payoff",NA
"pilot_50","pilot",11,1,NA,"higher_own_payoff","lower_own_payoff",NA
"pilot_51","pilot",11,1,NA,"higher_own_payoff","lower_own_payoff",NA
"pilot_52","pilot",11,1,NA,"lower_own_payoff","higher_own_payoff",NA
"pilot_53","pilot",11,1,NA,"lower_own_payoff","lower_own_payoff",NA
"pilot_54","pilot",11,1,NA,"lower_own_payoff","lower_own_payoff",NA
"pilot_55","pilot",11,1,NA,"higher_own_payoff","higher_own_payoff",NA
"pilot_56","pilot",11,1,NA,"higher_own_payoff","higher_own_payoff",NA
"pilot_57","pilot",11,1,NA,"higher_own_payoff","higher_own_payoff",NA
"pilot_58","pilot",11,1,NA,"higher_own_payoff","lower_own_payoff",NA
"pilot_59","pilot",11,1,NA,"lower_own_payoff","lower_own_payoff",NA
"pilot_60","pilot",11,1,NA,"lower_own_payoff","lower_own_payoff",NA
"pilot_61","pilot",11,1,NA,"higher_own_payoff","higher_own_payoff",NA
"pilot_62","pilot",11,1,NA,"higher_own_payoff","higher_own_payoff",NA
"pilot_63","pilot",11,1,NA,"lower_own_payoff","lower_own_payoff",NA
"pilot_64","pilot",11,1,NA,"higher_own_payoff","lower_own_payoff",NA
"pilot_65","pilot",11,1,NA,"higher_own_payoff","lower_own_payoff",NA
"pilot_66","pilot",11,1,NA,"lower_own_payoff","lower_own_payoff",NA
"pilot_67","pilot",11,1,NA,"lower_own_payoff","lower_own_payoff",NA
"pilot_68","pilot",11,1,NA,"lower_own_payoff","lower_own_payoff",NA
"pilot_69","pilot",11,1,NA,"lower_own_payoff","lower_own_payoff",NA
"pilot_70","pilot",11,1,NA,"higher_own_payoff","higher_own_payoff",NA
"pilot_71","pilot",11,1,NA,"higher_own_payoff","higher_own_payoff",NA
"pilot_72","pilot",11,1,NA,"higher_own_payoff","lower_own_payoff",NA
"pilot_73","pilot",11,1,NA,"higher_own_payoff","lower_own_payoff",NA
"pilot_74","pilot",11,1,NA,"higher_own_payoff","higher_own_payoff",NA
"pilot_75","pilot",11,1,NA,"higher_own_payoff","lower_own_payoff",NA
"pilot_76","pilot",11,1,NA,"higher_own_payoff","higher_own_payoff",NA
"pilot_77","pilot",11,1,NA,"higher_own_payoff","higher_own_payoff",NA
"pilot_78","pilot",11,1,NA,"lower_own_payoff","lower_own_payoff",NA
"pilot_79","pilot",11,1,NA,"lower_own_payoff","lower_own_payoff",NA
"pilot_80","pilot",11,1,NA,"higher_own_payoff","lower_own_payoff",NA
"pilot_81","pilot",11,1,NA,"lower_own_payoff","lower_own_payoff",NA
"pilot_82","pilot",11,1,NA,"lower_own_payoff","higher_own_payoff",NA
"pilot_83","pilot",11,1,NA,"higher_own_payoff","lower_own_payoff",NA
"pilot_84","pilot",11,1,NA,"lower_own_payoff","lower_own_payoff",NA
"pilot_85","pilot",11,1,NA,"higher_own_payoff","lower_own_payoff",NA
"pilot_86","pilot",11,1,NA,"higher_own_payoff","higher_own_payoff",NA
"pilot_87","pilot",11,1,NA,"higher_own_payoff","higher_own_payoff",NA
"pilot_88","pilot",11,1,NA,"lower_own_payoff","higher_own_payoff",NA
"pilot_89","pilot",11,1,NA,"higher_own_payoff","higher_own_payoff",NA
"pilot_90","pilot",11,1,NA,"higher_own_payoff","lower_own_payoff",NA
"pilot_91","pilot",11,1,NA,"higher_own_payoff","higher_own_payoff",NA
"pilot_92","pilot",11,1,NA,"higher_own_payoff","higher_own_payoff",NA
"pilot_93","pilot",11,1,NA,"higher_own_payoff","higher_own_payoff",NA
"pilot_94","pilot",11,1,NA,"higher_own_payoff","lower_own_payoff",NA
"pilot_95","pilot",11,1,NA,"lower_own_payoff","lower_own_payoff",NA
"pilot_96","pilot",11,1,NA,"higher_own_payoff","lower_own_payoff",NA
"pilot_97","pilot",11,1,NA,"lower_own_payoff","higher_own_payoff",NA
"pilot_98","pilot",11,1,NA,"lower_own_payoff","lower_own_payoff",NA
"pilot_99","pilot",11,1,NA,"lower_own_payoff","higher_own_payoff",NA
"pilot_100","pilot",11,1,NA,"higher_own_payoff","lower_own_payoff",NA
"pilot_101","pilot",11,1,NA,"higher_own_payoff","higher_own_payoff",NA
"pilot_102","pilot",11,1,NA,"higher_own_payoff","lower_own_payoff",NA
"pilot_103","pilot",11,1,NA,"higher_own_payoff","higher_own_payoff",NA
"pilot_104","pilot",11,1,NA,"lower_own_payoff","higher_own_payoff",NA
"pilot_105","pilot",11,1,NA,"higher_own_payoff","higher_own_payoff",NA
"pilot_106","pilot",11,1,NA,"lower_own_payoff","lower_own_payoff",NA
"pilot_107","pilot",11,1,NA,"higher_own_payoff","lower_own_payoff",NA
"pilot_108","pilot",11,1,NA,"lower_own_payoff","lower_own_payoff",NA
"pilot_109","pilot",11,1,NA,"lower_own_payoff","lower_own_payoff",NA
"pilot_110","pilot",11,1,NA,"lower_own_payoff","lower_own_payoff",NA
"pilot_111","pilot",11,1,NA,"higher_own_payoff","lower_own_payoff",NA
"pilot_112","pilot",11,1,NA,"higher_own_payoff","higher_own_payoff",NA
"pilot_113","pilot",11,1,NA,"higher_own_payoff","lower_own_payoff",NA
"pilot_114","pilot",11,1,NA,"lower_own_payoff","higher_own_payoff",NA
"pilot_115","pilot",11,1,NA,"higher_own_payoff","higher_own_payoff",NA
"pilot_116","pilot",11,1,NA,"higher_own_payoff","higher_own_payoff",NA
"pilot_117","pilot",11,1,NA,"higher_own_payoff","higher_own_payoff",NA
"pilot_118","pilot",11,1,NA,"higher_own_payoff","lower_own_payoff",NA
"pilot_119","pilot",11,1,NA,"higher_own_payoff","lower_own_payoff",NA
"pilot_120","pilot",11,1,NA,"lower_own_payoff","lower_own_payoff",NA
"pilot_121","pilot",11,1,NA,"lower_own_payoff","higher_own_payoff",NA
"pilot_122","pilot",11,1,NA,"higher_own_payoff","lower_own_payoff",NA
"pilot_123","pilot",11,1,NA,"higher_own_payoff","higher_own_payoff",NA
"pilot_124","pilot",11,1,NA,"higher_own_payoff","higher_own_payoff",NA
"pilot_125","pilot",11,1,NA,"lower_own_payoff","higher_own_payoff",NA
"pilot_126","pilot",11,1,NA,"higher_own_payoff","lower_own_payoff",NA
"pilot_127","pilot",11,1,NA,"lower_own_payoff","higher_own_payoff",NA
"pilot_128","pilot",11,1,NA,"higher_own_payoff","higher_own_payoff",NA
"pilot_129","pilot",11,1,NA,"higher_own_payoff","higher_own_payoff",NA
"pilot_130","pilot",11,1,NA,"higher_own_payoff","higher_own_payoff",NA
"pilot_131","pilot",11,1,NA,"lower_own_payoff","higher_own_payoff",NA
"pilot_132","pilot",11,1,NA,"higher_own_payoff","higher_own_payoff",NA
"pilot_133","pilot",11,1,NA,"lower_own_payoff","lower_own_payoff",NA
"pilot_134","pilot",11,1,NA,"lower_own_payoff","higher_own_payoff",NA
"pilot_135","pilot",11,1,NA,"lower_own_payoff","lower_own_payoff",NA
"pilot_136","pilot",11,1,NA,"lower_own_payoff","lower_own_payoff",NA
"pilot_137","pilot",11,1,NA,"higher_own_payoff","higher_own_payoff",NA
"pilot_138","pilot",11,1,NA,"higher_own_payoff","higher_own_payoff",NA
"pilot_139","pilot",11,1,NA,"lower_own_payoff","lower_own_payoff",NA
"pilot_140","pilot",11,1,NA,"higher_own_payoff","higher_own_payoff",NA
"pilot_141","pilot",11,1,NA,"higher_own_payoff","higher_own_payoff",NA
"pilot_142","pilot",11,1,NA,"higher_own_payoff","higher_own_payoff",NA
"pilot_143","pilot",11,1,NA,"higher_own_payoff","lower_own_payoff",NA
"pilot_144","pilot",11,1,NA,"higher_own_payoff","higher_own_payoff",NA
"pilot_145","pilot",11,1,NA,"higher_own_payoff","higher_own_payoff",NA
"pilot_146","pilot",11,1,NA,"lower_own_payoff","lower_own_payoff",NA
"pilot_147","pilot",11,1,NA,"lower_own_payoff","higher_own_payoff",NA
"pilot_148","pilot",11,1,NA,"higher_own_payoff","lower_own_payoff",NA
"pilot_149","pilot",11,1,NA,"higher_own_payoff","higher_own_payoff",NA
"pilot_150","pilot",11,1,NA,"higher_own_payoff","lower_own_payoff",NA
"pilot_151","pilot",11,1,NA,"lower_own_payoff","higher_own_payoff",NA
"pilot_152","pilot",11,1,NA,"higher_own_payoff","higher_own_payoff",NA
"pilot_153","pilot",11,1,NA,"higher_own_payoff","higher_own_payoff",NA
"pilot_154","pilot",11,1,NA,"higher_own_payoff","lower_own_payoff",NA
"pilot_155","pilot",11,1,NA,"lower_own_payoff","lower_own_payoff",NA
"pilot_156","pilot",11,1,NA,"higher_own_payoff","higher_own_payoff",NA
"pilot_157","pilot",11,1,NA,"lower_own_payoff","higher_own_payoff",NA
"pilot_158","pilot",11,1,NA,"lower_own_payoff","lower_own_payoff",NA
"pilot_159","pilot",11,1,NA,"higher_own_payoff","higher_own_payoff",NA
"pilot_160","pilot",11,1,NA,"lower_own_payoff","higher_own_payoff",NA
"pilot_161","pilot",11,1,NA,"higher_own_payoff","higher_own_payoff",NA
"pilot_162","pilot",11,1,NA,"lower_own_payoff","lower_own_payoff",NA
"pilot_163","pilot",11,1,NA,"higher_own_payoff","higher_own_payoff",NA
"pilot_164","pilot",11,1,NA,"lower_own_payoff","lower_own_payoff",NA
"pilot_165","pilot",11,1,NA,"lower_own_payoff","lower_own_payoff",NA
"pilot_166","pilot",11,1,NA,"higher_own_payoff","higher_own_payoff",NA
"pilot_167","pilot",11,1,NA,"higher_own_payoff","higher_own_payoff",NA
"pilot_168","pilot",11,1,NA,"higher_own_payoff","higher_own_payoff",NA
"pilot_169","pilot",11,1,NA,"lower_own_payoff","lower_own_payoff",NA
"pilot_170","pilot",11,1,NA,"higher_own_payoff","higher_own_payoff",NA
"pilot_171","pilot",11,1,NA,"higher_own_payoff","lower_own_payoff",NA
"pilot_172","pilot",11,1,NA,"lower_own_payoff","higher_own_payoff",NA
"pilot_173","pilot",11,1,NA,"higher_own_payoff","higher_own_payoff",NA
"pilot_174","pilot",11,1,NA,"higher_own_payoff","higher_own_payoff",NA
"pilot_175","pilot",11,1,NA,"higher_own_payoff","lower_own_payoff",NA
"pilot_176","pilot",11,1,NA,"higher_own_payoff","higher_own_payoff",NA
"pilot_177","pilot",11,1,NA,"higher_own_payoff","lower_own_payoff",NA
"pilot_178","pilot",11,1,NA,"lower_own_payoff","lower_own_payoff",NA
"pilot_179","pilot",11,1,NA,"higher_own_payoff","lower_own_payoff",NA
"pilot_180","pilot",11,1,NA,"higher_own_payoff","lower_own_payoff",NA
"pilot_181","pilot",11,1,NA,"higher_own_payoff","lower_own_payoff",NA
"pilot_182","pilot",11,1,NA,"lower_own_payoff","lower_own_payoff",NA
"pilot_183","pilot",11,1,NA,"lower_own_payoff","lower_own_payoff",NA
"pilot_184","pilot",11,1,NA,"lower_own_payoff","higher_own_payoff",NA
"pilot_185","pilot",11,1,NA,"higher_own_payoff","higher_own_payoff",NA
"pilot_186","pilot",11,1,NA,"lower_own_payoff","higher_own_payoff",NA
"pilot_187","pilot",11,1,NA,"higher_own_payoff","higher_own_payoff",NA
"pilot_188","pilot",11,1,NA,"lower_own_payoff","lower_own_payoff",NA
"pilot_189","pilot",11,1,NA,"higher_own_payoff","lower_own_payoff",NA
"pilot_190","pilot",11,1,NA,"lower_own_payoff","lower_own_payoff",NA
"pilot_191","pilot",11,1,NA,"higher_own_payoff","higher_own_payoff",NA
"pilot_192","pilot",11,1,NA,"higher_own_payoff","higher_own_payoff",NA
"pilot_193","pilot",11,1,NA,"lower_own_payoff","lower_own_payoff",NA
"pilot_194","pilot",11,1,NA,"higher_own_payoff","lower_own_payoff",NA
"pilot_195","pilot",11,1,NA,"lower_own_payoff","lower_own_payoff",NA
"pilot_196","pilot",11,1,NA,"lower_own_payoff","lower_own_payoff",NA
"pilot_197","pilot",11,1,NA,"higher_own_payoff","higher_own_payoff",NA
"pilot_198","pilot",11,1,NA,"lower_own_payoff","lower_own_payoff",NA
"pilot_199","pilot",11,1,NA,"higher_own_payoff","higher_own_payoff",NA
"pilot_200","pilot",11,1,NA,"higher_own_payoff","higher_own_payoff",NA
"pilot_201","pilot",11,1,NA,"higher_own_payoff","lower_own_payoff",NA
"pilot_202","pilot",11,1,NA,"higher_own_payoff","higher_own_payoff",NA
"pilot_203","pilot",11,1,NA,"higher_own_payoff","lower_own_payoff",NA
"pilot_204","pilot",11,1,NA,"higher_own_payoff","higher_own_payoff",NA
"pilot_205","pilot",11,1,NA,"higher_own_payoff","higher_own_payoff",NA
"pilot_206","pilot",11,1,NA,"higher_own_payoff","lower_own_payoff",NA
"pilot_207","pilot",11,1,NA,"higher_own_payoff","higher_own_payoff",NA
"pilot_208","pilot",11,1,NA,"higher_own_payoff","higher_own_payoff",NA
"pilot_209","pilot",11,1,NA,"lower_own_payoff","lower_own_payoff",NA
"pilot_210","pilot",11,1,NA,"lower_own_payoff","lower_own_payoff",NA
"pilot_211","pilot",11,1,NA,"higher_own_payoff","higher_own_payoff",NA
"pilot_212","pilot",11,1,NA,"higher_own_payoff","higher_own_payoff",NA
"pilot_213","pilot",11,1,NA,"higher_own_payoff","lower_own_payoff",NA
"pilot_214","pilot",11,1,NA,"higher_own_payoff","lower_own_payoff",NA
"pilot_215","pilot",11,1,NA,"lower_own_payoff","lower_own_payoff",NA
"pilot_216","pilot",11,1,NA,"lower_own_payoff","higher_own_payoff",NA
"pilot_217","pilot",11,1,NA,"higher_own_payoff","lower_own_payoff",NA
"pilot_218","pilot",11,1,NA,"lower_own_payoff","higher_own_payoff",NA
"pilot_219","pilot",11,1,NA,"lower_own_payoff","lower_own_payoff",NA
"pilot_220","pilot",11,1,NA,"higher_own_payoff","higher_own_payoff",NA
"pilot_221","pilot",11,1,NA,"lower_own_payoff","lower_own_payoff",NA
"pilot_222","pilot",11,1,NA,"higher_own_payoff","higher_own_payoff",NA
"pilot_223","pilot",11,1,NA,"higher_own_payoff","lower_own_payoff",NA
"pilot_224","pilot",11,1,NA,"higher_own_payoff","higher_own_payoff",NA
"pilot_225","pilot",11,1,NA,"lower_own_payoff","higher_own_payoff",NA
"pilot_226","pilot",11,1,NA,"lower_own_payoff","higher_own_payoff",NA
"pilot_227","pilot",11,1,NA,"higher_own_payoff","higher_own_payoff",NA
"pilot_228","pilot",11,1,NA,"lower_own_payoff","lower_own_payoff",NA
"pilot_229","pilot",11,1,NA,"higher_own_payoff","higher_own_payoff",NA
"pilot_230","pilot",11,1,NA,"higher_own_payoff","higher_own_payoff",NA
"pilot_231","pilot",11,1,NA,"higher_own_payoff","higher_own_payoff",NA
"pilot_232","pilot",11,1,NA,"lower_own_payoff","higher_own_payoff",NA
"pilot_233","pilot",11,1,NA,"higher_own_payoff","lower_own_payoff",NA
"pilot_234","pilot",11,1,NA,"higher_own_payoff","higher_own_payoff",NA
"pilot_235","pilot",11,1,NA,"higher_own_payoff","higher_own_payoff",NA
"pilot_236","pilot",11,1,NA,"higher_own_payoff","lower_own_payoff",NA
"pilot_237","pilot",11,1,NA,"lower_own_payoff","higher_own_payoff",NA
"pilot_238","pilot",11,1,NA,"higher_own_payoff","higher_own_payoff",NA
"pilot_239","pilot",11,1,NA,"lower_own_payoff","higher_own_payoff",NA
"pilot_240","pilot",11,1,NA,"higher_own_payoff","higher_own_payoff",NA
"pilot_241","pilot",11,1,NA,"higher_own_payoff","lower_own_payoff",NA
"pilot_242","pilot",11,1,NA,"higher_own_payoff","higher_own_payoff",NA
"pilot_243","pilot",11,1,NA,"lower_own_payoff","lower_own_payoff",NA
"pilot_244","pilot",11,1,NA,"lower_own_payoff","higher_own_payoff",NA
"pilot_245","pilot",11,1,NA,"higher_own_payoff","higher_own_payoff",NA
"pilot_246","pilot",11,1,NA,"lower_own_payoff","higher_own_payoff",NA
"pilot_247","pilot",11,1,NA,"higher_own_payoff","higher_own_payoff",NA
"pilot_248","pilot",11,1,NA,"higher_own_payoff","lower_own_payoff",NA
"pilot_249","pilot",11,1,NA,"higher_own_payoff","higher_own_payoff",NA
"pilot_250","pilot",11,1,NA,"lower_own_payoff","higher_own_payoff",NA
"pilot_251","pilot",11,1,NA,"lower_own_payoff","lower_own_payoff",NA
"pilot_252","pilot",11,1,NA,"higher_own_payoff","lower_own_payoff",NA
"pilot_253","pilot",11,1,NA,"higher_own_payoff","higher_own_payoff",NA
"pilot_254","pilot",11,1,NA,"lower_own_payoff","higher_own_payoff",NA
"pilot_255","pilot",11,1,NA,"lower_own_payoff","lower_own_payoff",NA
"pilot_256","pilot",11,1,NA,"lower_own_payoff","lower_own_payoff",NA
"pilot_257","pilot",11,1,NA,"higher_own_payoff","lower_own_payoff",NA
"pilot_258","pilot",11,1,NA,"higher_own_payoff","higher_own_payoff",NA
"pilot_259","pilot",11,1,NA,"higher_own_payoff","higher_own_payoff",NA
"pilot_260","pilot",11,1,NA,"higher_own_payoff","higher_own_payoff",NA
"pilot_261","pilot",11,1,NA,"higher_own_payoff","higher_own_payoff",NA
"pilot_262","pilot",11,1,NA,"higher_own_payoff","lower_own_payoff",NA
"pilot_263","pilot",11,1,NA,"higher_own_payoff","higher_own_payoff",NA
"pilot_264","pilot",11,1,NA,"higher_own_payoff","higher_own_payoff",NA
"pilot_265","pilot",11,1,NA,"higher_own_payoff","higher_own_payoff",NA
"pilot_266","pilot",11,1,NA,"higher_own_payoff","higher_own_payoff",NA
"pilot_267","pilot",11,1,NA,"higher_own_payoff","lower_own_payoff",NA
"pilot_268","pilot",11,1,NA,"higher_own_payoff","lower_own_payoff",NA
"pilot_269","pilot",11,1,NA,"lower_own_payoff","lower_own_payoff",NA
"pilot_270","pilot",11,1,NA,"higher_own_payoff","higher_own_payoff",NA
"pilot_271","pilot",11,1,NA,"lower_own_payoff","higher_own_payoff",NA
"pilot_272","pilot",11,1,NA,"higher_own_payoff","higher_own_payoff",NA
"pilot_273","pilot",11,1,NA,"lower_own_payoff","lower_own_payoff",NA
"pilot_274","pilot",11,1,NA,"higher_own_payoff","lower_own_payoff",NA
"pilot_275","pilot",11,1,NA,"higher_own_payoff","higher_own_payoff",NA
"pilot_276","pilot",11,1,NA,"lower_own_payoff","lower_own_payoff",NA
"pilot_277","pilot",11,1,NA,"higher_own_payoff","higher_own_payoff",NA
"pilot_278","pilot",11,1,NA,"lower_own_payoff","lower_own_payoff",NA
"pilot_279","pilot",11,1,NA,"lower_own_payoff","lower_own_payoff",NA
"pilot_280","pilot",11,1,NA,"lower_own_payoff","lower_own_payoff",NA
"pilot_281","pilot",11,1,NA,"higher_own_payoff","higher_own_payoff",NA
"pilot_282","pilot",11,1,NA,"lower_own_payoff","lower_own_payoff",NA
"pilot_283","pilot",11,1,NA,"higher_own_payoff","lower_own_payoff",NA
"pilot_284","pilot",11,1,NA,"higher_own_payoff","higher_own_payoff",NA
"pilot_285","pilot",11,1,NA,"lower_own_payoff","higher_own_payoff",NA
"pilot_286","pilot",11,1,NA,"higher_own_payoff","higher_own_payoff",NA
"pilot_287","pilot",11,1,NA,"lower_own_payoff","lower_own_payoff",NA
"pilot_288","pilot",11,1,NA,"higher_own_payoff","lower_own_payoff",NA
"pilot_289","pilot",11,1,NA,"higher_own_payoff","higher_own_payoff",NA
"pilot_290","pilot",11,1,NA,"higher_own_payoff","higher_own_payoff",NA
"pilot_291","pilot",11,1,NA,"higher_own_payoff","higher_own_payoff",NA
"pilot_292","pilot",11,1,NA,"higher_own_payoff","higher_own_payoff",NA
"pilot_293","pilot",11,1,NA,"lower_own_payoff","higher_own_payoff",NA
"pilot_294","pilot",11,1,NA,"higher_own_payoff","lower_own_payoff",NA
"pilot_295","pilot",11,1,NA,"higher_own_payoff","lower_own_payoff",NA
"pilot_296","pilot",11,1,NA,"higher_own_payoff","higher_own_payoff",NA
"pilot_297","pilot",11,1,NA,"lower_own_payoff","lower_own_payoff",NA
"pilot_298","pilot",11,1,NA,"lower_own_payoff","higher_own_payoff",NA
"pilot_299","pilot",11,1,NA,"lower_own_payoff","lower_own_payoff",NA
"pilot_300","pilot",11,1,NA,"lower_own_payoff","lower_own_payoff",NA
"pilot_301","pilot",11,1,NA,"higher_own_payoff","lower_own_payoff",NA
"pilot_302","pilot",11,1,NA,"higher_own_payoff","higher_own_payoff",NA
"pilot_303","pilot",11,1,NA,"lower_own_payoff","higher_own_payoff",NA
"pilot_304","pilot",11,1,NA,"lower_own_payoff","higher_own_payoff",NA
"pilot_305","pilot",11,1,NA,"higher_own_payoff","higher_own_payoff",NA
"pilot_306","pilot",11,1,NA,"higher_own_payoff","higher_own_payoff",NA
"pilot_1","pilot",12,1,NA,"lower_own_payoff","higher_own_payoff",NA
"pilot_2","pilot",12,1,NA,"lower_own_payoff","lower_own_payoff",NA
"pilot_3","pilot",12,1,NA,"lower_own_payoff","higher_own_payoff",NA
"pilot_4","pilot",12,1,NA,"lower_own_payoff","lower_own_payoff",NA
"pilot_5","pilot",12,1,NA,"lower_own_payoff","lower_own_payoff",NA
"pilot_6","pilot",12,1,NA,"higher_own_payoff","lower_own_payoff",NA
"pilot_7","pilot",12,1,NA,"higher_own_payoff","higher_own_payoff",NA
"pilot_8","pilot",12,1,NA,"lower_own_payoff","lower_own_payoff",NA
"pilot_9","pilot",12,1,NA,"lower_own_payoff","higher_own_payoff",NA
"pilot_10","pilot",12,1,NA,"higher_own_payoff","lower_own_payoff",NA
"pilot_11","pilot",12,1,NA,"lower_own_payoff","lower_own_payoff",NA
"pilot_12","pilot",12,1,NA,"higher_own_payoff","higher_own_payoff",NA
"pilot_13","pilot",12,1,NA,"lower_own_payoff","lower_own_payoff",NA
"pilot_14","pilot",12,1,NA,"higher_own_payoff","lower_own_payoff",NA
"pilot_15","pilot",12,1,NA,"lower_own_payoff","higher_own_payoff",NA
"pilot_16","pilot",12,1,NA,"lower_own_payoff","higher_own_payoff",NA
"pilot_17","pilot",12,1,NA,"lower_own_payoff","lower_own_payoff",NA
"pilot_18","pilot",12,1,NA,"lower_own_payoff","lower_own_payoff",NA
"pilot_19","pilot",12,1,NA,"higher_own_payoff","lower_own_payoff",NA
"pilot_20","pilot",12,1,NA,"higher_own_payoff","higher_own_payoff",NA
"pilot_21","pilot",12,1,NA,"lower_own_payoff","lower_own_payoff",NA
"pilot_22","pilot",12,1,NA,"higher_own_payoff","lower_own_payoff",NA
"pilot_23","pilot",12,1,NA,"higher_own_payoff","higher_own_payoff",NA
"pilot_24","pilot",12,1,NA,"lower_own_payoff","lower_own_payoff",NA
"pilot_25","pilot",12,1,NA,"lower_own_payoff","lower_own_payoff",NA
"pilot_26","pilot",12,1,NA,"lower_own_payoff","higher_own_payoff",NA
"pilot_27","pilot",12,1,NA,"higher_own_payoff","higher_own_payoff",NA
"pilot_28","pilot",12,1,NA,"lower_own_payoff","lower_own_payoff",NA
"pilot_29","pilot",12,1,NA,"lower_own_payoff","lower_own_payoff",NA
"pilot_30","pilot",12,1,NA,"lower_own_payoff","lower_own_payoff",NA
"pilot_31","pilot",12,1,NA,"higher_own_payoff","higher_own_payoff",NA
"pilot_32","pilot",12,1,NA,"higher_own_payoff","lower_own_payoff",NA
"pilot_33","pilot",12,1,NA,"lower_own_payoff","lower_own_payoff",NA
"pilot_34","pilot",12,1,NA,"lower_own_payoff","lower_own_payoff",NA
"pilot_35","pilot",12,1,NA,"higher_own_payoff","lower_own_payoff",NA
"pilot_36","pilot",12,1,NA,"lower_own_payoff","higher_own_payoff",NA
"pilot_37","pilot",12,1,NA,"lower_own_payoff","lower_own_payoff",NA
"pilot_38","pilot",12,1,NA,"lower_own_payoff","higher_own_payoff",NA
"pilot_39","pilot",12,1,NA,"higher_own_payoff","higher_own_payoff",NA
"pilot_40","pilot",12,1,NA,"lower_own_payoff","higher_own_payoff",NA
"pilot_41","pilot",12,1,NA,"higher_own_payoff","higher_own_payoff",NA
"pilot_42","pilot",12,1,NA,"lower_own_payoff","lower_own_payoff",NA
"pilot_43","pilot",12,1,NA,"higher_own_payoff","higher_own_payoff",NA
"pilot_44","pilot",12,1,NA,"higher_own_payoff","lower_own_payoff",NA
"pilot_45","pilot",12,1,NA,"higher_own_payoff","higher_own_payoff",NA
"pilot_46","pilot",12,1,NA,"higher_own_payoff","lower_own_payoff",NA
"pilot_47","pilot",12,1,NA,"higher_own_payoff","higher_own_payoff",NA
"pilot_48","pilot",12,1,NA,"lower_own_payoff","lower_own_payoff",NA
"pilot_49","pilot",12,1,NA,"higher_own_payoff","higher_own_payoff",NA
"pilot_50","pilot",12,1,NA,"lower_own_payoff","lower_own_payoff",NA
"pilot_51","pilot",12,1,NA,"higher_own_payoff","lower_own_payoff",NA
"pilot_52","pilot",12,1,NA,"lower_own_payoff","lower_own_payoff",NA
"pilot_53","pilot",12,1,NA,"lower_own_payoff","lower_own_payoff",NA
"pilot_54","pilot",12,1,NA,"higher_own_payoff","lower_own_payoff",NA
"pilot_55","pilot",12,1,NA,"lower_own_payoff","higher_own_payoff",NA
"pilot_56","pilot",12,1,NA,"lower_own_payoff","lower_own_payoff",NA
"pilot_57","pilot",12,1,NA,"higher_own_payoff","higher_own_payoff",NA
"pilot_58","pilot",12,1,NA,"higher_own_payoff","lower_own_payoff",NA
"pilot_59","pilot",12,1,NA,"lower_own_payoff","lower_own_payoff",NA
"pilot_60","pilot",12,1,NA,"lower_own_payoff","lower_own_payoff",NA
"pilot_61","pilot",12,1,NA,"higher_own_payoff","higher_own_payoff",NA
"pilot_62","pilot",12,1,NA,"higher_own_payoff","higher_own_payoff",NA
"pilot_63","pilot",12,1,NA,"lower_own_payoff","lower_own_payoff",NA
"pilot_64","pilot",12,1,NA,"higher_own_payoff","higher_own_payoff",NA
"pilot_65","pilot",12,1,NA,"lower_own_payoff","lower_own_payoff",NA
"pilot_66","pilot",12,1,NA,"lower_own_payoff","lower_own_payoff",NA
"pilot_67","pilot",12,1,NA,"lower_own_payoff","lower_own_payoff",NA
"pilot_68","pilot",12,1,NA,"higher_own_payoff","lower_own_payoff",NA
"pilot_69","pilot",12,1,NA,"lower_own_payoff","lower_own_payoff",NA
"pilot_70","pilot",12,1,NA,"lower_own_payoff","lower_own_payoff",NA
"pilot_71","pilot",12,1,NA,"lower_own_payoff","lower_own_payoff",NA
"pilot_72","pilot",12,1,NA,"higher_own_payoff","higher_own_payoff",NA
"pilot_73","pilot",12,1,NA,"lower_own_payoff","higher_own_payoff",NA
"pilot_74","pilot",12,1,NA,"lower_own_payoff","lower_own_payoff",NA
"pilot_75","pilot",12,1,NA,"lower_own_payoff","lower_own_payoff",NA
"pilot_76","pilot",12,1,NA,"lower_own_payoff","lower_own_payoff",NA
"pilot_77","pilot",12,1,NA,"higher_own_payoff","higher_own_payoff",NA
"pilot_78","pilot",12,1,NA,"lower_own_payoff","lower_own_payoff",NA
"pilot_79","pilot",12,1,NA,"lower_own_payoff","lower_own_payoff",NA
"pilot_80","pilot",12,1,NA,"higher_own_payoff","higher_own_payoff",NA
"pilot_81","pilot",12,1,NA,"lower_own_payoff","higher_own_payoff",NA
"pilot_82","pilot",12,1,NA,"higher_own_payoff","lower_own_payoff",NA
"pilot_83","pilot",12,1,NA,"higher_own_payoff","lower_own_payoff",NA
"pilot_84","pilot",12,1,NA,"lower_own_payoff","lower_own_payoff",NA
"pilot_85","pilot",12,1,NA,"lower_own_payoff","higher_own_payoff",NA
"pilot_86","pilot",12,1,NA,"lower_own_payoff","lower_own_payoff",NA
"pilot_87","pilot",12,1,NA,"lower_own_payoff","higher_own_payoff",NA
"pilot_88","pilot",12,1,NA,"higher_own_payoff","higher_own_payoff",NA
"pilot_89","pilot",12,1,NA,"higher_own_payoff","higher_own_payoff",NA
"pilot_90","pilot",12,1,NA,"higher_own_payoff","lower_own_payoff",NA
"pilot_91","pilot",12,1,NA,"higher_own_payoff","lower_own_payoff",NA
"pilot_92","pilot",12,1,NA,"higher_own_payoff","higher_own_payoff",NA
"pilot_93","pilot",12,1,NA,"higher_own_payoff","lower_own_payoff",NA
"pilot_94","pilot",12,1,NA,"lower_own_payoff","higher_own_payoff",NA
"pilot_95","pilot",12,1,NA,"higher_own_payoff","lower_own_payoff",NA
"pilot_96","pilot",12,1,NA,"lower_own_payoff","lower_own_payoff",NA
"pilot_97","pilot",12,1,NA,"lower_own_payoff","lower_own_payoff",NA
"pilot_98","pilot",12,1,NA,"higher_own_payoff","higher_own_payoff",NA
"pilot_99","pilot",12,1,NA,"lower_own_payoff","lower_own_payoff",NA
"pilot_100","pilot",12,1,NA,"lower_own_payoff","higher_own_payoff",NA
"pilot_101","pilot",12,1,NA,"higher_own_payoff","higher_own_payoff",NA
"pilot_102","pilot",12,1,NA,"higher_own_payoff","lower_own_payoff",NA
"pilot_103","pilot",12,1,NA,"higher_own_payoff","higher_own_payoff",NA
"pilot_104","pilot",12,1,NA,"higher_own_payoff","lower_own_payoff",NA
"pilot_105","pilot",12,1,NA,"higher_own_payoff","lower_own_payoff",NA
"pilot_106","pilot",12,1,NA,"lower_own_payoff","higher_own_payoff",NA
"pilot_107","pilot",12,1,NA,"lower_own_payoff","lower_own_payoff",NA
"pilot_108","pilot",12,1,NA,"higher_own_payoff","higher_own_payoff",NA
"pilot_109","pilot",12,1,NA,"lower_own_payoff","lower_own_payoff",NA
"pilot_110","pilot",12,1,NA,"lower_own_payoff","lower_own_payoff",NA
"pilot_111","pilot",12,1,NA,"lower_own_payoff","lower_own_payoff",NA
"pilot_112","pilot",12,1,NA,"higher_own_payoff","higher_own_payoff",NA
"pilot_113","pilot",12,1,NA,"higher_own_payoff","lower_own_payoff",NA
"pilot_114","pilot",12,1,NA,"lower_own_payoff","lower_own_payoff",NA
"pilot_115","pilot",12,1,NA,"lower_own_payoff","lower_own_payoff",NA
"pilot_116","pilot",12,1,NA,"lower_own_payoff","higher_own_payoff",NA
"pilot_117","pilot",12,1,NA,"higher_own_payoff","higher_own_payoff",NA
"pilot_118","pilot",12,1,NA,"lower_own_payoff","lower_own_payoff",NA
"pilot_119","pilot",12,1,NA,"lower_own_payoff","higher_own_payoff",NA
"pilot_120","pilot",12,1,NA,"lower_own_payoff","lower_own_payoff",NA
"pilot_121","pilot",12,1,NA,"higher_own_payoff","lower_own_payoff",NA
"pilot_122","pilot",12,1,NA,"lower_own_payoff","higher_own_payoff",NA
"pilot_123","pilot",12,1,NA,"higher_own_payoff","higher_own_payoff",NA
"pilot_124","pilot",12,1,NA,"lower_own_payoff","lower_own_payoff",NA
"pilot_125","pilot",12,1,NA,"lower_own_payoff","higher_own_payoff",NA
"pilot_126","pilot",12,1,NA,"higher_own_payoff","higher_own_payoff",NA
"pilot_127","pilot",12,1,NA,"lower_own_payoff","lower_own_payoff",NA
"pilot_128","pilot",12,1,NA,"higher_own_payoff","higher_own_payoff",NA
"pilot_129","pilot",12,1,NA,"higher_own_payoff","higher_own_payoff",NA
"pilot_130","pilot",12,1,NA,"lower_own_payoff","lower_own_payoff",NA
"pilot_131","pilot",12,1,NA,"lower_own_payoff","higher_own_payoff",NA
"pilot_132","pilot",12,1,NA,"higher_own_payoff","higher_own_payoff",NA
"pilot_133","pilot",12,1,NA,"higher_own_payoff","higher_own_payoff",NA
"pilot_134","pilot",12,1,NA,"higher_own_payoff","lower_own_payoff",NA
"pilot_135","pilot",12,1,NA,"higher_own_payoff","lower_own_payoff",NA
"pilot_136","pilot",12,1,NA,"lower_own_payoff","lower_own_payoff",NA
"pilot_137","pilot",12,1,NA,"higher_own_payoff","lower_own_payoff",NA
"pilot_138","pilot",12,1,NA,"lower_own_payoff","lower_own_payoff",NA
"pilot_139","pilot",12,1,NA,"lower_own_payoff","lower_own_payoff",NA
"pilot_140","pilot",12,1,NA,"higher_own_payoff","higher_own_payoff",NA
"pilot_141","pilot",12,1,NA,"lower_own_payoff","lower_own_payoff",NA
"pilot_142","pilot",12,1,NA,"higher_own_payoff","higher_own_payoff",NA
"pilot_143","pilot",12,1,NA,"higher_own_payoff","lower_own_payoff",NA
"pilot_144","pilot",12,1,NA,"higher_own_payoff","lower_own_payoff",NA
"pilot_145","pilot",12,1,NA,"lower_own_payoff","lower_own_payoff",NA
"pilot_146","pilot",12,1,NA,"lower_own_payoff","lower_own_payoff",NA
"pilot_147","pilot",12,1,NA,"lower_own_payoff","higher_own_payoff",NA
"pilot_148","pilot",12,1,NA,"lower_own_payoff","lower_own_payoff",NA
"pilot_149","pilot",12,1,NA,"higher_own_payoff","higher_own_payoff",NA
"pilot_150","pilot",12,1,NA,"lower_own_payoff","lower_own_payoff",NA
"pilot_151","pilot",12,1,NA,"lower_own_payoff","lower_own_payoff",NA
"pilot_152","pilot",12,1,NA,"higher_own_payoff","lower_own_payoff",NA
"pilot_153","pilot",12,1,NA,"higher_own_payoff","higher_own_payoff",NA
"pilot_154","pilot",12,1,NA,"higher_own_payoff","higher_own_payoff",NA
"pilot_155","pilot",12,1,NA,"lower_own_payoff","lower_own_payoff",NA
"pilot_156","pilot",12,1,NA,"lower_own_payoff","lower_own_payoff",NA
"pilot_157","pilot",12,1,NA,"lower_own_payoff","lower_own_payoff",NA
"pilot_158","pilot",12,1,NA,"lower_own_payoff","lower_own_payoff",NA
"pilot_159","pilot",12,1,NA,"higher_own_payoff","higher_own_payoff",NA
"pilot_160","pilot",12,1,NA,"lower_own_payoff","higher_own_payoff",NA
"pilot_161","pilot",12,1,NA,"higher_own_payoff","higher_own_payoff",NA
"pilot_162","pilot",12,1,NA,"lower_own_payoff","lower_own_payoff",NA
"pilot_163","pilot",12,1,NA,"higher_own_payoff","higher_own_payoff",NA
"pilot_164","pilot",12,1,NA,"higher_own_payoff","lower_own_payoff",NA
"pilot_165","pilot",12,1,NA,"lower_own_payoff","lower_own_payoff",NA
"pilot_166","pilot",12,1,NA,"higher_own_payoff","higher_own_payoff",NA
"pilot_167","pilot",12,1,NA,"higher_own_payoff","lower_own_payoff",NA
"pilot_168","pilot",12,1,NA,"higher_own_payoff","higher_own_payoff",NA
"pilot_169","pilot",12,1,NA,"lower_own_payoff","higher_own_payoff",NA
"pilot_170","pilot",12,1,NA,"higher_own_payoff","higher_own_payoff",NA
"pilot_171","pilot",12,1,NA,"higher_own_payoff","higher_own_payoff",NA
"pilot_172","pilot",12,1,NA,"higher_own_payoff","lower_own_payoff",NA
"pilot_173","pilot",12,1,NA,"higher_own_payoff","higher_own_payoff",NA
"pilot_174","pilot",12,1,NA,"lower_own_payoff","lower_own_payoff",NA
"pilot_175","pilot",12,1,NA,"lower_own_payoff","lower_own_payoff",NA
"pilot_176","pilot",12,1,NA,"lower_own_payoff","lower_own_payoff",NA
"pilot_177","pilot",12,1,NA,"higher_own_payoff","lower_own_payoff",NA
"pilot_178","pilot",12,1,NA,"higher_own_payoff","higher_own_payoff",NA
"pilot_179","pilot",12,1,NA,"higher_own_payoff","lower_own_payoff",NA
"pilot_180","pilot",12,1,NA,"higher_own_payoff","lower_own_payoff",NA
"pilot_181","pilot",12,1,NA,"higher_own_payoff","lower_own_payoff",NA
"pilot_182","pilot",12,1,NA,"higher_own_payoff","higher_own_payoff",NA
"pilot_183","pilot",12,1,NA,"higher_own_payoff","higher_own_payoff",NA
"pilot_184","pilot",12,1,NA,"lower_own_payoff","higher_own_payoff",NA
"pilot_185","pilot",12,1,NA,"lower_own_payoff","higher_own_payoff",NA
"pilot_186","pilot",12,1,NA,"lower_own_payoff","lower_own_payoff",NA
"pilot_187","pilot",12,1,NA,"lower_own_payoff","lower_own_payoff",NA
"pilot_188","pilot",12,1,NA,"lower_own_payoff","higher_own_payoff",NA
"pilot_189","pilot",12,1,NA,"higher_own_payoff","higher_own_payoff",NA
"pilot_190","pilot",12,1,NA,"lower_own_payoff","lower_own_payoff",NA
"pilot_191","pilot",12,1,NA,"higher_own_payoff","higher_own_payoff",NA
"pilot_192","pilot",12,1,NA,"higher_own_payoff","higher_own_payoff",NA
"pilot_193","pilot",12,1,NA,"higher_own_payoff","higher_own_payoff",NA
"pilot_194","pilot",12,1,NA,"lower_own_payoff","higher_own_payoff",NA
"pilot_195","pilot",12,1,NA,"lower_own_payoff","lower_own_payoff",NA
"pilot_196","pilot",12,1,NA,"higher_own_payoff","lower_own_payoff",NA
"pilot_197","pilot",12,1,NA,"higher_own_payoff","lower_own_payoff",NA
"pilot_198","pilot",12,1,NA,"higher_own_payoff","higher_own_payoff",NA
"pilot_199","pilot",12,1,NA,"lower_own_payoff","higher_own_payoff",NA
"pilot_200","pilot",12,1,NA,"lower_own_payoff","lower_own_payoff",NA
"pilot_201","pilot",12,1,NA,"higher_own_payoff","higher_own_payoff",NA
"pilot_202","pilot",12,1,NA,"higher_own_payoff","higher_own_payoff",NA
"pilot_203","pilot",12,1,NA,"lower_own_payoff","higher_own_payoff",NA
"pilot_204","pilot",12,1,NA,"higher_own_payoff","higher_own_payoff",NA
"pilot_205","pilot",12,1,NA,"lower_own_payoff","lower_own_payoff",NA
"pilot_206","pilot",12,1,NA,"higher_own_payoff","lower_own_payoff",NA
"pilot_207","pilot",12,1,NA,"lower_own_payoff","lower_own_payoff",NA
"pilot_208","pilot",12,1,NA,"higher_own_payoff","higher_own_payoff",NA
"pilot_209","pilot",12,1,NA,"higher_own_payoff","higher_own_payoff",NA
"pilot_210","pilot",12,1,NA,"lower_own_payoff","lower_own_payoff",NA
"pilot_211","pilot",12,1,NA,"higher_own_payoff","higher_own_payoff",NA
"pilot_212","pilot",12,1,NA,"higher_own_payoff","higher_own_payoff",NA
"pilot_213","pilot",12,1,NA,"higher_own_payoff","lower_own_payoff",NA
"pilot_214","pilot",12,1,NA,"lower_own_payoff","lower_own_payoff",NA
"pilot_215","pilot",12,1,NA,"lower_own_payoff","higher_own_payoff",NA
"pilot_216","pilot",12,1,NA,"lower_own_payoff","higher_own_payoff",NA
"pilot_217","pilot",12,1,NA,"higher_own_payoff","lower_own_payoff",NA
"pilot_218","pilot",12,1,NA,"higher_own_payoff","lower_own_payoff",NA
"pilot_219","pilot",12,1,NA,"higher_own_payoff","lower_own_payoff",NA
"pilot_220","pilot",12,1,NA,"higher_own_payoff","lower_own_payoff",NA
"pilot_221","pilot",12,1,NA,"lower_own_payoff","lower_own_payoff",NA
"pilot_222","pilot",12,1,NA,"higher_own_payoff","higher_own_payoff",NA
"pilot_223","pilot",12,1,NA,"higher_own_payoff","higher_own_payoff",NA
"pilot_224","pilot",12,1,NA,"higher_own_payoff","higher_own_payoff",NA
"pilot_225","pilot",12,1,NA,"lower_own_payoff","higher_own_payoff",NA
"pilot_226","pilot",12,1,NA,"higher_own_payoff","higher_own_payoff",NA
"pilot_227","pilot",12,1,NA,"higher_own_payoff","higher_own_payoff",NA
"pilot_228","pilot",12,1,NA,"higher_own_payoff","higher_own_payoff",NA
"pilot_229","pilot",12,1,NA,"higher_own_payoff","higher_own_payoff",NA
"pilot_230","pilot",12,1,NA,"higher_own_payoff","higher_own_payoff",NA
"pilot_231","pilot",12,1,NA,"higher_own_payoff","lower_own_payoff",NA
"pilot_232","pilot",12,1,NA,"lower_own_payoff","higher_own_payoff",NA
"pilot_233","pilot",12,1,NA,"lower_own_payoff","higher_own_payoff",NA
"pilot_234","pilot",12,1,NA,"higher_own_payoff","lower_own_payoff",NA
"pilot_235","pilot",12,1,NA,"higher_own_payoff","higher_own_payoff",NA
"pilot_236","pilot",12,1,NA,"higher_own_payoff","higher_own_payoff",NA
"pilot_237","pilot",12,1,NA,"higher_own_payoff","lower_own_payoff",NA
"pilot_238","pilot",12,1,NA,"higher_own_payoff","higher_own_payoff",NA
"pilot_239","pilot",12,1,NA,"lower_own_payoff","higher_own_payoff",NA
"pilot_240","pilot",12,1,NA,"higher_own_payoff","higher_own_payoff",NA
"pilot_241","pilot",12,1,NA,"lower_own_payoff","higher_own_payoff",NA
"pilot_242","pilot",12,1,NA,"higher_own_payoff","higher_own_payoff",NA
"pilot_243","pilot",12,1,NA,"lower_own_payoff","lower_own_payoff",NA
"pilot_244","pilot",12,1,NA,"higher_own_payoff","higher_own_payoff",NA
"pilot_245","pilot",12,1,NA,"higher_own_payoff","higher_own_payoff",NA
"pilot_246","pilot",12,1,NA,"higher_own_payoff","lower_own_payoff",NA
"pilot_247","pilot",12,1,NA,"higher_own_payoff","higher_own_payoff",NA
"pilot_248","pilot",12,1,NA,"lower_own_payoff","higher_own_payoff",NA
"pilot_249","pilot",12,1,NA,"higher_own_payoff","lower_own_payoff",NA
"pilot_250","pilot",12,1,NA,"lower_own_payoff","lower_own_payoff",NA
"pilot_251","pilot",12,1,NA,"higher_own_payoff","higher_own_payoff",NA
"pilot_252","pilot",12,1,NA,"lower_own_payoff","higher_own_payoff",NA
"pilot_253","pilot",12,1,NA,"higher_own_payoff","lower_own_payoff",NA
"pilot_254","pilot",12,1,NA,"higher_own_payoff","higher_own_payoff",NA
"pilot_255","pilot",12,1,NA,"lower_own_payoff","higher_own_payoff",NA
"pilot_256","pilot",12,1,NA,"higher_own_payoff","higher_own_payoff",NA
"pilot_257","pilot",12,1,NA,"higher_own_payoff","lower_own_payoff",NA
"pilot_258","pilot",12,1,NA,"higher_own_payoff","higher_own_payoff",NA
"pilot_259","pilot",12,1,NA,"higher_own_payoff","higher_own_payoff",NA
"pilot_260","pilot",12,1,NA,"higher_own_payoff","lower_own_payoff",NA
"pilot_261","pilot",12,1,NA,"higher_own_payoff","higher_own_payoff",NA
"pilot_262","pilot",12,1,NA,"higher_own_payoff","higher_own_payoff",NA
"pilot_263","pilot",12,1,NA,"higher_own_payoff","higher_own_payoff",NA
"pilot_264","pilot",12,1,NA,"higher_own_payoff","lower_own_payoff",NA
"pilot_265","pilot",12,1,NA,"lower_own_payoff","lower_own_payoff",NA
"pilot_266","pilot",12,1,NA,"higher_own_payoff","lower_own_payoff",NA
"pilot_267","pilot",12,1,NA,"lower_own_payoff","higher_own_payoff",NA
"pilot_268","pilot",12,1,NA,"higher_own_payoff","higher_own_payoff",NA
"pilot_269","pilot",12,1,NA,"lower_own_payoff","lower_own_payoff",NA
"pilot_270","pilot",12,1,NA,"lower_own_payoff","lower_own_payoff",NA
"pilot_271","pilot",12,1,NA,"higher_own_payoff","lower_own_payoff",NA
"pilot_272","pilot",12,1,NA,"higher_own_payoff","higher_own_payoff",NA
"pilot_273","pilot",12,1,NA,"lower_own_payoff","lower_own_payoff",NA
"pilot_274","pilot",12,1,NA,"higher_own_payoff","higher_own_payoff",NA
"pilot_275","pilot",12,1,NA,"higher_own_payoff","lower_own_payoff",NA
"pilot_276","pilot",12,1,NA,"lower_own_payoff","lower_own_payoff",NA
"pilot_277","pilot",12,1,NA,"lower_own_payoff","higher_own_payoff",NA
"pilot_278","pilot",12,1,NA,"lower_own_payoff","lower_own_payoff",NA
"pilot_279","pilot",12,1,NA,"lower_own_payoff","lower_own_payoff",NA
"pilot_280","pilot",12,1,NA,"lower_own_payoff","lower_own_payoff",NA
"pilot_281","pilot",12,1,NA,"lower_own_payoff","lower_own_payoff",NA
"pilot_282","pilot",12,1,NA,"lower_own_payoff","lower_own_payoff",NA
"pilot_283","pilot",12,1,NA,"lower_own_payoff","higher_own_payoff",NA
"pilot_284","pilot",12,1,NA,"higher_own_payoff","higher_own_payoff",NA
"pilot_285","pilot",12,1,NA,"lower_own_payoff","higher_own_payoff",NA
"pilot_286","pilot",12,1,NA,"higher_own_payoff","lower_own_payoff",NA
"pilot_287","pilot",12,1,NA,"higher_own_payoff","lower_own_payoff",NA
"pilot_288","pilot",12,1,NA,"lower_own_payoff","lower_own_payoff",NA
"pilot_289","pilot",12,1,NA,"lower_own_payoff","higher_own_payoff",NA
"pilot_290","pilot",12,1,NA,"higher_own_payoff","higher_own_payoff",NA
"pilot_291","pilot",12,1,NA,"higher_own_payoff","higher_own_payoff",NA
"pilot_292","pilot",12,1,NA,"lower_own_payoff","lower_own_payoff",NA
"pilot_293","pilot",12,1,NA,"higher_own_payoff","higher_own_payoff",NA
"pilot_294","pilot",12,1,NA,"lower_own_payoff","higher_own_payoff",NA
"pilot_295","pilot",12,1,NA,"higher_own_payoff","higher_own_payoff",NA
"pilot_296","pilot",12,1,NA,"lower_own_payoff","lower_own_payoff",NA
"pilot_297","pilot",12,1,NA,"higher_own_payoff","lower_own_payoff",NA
"pilot_298","pilot",12,1,NA,"higher_own_payoff","higher_own_payoff",NA
"pilot_299","pilot",12,1,NA,"higher_own_payoff","higher_own_payoff",NA
"pilot_300","pilot",12,1,NA,"lower_own_payoff","lower_own_payoff",NA
"pilot_301","pilot",12,1,NA,"lower_own_payoff","lower_own_payoff",NA
"pilot_302","pilot",12,1,NA,"higher_own_payoff","higher_own_payoff",NA
"pilot_303","pilot",12,1,NA,"lower_own_payoff","lower_own_payoff",NA
"pilot_304","pilot",12,1,NA,"lower_own_payoff","higher_own_payoff",NA
"pilot_305","pilot",12,1,NA,"higher_own_payoff","higher_own_payoff",NA
"pilot_306","pilot",12,1,NA,"higher_own_payoff","higher_own_payoff",NA
"pilot_1","pilot",13,1,NA,"lower_own_payoff","lower_own_payoff",NA
"pilot_2","pilot",13,1,NA,"lower_own_payoff","lower_own_payoff",NA
"pilot_3","pilot",13,1,NA,"lower_own_payoff","lower_own_payoff",NA
"pilot_4","pilot",13,1,NA,"lower_own_payoff","higher_own_payoff",NA
"pilot_5","pilot",13,1,NA,"lower_own_payoff","lower_own_payoff",NA
"pilot_6","pilot",13,1,NA,"lower_own_payoff","higher_own_payoff",NA
"pilot_7","pilot",13,1,NA,"higher_own_payoff","higher_own_payoff",NA
"pilot_8","pilot",13,1,NA,"lower_own_payoff","lower_own_payoff",NA
"pilot_9","pilot",13,1,NA,"higher_own_payoff","higher_own_payoff",NA
"pilot_10","pilot",13,1,NA,"higher_own_payoff","lower_own_payoff",NA
"pilot_11","pilot",13,1,NA,"lower_own_payoff","lower_own_payoff",NA
"pilot_12","pilot",13,1,NA,"higher_own_payoff","higher_own_payoff",NA
"pilot_13","pilot",13,1,NA,"higher_own_payoff","lower_own_payoff",NA
"pilot_14","pilot",13,1,NA,"lower_own_payoff","higher_own_payoff",NA
"pilot_15","pilot",13,1,NA,"lower_own_payoff","higher_own_payoff",NA
"pilot_16","pilot",13,1,NA,"lower_own_payoff","higher_own_payoff",NA
"pilot_17","pilot",13,1,NA,"lower_own_payoff","lower_own_payoff",NA
"pilot_18","pilot",13,1,NA,"lower_own_payoff","lower_own_payoff",NA
"pilot_19","pilot",13,1,NA,"higher_own_payoff","higher_own_payoff",NA
"pilot_20","pilot",13,1,NA,"higher_own_payoff","higher_own_payoff",NA
"pilot_21","pilot",13,1,NA,"lower_own_payoff","lower_own_payoff",NA
"pilot_22","pilot",13,1,NA,"lower_own_payoff","higher_own_payoff",NA
"pilot_23","pilot",13,1,NA,"lower_own_payoff","higher_own_payoff",NA
"pilot_24","pilot",13,1,NA,"lower_own_payoff","lower_own_payoff",NA
"pilot_25","pilot",13,1,NA,"lower_own_payoff","lower_own_payoff",NA
"pilot_26","pilot",13,1,NA,"lower_own_payoff","lower_own_payoff",NA
"pilot_27","pilot",13,1,NA,"higher_own_payoff","higher_own_payoff",NA
"pilot_28","pilot",13,1,NA,"lower_own_payoff","lower_own_payoff",NA
"pilot_29","pilot",13,1,NA,"lower_own_payoff","lower_own_payoff",NA
"pilot_30","pilot",13,1,NA,"lower_own_payoff","higher_own_payoff",NA
"pilot_31","pilot",13,1,NA,"lower_own_payoff","lower_own_payoff",NA
"pilot_32","pilot",13,1,NA,"lower_own_payoff","higher_own_payoff",NA
"pilot_33","pilot",13,1,NA,"higher_own_payoff","lower_own_payoff",NA
"pilot_34","pilot",13,1,NA,"lower_own_payoff","lower_own_payoff",NA
"pilot_35","pilot",13,1,NA,"lower_own_payoff","lower_own_payoff",NA
"pilot_36","pilot",13,1,NA,"lower_own_payoff","higher_own_payoff",NA
"pilot_37","pilot",13,1,NA,"lower_own_payoff","lower_own_payoff",NA
"pilot_38","pilot",13,1,NA,"lower_own_payoff","lower_own_payoff",NA
"pilot_39","pilot",13,1,NA,"lower_own_payoff","lower_own_payoff",NA
"pilot_40","pilot",13,1,NA,"higher_own_payoff","lower_own_payoff",NA
"pilot_41","pilot",13,1,NA,"higher_own_payoff","higher_own_payoff",NA
"pilot_42","pilot",13,1,NA,"higher_own_payoff","lower_own_payoff",NA
"pilot_43","pilot",13,1,NA,"lower_own_payoff","higher_own_payoff",NA
"pilot_44","pilot",13,1,NA,"lower_own_payoff","higher_own_payoff",NA
"pilot_45","pilot",13,1,NA,"higher_own_payoff","higher_own_payoff",NA
"pilot_46","pilot",13,1,NA,"higher_own_payoff","lower_own_payoff",NA
"pilot_47","pilot",13,1,NA,"higher_own_payoff","higher_own_payoff",NA
"pilot_48","pilot",13,1,NA,"lower_own_payoff","lower_own_payoff",NA
"pilot_49","pilot",13,1,NA,"higher_own_payoff","higher_own_payoff",NA
"pilot_50","pilot",13,1,NA,"lower_own_payoff","lower_own_payoff",NA
"pilot_51","pilot",13,1,NA,"lower_own_payoff","higher_own_payoff",NA
"pilot_52","pilot",13,1,NA,"lower_own_payoff","higher_own_payoff",NA
"pilot_53","pilot",13,1,NA,"lower_own_payoff","lower_own_payoff",NA
"pilot_54","pilot",13,1,NA,"lower_own_payoff","lower_own_payoff",NA
"pilot_55","pilot",13,1,NA,"higher_own_payoff","lower_own_payoff",NA
"pilot_56","pilot",13,1,NA,"lower_own_payoff","lower_own_payoff",NA
"pilot_57","pilot",13,1,NA,"lower_own_payoff","lower_own_payoff",NA
"pilot_58","pilot",13,1,NA,"higher_own_payoff","higher_own_payoff",NA
"pilot_59","pilot",13,1,NA,"lower_own_payoff","lower_own_payoff",NA
"pilot_60","pilot",13,1,NA,"higher_own_payoff","lower_own_payoff",NA
"pilot_61","pilot",13,1,NA,"higher_own_payoff","higher_own_payoff",NA
"pilot_62","pilot",13,1,NA,"lower_own_payoff","lower_own_payoff",NA
"pilot_63","pilot",13,1,NA,"lower_own_payoff","higher_own_payoff",NA
"pilot_64","pilot",13,1,NA,"higher_own_payoff","higher_own_payoff",NA
"pilot_65","pilot",13,1,NA,"lower_own_payoff","lower_own_payoff",NA
"pilot_66","pilot",13,1,NA,"lower_own_payoff","lower_own_payoff",NA
"pilot_67","pilot",13,1,NA,"lower_own_payoff","lower_own_payoff",NA
"pilot_68","pilot",13,1,NA,"higher_own_payoff","higher_own_payoff",NA
"pilot_69","pilot",13,1,NA,"higher_own_payoff","lower_own_payoff",NA
"pilot_70","pilot",13,1,NA,"lower_own_payoff","lower_own_payoff",NA
"pilot_71","pilot",13,1,NA,"lower_own_payoff","lower_own_payoff",NA
"pilot_72","pilot",13,1,NA,"higher_own_payoff","higher_own_payoff",NA
"pilot_73","pilot",13,1,NA,"lower_own_payoff","higher_own_payoff",NA
"pilot_74","pilot",13,1,NA,"higher_own_payoff","higher_own_payoff",NA
"pilot_75","pilot",13,1,NA,"lower_own_payoff","lower_own_payoff",NA
"pilot_76","pilot",13,1,NA,"higher_own_payoff","higher_own_payoff",NA
"pilot_77","pilot",13,1,NA,"higher_own_payoff","higher_own_payoff",NA
"pilot_78","pilot",13,1,NA,"lower_own_payoff","lower_own_payoff",NA
"pilot_79","pilot",13,1,NA,"lower_own_payoff","lower_own_payoff",NA
"pilot_80","pilot",13,1,NA,"higher_own_payoff","lower_own_payoff",NA
"pilot_81","pilot",13,1,NA,"lower_own_payoff","lower_own_payoff",NA
"pilot_82","pilot",13,1,NA,"lower_own_payoff","lower_own_payoff",NA
"pilot_83","pilot",13,1,NA,"higher_own_payoff","higher_own_payoff",NA
"pilot_84","pilot",13,1,NA,"lower_own_payoff","lower_own_payoff",NA
"pilot_85","pilot",13,1,NA,"higher_own_payoff","higher_own_payoff",NA
"pilot_86","pilot",13,1,NA,"lower_own_payoff","lower_own_payoff",NA
"pilot_87","pilot",13,1,NA,"lower_own_payoff","lower_own_payoff",NA
"pilot_88","pilot",13,1,NA,"higher_own_payoff","lower_own_payoff",NA
"pilot_89","pilot",13,1,NA,"higher_own_payoff","higher_own_payoff",NA
"pilot_90","pilot",13,1,NA,"lower_own_payoff","lower_own_payoff",NA
"pilot_91","pilot",13,1,NA,"higher_own_payoff","higher_own_payoff",NA
"pilot_92","pilot",13,1,NA,"lower_own_payoff","lower_own_payoff",NA
"pilot_93","pilot",13,1,NA,"lower_own_payoff","higher_own_payoff",NA
"pilot_94","pilot",13,1,NA,"higher_own_payoff","lower_own_payoff",NA
"pilot_95","pilot",13,1,NA,"lower_own_payoff","higher_own_payoff",NA
"pilot_96","pilot",13,1,NA,"lower_own_payoff","lower_own_payoff",NA
"pilot_97","pilot",13,1,NA,"lower_own_payoff","lower_own_payoff",NA
"pilot_98","pilot",13,1,NA,"higher_own_payoff","higher_own_payoff",NA
"pilot_99","pilot",13,1,NA,"lower_own_payoff","higher_own_payoff",NA
"pilot_100","pilot",13,1,NA,"higher_own_payoff","lower_own_payoff",NA
"pilot_101","pilot",13,1,NA,"higher_own_payoff","higher_own_payoff",NA
"pilot_102","pilot",13,1,NA,"lower_own_payoff","higher_own_payoff",NA
"pilot_103","pilot",13,1,NA,"higher_own_payoff","higher_own_payoff",NA
"pilot_104","pilot",13,1,NA,"higher_own_payoff","lower_own_payoff",NA
"pilot_105","pilot",13,1,NA,"higher_own_payoff","lower_own_payoff",NA
"pilot_106","pilot",13,1,NA,"lower_own_payoff","higher_own_payoff",NA
"pilot_107","pilot",13,1,NA,"higher_own_payoff","lower_own_payoff",NA
"pilot_108","pilot",13,1,NA,"higher_own_payoff","lower_own_payoff",NA
"pilot_109","pilot",13,1,NA,"higher_own_payoff","lower_own_payoff",NA
"pilot_110","pilot",13,1,NA,"lower_own_payoff","lower_own_payoff",NA
"pilot_111","pilot",13,1,NA,"lower_own_payoff","higher_own_payoff",NA
"pilot_112","pilot",13,1,NA,"lower_own_payoff","lower_own_payoff",NA
"pilot_113","pilot",13,1,NA,"lower_own_payoff","lower_own_payoff",NA
"pilot_114","pilot",13,1,NA,"lower_own_payoff","higher_own_payoff",NA
"pilot_115","pilot",13,1,NA,"higher_own_payoff","higher_own_payoff",NA
"pilot_116","pilot",13,1,NA,"higher_own_payoff","higher_own_payoff",NA
"pilot_117","pilot",13,1,NA,"higher_own_payoff","higher_own_payoff",NA
"pilot_118","pilot",13,1,NA,"lower_own_payoff","lower_own_payoff",NA
"pilot_119","pilot",13,1,NA,"higher_own_payoff","lower_own_payoff",NA
"pilot_120","pilot",13,1,NA,"lower_own_payoff","lower_own_payoff",NA
"pilot_121","pilot",13,1,NA,"lower_own_payoff","higher_own_payoff",NA
"pilot_122","pilot",13,1,NA,"lower_own_payoff","higher_own_payoff",NA
"pilot_123","pilot",13,1,NA,"higher_own_payoff","higher_own_payoff",NA
"pilot_124","pilot",13,1,NA,"lower_own_payoff","lower_own_payoff",NA
"pilot_125","pilot",13,1,NA,"lower_own_payoff","higher_own_payoff",NA
"pilot_126","pilot",13,1,NA,"lower_own_payoff","lower_own_payoff",NA
"pilot_127","pilot",13,1,NA,"lower_own_payoff","lower_own_payoff",NA
"pilot_128","pilot",13,1,NA,"higher_own_payoff","lower_own_payoff",NA
"pilot_129","pilot",13,1,NA,"lower_own_payoff","lower_own_payoff",NA
"pilot_130","pilot",13,1,NA,"lower_own_payoff","lower_own_payoff",NA
"pilot_131","pilot",13,1,NA,"lower_own_payoff","lower_own_payoff",NA
"pilot_132","pilot",13,1,NA,"higher_own_payoff","higher_own_payoff",NA
"pilot_133","pilot",13,1,NA,"lower_own_payoff","lower_own_payoff",NA
"pilot_134","pilot",13,1,NA,"lower_own_payoff","higher_own_payoff",NA
"pilot_135","pilot",13,1,NA,"lower_own_payoff","lower_own_payoff",NA
"pilot_136","pilot",13,1,NA,"lower_own_payoff","lower_own_payoff",NA
"pilot_137","pilot",13,1,NA,"higher_own_payoff","lower_own_payoff",NA
"pilot_138","pilot",13,1,NA,"higher_own_payoff","higher_own_payoff",NA
"pilot_139","pilot",13,1,NA,"lower_own_payoff","lower_own_payoff",NA
"pilot_140","pilot",13,1,NA,"lower_own_payoff","lower_own_payoff",NA
"pilot_141","pilot",13,1,NA,"lower_own_payoff","lower_own_payoff",NA
"pilot_142","pilot",13,1,NA,"lower_own_payoff","higher_own_payoff",NA
"pilot_143","pilot",13,1,NA,"higher_own_payoff","lower_own_payoff",NA
"pilot_144","pilot",13,1,NA,"higher_own_payoff","lower_own_payoff",NA
"pilot_145","pilot",13,1,NA,"lower_own_payoff","higher_own_payoff",NA
"pilot_146","pilot",13,1,NA,"higher_own_payoff","higher_own_payoff",NA
"pilot_147","pilot",13,1,NA,"higher_own_payoff","lower_own_payoff",NA
"pilot_148","pilot",13,1,NA,"lower_own_payoff","lower_own_payoff",NA
"pilot_149","pilot",13,1,NA,"higher_own_payoff","higher_own_payoff",NA
"pilot_150","pilot",13,1,NA,"lower_own_payoff","lower_own_payoff",NA
"pilot_151","pilot",13,1,NA,"lower_own_payoff","higher_own_payoff",NA
"pilot_152","pilot",13,1,NA,"lower_own_payoff","higher_own_payoff",NA
"pilot_153","pilot",13,1,NA,"higher_own_payoff","lower_own_payoff",NA
"pilot_154","pilot",13,1,NA,"higher_own_payoff","lower_own_payoff",NA
"pilot_155","pilot",13,1,NA,"lower_own_payoff","lower_own_payoff",NA
"pilot_156","pilot",13,1,NA,"lower_own_payoff","lower_own_payoff",NA
"pilot_157","pilot",13,1,NA,"lower_own_payoff","higher_own_payoff",NA
"pilot_158","pilot",13,1,NA,"higher_own_payoff","higher_own_payoff",NA
"pilot_159","pilot",13,1,NA,"higher_own_payoff","higher_own_payoff",NA
"pilot_160","pilot",13,1,NA,"lower_own_payoff","higher_own_payoff",NA
"pilot_161","pilot",13,1,NA,"higher_own_payoff","higher_own_payoff",NA
"pilot_162","pilot",13,1,NA,"lower_own_payoff","lower_own_payoff",NA
"pilot_163","pilot",13,1,NA,"higher_own_payoff","higher_own_payoff",NA
"pilot_164","pilot",13,1,NA,"lower_own_payoff","higher_own_payoff",NA
"pilot_165","pilot",13,1,NA,"lower_own_payoff","lower_own_payoff",NA
"pilot_166","pilot",13,1,NA,"higher_own_payoff","higher_own_payoff",NA
"pilot_167","pilot",13,1,NA,"higher_own_payoff","higher_own_payoff",NA
"pilot_168","pilot",13,1,NA,"higher_own_payoff","higher_own_payoff",NA
"pilot_169","pilot",13,1,NA,"lower_own_payoff","lower_own_payoff",NA
"pilot_170","pilot",13,1,NA,"higher_own_payoff","higher_own_payoff",NA
"pilot_171","pilot",13,1,NA,"higher_own_payoff","lower_own_payoff",NA
"pilot_172","pilot",13,1,NA,"higher_own_payoff","lower_own_payoff",NA
"pilot_173","pilot",13,1,NA,"higher_own_payoff","higher_own_payoff",NA
"pilot_174","pilot",13,1,NA,"higher_own_payoff","higher_own_payoff",NA
"pilot_175","pilot",13,1,NA,"lower_own_payoff","lower_own_payoff",NA
"pilot_176","pilot",13,1,NA,"lower_own_payoff","higher_own_payoff",NA
"pilot_177","pilot",13,1,NA,"lower_own_payoff","higher_own_payoff",NA
"pilot_178","pilot",13,1,NA,"lower_own_payoff","higher_own_payoff",NA
"pilot_179","pilot",13,1,NA,"higher_own_payoff","higher_own_payoff",NA
"pilot_180","pilot",13,1,NA,"higher_own_payoff","lower_own_payoff",NA
"pilot_181","pilot",13,1,NA,"higher_own_payoff","lower_own_payoff",NA
"pilot_182","pilot",13,1,NA,"higher_own_payoff","higher_own_payoff",NA
"pilot_183","pilot",13,1,NA,"lower_own_payoff","lower_own_payoff",NA
"pilot_184","pilot",13,1,NA,"higher_own_payoff","lower_own_payoff",NA
"pilot_185","pilot",13,1,NA,"lower_own_payoff","higher_own_payoff",NA
"pilot_186","pilot",13,1,NA,"lower_own_payoff","lower_own_payoff",NA
"pilot_187","pilot",13,1,NA,"higher_own_payoff","higher_own_payoff",NA
"pilot_188","pilot",13,1,NA,"lower_own_payoff","lower_own_payoff",NA
"pilot_189","pilot",13,1,NA,"higher_own_payoff","lower_own_payoff",NA
"pilot_190","pilot",13,1,NA,"lower_own_payoff","lower_own_payoff",NA
"pilot_191","pilot",13,1,NA,"higher_own_payoff","higher_own_payoff",NA
"pilot_192","pilot",13,1,NA,"higher_own_payoff","lower_own_payoff",NA
"pilot_193","pilot",13,1,NA,"lower_own_payoff","lower_own_payoff",NA
"pilot_194","pilot",13,1,NA,"lower_own_payoff","higher_own_payoff",NA
"pilot_195","pilot",13,1,NA,"lower_own_payoff","lower_own_payoff",NA
"pilot_196","pilot",13,1,NA,"lower_own_payoff","lower_own_payoff",NA
"pilot_197","pilot",13,1,NA,"higher_own_payoff","higher_own_payoff",NA
"pilot_198","pilot",13,1,NA,"higher_own_payoff","higher_own_payoff",NA
"pilot_199","pilot",13,1,NA,"lower_own_payoff","higher_own_payoff",NA
"pilot_200","pilot",13,1,NA,"lower_own_payoff","lower_own_payoff",NA
"pilot_201","pilot",13,1,NA,"higher_own_payoff","higher_own_payoff",NA
"pilot_202","pilot",13,1,NA,"higher_own_payoff","higher_own_payoff",NA
"pilot_203","pilot",13,1,NA,"higher_own_payoff","higher_own_payoff",NA
"pilot_204","pilot",13,1,NA,"higher_own_payoff","higher_own_payoff",NA
"pilot_205","pilot",13,1,NA,"higher_own_payoff","higher_own_payoff",NA
"pilot_206","pilot",13,1,NA,"higher_own_payoff","lower_own_payoff",NA
"pilot_207","pilot",13,1,NA,"lower_own_payoff","lower_own_payoff",NA
"pilot_208","pilot",13,1,NA,"higher_own_payoff","higher_own_payoff",NA
"pilot_209","pilot",13,1,NA,"lower_own_payoff","lower_own_payoff",NA
"pilot_210","pilot",13,1,NA,"lower_own_payoff","lower_own_payoff",NA
"pilot_211","pilot",13,1,NA,"higher_own_payoff","higher_own_payoff",NA
"pilot_212","pilot",13,1,NA,"higher_own_payoff","higher_own_payoff",NA
"pilot_213","pilot",13,1,NA,"lower_own_payoff","higher_own_payoff",NA
"pilot_214","pilot",13,1,NA,"lower_own_payoff","lower_own_payoff",NA
"pilot_215","pilot",13,1,NA,"lower_own_payoff","lower_own_payoff",NA
"pilot_216","pilot",13,1,NA,"higher_own_payoff","lower_own_payoff",NA
"pilot_217","pilot",13,1,NA,"higher_own_payoff","lower_own_payoff",NA
"pilot_218","pilot",13,1,NA,"lower_own_payoff","higher_own_payoff",NA
"pilot_219","pilot",13,1,NA,"lower_own_payoff","higher_own_payoff",NA
"pilot_220","pilot",13,1,NA,"higher_own_payoff","lower_own_payoff",NA
"pilot_221","pilot",13,1,NA,"lower_own_payoff","lower_own_payoff",NA
"pilot_222","pilot",13,1,NA,"higher_own_payoff","higher_own_payoff",NA
"pilot_223","pilot",13,1,NA,"higher_own_payoff","higher_own_payoff",NA
"pilot_224","pilot",13,1,NA,"higher_own_payoff","higher_own_payoff",NA
"pilot_225","pilot",13,1,NA,"lower_own_payoff","lower_own_payoff",NA
"pilot_226","pilot",13,1,NA,"lower_own_payoff","lower_own_payoff",NA
"pilot_227","pilot",13,1,NA,"higher_own_payoff","higher_own_payoff",NA
"pilot_228","pilot",13,1,NA,"higher_own_payoff","lower_own_payoff",NA
"pilot_229","pilot",13,1,NA,"higher_own_payoff","higher_own_payoff",NA
"pilot_230","pilot",13,1,NA,"higher_own_payoff","higher_own_payoff",NA
"pilot_231","pilot",13,1,NA,"higher_own_payoff","higher_own_payoff",NA
"pilot_232","pilot",13,1,NA,"lower_own_payoff","higher_own_payoff",NA
"pilot_233","pilot",13,1,NA,"higher_own_payoff","lower_own_payoff",NA
"pilot_234","pilot",13,1,NA,"higher_own_payoff","higher_own_payoff",NA
"pilot_235","pilot",13,1,NA,"higher_own_payoff","higher_own_payoff",NA
"pilot_236","pilot",13,1,NA,"higher_own_payoff","higher_own_payoff",NA
"pilot_237","pilot",13,1,NA,"lower_own_payoff","higher_own_payoff",NA
"pilot_238","pilot",13,1,NA,"higher_own_payoff","higher_own_payoff",NA
"pilot_239","pilot",13,1,NA,"lower_own_payoff","higher_own_payoff",NA
"pilot_240","pilot",13,1,NA,"lower_own_payoff","higher_own_payoff",NA
"pilot_241","pilot",13,1,NA,"higher_own_payoff","higher_own_payoff",NA
"pilot_242","pilot",13,1,NA,"higher_own_payoff","higher_own_payoff",NA
"pilot_243","pilot",13,1,NA,"lower_own_payoff","lower_own_payoff",NA
"pilot_244","pilot",13,1,NA,"higher_own_payoff","higher_own_payoff",NA
"pilot_245","pilot",13,1,NA,"higher_own_payoff","higher_own_payoff",NA
"pilot_246","pilot",13,1,NA,"higher_own_payoff","lower_own_payoff",NA
"pilot_247","pilot",13,1,NA,"higher_own_payoff","higher_own_payoff",NA
"pilot_248","pilot",13,1,NA,"higher_own_payoff","lower_own_payoff",NA
"pilot_249","pilot",13,1,NA,"higher_own_payoff","lower_own_payoff",NA
"pilot_250","pilot",13,1,NA,"lower_own_payoff","lower_own_payoff",NA
"pilot_251","pilot",13,1,NA,"lower_own_payoff","lower_own_payoff",NA
"pilot_252","pilot",13,1,NA,"lower_own_payoff","higher_own_payoff",NA
"pilot_253","pilot",13,1,NA,"higher_own_payoff","lower_own_payoff",NA
"pilot_254","pilot",13,1,NA,"higher_own_payoff","higher_own_payoff",NA
"pilot_255","pilot",13,1,NA,"lower_own_payoff","lower_own_payoff",NA
"pilot_256","pilot",13,1,NA,"lower_own_payoff","lower_own_payoff",NA
"pilot_257","pilot",13,1,NA,"higher_own_payoff","lower_own_payoff",NA
"pilot_258","pilot",13,1,NA,"higher_own_payoff","higher_own_payoff",NA
"pilot_259","pilot",13,1,NA,"higher_own_payoff","higher_own_payoff",NA
"pilot_260","pilot",13,1,NA,"higher_own_payoff","higher_own_payoff",NA
"pilot_261","pilot",13,1,NA,"higher_own_payoff","higher_own_payoff",NA
"pilot_262","pilot",13,1,NA,"higher_own_payoff","higher_own_payoff",NA
"pilot_263","pilot",13,1,NA,"higher_own_payoff","higher_own_payoff",NA
"pilot_264","pilot",13,1,NA,"higher_own_payoff","lower_own_payoff",NA
"pilot_265","pilot",13,1,NA,"lower_own_payoff","lower_own_payoff",NA
"pilot_266","pilot",13,1,NA,"higher_own_payoff","lower_own_payoff",NA
"pilot_267","pilot",13,1,NA,"lower_own_payoff","lower_own_payoff",NA
"pilot_268","pilot",13,1,NA,"lower_own_payoff","lower_own_payoff",NA
"pilot_269","pilot",13,1,NA,"lower_own_payoff","lower_own_payoff",NA
"pilot_270","pilot",13,1,NA,"higher_own_payoff","higher_own_payoff",NA
"pilot_271","pilot",13,1,NA,"higher_own_payoff","higher_own_payoff",NA
"pilot_272","pilot",13,1,NA,"higher_own_payoff","higher_own_payoff",NA
"pilot_273","pilot",13,1,NA,"lower_own_payoff","lower_own_payoff",NA
"pilot_274","pilot",13,1,NA,"higher_own_payoff","higher_own_payoff",NA
"pilot_275","pilot",13,1,NA,"lower_own_payoff","higher_own_payoff",NA
"pilot_276","pilot",13,1,NA,"higher_own_payoff","lower_own_payoff",NA
"pilot_277","pilot",13,1,NA,"lower_own_payoff","higher_own_payoff",NA
"pilot_278","pilot",13,1,NA,"lower_own_payoff","lower_own_payoff",NA
"pilot_279","pilot",13,1,NA,"lower_own_payoff","lower_own_payoff",NA
"pilot_280","pilot",13,1,NA,"lower_own_payoff","lower_own_payoff",NA
"pilot_281","pilot",13,1,NA,"lower_own_payoff","lower_own_payoff",NA
"pilot_282","pilot",13,1,NA,"lower_own_payoff","lower_own_payoff",NA
"pilot_283","pilot",13,1,NA,"higher_own_payoff","lower_own_payoff",NA
"pilot_284","pilot",13,1,NA,"higher_own_payoff","lower_own_payoff",NA
"pilot_285","pilot",13,1,NA,"higher_own_payoff","lower_own_payoff",NA
"pilot_286","pilot",13,1,NA,"lower_own_payoff","lower_own_payoff",NA
"pilot_287","pilot",13,1,NA,"lower_own_payoff","lower_own_payoff",NA
"pilot_288","pilot",13,1,NA,"lower_own_payoff","lower_own_payoff",NA
"pilot_289","pilot",13,1,NA,"lower_own_payoff","higher_own_payoff",NA
"pilot_290","pilot",13,1,NA,"higher_own_payoff","higher_own_payoff",NA
"pilot_291","pilot",13,1,NA,"higher_own_payoff","higher_own_payoff",NA
"pilot_292","pilot",13,1,NA,"lower_own_payoff","lower_own_payoff",NA
"pilot_293","pilot",13,1,NA,"higher_own_payoff","higher_own_payoff",NA
"pilot_294","pilot",13,1,NA,"lower_own_payoff","higher_own_payoff",NA
"pilot_295","pilot",13,1,NA,"higher_own_payoff","higher_own_payoff",NA
"pilot_296","pilot",13,1,NA,"higher_own_payoff","higher_own_payoff",NA
"pilot_297","pilot",13,1,NA,"higher_own_payoff","lower_own_payoff",NA
"pilot_298","pilot",13,1,NA,"higher_own_payoff","higher_own_payoff",NA
"pilot_299","pilot",13,1,NA,"lower_own_payoff","higher_own_payoff",NA
"pilot_300","pilot",13,1,NA,"lower_own_payoff","lower_own_payoff",NA
"pilot_301","pilot",13,1,NA,"lower_own_payoff","lower_own_payoff",NA
"pilot_302","pilot",13,1,NA,"higher_own_payoff","higher_own_payoff",NA
"pilot_303","pilot",13,1,NA,"lower_own_payoff","lower_own_payoff",NA
"pilot_304","pilot",13,1,NA,"lower_own_payoff","higher_own_payoff",NA
"pilot_305","pilot",13,1,NA,"lower_own_payoff","lower_own_payoff",NA
"pilot_306","pilot",13,1,NA,"higher_own_payoff","higher_own_payoff",NA
"pilot_1","pilot",14,1,NA,"lower_own_payoff","lower_own_payoff",NA
"pilot_2","pilot",14,1,NA,"lower_own_payoff","lower_own_payoff",NA
"pilot_3","pilot",14,1,NA,"lower_own_payoff","higher_own_payoff",NA
"pilot_4","pilot",14,1,NA,"higher_own_payoff","lower_own_payoff",NA
"pilot_5","pilot",14,1,NA,"lower_own_payoff","lower_own_payoff",NA
"pilot_6","pilot",14,1,NA,"lower_own_payoff","lower_own_payoff",NA
"pilot_7","pilot",14,1,NA,"higher_own_payoff","higher_own_payoff",NA
"pilot_8","pilot",14,1,NA,"higher_own_payoff","higher_own_payoff",NA
"pilot_9","pilot",14,1,NA,"lower_own_payoff","higher_own_payoff",NA
"pilot_10","pilot",14,1,NA,"lower_own_payoff","higher_own_payoff",NA
"pilot_11","pilot",14,1,NA,"lower_own_payoff","lower_own_payoff",NA
"pilot_12","pilot",14,1,NA,"higher_own_payoff","higher_own_payoff",NA
"pilot_13","pilot",14,1,NA,"lower_own_payoff","lower_own_payoff",NA
"pilot_14","pilot",14,1,NA,"lower_own_payoff","higher_own_payoff",NA
"pilot_15","pilot",14,1,NA,"higher_own_payoff","lower_own_payoff",NA
"pilot_16","pilot",14,1,NA,"lower_own_payoff","lower_own_payoff",NA
"pilot_17","pilot",14,1,NA,"higher_own_payoff","higher_own_payoff",NA
"pilot_18","pilot",14,1,NA,"lower_own_payoff","lower_own_payoff",NA
"pilot_19","pilot",14,1,NA,"higher_own_payoff","higher_own_payoff",NA
"pilot_20","pilot",14,1,NA,"higher_own_payoff","higher_own_payoff",NA
"pilot_21","pilot",14,1,NA,"higher_own_payoff","lower_own_payoff",NA
"pilot_22","pilot",14,1,NA,"lower_own_payoff","higher_own_payoff",NA
"pilot_23","pilot",14,1,NA,"higher_own_payoff","higher_own_payoff",NA
"pilot_24","pilot",14,1,NA,"lower_own_payoff","lower_own_payoff",NA
"pilot_25","pilot",14,1,NA,"higher_own_payoff","higher_own_payoff",NA
"pilot_26","pilot",14,1,NA,"lower_own_payoff","higher_own_payoff",NA
"pilot_27","pilot",14,1,NA,"higher_own_payoff","higher_own_payoff",NA
"pilot_28","pilot",14,1,NA,"higher_own_payoff","higher_own_payoff",NA
"pilot_29","pilot",14,1,NA,"lower_own_payoff","lower_own_payoff",NA
"pilot_30","pilot",14,1,NA,"higher_own_payoff","higher_own_payoff",NA
"pilot_31","pilot",14,1,NA,"higher_own_payoff","higher_own_payoff",NA
"pilot_32","pilot",14,1,NA,"lower_own_payoff","lower_own_payoff",NA
"pilot_33","pilot",14,1,NA,"lower_own_payoff","higher_own_payoff",NA
"pilot_34","pilot",14,1,NA,"lower_own_payoff","lower_own_payoff",NA
"pilot_35","pilot",14,1,NA,"lower_own_payoff","lower_own_payoff",NA
"pilot_36","pilot",14,1,NA,"higher_own_payoff","lower_own_payoff",NA
"pilot_37","pilot",14,1,NA,"lower_own_payoff","lower_own_payoff",NA
"pilot_38","pilot",14,1,NA,"lower_own_payoff","lower_own_payoff",NA
"pilot_39","pilot",14,1,NA,"higher_own_payoff","higher_own_payoff",NA
"pilot_40","pilot",14,1,NA,"higher_own_payoff","lower_own_payoff",NA
"pilot_41","pilot",14,1,NA,"higher_own_payoff","higher_own_payoff",NA
"pilot_42","pilot",14,1,NA,"higher_own_payoff","higher_own_payoff",NA
"pilot_43","pilot",14,1,NA,"higher_own_payoff","lower_own_payoff",NA
"pilot_44","pilot",14,1,NA,"lower_own_payoff","lower_own_payoff",NA
"pilot_45","pilot",14,1,NA,"higher_own_payoff","higher_own_payoff",NA
"pilot_46","pilot",14,1,NA,"lower_own_payoff","higher_own_payoff",NA
"pilot_47","pilot",14,1,NA,"higher_own_payoff","lower_own_payoff",NA
"pilot_48","pilot",14,1,NA,"lower_own_payoff","lower_own_payoff",NA
"pilot_49","pilot",14,1,NA,"lower_own_payoff","lower_own_payoff",NA
"pilot_50","pilot",14,1,NA,"lower_own_payoff","lower_own_payoff",NA
"pilot_51","pilot",14,1,NA,"lower_own_payoff","lower_own_payoff",NA
"pilot_52","pilot",14,1,NA,"lower_own_payoff","higher_own_payoff",NA
"pilot_53","pilot",14,1,NA,"lower_own_payoff","lower_own_payoff",NA
"pilot_54","pilot",14,1,NA,"lower_own_payoff","lower_own_payoff",NA
"pilot_55","pilot",14,1,NA,"lower_own_payoff","lower_own_payoff",NA
"pilot_56","pilot",14,1,NA,"lower_own_payoff","lower_own_payoff",NA
"pilot_57","pilot",14,1,NA,"lower_own_payoff","lower_own_payoff",NA
"pilot_58","pilot",14,1,NA,"higher_own_payoff","lower_own_payoff",NA
"pilot_59","pilot",14,1,NA,"lower_own_payoff","lower_own_payoff",NA
"pilot_60","pilot",14,1,NA,"higher_own_payoff","lower_own_payoff",NA
"pilot_61","pilot",14,1,NA,"higher_own_payoff","higher_own_payoff",NA
"pilot_62","pilot",14,1,NA,"higher_own_payoff","higher_own_payoff",NA
"pilot_63","pilot",14,1,NA,"lower_own_payoff","lower_own_payoff",NA
"pilot_64","pilot",14,1,NA,"higher_own_payoff","higher_own_payoff",NA
"pilot_65","pilot",14,1,NA,"higher_own_payoff","higher_own_payoff",NA
"pilot_66","pilot",14,1,NA,"lower_own_payoff","lower_own_payoff",NA
"pilot_67","pilot",14,1,NA,"lower_own_payoff","lower_own_payoff",NA
"pilot_68","pilot",14,1,NA,"higher_own_payoff","higher_own_payoff",NA
"pilot_69","pilot",14,1,NA,"higher_own_payoff","lower_own_payoff",NA
"pilot_70","pilot",14,1,NA,"higher_own_payoff","higher_own_payoff",NA
"pilot_71","pilot",14,1,NA,"lower_own_payoff","lower_own_payoff",NA
"pilot_72","pilot",14,1,NA,"lower_own_payoff","lower_own_payoff",NA
"pilot_73","pilot",14,1,NA,"lower_own_payoff","higher_own_payoff",NA
"pilot_74","pilot",14,1,NA,"lower_own_payoff","lower_own_payoff",NA
"pilot_75","pilot",14,1,NA,"lower_own_payoff","lower_own_payoff",NA
"pilot_76","pilot",14,1,NA,"higher_own_payoff","higher_own_payoff",NA
"pilot_77","pilot",14,1,NA,"higher_own_payoff","lower_own_payoff",NA
"pilot_78","pilot",14,1,NA,"lower_own_payoff","lower_own_payoff",NA
"pilot_79","pilot",14,1,NA,"lower_own_payoff","lower_own_payoff",NA
"pilot_80","pilot",14,1,NA,"higher_own_payoff","higher_own_payoff",NA
"pilot_81","pilot",14,1,NA,"lower_own_payoff","higher_own_payoff",NA
"pilot_82","pilot",14,1,NA,"higher_own_payoff","lower_own_payoff",NA
"pilot_83","pilot",14,1,NA,"lower_own_payoff","higher_own_payoff",NA
"pilot_84","pilot",14,1,NA,"lower_own_payoff","lower_own_payoff",NA
"pilot_85","pilot",14,1,NA,"lower_own_payoff","higher_own_payoff",NA
"pilot_86","pilot",14,1,NA,"lower_own_payoff","lower_own_payoff",NA
"pilot_87","pilot",14,1,NA,"lower_own_payoff","lower_own_payoff",NA
"pilot_88","pilot",14,1,NA,"higher_own_payoff","lower_own_payoff",NA
"pilot_89","pilot",14,1,NA,"lower_own_payoff","lower_own_payoff",NA
"pilot_90","pilot",14,1,NA,"higher_own_payoff","lower_own_payoff",NA
"pilot_91","pilot",14,1,NA,"higher_own_payoff","lower_own_payoff",NA
"pilot_92","pilot",14,1,NA,"lower_own_payoff","lower_own_payoff",NA
"pilot_93","pilot",14,1,NA,"higher_own_payoff","lower_own_payoff",NA
"pilot_94","pilot",14,1,NA,"lower_own_payoff","higher_own_payoff",NA
"pilot_95","pilot",14,1,NA,"lower_own_payoff","higher_own_payoff",NA
"pilot_96","pilot",14,1,NA,"lower_own_payoff","lower_own_payoff",NA
"pilot_97","pilot",14,1,NA,"higher_own_payoff","lower_own_payoff",NA
"pilot_98","pilot",14,1,NA,"lower_own_payoff","lower_own_payoff",NA
"pilot_99","pilot",14,1,NA,"lower_own_payoff","lower_own_payoff",NA
"pilot_100","pilot",14,1,NA,"lower_own_payoff","higher_own_payoff",NA
"pilot_101","pilot",14,1,NA,"higher_own_payoff","lower_own_payoff",NA
"pilot_102","pilot",14,1,NA,"higher_own_payoff","lower_own_payoff",NA
"pilot_103","pilot",14,1,NA,"lower_own_payoff","higher_own_payoff",NA
"pilot_104","pilot",14,1,NA,"higher_own_payoff","higher_own_payoff",NA
"pilot_105","pilot",14,1,NA,"higher_own_payoff","lower_own_payoff",NA
"pilot_106","pilot",14,1,NA,"higher_own_payoff","lower_own_payoff",NA
"pilot_107","pilot",14,1,NA,"lower_own_payoff","lower_own_payoff",NA
"pilot_108","pilot",14,1,NA,"lower_own_payoff","lower_own_payoff",NA
"pilot_109","pilot",14,1,NA,"lower_own_payoff","lower_own_payoff",NA
"pilot_110","pilot",14,1,NA,"lower_own_payoff","lower_own_payoff",NA
"pilot_111","pilot",14,1,NA,"higher_own_payoff","higher_own_payoff",NA
"pilot_112","pilot",14,1,NA,"higher_own_payoff","lower_own_payoff",NA
"pilot_113","pilot",14,1,NA,"higher_own_payoff","higher_own_payoff",NA
"pilot_114","pilot",14,1,NA,"lower_own_payoff","lower_own_payoff",NA
"pilot_115","pilot",14,1,NA,"higher_own_payoff","higher_own_payoff",NA
"pilot_116","pilot",14,1,NA,"lower_own_payoff","higher_own_payoff",NA
"pilot_117","pilot",14,1,NA,"higher_own_payoff","higher_own_payoff",NA
"pilot_118","pilot",14,1,NA,"lower_own_payoff","lower_own_payoff",NA
"pilot_119","pilot",14,1,NA,"higher_own_payoff","lower_own_payoff",NA
"pilot_120","pilot",14,1,NA,"higher_own_payoff","lower_own_payoff",NA
"pilot_121","pilot",14,1,NA,"higher_own_payoff","higher_own_payoff",NA
"pilot_122","pilot",14,1,NA,"lower_own_payoff","lower_own_payoff",NA
"pilot_123","pilot",14,1,NA,"higher_own_payoff","higher_own_payoff",NA
"pilot_124","pilot",14,1,NA,"higher_own_payoff","higher_own_payoff",NA
"pilot_125","pilot",14,1,NA,"lower_own_payoff","lower_own_payoff",NA
"pilot_126","pilot",14,1,NA,"lower_own_payoff","lower_own_payoff",NA
"pilot_127","pilot",14,1,NA,"lower_own_payoff","lower_own_payoff",NA
"pilot_128","pilot",14,1,NA,"higher_own_payoff","higher_own_payoff",NA
"pilot_129","pilot",14,1,NA,"higher_own_payoff","higher_own_payoff",NA
"pilot_130","pilot",14,1,NA,"lower_own_payoff","lower_own_payoff",NA
"pilot_131","pilot",14,1,NA,"lower_own_payoff","lower_own_payoff",NA
"pilot_132","pilot",14,1,NA,"lower_own_payoff","lower_own_payoff",NA
"pilot_133","pilot",14,1,NA,"higher_own_payoff","higher_own_payoff",NA
"pilot_134","pilot",14,1,NA,"higher_own_payoff","lower_own_payoff",NA
"pilot_135","pilot",14,1,NA,"higher_own_payoff","higher_own_payoff",NA
"pilot_136","pilot",14,1,NA,"lower_own_payoff","lower_own_payoff",NA
"pilot_137","pilot",14,1,NA,"lower_own_payoff","lower_own_payoff",NA
"pilot_138","pilot",14,1,NA,"lower_own_payoff","lower_own_payoff",NA
"pilot_139","pilot",14,1,NA,"lower_own_payoff","lower_own_payoff",NA
"pilot_140","pilot",14,1,NA,"lower_own_payoff","lower_own_payoff",NA
"pilot_141","pilot",14,1,NA,"lower_own_payoff","lower_own_payoff",NA
"pilot_142","pilot",14,1,NA,"higher_own_payoff","higher_own_payoff",NA
"pilot_143","pilot",14,1,NA,"higher_own_payoff","lower_own_payoff",NA
"pilot_144","pilot",14,1,NA,"higher_own_payoff","lower_own_payoff",NA
"pilot_145","pilot",14,1,NA,"lower_own_payoff","lower_own_payoff",NA
"pilot_146","pilot",14,1,NA,"higher_own_payoff","higher_own_payoff",NA
"pilot_147","pilot",14,1,NA,"lower_own_payoff","lower_own_payoff",NA
"pilot_148","pilot",14,1,NA,"lower_own_payoff","lower_own_payoff",NA
"pilot_149","pilot",14,1,NA,"lower_own_payoff","lower_own_payoff",NA
"pilot_150","pilot",14,1,NA,"lower_own_payoff","lower_own_payoff",NA
"pilot_151","pilot",14,1,NA,"lower_own_payoff","higher_own_payoff",NA
"pilot_152","pilot",14,1,NA,"higher_own_payoff","higher_own_payoff",NA
"pilot_153","pilot",14,1,NA,"higher_own_payoff","higher_own_payoff",NA
"pilot_154","pilot",14,1,NA,"higher_own_payoff","lower_own_payoff",NA
"pilot_155","pilot",14,1,NA,"lower_own_payoff","lower_own_payoff",NA
"pilot_156","pilot",14,1,NA,"lower_own_payoff","lower_own_payoff",NA
"pilot_157","pilot",14,1,NA,"higher_own_payoff","higher_own_payoff",NA
"pilot_158","pilot",14,1,NA,"lower_own_payoff","higher_own_payoff",NA
"pilot_159","pilot",14,1,NA,"lower_own_payoff","lower_own_payoff",NA
"pilot_160","pilot",14,1,NA,"lower_own_payoff","lower_own_payoff",NA
"pilot_161","pilot",14,1,NA,"higher_own_payoff","higher_own_payoff",NA
"pilot_162","pilot",14,1,NA,"lower_own_payoff","lower_own_payoff",NA
"pilot_163","pilot",14,1,NA,"lower_own_payoff","lower_own_payoff",NA
"pilot_164","pilot",14,1,NA,"lower_own_payoff","lower_own_payoff",NA
"pilot_165","pilot",14,1,NA,"lower_own_payoff","lower_own_payoff",NA
"pilot_166","pilot",14,1,NA,"higher_own_payoff","higher_own_payoff",NA
"pilot_167","pilot",14,1,NA,"higher_own_payoff","higher_own_payoff",NA
"pilot_168","pilot",14,1,NA,"higher_own_payoff","higher_own_payoff",NA
"pilot_169","pilot",14,1,NA,"lower_own_payoff","lower_own_payoff",NA
"pilot_170","pilot",14,1,NA,"higher_own_payoff","higher_own_payoff",NA
"pilot_171","pilot",14,1,NA,"higher_own_payoff","lower_own_payoff",NA
"pilot_172","pilot",14,1,NA,"lower_own_payoff","lower_own_payoff",NA
"pilot_173","pilot",14,1,NA,"higher_own_payoff","higher_own_payoff",NA
"pilot_174","pilot",14,1,NA,"lower_own_payoff","lower_own_payoff",NA
"pilot_175","pilot",14,1,NA,"lower_own_payoff","lower_own_payoff",NA
"pilot_176","pilot",14,1,NA,"lower_own_payoff","higher_own_payoff",NA
"pilot_177","pilot",14,1,NA,"lower_own_payoff","higher_own_payoff",NA
"pilot_178","pilot",14,1,NA,"lower_own_payoff","lower_own_payoff",NA
"pilot_179","pilot",14,1,NA,"higher_own_payoff","lower_own_payoff",NA
"pilot_180","pilot",14,1,NA,"lower_own_payoff","lower_own_payoff",NA
"pilot_181","pilot",14,1,NA,"higher_own_payoff","lower_own_payoff",NA
"pilot_182","pilot",14,1,NA,"lower_own_payoff","lower_own_payoff",NA
"pilot_183","pilot",14,1,NA,"higher_own_payoff","lower_own_payoff",NA
"pilot_184","pilot",14,1,NA,"higher_own_payoff","lower_own_payoff",NA
"pilot_185","pilot",14,1,NA,"lower_own_payoff","higher_own_payoff",NA
"pilot_186","pilot",14,1,NA,"lower_own_payoff","lower_own_payoff",NA
"pilot_187","pilot",14,1,NA,"higher_own_payoff","higher_own_payoff",NA
"pilot_188","pilot",14,1,NA,"higher_own_payoff","lower_own_payoff",NA
"pilot_189","pilot",14,1,NA,"lower_own_payoff","higher_own_payoff",NA
"pilot_190","pilot",14,1,NA,"lower_own_payoff","lower_own_payoff",NA
"pilot_191","pilot",14,1,NA,"higher_own_payoff","lower_own_payoff",NA
"pilot_192","pilot",14,1,NA,"lower_own_payoff","lower_own_payoff",NA
"pilot_193","pilot",14,1,NA,"lower_own_payoff","lower_own_payoff",NA
"pilot_194","pilot",14,1,NA,"lower_own_payoff","higher_own_payoff",NA
"pilot_195","pilot",14,1,NA,"higher_own_payoff","higher_own_payoff",NA
"pilot_196","pilot",14,1,NA,"lower_own_payoff","lower_own_payoff",NA
"pilot_197","pilot",14,1,NA,"lower_own_payoff","lower_own_payoff",NA
"pilot_198","pilot",14,1,NA,"higher_own_payoff","higher_own_payoff",NA
"pilot_199","pilot",14,1,NA,"lower_own_payoff","higher_own_payoff",NA
"pilot_200","pilot",14,1,NA,"lower_own_payoff","lower_own_payoff",NA
"pilot_201","pilot",14,1,NA,"higher_own_payoff","higher_own_payoff",NA
"pilot_202","pilot",14,1,NA,"lower_own_payoff","lower_own_payoff",NA
"pilot_203","pilot",14,1,NA,"higher_own_payoff","higher_own_payoff",NA
"pilot_204","pilot",14,1,NA,"higher_own_payoff","lower_own_payoff",NA
"pilot_205","pilot",14,1,NA,"higher_own_payoff","higher_own_payoff",NA
"pilot_206","pilot",14,1,NA,"lower_own_payoff","higher_own_payoff",NA
"pilot_207","pilot",14,1,NA,"higher_own_payoff","higher_own_payoff",NA
"pilot_208","pilot",14,1,NA,"higher_own_payoff","higher_own_payoff",NA
"pilot_209","pilot",14,1,NA,"lower_own_payoff","lower_own_payoff",NA
"pilot_210","pilot",14,1,NA,"lower_own_payoff","lower_own_payoff",NA
"pilot_211","pilot",14,1,NA,"higher_own_payoff","higher_own_payoff",NA
"pilot_212","pilot",14,1,NA,"higher_own_payoff","higher_own_payoff",NA
"pilot_213","pilot",14,1,NA,"higher_own_payoff","lower_own_payoff",NA
"pilot_214","pilot",14,1,NA,"lower_own_payoff","lower_own_payoff",NA
"pilot_215","pilot",14,1,NA,"lower_own_payoff","lower_own_payoff",NA
"pilot_216","pilot",14,1,NA,"higher_own_payoff","lower_own_payoff",NA
"pilot_217","pilot",14,1,NA,"lower_own_payoff","higher_own_payoff",NA
"pilot_218","pilot",14,1,NA,"lower_own_payoff","higher_own_payoff",NA
"pilot_219","pilot",14,1,NA,"higher_own_payoff","higher_own_payoff",NA
"pilot_220","pilot",14,1,NA,"higher_own_payoff","higher_own_payoff",NA
"pilot_221","pilot",14,1,NA,"lower_own_payoff","lower_own_payoff",NA
"pilot_222","pilot",14,1,NA,"higher_own_payoff","higher_own_payoff",NA
"pilot_223","pilot",14,1,NA,"lower_own_payoff","higher_own_payoff",NA
"pilot_224","pilot",14,1,NA,"higher_own_payoff","higher_own_payoff",NA
"pilot_225","pilot",14,1,NA,"higher_own_payoff","lower_own_payoff",NA
"pilot_226","pilot",14,1,NA,"higher_own_payoff","higher_own_payoff",NA
"pilot_227","pilot",14,1,NA,"higher_own_payoff","higher_own_payoff",NA
"pilot_228","pilot",14,1,NA,"lower_own_payoff","higher_own_payoff",NA
"pilot_229","pilot",14,1,NA,"higher_own_payoff","higher_own_payoff",NA
"pilot_230","pilot",14,1,NA,"higher_own_payoff","higher_own_payoff",NA
"pilot_231","pilot",14,1,NA,"higher_own_payoff","higher_own_payoff",NA
"pilot_232","pilot",14,1,NA,"lower_own_payoff","higher_own_payoff",NA
"pilot_233","pilot",14,1,NA,"lower_own_payoff","lower_own_payoff",NA
"pilot_234","pilot",14,1,NA,"higher_own_payoff","higher_own_payoff",NA
"pilot_235","pilot",14,1,NA,"higher_own_payoff","higher_own_payoff",NA
"pilot_236","pilot",14,1,NA,"higher_own_payoff","higher_own_payoff",NA
"pilot_237","pilot",14,1,NA,"lower_own_payoff","higher_own_payoff",NA
"pilot_238","pilot",14,1,NA,"higher_own_payoff","higher_own_payoff",NA
"pilot_239","pilot",14,1,NA,"higher_own_payoff","higher_own_payoff",NA
"pilot_240","pilot",14,1,NA,"higher_own_payoff","higher_own_payoff",NA
"pilot_241","pilot",14,1,NA,"higher_own_payoff","lower_own_payoff",NA
"pilot_242","pilot",14,1,NA,"higher_own_payoff","lower_own_payoff",NA
"pilot_243","pilot",14,1,NA,"higher_own_payoff","lower_own_payoff",NA
"pilot_244","pilot",14,1,NA,"higher_own_payoff","higher_own_payoff",NA
"pilot_245","pilot",14,1,NA,"higher_own_payoff","higher_own_payoff",NA
"pilot_246","pilot",14,1,NA,"higher_own_payoff","higher_own_payoff",NA
"pilot_247","pilot",14,1,NA,"higher_own_payoff","higher_own_payoff",NA
"pilot_248","pilot",14,1,NA,"lower_own_payoff","higher_own_payoff",NA
"pilot_249","pilot",14,1,NA,"higher_own_payoff","lower_own_payoff",NA
"pilot_250","pilot",14,1,NA,"lower_own_payoff","lower_own_payoff",NA
"pilot_251","pilot",14,1,NA,"lower_own_payoff","lower_own_payoff",NA
"pilot_252","pilot",14,1,NA,"higher_own_payoff","lower_own_payoff",NA
"pilot_253","pilot",14,1,NA,"higher_own_payoff","higher_own_payoff",NA
"pilot_254","pilot",14,1,NA,"lower_own_payoff","higher_own_payoff",NA
"pilot_255","pilot",14,1,NA,"lower_own_payoff","lower_own_payoff",NA
"pilot_256","pilot",14,1,NA,"lower_own_payoff","lower_own_payoff",NA
"pilot_257","pilot",14,1,NA,"higher_own_payoff","lower_own_payoff",NA
"pilot_258","pilot",14,1,NA,"higher_own_payoff","higher_own_payoff",NA
"pilot_259","pilot",14,1,NA,"higher_own_payoff","higher_own_payoff",NA
"pilot_260","pilot",14,1,NA,"higher_own_payoff","higher_own_payoff",NA
"pilot_261","pilot",14,1,NA,"higher_own_payoff","higher_own_payoff",NA
"pilot_262","pilot",14,1,NA,"higher_own_payoff","higher_own_payoff",NA
"pilot_263","pilot",14,1,NA,"higher_own_payoff","higher_own_payoff",NA
"pilot_264","pilot",14,1,NA,"higher_own_payoff","lower_own_payoff",NA
"pilot_265","pilot",14,1,NA,"lower_own_payoff","lower_own_payoff",NA
"pilot_266","pilot",14,1,NA,"higher_own_payoff","lower_own_payoff",NA
"pilot_267","pilot",14,1,NA,"lower_own_payoff","lower_own_payoff",NA
"pilot_268","pilot",14,1,NA,"higher_own_payoff","lower_own_payoff",NA
"pilot_269","pilot",14,1,NA,"lower_own_payoff","lower_own_payoff",NA
"pilot_270","pilot",14,1,NA,"lower_own_payoff","lower_own_payoff",NA
"pilot_271","pilot",14,1,NA,"higher_own_payoff","higher_own_payoff",NA
"pilot_272","pilot",14,1,NA,"higher_own_payoff","higher_own_payoff",NA
"pilot_273","pilot",14,1,NA,"lower_own_payoff","lower_own_payoff",NA
"pilot_274","pilot",14,1,NA,"lower_own_payoff","higher_own_payoff",NA
"pilot_275","pilot",14,1,NA,"lower_own_payoff","higher_own_payoff",NA
"pilot_276","pilot",14,1,NA,"lower_own_payoff","lower_own_payoff",NA
"pilot_277","pilot",14,1,NA,"higher_own_payoff","higher_own_payoff",NA
"pilot_278","pilot",14,1,NA,"lower_own_payoff","lower_own_payoff",NA
"pilot_279","pilot",14,1,NA,"lower_own_payoff","lower_own_payoff",NA
"pilot_280","pilot",14,1,NA,"higher_own_payoff","higher_own_payoff",NA
"pilot_281","pilot",14,1,NA,"lower_own_payoff","higher_own_payoff",NA
"pilot_282","pilot",14,1,NA,"lower_own_payoff","lower_own_payoff",NA
"pilot_283","pilot",14,1,NA,"higher_own_payoff","lower_own_payoff",NA
"pilot_284","pilot",14,1,NA,"higher_own_payoff","higher_own_payoff",NA
"pilot_285","pilot",14,1,NA,"lower_own_payoff","higher_own_payoff",NA
"pilot_286","pilot",14,1,NA,"lower_own_payoff","lower_own_payoff",NA
"pilot_287","pilot",14,1,NA,"lower_own_payoff","lower_own_payoff",NA
"pilot_288","pilot",14,1,NA,"higher_own_payoff","lower_own_payoff",NA
"pilot_289","pilot",14,1,NA,"lower_own_payoff","higher_own_payoff",NA
"pilot_290","pilot",14,1,NA,"higher_own_payoff","higher_own_payoff",NA
"pilot_291","pilot",14,1,NA,"higher_own_payoff","higher_own_payoff",NA
"pilot_292","pilot",14,1,NA,"lower_own_payoff","higher_own_payoff",NA
"pilot_293","pilot",14,1,NA,"higher_own_payoff","higher_own_payoff",NA
"pilot_294","pilot",14,1,NA,"lower_own_payoff","higher_own_payoff",NA
"pilot_295","pilot",14,1,NA,"higher_own_payoff","higher_own_payoff",NA
"pilot_296","pilot",14,1,NA,"lower_own_payoff","lower_own_payoff",NA
"pilot_297","pilot",14,1,NA,"lower_own_payoff","higher_own_payoff",NA
"pilot_298","pilot",14,1,NA,"higher_own_payoff","higher_own_payoff",NA
"pilot_299","pilot",14,1,NA,"lower_own_payoff","lower_own_payoff",NA
"pilot_300","pilot",14,1,NA,"lower_own_payoff","lower_own_payoff",NA
"pilot_301","pilot",14,1,NA,"lower_own_payoff","lower_own_payoff",NA
"pilot_302","pilot",14,1,NA,"higher_own_payoff","lower_own_payoff",NA
"pilot_303","pilot",14,1,NA,"lower_own_payoff","lower_own_payoff",NA
"pilot_304","pilot",14,1,NA,"lower_own_payoff","higher_own_payoff",NA
"pilot_305","pilot",14,1,NA,"lower_own_payoff","lower_own_payoff",NA
"pilot_306","pilot",14,1,NA,"higher_own_payoff","higher_own_payoff",NA
"pilot_1","pilot",15,1,NA,"lower_own_payoff","lower_own_payoff",NA
"pilot_2","pilot",15,1,NA,"lower_own_payoff","lower_own_payoff",NA
"pilot_3","pilot",15,1,NA,"lower_own_payoff","higher_own_payoff",NA
"pilot_4","pilot",15,1,NA,"higher_own_payoff","higher_own_payoff",NA
"pilot_5","pilot",15,1,NA,"lower_own_payoff","lower_own_payoff",NA
"pilot_6","pilot",15,1,NA,"higher_own_payoff","higher_own_payoff",NA
"pilot_7","pilot",15,1,NA,"higher_own_payoff","higher_own_payoff",NA
"pilot_8","pilot",15,1,NA,"lower_own_payoff","lower_own_payoff",NA
"pilot_9","pilot",15,1,NA,"higher_own_payoff","lower_own_payoff",NA
"pilot_10","pilot",15,1,NA,"higher_own_payoff","higher_own_payoff",NA
"pilot_11","pilot",15,1,NA,"lower_own_payoff","lower_own_payoff",NA
"pilot_12","pilot",15,1,NA,"higher_own_payoff","higher_own_payoff",NA
"pilot_13","pilot",15,1,NA,"lower_own_payoff","lower_own_payoff",NA
"pilot_14","pilot",15,1,NA,"lower_own_payoff","higher_own_payoff",NA
"pilot_15","pilot",15,1,NA,"higher_own_payoff","higher_own_payoff",NA
"pilot_16","pilot",15,1,NA,"higher_own_payoff","lower_own_payoff",NA
"pilot_17","pilot",15,1,NA,"higher_own_payoff","higher_own_payoff",NA
"pilot_18","pilot",15,1,NA,"higher_own_payoff","lower_own_payoff",NA
"pilot_19","pilot",15,1,NA,"higher_own_payoff","higher_own_payoff",NA
"pilot_20","pilot",15,1,NA,"higher_own_payoff","higher_own_payoff",NA
"pilot_21","pilot",15,1,NA,"lower_own_payoff","lower_own_payoff",NA
"pilot_22","pilot",15,1,NA,"lower_own_payoff","lower_own_payoff",NA
"pilot_23","pilot",15,1,NA,"higher_own_payoff","higher_own_payoff",NA
"pilot_24","pilot",15,1,NA,"lower_own_payoff","lower_own_payoff",NA
"pilot_25","pilot",15,1,NA,"lower_own_payoff","lower_own_payoff",NA
"pilot_26","pilot",15,1,NA,"higher_own_payoff","higher_own_payoff",NA
"pilot_27","pilot",15,1,NA,"higher_own_payoff","higher_own_payoff",NA
"pilot_28","pilot",15,1,NA,"higher_own_payoff","higher_own_payoff",NA
"pilot_29","pilot",15,1,NA,"lower_own_payoff","lower_own_payoff",NA
"pilot_30","pilot",15,1,NA,"lower_own_payoff","higher_own_payoff",NA
"pilot_31","pilot",15,1,NA,"lower_own_payoff","lower_own_payoff",NA
"pilot_32","pilot",15,1,NA,"lower_own_payoff","higher_own_payoff",NA
"pilot_33","pilot",15,1,NA,"higher_own_payoff","lower_own_payoff",NA
"pilot_34","pilot",15,1,NA,"lower_own_payoff","lower_own_payoff",NA
"pilot_35","pilot",15,1,NA,"lower_own_payoff","lower_own_payoff",NA
"pilot_36","pilot",15,1,NA,"lower_own_payoff","lower_own_payoff",NA
"pilot_37","pilot",15,1,NA,"lower_own_payoff","lower_own_payoff",NA
"pilot_38","pilot",15,1,NA,"lower_own_payoff","higher_own_payoff",NA
"pilot_39","pilot",15,1,NA,"lower_own_payoff","lower_own_payoff",NA
"pilot_40","pilot",15,1,NA,"lower_own_payoff","higher_own_payoff",NA
"pilot_41","pilot",15,1,NA,"higher_own_payoff","higher_own_payoff",NA
"pilot_42","pilot",15,1,NA,"higher_own_payoff","higher_own_payoff",NA
"pilot_43","pilot",15,1,NA,"lower_own_payoff","lower_own_payoff",NA
"pilot_44","pilot",15,1,NA,"lower_own_payoff","higher_own_payoff",NA
"pilot_45","pilot",15,1,NA,"higher_own_payoff","higher_own_payoff",NA
"pilot_46","pilot",15,1,NA,"higher_own_payoff","lower_own_payoff",NA
"pilot_47","pilot",15,1,NA,"higher_own_payoff","higher_own_payoff",NA
"pilot_48","pilot",15,1,NA,"lower_own_payoff","lower_own_payoff",NA
"pilot_49","pilot",15,1,NA,"higher_own_payoff","higher_own_payoff",NA
"pilot_50","pilot",15,1,NA,"lower_own_payoff","lower_own_payoff",NA
"pilot_51","pilot",15,1,NA,"higher_own_payoff","higher_own_payoff",NA
"pilot_52","pilot",15,1,NA,"higher_own_payoff","higher_own_payoff",NA
"pilot_53","pilot",15,1,NA,"higher_own_payoff","higher_own_payoff",NA
"pilot_54","pilot",15,1,NA,"lower_own_payoff","lower_own_payoff",NA
"pilot_55","pilot",15,1,NA,"higher_own_payoff","lower_own_payoff",NA
"pilot_56","pilot",15,1,NA,"lower_own_payoff","lower_own_payoff",NA
"pilot_57","pilot",15,1,NA,"lower_own_payoff","lower_own_payoff",NA
"pilot_58","pilot",15,1,NA,"lower_own_payoff","lower_own_payoff",NA
"pilot_59","pilot",15,1,NA,"lower_own_payoff","lower_own_payoff",NA
"pilot_60","pilot",15,1,NA,"lower_own_payoff","lower_own_payoff",NA
"pilot_61","pilot",15,1,NA,"higher_own_payoff","higher_own_payoff",NA
"pilot_62","pilot",15,1,NA,"lower_own_payoff","lower_own_payoff",NA
"pilot_63","pilot",15,1,NA,"lower_own_payoff","lower_own_payoff",NA
"pilot_64","pilot",15,1,NA,"lower_own_payoff","lower_own_payoff",NA
"pilot_65","pilot",15,1,NA,"lower_own_payoff","lower_own_payoff",NA
"pilot_66","pilot",15,1,NA,"lower_own_payoff","lower_own_payoff",NA
"pilot_67","pilot",15,1,NA,"lower_own_payoff","lower_own_payoff",NA
"pilot_68","pilot",15,1,NA,"lower_own_payoff","lower_own_payoff",NA
"pilot_69","pilot",15,1,NA,"lower_own_payoff","lower_own_payoff",NA
"pilot_70","pilot",15,1,NA,"higher_own_payoff","higher_own_payoff",NA
"pilot_71","pilot",15,1,NA,"lower_own_payoff","lower_own_payoff",NA
"pilot_72","pilot",15,1,NA,"higher_own_payoff","higher_own_payoff",NA
"pilot_73","pilot",15,1,NA,"lower_own_payoff","lower_own_payoff",NA
"pilot_74","pilot",15,1,NA,"higher_own_payoff","higher_own_payoff",NA
"pilot_75","pilot",15,1,NA,"higher_own_payoff","lower_own_payoff",NA
"pilot_76","pilot",15,1,NA,"higher_own_payoff","higher_own_payoff",NA
"pilot_77","pilot",15,1,NA,"higher_own_payoff","higher_own_payoff",NA
"pilot_78","pilot",15,1,NA,"lower_own_payoff","lower_own_payoff",NA
"pilot_79","pilot",15,1,NA,"lower_own_payoff","lower_own_payoff",NA
"pilot_80","pilot",15,1,NA,"higher_own_payoff","higher_own_payoff",NA
"pilot_81","pilot",15,1,NA,"lower_own_payoff","higher_own_payoff",NA
"pilot_82","pilot",15,1,NA,"lower_own_payoff","higher_own_payoff",NA
"pilot_83","pilot",15,1,NA,"higher_own_payoff","higher_own_payoff",NA
"pilot_84","pilot",15,1,NA,"lower_own_payoff","lower_own_payoff",NA
"pilot_85","pilot",15,1,NA,"higher_own_payoff","higher_own_payoff",NA
"pilot_86","pilot",15,1,NA,"lower_own_payoff","lower_own_payoff",NA
"pilot_87","pilot",15,1,NA,"lower_own_payoff","lower_own_payoff",NA
"pilot_88","pilot",15,1,NA,"lower_own_payoff","lower_own_payoff",NA
"pilot_89","pilot",15,1,NA,"higher_own_payoff","higher_own_payoff",NA
"pilot_90","pilot",15,1,NA,"higher_own_payoff","higher_own_payoff",NA
"pilot_91","pilot",15,1,NA,"higher_own_payoff","higher_own_payoff",NA
"pilot_92","pilot",15,1,NA,"lower_own_payoff","lower_own_payoff",NA
"pilot_93","pilot",15,1,NA,"higher_own_payoff","higher_own_payoff",NA
"pilot_94","pilot",15,1,NA,"higher_own_payoff","higher_own_payoff",NA
"pilot_95","pilot",15,1,NA,"higher_own_payoff","lower_own_payoff",NA
"pilot_96","pilot",15,1,NA,"higher_own_payoff","higher_own_payoff",NA
"pilot_97","pilot",15,1,NA,"lower_own_payoff","lower_own_payoff",NA
"pilot_98","pilot",15,1,NA,"lower_own_payoff","lower_own_payoff",NA
"pilot_99","pilot",15,1,NA,"lower_own_payoff","lower_own_payoff",NA
"pilot_100","pilot",15,1,NA,"higher_own_payoff","lower_own_payoff",NA
"pilot_101","pilot",15,1,NA,"higher_own_payoff","higher_own_payoff",NA
"pilot_102","pilot",15,1,NA,"higher_own_payoff","lower_own_payoff",NA
"pilot_103","pilot",15,1,NA,"higher_own_payoff","higher_own_payoff",NA
"pilot_104","pilot",15,1,NA,"higher_own_payoff","higher_own_payoff",NA
"pilot_105","pilot",15,1,NA,"lower_own_payoff","lower_own_payoff",NA
"pilot_106","pilot",15,1,NA,"higher_own_payoff","higher_own_payoff",NA
"pilot_107","pilot",15,1,NA,"higher_own_payoff","lower_own_payoff",NA
"pilot_108","pilot",15,1,NA,"higher_own_payoff","higher_own_payoff",NA
"pilot_109","pilot",15,1,NA,"lower_own_payoff","lower_own_payoff",NA
"pilot_110","pilot",15,1,NA,"higher_own_payoff","higher_own_payoff",NA
"pilot_111","pilot",15,1,NA,"lower_own_payoff","lower_own_payoff",NA
"pilot_112","pilot",15,1,NA,"higher_own_payoff","higher_own_payoff",NA
"pilot_113","pilot",15,1,NA,"lower_own_payoff","higher_own_payoff",NA
"pilot_114","pilot",15,1,NA,"higher_own_payoff","lower_own_payoff",NA
"pilot_115","pilot",15,1,NA,"higher_own_payoff","higher_own_payoff",NA
"pilot_116","pilot",15,1,NA,"higher_own_payoff","higher_own_payoff",NA
"pilot_117","pilot",15,1,NA,"lower_own_payoff","higher_own_payoff",NA
"pilot_118","pilot",15,1,NA,"lower_own_payoff","lower_own_payoff",NA
"pilot_119","pilot",15,1,NA,"higher_own_payoff","lower_own_payoff",NA
"pilot_120","pilot",15,1,NA,"lower_own_payoff","lower_own_payoff",NA
"pilot_121","pilot",15,1,NA,"lower_own_payoff","higher_own_payoff",NA
"pilot_122","pilot",15,1,NA,"higher_own_payoff","higher_own_payoff",NA
"pilot_123","pilot",15,1,NA,"higher_own_payoff","higher_own_payoff",NA
"pilot_124","pilot",15,1,NA,"higher_own_payoff","higher_own_payoff",NA
"pilot_125","pilot",15,1,NA,"lower_own_payoff","lower_own_payoff",NA
"pilot_126","pilot",15,1,NA,"lower_own_payoff","lower_own_payoff",NA
"pilot_127","pilot",15,1,NA,"lower_own_payoff","lower_own_payoff",NA
"pilot_128","pilot",15,1,NA,"higher_own_payoff","higher_own_payoff",NA
"pilot_129","pilot",15,1,NA,"higher_own_payoff","higher_own_payoff",NA
"pilot_130","pilot",15,1,NA,"lower_own_payoff","lower_own_payoff",NA
"pilot_131","pilot",15,1,NA,"lower_own_payoff","lower_own_payoff",NA
"pilot_132","pilot",15,1,NA,"lower_own_payoff","lower_own_payoff",NA
"pilot_133","pilot",15,1,NA,"higher_own_payoff","higher_own_payoff",NA
"pilot_134","pilot",15,1,NA,"higher_own_payoff","lower_own_payoff",NA
"pilot_135","pilot",15,1,NA,"higher_own_payoff","lower_own_payoff",NA
"pilot_136","pilot",15,1,NA,"lower_own_payoff","lower_own_payoff",NA
"pilot_137","pilot",15,1,NA,"higher_own_payoff","lower_own_payoff",NA
"pilot_138","pilot",15,1,NA,"lower_own_payoff","lower_own_payoff",NA
"pilot_139","pilot",15,1,NA,"lower_own_payoff","lower_own_payoff",NA
"pilot_140","pilot",15,1,NA,"lower_own_payoff","lower_own_payoff",NA
"pilot_141","pilot",15,1,NA,"lower_own_payoff","lower_own_payoff",NA
"pilot_142","pilot",15,1,NA,"lower_own_payoff","lower_own_payoff",NA
"pilot_143","pilot",15,1,NA,"higher_own_payoff","lower_own_payoff",NA
"pilot_144","pilot",15,1,NA,"higher_own_payoff","higher_own_payoff",NA
"pilot_145","pilot",15,1,NA,"lower_own_payoff","lower_own_payoff",NA
"pilot_146","pilot",15,1,NA,"higher_own_payoff","higher_own_payoff",NA
"pilot_147","pilot",15,1,NA,"lower_own_payoff","higher_own_payoff",NA
"pilot_148","pilot",15,1,NA,"lower_own_payoff","lower_own_payoff",NA
"pilot_149","pilot",15,1,NA,"higher_own_payoff","higher_own_payoff",NA
"pilot_150","pilot",15,1,NA,"higher_own_payoff","higher_own_payoff",NA
"pilot_151","pilot",15,1,NA,"lower_own_payoff","lower_own_payoff",NA
"pilot_152","pilot",15,1,NA,"lower_own_payoff","higher_own_payoff",NA
"pilot_153","pilot",15,1,NA,"higher_own_payoff","higher_own_payoff",NA
"pilot_154","pilot",15,1,NA,"higher_own_payoff","higher_own_payoff",NA
"pilot_155","pilot",15,1,NA,"lower_own_payoff","lower_own_payoff",NA
"pilot_156","pilot",15,1,NA,"lower_own_payoff","lower_own_payoff",NA
"pilot_157","pilot",15,1,NA,"lower_own_payoff","higher_own_payoff",NA
"pilot_158","pilot",15,1,NA,"lower_own_payoff","lower_own_payoff",NA
"pilot_159","pilot",15,1,NA,"higher_own_payoff","higher_own_payoff",NA
"pilot_160","pilot",15,1,NA,"lower_own_payoff","lower_own_payoff",NA
"pilot_161","pilot",15,1,NA,"lower_own_payoff","lower_own_payoff",NA
"pilot_162","pilot",15,1,NA,"lower_own_payoff","lower_own_payoff",NA
"pilot_163","pilot",15,1,NA,"higher_own_payoff","higher_own_payoff",NA
"pilot_164","pilot",15,1,NA,"lower_own_payoff","lower_own_payoff",NA
"pilot_165","pilot",15,1,NA,"lower_own_payoff","lower_own_payoff",NA
"pilot_166","pilot",15,1,NA,"higher_own_payoff","higher_own_payoff",NA
"pilot_167","pilot",15,1,NA,"higher_own_payoff","higher_own_payoff",NA
"pilot_168","pilot",15,1,NA,"higher_own_payoff","higher_own_payoff",NA
"pilot_169","pilot",15,1,NA,"lower_own_payoff","lower_own_payoff",NA
"pilot_170","pilot",15,1,NA,"higher_own_payoff","higher_own_payoff",NA
"pilot_171","pilot",15,1,NA,"higher_own_payoff","higher_own_payoff",NA
"pilot_172","pilot",15,1,NA,"higher_own_payoff","lower_own_payoff",NA
"pilot_173","pilot",15,1,NA,"higher_own_payoff","higher_own_payoff",NA
"pilot_174","pilot",15,1,NA,"lower_own_payoff","lower_own_payoff",NA
"pilot_175","pilot",15,1,NA,"lower_own_payoff","lower_own_payoff",NA
"pilot_176","pilot",15,1,NA,"higher_own_payoff","higher_own_payoff",NA
"pilot_177","pilot",15,1,NA,"lower_own_payoff","higher_own_payoff",NA
"pilot_178","pilot",15,1,NA,"higher_own_payoff","higher_own_payoff",NA
"pilot_179","pilot",15,1,NA,"higher_own_payoff","lower_own_payoff",NA
"pilot_180","pilot",15,1,NA,"lower_own_payoff","higher_own_payoff",NA
"pilot_181","pilot",15,1,NA,"higher_own_payoff","lower_own_payoff",NA
"pilot_182","pilot",15,1,NA,"lower_own_payoff","higher_own_payoff",NA
"pilot_183","pilot",15,1,NA,"higher_own_payoff","higher_own_payoff",NA
"pilot_184","pilot",15,1,NA,"higher_own_payoff","lower_own_payoff",NA
"pilot_185","pilot",15,1,NA,"lower_own_payoff","higher_own_payoff",NA
"pilot_186","pilot",15,1,NA,"lower_own_payoff","lower_own_payoff",NA
"pilot_187","pilot",15,1,NA,"higher_own_payoff","higher_own_payoff",NA
"pilot_188","pilot",15,1,NA,"higher_own_payoff","higher_own_payoff",NA
"pilot_189","pilot",15,1,NA,"higher_own_payoff","higher_own_payoff",NA
"pilot_190","pilot",15,1,NA,"higher_own_payoff","higher_own_payoff",NA
"pilot_191","pilot",15,1,NA,"higher_own_payoff","higher_own_payoff",NA
"pilot_192","pilot",15,1,NA,"lower_own_payoff","lower_own_payoff",NA
"pilot_193","pilot",15,1,NA,"lower_own_payoff","lower_own_payoff",NA
"pilot_194","pilot",15,1,NA,"lower_own_payoff","lower_own_payoff",NA
"pilot_195","pilot",15,1,NA,"lower_own_payoff","lower_own_payoff",NA
"pilot_196","pilot",15,1,NA,"lower_own_payoff","lower_own_payoff",NA
"pilot_197","pilot",15,1,NA,"lower_own_payoff","lower_own_payoff",NA
"pilot_198","pilot",15,1,NA,"higher_own_payoff","higher_own_payoff",NA
"pilot_199","pilot",15,1,NA,"lower_own_payoff","lower_own_payoff",NA
"pilot_200","pilot",15,1,NA,"lower_own_payoff","lower_own_payoff",NA
"pilot_201","pilot",15,1,NA,"higher_own_payoff","higher_own_payoff",NA
"pilot_202","pilot",15,1,NA,"lower_own_payoff","lower_own_payoff",NA
"pilot_203","pilot",15,1,NA,"higher_own_payoff","higher_own_payoff",NA
"pilot_204","pilot",15,1,NA,"higher_own_payoff","higher_own_payoff",NA
"pilot_205","pilot",15,1,NA,"higher_own_payoff","higher_own_payoff",NA
"pilot_206","pilot",15,1,NA,"lower_own_payoff","lower_own_payoff",NA
"pilot_207","pilot",15,1,NA,"higher_own_payoff","higher_own_payoff",NA
"pilot_208","pilot",15,1,NA,"higher_own_payoff","higher_own_payoff",NA
"pilot_209","pilot",15,1,NA,"lower_own_payoff","lower_own_payoff",NA
"pilot_210","pilot",15,1,NA,"higher_own_payoff","higher_own_payoff",NA
"pilot_211","pilot",15,1,NA,"higher_own_payoff","higher_own_payoff",NA
"pilot_212","pilot",15,1,NA,"higher_own_payoff","higher_own_payoff",NA
"pilot_213","pilot",15,1,NA,"higher_own_payoff","lower_own_payoff",NA
"pilot_214","pilot",15,1,NA,"higher_own_payoff","higher_own_payoff",NA
"pilot_215","pilot",15,1,NA,"lower_own_payoff","lower_own_payoff",NA
"pilot_216","pilot",15,1,NA,"lower_own_payoff","higher_own_payoff",NA
"pilot_217","pilot",15,1,NA,"higher_own_payoff","higher_own_payoff",NA
"pilot_218","pilot",15,1,NA,"lower_own_payoff","lower_own_payoff",NA
"pilot_219","pilot",15,1,NA,"higher_own_payoff","higher_own_payoff",NA
"pilot_220","pilot",15,1,NA,"higher_own_payoff","lower_own_payoff",NA
"pilot_221","pilot",15,1,NA,"lower_own_payoff","lower_own_payoff",NA
"pilot_222","pilot",15,1,NA,"higher_own_payoff","higher_own_payoff",NA
"pilot_223","pilot",15,1,NA,"higher_own_payoff","higher_own_payoff",NA
"pilot_224","pilot",15,1,NA,"higher_own_payoff","higher_own_payoff",NA
"pilot_225","pilot",15,1,NA,"lower_own_payoff","lower_own_payoff",NA
"pilot_226","pilot",15,1,NA,"lower_own_payoff","lower_own_payoff",NA
"pilot_227","pilot",15,1,NA,"higher_own_payoff","higher_own_payoff",NA
"pilot_228","pilot",15,1,NA,"higher_own_payoff","higher_own_payoff",NA
"pilot_229","pilot",15,1,NA,"higher_own_payoff","higher_own_payoff",NA
"pilot_230","pilot",15,1,NA,"higher_own_payoff","higher_own_payoff",NA
"pilot_231","pilot",15,1,NA,"higher_own_payoff","higher_own_payoff",NA
"pilot_232","pilot",15,1,NA,"lower_own_payoff","lower_own_payoff",NA
"pilot_233","pilot",15,1,NA,"lower_own_payoff","lower_own_payoff",NA
"pilot_234","pilot",15,1,NA,"higher_own_payoff","higher_own_payoff",NA
"pilot_235","pilot",15,1,NA,"higher_own_payoff","higher_own_payoff",NA
"pilot_236","pilot",15,1,NA,"higher_own_payoff","higher_own_payoff",NA
"pilot_237","pilot",15,1,NA,"lower_own_payoff","lower_own_payoff",NA
"pilot_238","pilot",15,1,NA,"higher_own_payoff","higher_own_payoff",NA
"pilot_239","pilot",15,1,NA,"higher_own_payoff","higher_own_payoff",NA
"pilot_240","pilot",15,1,NA,"higher_own_payoff","higher_own_payoff",NA
"pilot_241","pilot",15,1,NA,"higher_own_payoff","higher_own_payoff",NA
"pilot_242","pilot",15,1,NA,"lower_own_payoff","lower_own_payoff",NA
"pilot_243","pilot",15,1,NA,"lower_own_payoff","lower_own_payoff",NA
"pilot_244","pilot",15,1,NA,"higher_own_payoff","higher_own_payoff",NA
"pilot_245","pilot",15,1,NA,"higher_own_payoff","higher_own_payoff",NA
"pilot_246","pilot",15,1,NA,"higher_own_payoff","higher_own_payoff",NA
"pilot_247","pilot",15,1,NA,"higher_own_payoff","higher_own_payoff",NA
"pilot_248","pilot",15,1,NA,"lower_own_payoff","lower_own_payoff",NA
"pilot_249","pilot",15,1,NA,"lower_own_payoff","lower_own_payoff",NA
"pilot_250","pilot",15,1,NA,"lower_own_payoff","lower_own_payoff",NA
"pilot_251","pilot",15,1,NA,"lower_own_payoff","higher_own_payoff",NA
"pilot_252","pilot",15,1,NA,"higher_own_payoff","higher_own_payoff",NA
"pilot_253","pilot",15,1,NA,"higher_own_payoff","higher_own_payoff",NA
"pilot_254","pilot",15,1,NA,"higher_own_payoff","higher_own_payoff",NA
"pilot_255","pilot",15,1,NA,"lower_own_payoff","lower_own_payoff",NA
"pilot_256","pilot",15,1,NA,"higher_own_payoff","higher_own_payoff",NA
"pilot_257","pilot",15,1,NA,"higher_own_payoff","higher_own_payoff",NA
"pilot_258","pilot",15,1,NA,"higher_own_payoff","higher_own_payoff",NA
"pilot_259","pilot",15,1,NA,"higher_own_payoff","higher_own_payoff",NA
"pilot_260","pilot",15,1,NA,"lower_own_payoff","lower_own_payoff",NA
"pilot_261","pilot",15,1,NA,"higher_own_payoff","higher_own_payoff",NA
"pilot_262","pilot",15,1,NA,"higher_own_payoff","higher_own_payoff",NA
"pilot_263","pilot",15,1,NA,"higher_own_payoff","higher_own_payoff",NA
"pilot_264","pilot",15,1,NA,"higher_own_payoff","higher_own_payoff",NA
"pilot_265","pilot",15,1,NA,"lower_own_payoff","lower_own_payoff",NA
"pilot_266","pilot",15,1,NA,"lower_own_payoff","lower_own_payoff",NA
"pilot_267","pilot",15,1,NA,"lower_own_payoff","lower_own_payoff",NA
"pilot_268","pilot",15,1,NA,"lower_own_payoff","lower_own_payoff",NA
"pilot_269","pilot",15,1,NA,"lower_own_payoff","lower_own_payoff",NA
"pilot_270","pilot",15,1,NA,"higher_own_payoff","lower_own_payoff",NA
"pilot_271","pilot",15,1,NA,"higher_own_payoff","higher_own_payoff",NA
"pilot_272","pilot",15,1,NA,"higher_own_payoff","lower_own_payoff",NA
"pilot_273","pilot",15,1,NA,"lower_own_payoff","lower_own_payoff",NA
"pilot_274","pilot",15,1,NA,"higher_own_payoff","higher_own_payoff",NA
"pilot_275","pilot",15,1,NA,"higher_own_payoff","higher_own_payoff",NA
"pilot_276","pilot",15,1,NA,"lower_own_payoff","lower_own_payoff",NA
"pilot_277","pilot",15,1,NA,"higher_own_payoff","lower_own_payoff",NA
"pilot_278","pilot",15,1,NA,"lower_own_payoff","lower_own_payoff",NA
"pilot_279","pilot",15,1,NA,"higher_own_payoff","lower_own_payoff",NA
"pilot_280","pilot",15,1,NA,"higher_own_payoff","higher_own_payoff",NA
"pilot_281","pilot",15,1,NA,"lower_own_payoff","lower_own_payoff",NA
"pilot_282","pilot",15,1,NA,"lower_own_payoff","lower_own_payoff",NA
"pilot_283","pilot",15,1,NA,"higher_own_payoff","lower_own_payoff",NA
"pilot_284","pilot",15,1,NA,"higher_own_payoff","higher_own_payoff",NA
"pilot_285","pilot",15,1,NA,"lower_own_payoff","lower_own_payoff",NA
"pilot_286","pilot",15,1,NA,"lower_own_payoff","lower_own_payoff",NA
"pilot_287","pilot",15,1,NA,"lower_own_payoff","lower_own_payoff",NA
"pilot_288","pilot",15,1,NA,"lower_own_payoff","lower_own_payoff",NA
"pilot_289","pilot",15,1,NA,"lower_own_payoff","higher_own_payoff",NA
"pilot_290","pilot",15,1,NA,"higher_own_payoff","higher_own_payoff",NA
"pilot_291","pilot",15,1,NA,"higher_own_payoff","higher_own_payoff",NA
"pilot_292","pilot",15,1,NA,"higher_own_payoff","higher_own_payoff",NA
"pilot_293","pilot",15,1,NA,"higher_own_payoff","higher_own_payoff",NA
"pilot_294","pilot",15,1,NA,"lower_own_payoff","lower_own_payoff",NA
"pilot_295","pilot",15,1,NA,"lower_own_payoff","higher_own_payoff",NA
"pilot_296","pilot",15,1,NA,"higher_own_payoff","higher_own_payoff",NA
"pilot_297","pilot",15,1,NA,"lower_own_payoff","higher_own_payoff",NA
"pilot_298","pilot",15,1,NA,"higher_own_payoff","higher_own_payoff",NA
"pilot_299","pilot",15,1,NA,"higher_own_payoff","higher_own_payoff",NA
"pilot_300","pilot",15,1,NA,"lower_own_payoff","lower_own_payoff",NA
"pilot_301","pilot",15,1,NA,"lower_own_payoff","lower_own_payoff",NA
"pilot_302","pilot",15,1,NA,"higher_own_payoff","higher_own_payoff",NA
"pilot_303","pilot",15,1,NA,"lower_own_payoff","higher_own_payoff",NA
"pilot_304","pilot",15,1,NA,"lower_own_payoff","higher_own_payoff",NA
"pilot_305","pilot",15,1,NA,"higher_own_payoff","lower_own_payoff",NA
"pilot_306","pilot",15,1,NA,"lower_own_payoff","lower_own_payoff",NA
"pilot_1","pilot",16,1,NA,"higher_own_payoff","higher_own_payoff",NA
"pilot_2","pilot",16,1,NA,"lower_own_payoff","lower_own_payoff",NA
"pilot_3","pilot",16,1,NA,"lower_own_payoff","lower_own_payoff",NA
"pilot_4","pilot",16,1,NA,"lower_own_payoff","lower_own_payoff",NA
"pilot_5","pilot",16,1,NA,"lower_own_payoff","higher_own_payoff",NA
"pilot_6","pilot",16,1,NA,"higher_own_payoff","lower_own_payoff",NA
"pilot_7","pilot",16,1,NA,"higher_own_payoff","higher_own_payoff",NA
"pilot_8","pilot",16,1,NA,"lower_own_payoff","lower_own_payoff",NA
"pilot_9","pilot",16,1,NA,"higher_own_payoff","higher_own_payoff",NA
"pilot_10","pilot",16,1,NA,"lower_own_payoff","higher_own_payoff",NA
"pilot_11","pilot",16,1,NA,"lower_own_payoff","lower_own_payoff",NA
"pilot_12","pilot",16,1,NA,"higher_own_payoff","lower_own_payoff",NA
"pilot_13","pilot",16,1,NA,"higher_own_payoff","higher_own_payoff",NA
"pilot_14","pilot",16,1,NA,"higher_own_payoff","higher_own_payoff",NA
"pilot_15","pilot",16,1,NA,"higher_own_payoff","lower_own_payoff",NA
"pilot_16","pilot",16,1,NA,"higher_own_payoff","higher_own_payoff",NA
"pilot_17","pilot",16,1,NA,"higher_own_payoff","higher_own_payoff",NA
"pilot_18","pilot",16,1,NA,"lower_own_payoff","lower_own_payoff",NA
"pilot_19","pilot",16,1,NA,"higher_own_payoff","higher_own_payoff",NA
"pilot_20","pilot",16,1,NA,"higher_own_payoff","higher_own_payoff",NA
"pilot_21","pilot",16,1,NA,"lower_own_payoff","higher_own_payoff",NA
"pilot_22","pilot",16,1,NA,"lower_own_payoff","higher_own_payoff",NA
"pilot_23","pilot",16,1,NA,"higher_own_payoff","higher_own_payoff",NA
"pilot_24","pilot",16,1,NA,"lower_own_payoff","lower_own_payoff",NA
"pilot_25","pilot",16,1,NA,"lower_own_payoff","lower_own_payoff",NA
"pilot_26","pilot",16,1,NA,"higher_own_payoff","higher_own_payoff",NA
"pilot_27","pilot",16,1,NA,"higher_own_payoff","higher_own_payoff",NA
"pilot_28","pilot",16,1,NA,"higher_own_payoff","higher_own_payoff",NA
"pilot_29","pilot",16,1,NA,"lower_own_payoff","lower_own_payoff",NA
"pilot_30","pilot",16,1,NA,"higher_own_payoff","higher_own_payoff",NA
"pilot_31","pilot",16,1,NA,"lower_own_payoff","higher_own_payoff",NA
"pilot_32","pilot",16,1,NA,"lower_own_payoff","lower_own_payoff",NA
"pilot_33","pilot",16,1,NA,"lower_own_payoff","lower_own_payoff",NA
"pilot_34","pilot",16,1,NA,"higher_own_payoff","higher_own_payoff",NA
"pilot_35","pilot",16,1,NA,"lower_own_payoff","lower_own_payoff",NA
"pilot_36","pilot",16,1,NA,"higher_own_payoff","lower_own_payoff",NA
"pilot_37","pilot",16,1,NA,"lower_own_payoff","lower_own_payoff",NA
"pilot_38","pilot",16,1,NA,"lower_own_payoff","higher_own_payoff",NA
"pilot_39","pilot",16,1,NA,"higher_own_payoff","lower_own_payoff",NA
"pilot_40","pilot",16,1,NA,"lower_own_payoff","higher_own_payoff",NA
"pilot_41","pilot",16,1,NA,"higher_own_payoff","higher_own_payoff",NA
"pilot_42","pilot",16,1,NA,"higher_own_payoff","higher_own_payoff",NA
"pilot_43","pilot",16,1,NA,"lower_own_payoff","higher_own_payoff",NA
"pilot_44","pilot",16,1,NA,"lower_own_payoff","lower_own_payoff",NA
"pilot_45","pilot",16,1,NA,"higher_own_payoff","higher_own_payoff",NA
"pilot_46","pilot",16,1,NA,"higher_own_payoff","higher_own_payoff",NA
"pilot_47","pilot",16,1,NA,"higher_own_payoff","higher_own_payoff",NA
"pilot_48","pilot",16,1,NA,"lower_own_payoff","lower_own_payoff",NA
"pilot_49","pilot",16,1,NA,"lower_own_payoff","higher_own_payoff",NA
"pilot_50","pilot",16,1,NA,"higher_own_payoff","lower_own_payoff",NA
"pilot_51","pilot",16,1,NA,"higher_own_payoff","higher_own_payoff",NA
"pilot_52","pilot",16,1,NA,"lower_own_payoff","lower_own_payoff",NA
"pilot_53","pilot",16,1,NA,"lower_own_payoff","lower_own_payoff",NA
"pilot_54","pilot",16,1,NA,"lower_own_payoff","lower_own_payoff",NA
"pilot_55","pilot",16,1,NA,"lower_own_payoff","higher_own_payoff",NA
"pilot_56","pilot",16,1,NA,"higher_own_payoff","higher_own_payoff",NA
"pilot_57","pilot",16,1,NA,"higher_own_payoff","lower_own_payoff",NA
"pilot_58","pilot",16,1,NA,"lower_own_payoff","higher_own_payoff",NA
"pilot_59","pilot",16,1,NA,"lower_own_payoff","lower_own_payoff",NA
"pilot_60","pilot",16,1,NA,"higher_own_payoff","lower_own_payoff",NA
"pilot_61","pilot",16,1,NA,"higher_own_payoff","higher_own_payoff",NA
"pilot_62","pilot",16,1,NA,"lower_own_payoff","higher_own_payoff",NA
"pilot_63","pilot",16,1,NA,"lower_own_payoff","higher_own_payoff",NA
"pilot_64","pilot",16,1,NA,"higher_own_payoff","higher_own_payoff",NA
"pilot_65","pilot",16,1,NA,"higher_own_payoff","higher_own_payoff",NA
"pilot_66","pilot",16,1,NA,"lower_own_payoff","lower_own_payoff",NA
"pilot_67","pilot",16,1,NA,"higher_own_payoff","higher_own_payoff",NA
"pilot_68","pilot",16,1,NA,"higher_own_payoff","higher_own_payoff",NA
"pilot_69","pilot",16,1,NA,"lower_own_payoff","lower_own_payoff",NA
"pilot_70","pilot",16,1,NA,"higher_own_payoff","higher_own_payoff",NA
"pilot_71","pilot",16,1,NA,"lower_own_payoff","lower_own_payoff",NA
"pilot_72","pilot",16,1,NA,"higher_own_payoff","lower_own_payoff",NA
"pilot_73","pilot",16,1,NA,"lower_own_payoff","higher_own_payoff",NA
"pilot_74","pilot",16,1,NA,"lower_own_payoff","lower_own_payoff",NA
"pilot_75","pilot",16,1,NA,"higher_own_payoff","lower_own_payoff",NA
"pilot_76","pilot",16,1,NA,"higher_own_payoff","higher_own_payoff",NA
"pilot_77","pilot",16,1,NA,"higher_own_payoff","higher_own_payoff",NA
"pilot_78","pilot",16,1,NA,"lower_own_payoff","lower_own_payoff",NA
"pilot_79","pilot",16,1,NA,"lower_own_payoff","lower_own_payoff",NA
"pilot_80","pilot",16,1,NA,"higher_own_payoff","lower_own_payoff",NA
"pilot_81","pilot",16,1,NA,"lower_own_payoff","lower_own_payoff",NA
"pilot_82","pilot",16,1,NA,"lower_own_payoff","higher_own_payoff",NA
"pilot_83","pilot",16,1,NA,"higher_own_payoff","lower_own_payoff",NA
"pilot_84","pilot",16,1,NA,"lower_own_payoff","lower_own_payoff",NA
"pilot_85","pilot",16,1,NA,"higher_own_payoff","lower_own_payoff",NA
"pilot_86","pilot",16,1,NA,"higher_own_payoff","lower_own_payoff",NA
"pilot_87","pilot",16,1,NA,"lower_own_payoff","lower_own_payoff",NA
"pilot_88","pilot",16,1,NA,"higher_own_payoff","higher_own_payoff",NA
"pilot_89","pilot",16,1,NA,"higher_own_payoff","higher_own_payoff",NA
"pilot_90","pilot",16,1,NA,"higher_own_payoff","lower_own_payoff",NA
"pilot_91","pilot",16,1,NA,"higher_own_payoff","higher_own_payoff",NA
"pilot_92","pilot",16,1,NA,"lower_own_payoff","lower_own_payoff",NA
"pilot_93","pilot",16,1,NA,"lower_own_payoff","higher_own_payoff",NA
"pilot_94","pilot",16,1,NA,"higher_own_payoff","lower_own_payoff",NA
"pilot_95","pilot",16,1,NA,"higher_own_payoff","higher_own_payoff",NA
"pilot_96","pilot",16,1,NA,"higher_own_payoff","higher_own_payoff",NA
"pilot_97","pilot",16,1,NA,"lower_own_payoff","lower_own_payoff",NA
"pilot_98","pilot",16,1,NA,"higher_own_payoff","higher_own_payoff",NA
"pilot_99","pilot",16,1,NA,"higher_own_payoff","higher_own_payoff",NA
"pilot_100","pilot",16,1,NA,"higher_own_payoff","lower_own_payoff",NA
"pilot_101","pilot",16,1,NA,"higher_own_payoff","higher_own_payoff",NA
"pilot_102","pilot",16,1,NA,"lower_own_payoff","higher_own_payoff",NA
"pilot_103","pilot",16,1,NA,"higher_own_payoff","higher_own_payoff",NA
"pilot_104","pilot",16,1,NA,"lower_own_payoff","higher_own_payoff",NA
"pilot_105","pilot",16,1,NA,"higher_own_payoff","higher_own_payoff",NA
"pilot_106","pilot",16,1,NA,"lower_own_payoff","higher_own_payoff",NA
"pilot_107","pilot",16,1,NA,"higher_own_payoff","lower_own_payoff",NA
"pilot_108","pilot",16,1,NA,"higher_own_payoff","lower_own_payoff",NA
"pilot_109","pilot",16,1,NA,"lower_own_payoff","lower_own_payoff",NA
"pilot_110","pilot",16,1,NA,"lower_own_payoff","lower_own_payoff",NA
"pilot_111","pilot",16,1,NA,"lower_own_payoff","lower_own_payoff",NA
"pilot_112","pilot",16,1,NA,"lower_own_payoff","higher_own_payoff",NA
"pilot_113","pilot",16,1,NA,"lower_own_payoff","higher_own_payoff",NA
"pilot_114","pilot",16,1,NA,"lower_own_payoff","higher_own_payoff",NA
"pilot_115","pilot",16,1,NA,"higher_own_payoff","higher_own_payoff",NA
"pilot_116","pilot",16,1,NA,"lower_own_payoff","higher_own_payoff",NA
"pilot_117","pilot",16,1,NA,"higher_own_payoff","higher_own_payoff",NA
"pilot_118","pilot",16,1,NA,"lower_own_payoff","lower_own_payoff",NA
"pilot_119","pilot",16,1,NA,"higher_own_payoff","higher_own_payoff",NA
"pilot_120","pilot",16,1,NA,"lower_own_payoff","lower_own_payoff",NA
"pilot_121","pilot",16,1,NA,"lower_own_payoff","lower_own_payoff",NA
"pilot_122","pilot",16,1,NA,"lower_own_payoff","lower_own_payoff",NA
"pilot_123","pilot",16,1,NA,"higher_own_payoff","lower_own_payoff",NA
"pilot_124","pilot",16,1,NA,"lower_own_payoff","higher_own_payoff",NA
"pilot_125","pilot",16,1,NA,"lower_own_payoff","higher_own_payoff",NA
"pilot_126","pilot",16,1,NA,"lower_own_payoff","higher_own_payoff",NA
"pilot_127","pilot",16,1,NA,"lower_own_payoff","lower_own_payoff",NA
"pilot_128","pilot",16,1,NA,"higher_own_payoff","higher_own_payoff",NA
"pilot_129","pilot",16,1,NA,"higher_own_payoff","higher_own_payoff",NA
"pilot_130","pilot",16,1,NA,"higher_own_payoff","higher_own_payoff",NA
"pilot_131","pilot",16,1,NA,"lower_own_payoff","lower_own_payoff",NA
"pilot_132","pilot",16,1,NA,"higher_own_payoff","higher_own_payoff",NA
"pilot_133","pilot",16,1,NA,"lower_own_payoff","lower_own_payoff",NA
"pilot_134","pilot",16,1,NA,"higher_own_payoff","higher_own_payoff",NA
"pilot_135","pilot",16,1,NA,"higher_own_payoff","higher_own_payoff",NA
"pilot_136","pilot",16,1,NA,"lower_own_payoff","lower_own_payoff",NA
"pilot_137","pilot",16,1,NA,"lower_own_payoff","higher_own_payoff",NA
"pilot_138","pilot",16,1,NA,"lower_own_payoff","lower_own_payoff",NA
"pilot_139","pilot",16,1,NA,"lower_own_payoff","lower_own_payoff",NA
"pilot_140","pilot",16,1,NA,"higher_own_payoff","higher_own_payoff",NA
"pilot_141","pilot",16,1,NA,"lower_own_payoff","lower_own_payoff",NA
"pilot_142","pilot",16,1,NA,"lower_own_payoff","higher_own_payoff",NA
"pilot_143","pilot",16,1,NA,"higher_own_payoff","lower_own_payoff",NA
"pilot_144","pilot",16,1,NA,"higher_own_payoff","higher_own_payoff",NA
"pilot_145","pilot",16,1,NA,"higher_own_payoff","lower_own_payoff",NA
"pilot_146","pilot",16,1,NA,"lower_own_payoff","lower_own_payoff",NA
"pilot_147","pilot",16,1,NA,"lower_own_payoff","higher_own_payoff",NA
"pilot_148","pilot",16,1,NA,"lower_own_payoff","lower_own_payoff",NA
"pilot_149","pilot",16,1,NA,"lower_own_payoff","higher_own_payoff",NA
"pilot_150","pilot",16,1,NA,"lower_own_payoff","lower_own_payoff",NA
"pilot_151","pilot",16,1,NA,"lower_own_payoff","higher_own_payoff",NA
"pilot_152","pilot",16,1,NA,"higher_own_payoff","lower_own_payoff",NA
"pilot_153","pilot",16,1,NA,"higher_own_payoff","higher_own_payoff",NA
"pilot_154","pilot",16,1,NA,"higher_own_payoff","lower_own_payoff",NA
"pilot_155","pilot",16,1,NA,"lower_own_payoff","lower_own_payoff",NA
"pilot_156","pilot",16,1,NA,"lower_own_payoff","lower_own_payoff",NA
"pilot_157","pilot",16,1,NA,"lower_own_payoff","higher_own_payoff",NA
"pilot_158","pilot",16,1,NA,"lower_own_payoff","lower_own_payoff",NA
"pilot_159","pilot",16,1,NA,"higher_own_payoff","higher_own_payoff",NA
"pilot_160","pilot",16,1,NA,"lower_own_payoff","higher_own_payoff",NA
"pilot_161","pilot",16,1,NA,"lower_own_payoff","lower_own_payoff",NA
"pilot_162","pilot",16,1,NA,"lower_own_payoff","lower_own_payoff",NA
"pilot_163","pilot",16,1,NA,"higher_own_payoff","higher_own_payoff",NA
"pilot_164","pilot",16,1,NA,"lower_own_payoff","higher_own_payoff",NA
"pilot_165","pilot",16,1,NA,"lower_own_payoff","higher_own_payoff",NA
"pilot_166","pilot",16,1,NA,"higher_own_payoff","higher_own_payoff",NA
"pilot_167","pilot",16,1,NA,"higher_own_payoff","higher_own_payoff",NA
"pilot_168","pilot",16,1,NA,"higher_own_payoff","higher_own_payoff",NA
"pilot_169","pilot",16,1,NA,"lower_own_payoff","lower_own_payoff",NA
"pilot_170","pilot",16,1,NA,"higher_own_payoff","higher_own_payoff",NA
"pilot_171","pilot",16,1,NA,"higher_own_payoff","higher_own_payoff",NA
"pilot_172","pilot",16,1,NA,"higher_own_payoff","lower_own_payoff",NA
"pilot_173","pilot",16,1,NA,"higher_own_payoff","higher_own_payoff",NA
"pilot_174","pilot",16,1,NA,"lower_own_payoff","lower_own_payoff",NA
"pilot_175","pilot",16,1,NA,"lower_own_payoff","higher_own_payoff",NA
"pilot_176","pilot",16,1,NA,"higher_own_payoff","higher_own_payoff",NA
"pilot_177","pilot",16,1,NA,"higher_own_payoff","lower_own_payoff",NA
"pilot_178","pilot",16,1,NA,"lower_own_payoff","lower_own_payoff",NA
"pilot_179","pilot",16,1,NA,"lower_own_payoff","higher_own_payoff",NA
"pilot_180","pilot",16,1,NA,"higher_own_payoff","lower_own_payoff",NA
"pilot_181","pilot",16,1,NA,"higher_own_payoff","lower_own_payoff",NA
"pilot_182","pilot",16,1,NA,"higher_own_payoff","higher_own_payoff",NA
"pilot_183","pilot",16,1,NA,"lower_own_payoff","lower_own_payoff",NA
"pilot_184","pilot",16,1,NA,"higher_own_payoff","higher_own_payoff",NA
"pilot_185","pilot",16,1,NA,"lower_own_payoff","higher_own_payoff",NA
"pilot_186","pilot",16,1,NA,"higher_own_payoff","lower_own_payoff",NA
"pilot_187","pilot",16,1,NA,"higher_own_payoff","higher_own_payoff",NA
"pilot_188","pilot",16,1,NA,"lower_own_payoff","lower_own_payoff",NA
"pilot_189","pilot",16,1,NA,"higher_own_payoff","lower_own_payoff",NA
"pilot_190","pilot",16,1,NA,"lower_own_payoff","lower_own_payoff",NA
"pilot_191","pilot",16,1,NA,"higher_own_payoff","higher_own_payoff",NA
"pilot_192","pilot",16,1,NA,"higher_own_payoff","higher_own_payoff",NA
"pilot_193","pilot",16,1,NA,"higher_own_payoff","higher_own_payoff",NA
"pilot_194","pilot",16,1,NA,"lower_own_payoff","lower_own_payoff",NA
"pilot_195","pilot",16,1,NA,"higher_own_payoff","higher_own_payoff",NA
"pilot_196","pilot",16,1,NA,"lower_own_payoff","lower_own_payoff",NA
"pilot_197","pilot",16,1,NA,"higher_own_payoff","higher_own_payoff",NA
"pilot_198","pilot",16,1,NA,"higher_own_payoff","higher_own_payoff",NA
"pilot_199","pilot",16,1,NA,"higher_own_payoff","higher_own_payoff",NA
"pilot_200","pilot",16,1,NA,"higher_own_payoff","higher_own_payoff",NA
"pilot_201","pilot",16,1,NA,"higher_own_payoff","lower_own_payoff",NA
"pilot_202","pilot",16,1,NA,"higher_own_payoff","higher_own_payoff",NA
"pilot_203","pilot",16,1,NA,"lower_own_payoff","higher_own_payoff",NA
"pilot_204","pilot",16,1,NA,"higher_own_payoff","higher_own_payoff",NA
"pilot_205","pilot",16,1,NA,"higher_own_payoff","higher_own_payoff",NA
"pilot_206","pilot",16,1,NA,"higher_own_payoff","lower_own_payoff",NA
"pilot_207","pilot",16,1,NA,"higher_own_payoff","higher_own_payoff",NA
"pilot_208","pilot",16,1,NA,"higher_own_payoff","higher_own_payoff",NA
"pilot_209","pilot",16,1,NA,"higher_own_payoff","lower_own_payoff",NA
"pilot_210","pilot",16,1,NA,"lower_own_payoff","lower_own_payoff",NA
"pilot_211","pilot",16,1,NA,"higher_own_payoff","higher_own_payoff",NA
"pilot_212","pilot",16,1,NA,"higher_own_payoff","higher_own_payoff",NA
"pilot_213","pilot",16,1,NA,"higher_own_payoff","lower_own_payoff",NA
"pilot_214","pilot",16,1,NA,"lower_own_payoff","higher_own_payoff",NA
"pilot_215","pilot",16,1,NA,"lower_own_payoff","lower_own_payoff",NA
"pilot_216","pilot",16,1,NA,"higher_own_payoff","higher_own_payoff",NA
"pilot_217","pilot",16,1,NA,"lower_own_payoff","higher_own_payoff",NA
"pilot_218","pilot",16,1,NA,"lower_own_payoff","higher_own_payoff",NA
"pilot_219","pilot",16,1,NA,"lower_own_payoff","higher_own_payoff",NA
"pilot_220","pilot",16,1,NA,"higher_own_payoff","lower_own_payoff",NA
"pilot_221","pilot",16,1,NA,"lower_own_payoff","lower_own_payoff",NA
"pilot_222","pilot",16,1,NA,"higher_own_payoff","higher_own_payoff",NA
"pilot_223","pilot",16,1,NA,"higher_own_payoff","higher_own_payoff",NA
"pilot_224","pilot",16,1,NA,"higher_own_payoff","higher_own_payoff",NA
"pilot_225","pilot",16,1,NA,"higher_own_payoff","lower_own_payoff",NA
"pilot_226","pilot",16,1,NA,"lower_own_payoff","lower_own_payoff",NA
"pilot_227","pilot",16,1,NA,"higher_own_payoff","higher_own_payoff",NA
"pilot_228","pilot",16,1,NA,"higher_own_payoff","lower_own_payoff",NA
"pilot_229","pilot",16,1,NA,"higher_own_payoff","higher_own_payoff",NA
"pilot_230","pilot",16,1,NA,"higher_own_payoff","higher_own_payoff",NA
"pilot_231","pilot",16,1,NA,"higher_own_payoff","higher_own_payoff",NA
"pilot_232","pilot",16,1,NA,"lower_own_payoff","higher_own_payoff",NA
"pilot_233","pilot",16,1,NA,"higher_own_payoff","lower_own_payoff",NA
"pilot_234","pilot",16,1,NA,"higher_own_payoff","lower_own_payoff",NA
"pilot_235","pilot",16,1,NA,"higher_own_payoff","higher_own_payoff",NA
"pilot_236","pilot",16,1,NA,"higher_own_payoff","higher_own_payoff",NA
"pilot_237","pilot",16,1,NA,"lower_own_payoff","higher_own_payoff",NA
"pilot_238","pilot",16,1,NA,"higher_own_payoff","higher_own_payoff",NA
"pilot_239","pilot",16,1,NA,"lower_own_payoff","higher_own_payoff",NA
"pilot_240","pilot",16,1,NA,"higher_own_payoff","higher_own_payoff",NA
"pilot_241","pilot",16,1,NA,"lower_own_payoff","lower_own_payoff",NA
"pilot_242","pilot",16,1,NA,"higher_own_payoff","higher_own_payoff",NA
"pilot_243","pilot",16,1,NA,"lower_own_payoff","lower_own_payoff",NA
"pilot_244","pilot",16,1,NA,"higher_own_payoff","higher_own_payoff",NA
"pilot_245","pilot",16,1,NA,"higher_own_payoff","higher_own_payoff",NA
"pilot_246","pilot",16,1,NA,"higher_own_payoff","higher_own_payoff",NA
"pilot_247","pilot",16,1,NA,"higher_own_payoff","higher_own_payoff",NA
"pilot_248","pilot",16,1,NA,"higher_own_payoff","lower_own_payoff",NA
"pilot_249","pilot",16,1,NA,"higher_own_payoff","lower_own_payoff",NA
"pilot_250","pilot",16,1,NA,"lower_own_payoff","higher_own_payoff",NA
"pilot_251","pilot",16,1,NA,"lower_own_payoff","lower_own_payoff",NA
"pilot_252","pilot",16,1,NA,"higher_own_payoff","higher_own_payoff",NA
"pilot_253","pilot",16,1,NA,"higher_own_payoff","higher_own_payoff",NA
"pilot_254","pilot",16,1,NA,"higher_own_payoff","higher_own_payoff",NA
"pilot_255","pilot",16,1,NA,"higher_own_payoff","lower_own_payoff",NA
"pilot_256","pilot",16,1,NA,"higher_own_payoff","higher_own_payoff",NA
"pilot_257","pilot",16,1,NA,"higher_own_payoff","lower_own_payoff",NA
"pilot_258","pilot",16,1,NA,"higher_own_payoff","higher_own_payoff",NA
"pilot_259","pilot",16,1,NA,"higher_own_payoff","higher_own_payoff",NA
"pilot_260","pilot",16,1,NA,"lower_own_payoff","higher_own_payoff",NA
"pilot_261","pilot",16,1,NA,"higher_own_payoff","higher_own_payoff",NA
"pilot_262","pilot",16,1,NA,"higher_own_payoff","higher_own_payoff",NA
"pilot_263","pilot",16,1,NA,"higher_own_payoff","higher_own_payoff",NA
"pilot_264","pilot",16,1,NA,"higher_own_payoff","higher_own_payoff",NA
"pilot_265","pilot",16,1,NA,"lower_own_payoff","lower_own_payoff",NA
"pilot_266","pilot",16,1,NA,"higher_own_payoff","lower_own_payoff",NA
"pilot_267","pilot",16,1,NA,"lower_own_payoff","higher_own_payoff",NA
"pilot_268","pilot",16,1,NA,"higher_own_payoff","higher_own_payoff",NA
"pilot_269","pilot",16,1,NA,"lower_own_payoff","lower_own_payoff",NA
"pilot_270","pilot",16,1,NA,"higher_own_payoff","higher_own_payoff",NA
"pilot_271","pilot",16,1,NA,"higher_own_payoff","higher_own_payoff",NA
"pilot_272","pilot",16,1,NA,"lower_own_payoff","higher_own_payoff",NA
"pilot_273","pilot",16,1,NA,"lower_own_payoff","lower_own_payoff",NA
"pilot_274","pilot",16,1,NA,"higher_own_payoff","higher_own_payoff",NA
"pilot_275","pilot",16,1,NA,"lower_own_payoff","higher_own_payoff",NA
"pilot_276","pilot",16,1,NA,"lower_own_payoff","lower_own_payoff",NA
"pilot_277","pilot",16,1,NA,"higher_own_payoff","higher_own_payoff",NA
"pilot_278","pilot",16,1,NA,"lower_own_payoff","lower_own_payoff",NA
"pilot_279","pilot",16,1,NA,"lower_own_payoff","lower_own_payoff",NA
"pilot_280","pilot",16,1,NA,"higher_own_payoff","higher_own_payoff",NA
"pilot_281","pilot",16,1,NA,"higher_own_payoff","lower_own_payoff",NA
"pilot_282","pilot",16,1,NA,"lower_own_payoff","lower_own_payoff",NA
"pilot_283","pilot",16,1,NA,"lower_own_payoff","higher_own_payoff",NA
"pilot_284","pilot",16,1,NA,"higher_own_payoff","lower_own_payoff",NA
"pilot_285","pilot",16,1,NA,"higher_own_payoff","lower_own_payoff",NA
"pilot_286","pilot",16,1,NA,"higher_own_payoff","higher_own_payoff",NA
"pilot_287","pilot",16,1,NA,"lower_own_payoff","lower_own_payoff",NA
"pilot_288","pilot",16,1,NA,"lower_own_payoff","lower_own_payoff",NA
"pilot_289","pilot",16,1,NA,"lower_own_payoff","higher_own_payoff",NA
"pilot_290","pilot",16,1,NA,"higher_own_payoff","higher_own_payoff",NA
"pilot_291","pilot",16,1,NA,"higher_own_payoff","higher_own_payoff",NA
"pilot_292","pilot",16,1,NA,"lower_own_payoff","higher_own_payoff",NA
"pilot_293","pilot",16,1,NA,"higher_own_payoff","higher_own_payoff",NA
"pilot_294","pilot",16,1,NA,"higher_own_payoff","lower_own_payoff",NA
"pilot_295","pilot",16,1,NA,"lower_own_payoff","higher_own_payoff",NA
"pilot_296","pilot",16,1,NA,"higher_own_payoff","higher_own_payoff",NA
"pilot_297","pilot",16,1,NA,"higher_own_payoff","lower_own_payoff",NA
"pilot_298","pilot",16,1,NA,"higher_own_payoff","higher_own_payoff",NA
"pilot_299","pilot",16,1,NA,"lower_own_payoff","lower_own_payoff",NA
"pilot_300","pilot",16,1,NA,"lower_own_payoff","lower_own_payoff",NA
"pilot_301","pilot",16,1,NA,"lower_own_payoff","lower_own_payoff",NA
"pilot_302","pilot",16,1,NA,"higher_own_payoff","higher_own_payoff",NA
"pilot_303","pilot",16,1,NA,"lower_own_payoff","lower_own_payoff",NA
"pilot_304","pilot",16,1,NA,"lower_own_payoff","higher_own_payoff",NA
"pilot_305","pilot",16,1,NA,"higher_own_payoff","higher_own_payoff",NA
"pilot_306","pilot",16,1,NA,"higher_own_payoff","higher_own_payoff",NA
"pilot_1","pilot",17,1,NA,"lower_own_payoff","lower_own_payoff",NA
"pilot_2","pilot",17,1,NA,"higher_own_payoff","higher_own_payoff",NA
"pilot_3","pilot",17,1,NA,"higher_own_payoff","higher_own_payoff",NA
"pilot_4","pilot",17,1,NA,"higher_own_payoff","higher_own_payoff",NA
"pilot_5","pilot",17,1,NA,"lower_own_payoff","lower_own_payoff",NA
"pilot_6","pilot",17,1,NA,"higher_own_payoff","lower_own_payoff",NA
"pilot_7","pilot",17,1,NA,"higher_own_payoff","higher_own_payoff",NA
"pilot_8","pilot",17,1,NA,"lower_own_payoff","lower_own_payoff",NA
"pilot_9","pilot",17,1,NA,"higher_own_payoff","lower_own_payoff",NA
"pilot_10","pilot",17,1,NA,"higher_own_payoff","higher_own_payoff",NA
"pilot_11","pilot",17,1,NA,"lower_own_payoff","lower_own_payoff",NA
"pilot_12","pilot",17,1,NA,"higher_own_payoff","higher_own_payoff",NA
"pilot_13","pilot",17,1,NA,"higher_own_payoff","higher_own_payoff",NA
"pilot_14","pilot",17,1,NA,"higher_own_payoff","higher_own_payoff",NA
"pilot_15","pilot",17,1,NA,"higher_own_payoff","lower_own_payoff",NA
"pilot_16","pilot",17,1,NA,"higher_own_payoff","lower_own_payoff",NA
"pilot_17","pilot",17,1,NA,"lower_own_payoff","lower_own_payoff",NA
"pilot_18","pilot",17,1,NA,"lower_own_payoff","lower_own_payoff",NA
"pilot_19","pilot",17,1,NA,"higher_own_payoff","higher_own_payoff",NA
"pilot_20","pilot",17,1,NA,"higher_own_payoff","higher_own_payoff",NA
"pilot_21","pilot",17,1,NA,"lower_own_payoff","higher_own_payoff",NA
"pilot_22","pilot",17,1,NA,"lower_own_payoff","higher_own_payoff",NA
"pilot_23","pilot",17,1,NA,"higher_own_payoff","higher_own_payoff",NA
"pilot_24","pilot",17,1,NA,"lower_own_payoff","lower_own_payoff",NA
"pilot_25","pilot",17,1,NA,"higher_own_payoff","higher_own_payoff",NA
"pilot_26","pilot",17,1,NA,"higher_own_payoff","higher_own_payoff",NA
"pilot_27","pilot",17,1,NA,"higher_own_payoff","higher_own_payoff",NA
"pilot_28","pilot",17,1,NA,"higher_own_payoff","higher_own_payoff",NA
"pilot_29","pilot",17,1,NA,"higher_own_payoff","lower_own_payoff",NA
"pilot_30","pilot",17,1,NA,"higher_own_payoff","higher_own_payoff",NA
"pilot_31","pilot",17,1,NA,"lower_own_payoff","lower_own_payoff",NA
"pilot_32","pilot",17,1,NA,"higher_own_payoff","higher_own_payoff",NA
"pilot_33","pilot",17,1,NA,"lower_own_payoff","lower_own_payoff",NA
"pilot_34","pilot",17,1,NA,"higher_own_payoff","higher_own_payoff",NA
"pilot_35","pilot",17,1,NA,"higher_own_payoff","lower_own_payoff",NA
"pilot_36","pilot",17,1,NA,"higher_own_payoff","lower_own_payoff",NA
"pilot_37","pilot",17,1,NA,"lower_own_payoff","lower_own_payoff",NA
"pilot_38","pilot",17,1,NA,"lower_own_payoff","higher_own_payoff",NA
"pilot_39","pilot",17,1,NA,"lower_own_payoff","lower_own_payoff",NA
"pilot_40","pilot",17,1,NA,"lower_own_payoff","higher_own_payoff",NA
"pilot_41","pilot",17,1,NA,"higher_own_payoff","higher_own_payoff",NA
"pilot_42","pilot",17,1,NA,"lower_own_payoff","higher_own_payoff",NA
"pilot_43","pilot",17,1,NA,"higher_own_payoff","higher_own_payoff",NA
"pilot_44","pilot",17,1,NA,"higher_own_payoff","lower_own_payoff",NA
"pilot_45","pilot",17,1,NA,"higher_own_payoff","higher_own_payoff",NA
"pilot_46","pilot",17,1,NA,"higher_own_payoff","higher_own_payoff",NA
"pilot_47","pilot",17,1,NA,"higher_own_payoff","higher_own_payoff",NA
"pilot_48","pilot",17,1,NA,"lower_own_payoff","lower_own_payoff",NA
"pilot_49","pilot",17,1,NA,"higher_own_payoff","higher_own_payoff",NA
"pilot_50","pilot",17,1,NA,"lower_own_payoff","lower_own_payoff",NA
"pilot_51","pilot",17,1,NA,"higher_own_payoff","lower_own_payoff",NA
"pilot_52","pilot",17,1,NA,"higher_own_payoff","higher_own_payoff",NA
"pilot_53","pilot",17,1,NA,"lower_own_payoff","higher_own_payoff",NA
"pilot_54","pilot",17,1,NA,"lower_own_payoff","lower_own_payoff",NA
"pilot_55","pilot",17,1,NA,"lower_own_payoff","lower_own_payoff",NA
"pilot_56","pilot",17,1,NA,"higher_own_payoff","higher_own_payoff",NA
"pilot_57","pilot",17,1,NA,"higher_own_payoff","lower_own_payoff",NA
"pilot_58","pilot",17,1,NA,"higher_own_payoff","higher_own_payoff",NA
"pilot_59","pilot",17,1,NA,"lower_own_payoff","lower_own_payoff",NA
"pilot_60","pilot",17,1,NA,"higher_own_payoff","lower_own_payoff",NA
"pilot_61","pilot",17,1,NA,"higher_own_payoff","higher_own_payoff",NA
"pilot_62","pilot",17,1,NA,"lower_own_payoff","lower_own_payoff",NA
"pilot_63","pilot",17,1,NA,"lower_own_payoff","lower_own_payoff",NA
"pilot_64","pilot",17,1,NA,"higher_own_payoff","higher_own_payoff",NA
"pilot_65","pilot",17,1,NA,"lower_own_payoff","higher_own_payoff",NA
"pilot_66","pilot",17,1,NA,"higher_own_payoff","higher_own_payoff",NA
"pilot_67","pilot",17,1,NA,"higher_own_payoff","lower_own_payoff",NA
"pilot_68","pilot",17,1,NA,"higher_own_payoff","higher_own_payoff",NA
"pilot_69","pilot",17,1,NA,"lower_own_payoff","lower_own_payoff",NA
"pilot_70","pilot",17,1,NA,"higher_own_payoff","higher_own_payoff",NA
"pilot_71","pilot",17,1,NA,"lower_own_payoff","lower_own_payoff",NA
"pilot_72","pilot",17,1,NA,"higher_own_payoff","higher_own_payoff",NA
"pilot_73","pilot",17,1,NA,"lower_own_payoff","higher_own_payoff",NA
"pilot_74","pilot",17,1,NA,"lower_own_payoff","lower_own_payoff",NA
"pilot_75","pilot",17,1,NA,"higher_own_payoff","lower_own_payoff",NA
"pilot_76","pilot",17,1,NA,"higher_own_payoff","higher_own_payoff",NA
"pilot_77","pilot",17,1,NA,"higher_own_payoff","higher_own_payoff",NA
"pilot_78","pilot",17,1,NA,"lower_own_payoff","lower_own_payoff",NA
"pilot_79","pilot",17,1,NA,"lower_own_payoff","lower_own_payoff",NA
"pilot_80","pilot",17,1,NA,"higher_own_payoff","higher_own_payoff",NA
"pilot_81","pilot",17,1,NA,"lower_own_payoff","higher_own_payoff",NA
"pilot_82","pilot",17,1,NA,"lower_own_payoff","higher_own_payoff",NA
"pilot_83","pilot",17,1,NA,"higher_own_payoff","lower_own_payoff",NA
"pilot_84","pilot",17,1,NA,"lower_own_payoff","lower_own_payoff",NA
"pilot_85","pilot",17,1,NA,"higher_own_payoff","higher_own_payoff",NA
"pilot_86","pilot",17,1,NA,"higher_own_payoff","higher_own_payoff",NA
"pilot_87","pilot",17,1,NA,"higher_own_payoff","higher_own_payoff",NA
"pilot_88","pilot",17,1,NA,"higher_own_payoff","higher_own_payoff",NA
"pilot_89","pilot",17,1,NA,"higher_own_payoff","higher_own_payoff",NA
"pilot_90","pilot",17,1,NA,"higher_own_payoff","lower_own_payoff",NA
"pilot_91","pilot",17,1,NA,"higher_own_payoff","higher_own_payoff",NA
"pilot_92","pilot",17,1,NA,"lower_own_payoff","lower_own_payoff",NA
"pilot_93","pilot",17,1,NA,"lower_own_payoff","lower_own_payoff",NA
"pilot_94","pilot",17,1,NA,"higher_own_payoff","lower_own_payoff",NA
"pilot_95","pilot",17,1,NA,"higher_own_payoff","higher_own_payoff",NA
"pilot_96","pilot",17,1,NA,"higher_own_payoff","higher_own_payoff",NA
"pilot_97","pilot",17,1,NA,"lower_own_payoff","lower_own_payoff",NA
"pilot_98","pilot",17,1,NA,"higher_own_payoff","higher_own_payoff",NA
"pilot_99","pilot",17,1,NA,"higher_own_payoff","higher_own_payoff",NA
"pilot_100","pilot",17,1,NA,"higher_own_payoff","lower_own_payoff",NA
"pilot_101","pilot",17,1,NA,"higher_own_payoff","higher_own_payoff",NA
"pilot_102","pilot",17,1,NA,"lower_own_payoff","higher_own_payoff",NA
"pilot_103","pilot",17,1,NA,"higher_own_payoff","lower_own_payoff",NA
"pilot_104","pilot",17,1,NA,"lower_own_payoff","higher_own_payoff",NA
"pilot_105","pilot",17,1,NA,"higher_own_payoff","higher_own_payoff",NA
"pilot_106","pilot",17,1,NA,"higher_own_payoff","higher_own_payoff",NA
"pilot_107","pilot",17,1,NA,"higher_own_payoff","lower_own_payoff",NA
"pilot_108","pilot",17,1,NA,"lower_own_payoff","lower_own_payoff",NA
"pilot_109","pilot",17,1,NA,"higher_own_payoff","lower_own_payoff",NA
"pilot_110","pilot",17,1,NA,"lower_own_payoff","lower_own_payoff",NA
"pilot_111","pilot",17,1,NA,"higher_own_payoff","lower_own_payoff",NA
"pilot_112","pilot",17,1,NA,"lower_own_payoff","higher_own_payoff",NA
"pilot_113","pilot",17,1,NA,"higher_own_payoff","lower_own_payoff",NA
"pilot_114","pilot",17,1,NA,"higher_own_payoff","lower_own_payoff",NA
"pilot_115","pilot",17,1,NA,"higher_own_payoff","higher_own_payoff",NA
"pilot_116","pilot",17,1,NA,"lower_own_payoff","higher_own_payoff",NA
"pilot_117","pilot",17,1,NA,"higher_own_payoff","higher_own_payoff",NA
"pilot_118","pilot",17,1,NA,"higher_own_payoff","lower_own_payoff",NA
"pilot_119","pilot",17,1,NA,"higher_own_payoff","lower_own_payoff",NA
"pilot_120","pilot",17,1,NA,"lower_own_payoff","lower_own_payoff",NA
"pilot_121","pilot",17,1,NA,"higher_own_payoff","higher_own_payoff",NA
"pilot_122","pilot",17,1,NA,"lower_own_payoff","higher_own_payoff",NA
"pilot_123","pilot",17,1,NA,"higher_own_payoff","higher_own_payoff",NA
"pilot_124","pilot",17,1,NA,"higher_own_payoff","higher_own_payoff",NA
"pilot_125","pilot",17,1,NA,"higher_own_payoff","higher_own_payoff",NA
"pilot_126","pilot",17,1,NA,"higher_own_payoff","lower_own_payoff",NA
"pilot_127","pilot",17,1,NA,"lower_own_payoff","lower_own_payoff",NA
"pilot_128","pilot",17,1,NA,"lower_own_payoff","lower_own_payoff",NA
"pilot_129","pilot",17,1,NA,"higher_own_payoff","higher_own_payoff",NA
"pilot_130","pilot",17,1,NA,"higher_own_payoff","higher_own_payoff",NA
"pilot_131","pilot",17,1,NA,"lower_own_payoff","higher_own_payoff",NA
"pilot_132","pilot",17,1,NA,"higher_own_payoff","higher_own_payoff",NA
"pilot_133","pilot",17,1,NA,"higher_own_payoff","higher_own_payoff",NA
"pilot_134","pilot",17,1,NA,"higher_own_payoff","lower_own_payoff",NA
"pilot_135","pilot",17,1,NA,"higher_own_payoff","lower_own_payoff",NA
"pilot_136","pilot",17,1,NA,"lower_own_payoff","lower_own_payoff",NA
"pilot_137","pilot",17,1,NA,"higher_own_payoff","higher_own_payoff",NA
"pilot_138","pilot",17,1,NA,"higher_own_payoff","higher_own_payoff",NA
"pilot_139","pilot",17,1,NA,"lower_own_payoff","lower_own_payoff",NA
"pilot_140","pilot",17,1,NA,"lower_own_payoff","lower_own_payoff",NA
"pilot_141","pilot",17,1,NA,"lower_own_payoff","lower_own_payoff",NA
"pilot_142","pilot",17,1,NA,"higher_own_payoff","higher_own_payoff",NA
"pilot_143","pilot",17,1,NA,"higher_own_payoff","lower_own_payoff",NA
"pilot_144","pilot",17,1,NA,"higher_own_payoff","higher_own_payoff",NA
"pilot_145","pilot",17,1,NA,"higher_own_payoff","higher_own_payoff",NA
"pilot_146","pilot",17,1,NA,"lower_own_payoff","lower_own_payoff",NA
"pilot_147","pilot",17,1,NA,"higher_own_payoff","higher_own_payoff",NA
"pilot_148","pilot",17,1,NA,"lower_own_payoff","lower_own_payoff",NA
"pilot_149","pilot",17,1,NA,"higher_own_payoff","higher_own_payoff",NA
"pilot_150","pilot",17,1,NA,"lower_own_payoff","lower_own_payoff",NA
"pilot_151","pilot",17,1,NA,"lower_own_payoff","higher_own_payoff",NA
"pilot_152","pilot",17,1,NA,"higher_own_payoff","lower_own_payoff",NA
"pilot_153","pilot",17,1,NA,"higher_own_payoff","higher_own_payoff",NA
"pilot_154","pilot",17,1,NA,"higher_own_payoff","higher_own_payoff",NA
"pilot_155","pilot",17,1,NA,"lower_own_payoff","lower_own_payoff",NA
"pilot_156","pilot",17,1,NA,"lower_own_payoff","lower_own_payoff",NA
"pilot_157","pilot",17,1,NA,"lower_own_payoff","lower_own_payoff",NA
"pilot_158","pilot",17,1,NA,"higher_own_payoff","higher_own_payoff",NA
"pilot_159","pilot",17,1,NA,"higher_own_payoff","higher_own_payoff",NA
"pilot_160","pilot",17,1,NA,"lower_own_payoff","higher_own_payoff",NA
"pilot_161","pilot",17,1,NA,"lower_own_payoff","lower_own_payoff",NA
"pilot_162","pilot",17,1,NA,"lower_own_payoff","lower_own_payoff",NA
"pilot_163","pilot",17,1,NA,"higher_own_payoff","higher_own_payoff",NA
"pilot_164","pilot",17,1,NA,"higher_own_payoff","higher_own_payoff",NA
"pilot_165","pilot",17,1,NA,"lower_own_payoff","lower_own_payoff",NA
"pilot_166","pilot",17,1,NA,"higher_own_payoff","higher_own_payoff",NA
"pilot_167","pilot",17,1,NA,"higher_own_payoff","higher_own_payoff",NA
"pilot_168","pilot",17,1,NA,"higher_own_payoff","lower_own_payoff",NA
"pilot_169","pilot",17,1,NA,"lower_own_payoff","lower_own_payoff",NA
"pilot_170","pilot",17,1,NA,"higher_own_payoff","higher_own_payoff",NA
"pilot_171","pilot",17,1,NA,"higher_own_payoff","lower_own_payoff",NA
"pilot_172","pilot",17,1,NA,"higher_own_payoff","higher_own_payoff",NA
"pilot_173","pilot",17,1,NA,"higher_own_payoff","higher_own_payoff",NA
"pilot_174","pilot",17,1,NA,"lower_own_payoff","lower_own_payoff",NA
"pilot_175","pilot",17,1,NA,"lower_own_payoff","higher_own_payoff",NA
"pilot_176","pilot",17,1,NA,"lower_own_payoff","higher_own_payoff",NA
"pilot_177","pilot",17,1,NA,"higher_own_payoff","higher_own_payoff",NA
"pilot_178","pilot",17,1,NA,"lower_own_payoff","lower_own_payoff",NA
"pilot_179","pilot",17,1,NA,"higher_own_payoff","lower_own_payoff",NA
"pilot_180","pilot",17,1,NA,"lower_own_payoff","higher_own_payoff",NA
"pilot_181","pilot",17,1,NA,"higher_own_payoff","lower_own_payoff",NA
"pilot_182","pilot",17,1,NA,"lower_own_payoff","lower_own_payoff",NA
"pilot_183","pilot",17,1,NA,"higher_own_payoff","higher_own_payoff",NA
"pilot_184","pilot",17,1,NA,"higher_own_payoff","lower_own_payoff",NA
"pilot_185","pilot",17,1,NA,"lower_own_payoff","higher_own_payoff",NA
"pilot_186","pilot",17,1,NA,"lower_own_payoff","higher_own_payoff",NA
"pilot_187","pilot",17,1,NA,"lower_own_payoff","lower_own_payoff",NA
"pilot_188","pilot",17,1,NA,"higher_own_payoff","higher_own_payoff",NA
"pilot_189","pilot",17,1,NA,"higher_own_payoff","lower_own_payoff",NA
"pilot_190","pilot",17,1,NA,"lower_own_payoff","lower_own_payoff",NA
"pilot_191","pilot",17,1,NA,"higher_own_payoff","lower_own_payoff",NA
"pilot_192","pilot",17,1,NA,"higher_own_payoff","lower_own_payoff",NA
"pilot_193","pilot",17,1,NA,"lower_own_payoff","lower_own_payoff",NA
"pilot_194","pilot",17,1,NA,"lower_own_payoff","lower_own_payoff",NA
"pilot_195","pilot",17,1,NA,"higher_own_payoff","higher_own_payoff",NA
"pilot_196","pilot",17,1,NA,"lower_own_payoff","lower_own_payoff",NA
"pilot_197","pilot",17,1,NA,"lower_own_payoff","lower_own_payoff",NA
"pilot_198","pilot",17,1,NA,"lower_own_payoff","higher_own_payoff",NA
"pilot_199","pilot",17,1,NA,"higher_own_payoff","higher_own_payoff",NA
"pilot_200","pilot",17,1,NA,"higher_own_payoff","higher_own_payoff",NA
"pilot_201","pilot",17,1,NA,"lower_own_payoff","higher_own_payoff",NA
"pilot_202","pilot",17,1,NA,"higher_own_payoff","higher_own_payoff",NA
"pilot_203","pilot",17,1,NA,"higher_own_payoff","higher_own_payoff",NA
"pilot_204","pilot",17,1,NA,"higher_own_payoff","higher_own_payoff",NA
"pilot_205","pilot",17,1,NA,"lower_own_payoff","higher_own_payoff",NA
"pilot_206","pilot",17,1,NA,"higher_own_payoff","lower_own_payoff",NA
"pilot_207","pilot",17,1,NA,"higher_own_payoff","higher_own_payoff",NA
"pilot_208","pilot",17,1,NA,"higher_own_payoff","lower_own_payoff",NA
"pilot_209","pilot",17,1,NA,"lower_own_payoff","lower_own_payoff",NA
"pilot_210","pilot",17,1,NA,"lower_own_payoff","lower_own_payoff",NA
"pilot_211","pilot",17,1,NA,"higher_own_payoff","higher_own_payoff",NA
"pilot_212","pilot",17,1,NA,"higher_own_payoff","lower_own_payoff",NA
"pilot_213","pilot",17,1,NA,"higher_own_payoff","higher_own_payoff",NA
"pilot_214","pilot",17,1,NA,"higher_own_payoff","lower_own_payoff",NA
"pilot_215","pilot",17,1,NA,"lower_own_payoff","lower_own_payoff",NA
"pilot_216","pilot",17,1,NA,"higher_own_payoff","higher_own_payoff",NA
"pilot_217","pilot",17,1,NA,"higher_own_payoff","lower_own_payoff",NA
"pilot_218","pilot",17,1,NA,"higher_own_payoff","lower_own_payoff",NA
"pilot_219","pilot",17,1,NA,"higher_own_payoff","higher_own_payoff",NA
"pilot_220","pilot",17,1,NA,"higher_own_payoff","higher_own_payoff",NA
"pilot_221","pilot",17,1,NA,"lower_own_payoff","lower_own_payoff",NA
"pilot_222","pilot",17,1,NA,"higher_own_payoff","higher_own_payoff",NA
"pilot_223","pilot",17,1,NA,"higher_own_payoff","higher_own_payoff",NA
"pilot_224","pilot",17,1,NA,"higher_own_payoff","higher_own_payoff",NA
"pilot_225","pilot",17,1,NA,"lower_own_payoff","lower_own_payoff",NA
"pilot_226","pilot",17,1,NA,"higher_own_payoff","higher_own_payoff",NA
"pilot_227","pilot",17,1,NA,"higher_own_payoff","higher_own_payoff",NA
"pilot_228","pilot",17,1,NA,"higher_own_payoff","higher_own_payoff",NA
"pilot_229","pilot",17,1,NA,"higher_own_payoff","higher_own_payoff",NA
"pilot_230","pilot",17,1,NA,"higher_own_payoff","higher_own_payoff",NA
"pilot_231","pilot",17,1,NA,"higher_own_payoff","higher_own_payoff",NA
"pilot_232","pilot",17,1,NA,"lower_own_payoff","higher_own_payoff",NA
"pilot_233","pilot",17,1,NA,"lower_own_payoff","lower_own_payoff",NA
"pilot_234","pilot",17,1,NA,"higher_own_payoff","lower_own_payoff",NA
"pilot_235","pilot",17,1,NA,"higher_own_payoff","higher_own_payoff",NA
"pilot_236","pilot",17,1,NA,"higher_own_payoff","higher_own_payoff",NA
"pilot_237","pilot",17,1,NA,"lower_own_payoff","higher_own_payoff",NA
"pilot_238","pilot",17,1,NA,"higher_own_payoff","higher_own_payoff",NA
"pilot_239","pilot",17,1,NA,"lower_own_payoff","higher_own_payoff",NA
"pilot_240","pilot",17,1,NA,"higher_own_payoff","higher_own_payoff",NA
"pilot_241","pilot",17,1,NA,"higher_own_payoff","higher_own_payoff",NA
"pilot_242","pilot",17,1,NA,"lower_own_payoff","lower_own_payoff",NA
"pilot_243","pilot",17,1,NA,"higher_own_payoff","higher_own_payoff",NA
"pilot_244","pilot",17,1,NA,"higher_own_payoff","higher_own_payoff",NA
"pilot_245","pilot",17,1,NA,"higher_own_payoff","higher_own_payoff",NA
"pilot_246","pilot",17,1,NA,"higher_own_payoff","higher_own_payoff",NA
"pilot_247","pilot",17,1,NA,"higher_own_payoff","higher_own_payoff",NA
"pilot_248","pilot",17,1,NA,"higher_own_payoff","lower_own_payoff",NA
"pilot_249","pilot",17,1,NA,"higher_own_payoff","higher_own_payoff",NA
"pilot_250","pilot",17,1,NA,"lower_own_payoff","higher_own_payoff",NA
"pilot_251","pilot",17,1,NA,"higher_own_payoff","higher_own_payoff",NA
"pilot_252","pilot",17,1,NA,"higher_own_payoff","lower_own_payoff",NA
"pilot_253","pilot",17,1,NA,"higher_own_payoff","higher_own_payoff",NA
"pilot_254","pilot",17,1,NA,"higher_own_payoff","higher_own_payoff",NA
"pilot_255","pilot",17,1,NA,"higher_own_payoff","higher_own_payoff",NA
"pilot_256","pilot",17,1,NA,"higher_own_payoff","higher_own_payoff",NA
"pilot_257","pilot",17,1,NA,"higher_own_payoff","higher_own_payoff",NA
"pilot_258","pilot",17,1,NA,"higher_own_payoff","higher_own_payoff",NA
"pilot_259","pilot",17,1,NA,"higher_own_payoff","higher_own_payoff",NA
"pilot_260","pilot",17,1,NA,"lower_own_payoff","higher_own_payoff",NA
"pilot_261","pilot",17,1,NA,"higher_own_payoff","higher_own_payoff",NA
"pilot_262","pilot",17,1,NA,"higher_own_payoff","higher_own_payoff",NA
"pilot_263","pilot",17,1,NA,"higher_own_payoff","higher_own_payoff",NA
"pilot_264","pilot",17,1,NA,"higher_own_payoff","higher_own_payoff",NA
"pilot_265","pilot",17,1,NA,"lower_own_payoff","lower_own_payoff",NA
"pilot_266","pilot",17,1,NA,"higher_own_payoff","lower_own_payoff",NA
"pilot_267","pilot",17,1,NA,"lower_own_payoff","higher_own_payoff",NA
"pilot_268","pilot",17,1,NA,"lower_own_payoff","lower_own_payoff",NA
"pilot_269","pilot",17,1,NA,"lower_own_payoff","lower_own_payoff",NA
"pilot_270","pilot",17,1,NA,"lower_own_payoff","higher_own_payoff",NA
"pilot_271","pilot",17,1,NA,"higher_own_payoff","higher_own_payoff",NA
"pilot_272","pilot",17,1,NA,"higher_own_payoff","higher_own_payoff",NA
"pilot_273","pilot",17,1,NA,"lower_own_payoff","lower_own_payoff",NA
"pilot_274","pilot",17,1,NA,"higher_own_payoff","lower_own_payoff",NA
"pilot_275","pilot",17,1,NA,"higher_own_payoff","lower_own_payoff",NA
"pilot_276","pilot",17,1,NA,"lower_own_payoff","lower_own_payoff",NA
"pilot_277","pilot",17,1,NA,"higher_own_payoff","lower_own_payoff",NA
"pilot_278","pilot",17,1,NA,"lower_own_payoff","lower_own_payoff",NA
"pilot_279","pilot",17,1,NA,"lower_own_payoff","lower_own_payoff",NA
"pilot_280","pilot",17,1,NA,"lower_own_payoff","lower_own_payoff",NA
"pilot_281","pilot",17,1,NA,"higher_own_payoff","higher_own_payoff",NA
"pilot_282","pilot",17,1,NA,"lower_own_payoff","lower_own_payoff",NA
"pilot_283","pilot",17,1,NA,"higher_own_payoff","higher_own_payoff",NA
"pilot_284","pilot",17,1,NA,"higher_own_payoff","lower_own_payoff",NA
"pilot_285","pilot",17,1,NA,"lower_own_payoff","higher_own_payoff",NA
"pilot_286","pilot",17,1,NA,"higher_own_payoff","higher_own_payoff",NA
"pilot_287","pilot",17,1,NA,"higher_own_payoff","higher_own_payoff",NA
"pilot_288","pilot",17,1,NA,"lower_own_payoff","lower_own_payoff",NA
"pilot_289","pilot",17,1,NA,"lower_own_payoff","higher_own_payoff",NA
"pilot_290","pilot",17,1,NA,"higher_own_payoff","higher_own_payoff",NA
"pilot_291","pilot",17,1,NA,"higher_own_payoff","higher_own_payoff",NA
"pilot_292","pilot",17,1,NA,"higher_own_payoff","higher_own_payoff",NA
"pilot_293","pilot",17,1,NA,"higher_own_payoff","higher_own_payoff",NA
"pilot_294","pilot",17,1,NA,"higher_own_payoff","higher_own_payoff",NA
"pilot_295","pilot",17,1,NA,"higher_own_payoff","lower_own_payoff",NA
"pilot_296","pilot",17,1,NA,"higher_own_payoff","higher_own_payoff",NA
"pilot_297","pilot",17,1,NA,"higher_own_payoff","higher_own_payoff",NA
"pilot_298","pilot",17,1,NA,"higher_own_payoff","higher_own_payoff",NA
"pilot_299","pilot",17,1,NA,"higher_own_payoff","higher_own_payoff",NA
"pilot_300","pilot",17,1,NA,"lower_own_payoff","lower_own_payoff",NA
"pilot_301","pilot",17,1,NA,"lower_own_payoff","lower_own_payoff",NA
"pilot_302","pilot",17,1,NA,"higher_own_payoff","higher_own_payoff",NA
"pilot_303","pilot",17,1,NA,"lower_own_payoff","lower_own_payoff",NA
"pilot_304","pilot",17,1,NA,"lower_own_payoff","higher_own_payoff",NA
"pilot_305","pilot",17,1,NA,"lower_own_payoff","lower_own_payoff",NA
"pilot_306","pilot",17,1,NA,"lower_own_payoff","higher_own_payoff",NA
"pilot_1","pilot",18,1,NA,"higher_own_payoff","higher_own_payoff",NA
"pilot_2","pilot",18,1,NA,"higher_own_payoff","lower_own_payoff",NA
"pilot_3","pilot",18,1,NA,"lower_own_payoff","lower_own_payoff",NA
"pilot_4","pilot",18,1,NA,"higher_own_payoff","lower_own_payoff",NA
"pilot_5","pilot",18,1,NA,"lower_own_payoff","lower_own_payoff",NA
"pilot_6","pilot",18,1,NA,"higher_own_payoff","lower_own_payoff",NA
"pilot_7","pilot",18,1,NA,"lower_own_payoff","lower_own_payoff",NA
"pilot_8","pilot",18,1,NA,"higher_own_payoff","lower_own_payoff",NA
"pilot_9","pilot",18,1,NA,"lower_own_payoff","higher_own_payoff",NA
"pilot_10","pilot",18,1,NA,"higher_own_payoff","lower_own_payoff",NA
"pilot_11","pilot",18,1,NA,"lower_own_payoff","lower_own_payoff",NA
"pilot_12","pilot",18,1,NA,"higher_own_payoff","higher_own_payoff",NA
"pilot_13","pilot",18,1,NA,"lower_own_payoff","lower_own_payoff",NA
"pilot_14","pilot",18,1,NA,"higher_own_payoff","lower_own_payoff",NA
"pilot_15","pilot",18,1,NA,"higher_own_payoff","higher_own_payoff",NA
"pilot_16","pilot",18,1,NA,"lower_own_payoff","higher_own_payoff",NA
"pilot_17","pilot",18,1,NA,"higher_own_payoff","higher_own_payoff",NA
"pilot_18","pilot",18,1,NA,"lower_own_payoff","lower_own_payoff",NA
"pilot_19","pilot",18,1,NA,"higher_own_payoff","higher_own_payoff",NA
"pilot_20","pilot",18,1,NA,"higher_own_payoff","higher_own_payoff",NA
"pilot_21","pilot",18,1,NA,"higher_own_payoff","lower_own_payoff",NA
"pilot_22","pilot",18,1,NA,"lower_own_payoff","lower_own_payoff",NA
"pilot_23","pilot",18,1,NA,"higher_own_payoff","higher_own_payoff",NA
"pilot_24","pilot",18,1,NA,"lower_own_payoff","lower_own_payoff",NA
"pilot_25","pilot",18,1,NA,"higher_own_payoff","higher_own_payoff",NA
"pilot_26","pilot",18,1,NA,"higher_own_payoff","lower_own_payoff",NA
"pilot_27","pilot",18,1,NA,"higher_own_payoff","lower_own_payoff",NA
"pilot_28","pilot",18,1,NA,"lower_own_payoff","higher_own_payoff",NA
"pilot_29","pilot",18,1,NA,"lower_own_payoff","lower_own_payoff",NA
"pilot_30","pilot",18,1,NA,"lower_own_payoff","higher_own_payoff",NA
"pilot_31","pilot",18,1,NA,"higher_own_payoff","lower_own_payoff",NA
"pilot_32","pilot",18,1,NA,"higher_own_payoff","lower_own_payoff",NA
"pilot_33","pilot",18,1,NA,"higher_own_payoff","lower_own_payoff",NA
"pilot_34","pilot",18,1,NA,"higher_own_payoff","higher_own_payoff",NA
"pilot_35","pilot",18,1,NA,"higher_own_payoff","lower_own_payoff",NA
"pilot_36","pilot",18,1,NA,"lower_own_payoff","lower_own_payoff",NA
"pilot_37","pilot",18,1,NA,"lower_own_payoff","lower_own_payoff",NA
"pilot_38","pilot",18,1,NA,"lower_own_payoff","lower_own_payoff",NA
"pilot_39","pilot",18,1,NA,"higher_own_payoff","higher_own_payoff",NA
"pilot_40","pilot",18,1,NA,"higher_own_payoff","higher_own_payoff",NA
"pilot_41","pilot",18,1,NA,"higher_own_payoff","higher_own_payoff",NA
"pilot_42","pilot",18,1,NA,"lower_own_payoff","lower_own_payoff",NA
"pilot_43","pilot",18,1,NA,"higher_own_payoff","higher_own_payoff",NA
"pilot_44","pilot",18,1,NA,"lower_own_payoff","lower_own_payoff",NA
"pilot_45","pilot",18,1,NA,"higher_own_payoff","higher_own_payoff",NA
"pilot_46","pilot",18,1,NA,"higher_own_payoff","higher_own_payoff",NA
"pilot_47","pilot",18,1,NA,"higher_own_payoff","higher_own_payoff",NA
"pilot_48","pilot",18,1,NA,"lower_own_payoff","lower_own_payoff",NA
"pilot_49","pilot",18,1,NA,"higher_own_payoff","higher_own_payoff",NA
"pilot_50","pilot",18,1,NA,"lower_own_payoff","lower_own_payoff",NA
"pilot_51","pilot",18,1,NA,"higher_own_payoff","lower_own_payoff",NA
"pilot_52","pilot",18,1,NA,"higher_own_payoff","higher_own_payoff",NA
"pilot_53","pilot",18,1,NA,"lower_own_payoff","lower_own_payoff",NA
"pilot_54","pilot",18,1,NA,"higher_own_payoff","higher_own_payoff",NA
"pilot_55","pilot",18,1,NA,"lower_own_payoff","lower_own_payoff",NA
"pilot_56","pilot",18,1,NA,"higher_own_payoff","higher_own_payoff",NA
"pilot_57","pilot",18,1,NA,"lower_own_payoff","lower_own_payoff",NA
"pilot_58","pilot",18,1,NA,"higher_own_payoff","lower_own_payoff",NA
"pilot_59","pilot",18,1,NA,"lower_own_payoff","lower_own_payoff",NA
"pilot_60","pilot",18,1,NA,"higher_own_payoff","lower_own_payoff",NA
"pilot_61","pilot",18,1,NA,"higher_own_payoff","higher_own_payoff",NA
"pilot_62","pilot",18,1,NA,"higher_own_payoff","higher_own_payoff",NA
"pilot_63","pilot",18,1,NA,"lower_own_payoff","lower_own_payoff",NA
"pilot_64","pilot",18,1,NA,"higher_own_payoff","lower_own_payoff",NA
"pilot_65","pilot",18,1,NA,"higher_own_payoff","higher_own_payoff",NA
"pilot_66","pilot",18,1,NA,"higher_own_payoff","higher_own_payoff",NA
"pilot_67","pilot",18,1,NA,"higher_own_payoff","higher_own_payoff",NA
"pilot_68","pilot",18,1,NA,"higher_own_payoff","higher_own_payoff",NA
"pilot_69","pilot",18,1,NA,"lower_own_payoff","lower_own_payoff",NA
"pilot_70","pilot",18,1,NA,"lower_own_payoff","lower_own_payoff",NA
"pilot_71","pilot",18,1,NA,"lower_own_payoff","lower_own_payoff",NA
"pilot_72","pilot",18,1,NA,"higher_own_payoff","higher_own_payoff",NA
"pilot_73","pilot",18,1,NA,"lower_own_payoff","lower_own_payoff",NA
"pilot_74","pilot",18,1,NA,"higher_own_payoff","lower_own_payoff",NA
"pilot_75","pilot",18,1,NA,"higher_own_payoff","higher_own_payoff",NA
"pilot_76","pilot",18,1,NA,"higher_own_payoff","higher_own_payoff",NA
"pilot_77","pilot",18,1,NA,"higher_own_payoff","higher_own_payoff",NA
"pilot_78","pilot",18,1,NA,"lower_own_payoff","lower_own_payoff",NA
"pilot_79","pilot",18,1,NA,"lower_own_payoff","lower_own_payoff",NA
"pilot_80","pilot",18,1,NA,"lower_own_payoff","higher_own_payoff",NA
"pilot_81","pilot",18,1,NA,"lower_own_payoff","lower_own_payoff",NA
"pilot_82","pilot",18,1,NA,"higher_own_payoff","lower_own_payoff",NA
"pilot_83","pilot",18,1,NA,"higher_own_payoff","higher_own_payoff",NA
"pilot_84","pilot",18,1,NA,"lower_own_payoff","lower_own_payoff",NA
"pilot_85","pilot",18,1,NA,"higher_own_payoff","higher_own_payoff",NA
"pilot_86","pilot",18,1,NA,"lower_own_payoff","lower_own_payoff",NA
"pilot_87","pilot",18,1,NA,"higher_own_payoff","higher_own_payoff",NA
"pilot_88","pilot",18,1,NA,"higher_own_payoff","higher_own_payoff",NA
"pilot_89","pilot",18,1,NA,"higher_own_payoff","higher_own_payoff",NA
"pilot_90","pilot",18,1,NA,"higher_own_payoff","lower_own_payoff",NA
"pilot_91","pilot",18,1,NA,"higher_own_payoff","higher_own_payoff",NA
"pilot_92","pilot",18,1,NA,"lower_own_payoff","lower_own_payoff",NA
"pilot_93","pilot",18,1,NA,"higher_own_payoff","lower_own_payoff",NA
"pilot_94","pilot",18,1,NA,"higher_own_payoff","lower_own_payoff",NA
"pilot_95","pilot",18,1,NA,"lower_own_payoff","lower_own_payoff",NA
"pilot_96","pilot",18,1,NA,"higher_own_payoff","lower_own_payoff",NA
"pilot_97","pilot",18,1,NA,"lower_own_payoff","lower_own_payoff",NA
"pilot_98","pilot",18,1,NA,"higher_own_payoff","higher_own_payoff",NA
"pilot_99","pilot",18,1,NA,"higher_own_payoff","higher_own_payoff",NA
"pilot_100","pilot",18,1,NA,"lower_own_payoff","higher_own_payoff",NA
"pilot_101","pilot",18,1,NA,"higher_own_payoff","higher_own_payoff",NA
"pilot_102","pilot",18,1,NA,"higher_own_payoff","lower_own_payoff",NA
"pilot_103","pilot",18,1,NA,"lower_own_payoff","higher_own_payoff",NA
"pilot_104","pilot",18,1,NA,"higher_own_payoff","higher_own_payoff",NA
"pilot_105","pilot",18,1,NA,"higher_own_payoff","higher_own_payoff",NA
"pilot_106","pilot",18,1,NA,"higher_own_payoff","higher_own_payoff",NA
"pilot_107","pilot",18,1,NA,"lower_own_payoff","lower_own_payoff",NA
"pilot_108","pilot",18,1,NA,"lower_own_payoff","lower_own_payoff",NA
"pilot_109","pilot",18,1,NA,"lower_own_payoff","lower_own_payoff",NA
"pilot_110","pilot",18,1,NA,"lower_own_payoff","lower_own_payoff",NA
"pilot_111","pilot",18,1,NA,"lower_own_payoff","lower_own_payoff",NA
"pilot_112","pilot",18,1,NA,"higher_own_payoff","lower_own_payoff",NA
"pilot_113","pilot",18,1,NA,"higher_own_payoff","higher_own_payoff",NA
"pilot_114","pilot",18,1,NA,"lower_own_payoff","higher_own_payoff",NA
"pilot_115","pilot",18,1,NA,"higher_own_payoff","higher_own_payoff",NA
"pilot_116","pilot",18,1,NA,"higher_own_payoff","higher_own_payoff",NA
"pilot_117","pilot",18,1,NA,"higher_own_payoff","higher_own_payoff",NA
"pilot_118","pilot",18,1,NA,"higher_own_payoff","lower_own_payoff",NA
"pilot_119","pilot",18,1,NA,"lower_own_payoff","higher_own_payoff",NA
"pilot_120","pilot",18,1,NA,"lower_own_payoff","lower_own_payoff",NA
"pilot_121","pilot",18,1,NA,"higher_own_payoff","higher_own_payoff",NA
"pilot_122","pilot",18,1,NA,"lower_own_payoff","higher_own_payoff",NA
"pilot_123","pilot",18,1,NA,"higher_own_payoff","lower_own_payoff",NA
"pilot_124","pilot",18,1,NA,"lower_own_payoff","lower_own_payoff",NA
"pilot_125","pilot",18,1,NA,"lower_own_payoff","higher_own_payoff",NA
"pilot_126","pilot",18,1,NA,"lower_own_payoff","lower_own_payoff",NA
"pilot_127","pilot",18,1,NA,"lower_own_payoff","higher_own_payoff",NA
"pilot_128","pilot",18,1,NA,"lower_own_payoff","lower_own_payoff",NA
"pilot_129","pilot",18,1,NA,"higher_own_payoff","higher_own_payoff",NA
"pilot_130","pilot",18,1,NA,"higher_own_payoff","higher_own_payoff",NA
"pilot_131","pilot",18,1,NA,"higher_own_payoff","higher_own_payoff",NA
"pilot_132","pilot",18,1,NA,"higher_own_payoff","lower_own_payoff",NA
"pilot_133","pilot",18,1,NA,"lower_own_payoff","higher_own_payoff",NA
"pilot_134","pilot",18,1,NA,"higher_own_payoff","lower_own_payoff",NA
"pilot_135","pilot",18,1,NA,"higher_own_payoff","lower_own_payoff",NA
"pilot_136","pilot",18,1,NA,"lower_own_payoff","lower_own_payoff",NA
"pilot_137","pilot",18,1,NA,"higher_own_payoff","higher_own_payoff",NA
"pilot_138","pilot",18,1,NA,"higher_own_payoff","higher_own_payoff",NA
"pilot_139","pilot",18,1,NA,"lower_own_payoff","lower_own_payoff",NA
"pilot_140","pilot",18,1,NA,"higher_own_payoff","higher_own_payoff",NA
"pilot_141","pilot",18,1,NA,"lower_own_payoff","lower_own_payoff",NA
"pilot_142","pilot",18,1,NA,"lower_own_payoff","lower_own_payoff",NA
"pilot_143","pilot",18,1,NA,"higher_own_payoff","lower_own_payoff",NA
"pilot_144","pilot",18,1,NA,"higher_own_payoff","higher_own_payoff",NA
"pilot_145","pilot",18,1,NA,"higher_own_payoff","higher_own_payoff",NA
"pilot_146","pilot",18,1,NA,"lower_own_payoff","lower_own_payoff",NA
"pilot_147","pilot",18,1,NA,"lower_own_payoff","higher_own_payoff",NA
"pilot_148","pilot",18,1,NA,"lower_own_payoff","lower_own_payoff",NA
"pilot_149","pilot",18,1,NA,"higher_own_payoff","higher_own_payoff",NA
"pilot_150","pilot",18,1,NA,"lower_own_payoff","lower_own_payoff",NA
"pilot_151","pilot",18,1,NA,"higher_own_payoff","lower_own_payoff",NA
"pilot_152","pilot",18,1,NA,"higher_own_payoff","higher_own_payoff",NA
"pilot_153","pilot",18,1,NA,"lower_own_payoff","lower_own_payoff",NA
"pilot_154","pilot",18,1,NA,"lower_own_payoff","higher_own_payoff",NA
"pilot_155","pilot",18,1,NA,"lower_own_payoff","lower_own_payoff",NA
"pilot_156","pilot",18,1,NA,"lower_own_payoff","lower_own_payoff",NA
"pilot_157","pilot",18,1,NA,"lower_own_payoff","higher_own_payoff",NA
"pilot_158","pilot",18,1,NA,"higher_own_payoff","higher_own_payoff",NA
"pilot_159","pilot",18,1,NA,"higher_own_payoff","higher_own_payoff",NA
"pilot_160","pilot",18,1,NA,"lower_own_payoff","lower_own_payoff",NA
"pilot_161","pilot",18,1,NA,"higher_own_payoff","higher_own_payoff",NA
"pilot_162","pilot",18,1,NA,"lower_own_payoff","lower_own_payoff",NA
"pilot_163","pilot",18,1,NA,"higher_own_payoff","higher_own_payoff",NA
"pilot_164","pilot",18,1,NA,"higher_own_payoff","higher_own_payoff",NA
"pilot_165","pilot",18,1,NA,"lower_own_payoff","lower_own_payoff",NA
"pilot_166","pilot",18,1,NA,"higher_own_payoff","higher_own_payoff",NA
"pilot_167","pilot",18,1,NA,"higher_own_payoff","higher_own_payoff",NA
"pilot_168","pilot",18,1,NA,"higher_own_payoff","higher_own_payoff",NA
"pilot_169","pilot",18,1,NA,"lower_own_payoff","lower_own_payoff",NA
"pilot_170","pilot",18,1,NA,"higher_own_payoff","higher_own_payoff",NA
"pilot_171","pilot",18,1,NA,"higher_own_payoff","lower_own_payoff",NA
"pilot_172","pilot",18,1,NA,"higher_own_payoff","lower_own_payoff",NA
"pilot_173","pilot",18,1,NA,"higher_own_payoff","higher_own_payoff",NA
"pilot_174","pilot",18,1,NA,"higher_own_payoff","higher_own_payoff",NA
"pilot_175","pilot",18,1,NA,"lower_own_payoff","lower_own_payoff",NA
"pilot_176","pilot",18,1,NA,"higher_own_payoff","lower_own_payoff",NA
"pilot_177","pilot",18,1,NA,"higher_own_payoff","higher_own_payoff",NA
"pilot_178","pilot",18,1,NA,"higher_own_payoff","lower_own_payoff",NA
"pilot_179","pilot",18,1,NA,"higher_own_payoff","lower_own_payoff",NA
"pilot_180","pilot",18,1,NA,"higher_own_payoff","lower_own_payoff",NA
"pilot_181","pilot",18,1,NA,"higher_own_payoff","higher_own_payoff",NA
"pilot_182","pilot",18,1,NA,"lower_own_payoff","lower_own_payoff",NA
"pilot_183","pilot",18,1,NA,"lower_own_payoff","higher_own_payoff",NA
"pilot_184","pilot",18,1,NA,"higher_own_payoff","lower_own_payoff",NA
"pilot_185","pilot",18,1,NA,"lower_own_payoff","higher_own_payoff",NA
"pilot_186","pilot",18,1,NA,"lower_own_payoff","lower_own_payoff",NA
"pilot_187","pilot",18,1,NA,"higher_own_payoff","higher_own_payoff",NA
"pilot_188","pilot",18,1,NA,"higher_own_payoff","lower_own_payoff",NA
"pilot_189","pilot",18,1,NA,"higher_own_payoff","lower_own_payoff",NA
"pilot_190","pilot",18,1,NA,"lower_own_payoff","lower_own_payoff",NA
"pilot_191","pilot",18,1,NA,"lower_own_payoff","lower_own_payoff",NA
"pilot_192","pilot",18,1,NA,"higher_own_payoff","lower_own_payoff",NA
"pilot_193","pilot",18,1,NA,"higher_own_payoff","higher_own_payoff",NA
"pilot_194","pilot",18,1,NA,"lower_own_payoff","lower_own_payoff",NA
"pilot_195","pilot",18,1,NA,"lower_own_payoff","lower_own_payoff",NA
"pilot_196","pilot",18,1,NA,"lower_own_payoff","lower_own_payoff",NA
"pilot_197","pilot",18,1,NA,"higher_own_payoff","higher_own_payoff",NA
"pilot_198","pilot",18,1,NA,"lower_own_payoff","higher_own_payoff",NA
"pilot_199","pilot",18,1,NA,"higher_own_payoff","lower_own_payoff",NA
"pilot_200","pilot",18,1,NA,"lower_own_payoff","lower_own_payoff",NA
"pilot_201","pilot",18,1,NA,"lower_own_payoff","higher_own_payoff",NA
"pilot_202","pilot",18,1,NA,"higher_own_payoff","higher_own_payoff",NA
"pilot_203","pilot",18,1,NA,"higher_own_payoff","lower_own_payoff",NA
"pilot_204","pilot",18,1,NA,"higher_own_payoff","higher_own_payoff",NA
"pilot_205","pilot",18,1,NA,"higher_own_payoff","higher_own_payoff",NA
"pilot_206","pilot",18,1,NA,"higher_own_payoff","lower_own_payoff",NA
"pilot_207","pilot",18,1,NA,"higher_own_payoff","higher_own_payoff",NA
"pilot_208","pilot",18,1,NA,"higher_own_payoff","lower_own_payoff",NA
"pilot_209","pilot",18,1,NA,"higher_own_payoff","lower_own_payoff",NA
"pilot_210","pilot",18,1,NA,"lower_own_payoff","lower_own_payoff",NA
"pilot_211","pilot",18,1,NA,"higher_own_payoff","higher_own_payoff",NA
"pilot_212","pilot",18,1,NA,"higher_own_payoff","higher_own_payoff",NA
"pilot_213","pilot",18,1,NA,"lower_own_payoff","lower_own_payoff",NA
"pilot_214","pilot",18,1,NA,"lower_own_payoff","lower_own_payoff",NA
"pilot_215","pilot",18,1,NA,"lower_own_payoff","lower_own_payoff",NA
"pilot_216","pilot",18,1,NA,"lower_own_payoff","lower_own_payoff",NA
"pilot_217","pilot",18,1,NA,"higher_own_payoff","lower_own_payoff",NA
"pilot_218","pilot",18,1,NA,"lower_own_payoff","lower_own_payoff",NA
"pilot_219","pilot",18,1,NA,"higher_own_payoff","higher_own_payoff",NA
"pilot_220","pilot",18,1,NA,"higher_own_payoff","lower_own_payoff",NA
"pilot_221","pilot",18,1,NA,"lower_own_payoff","lower_own_payoff",NA
"pilot_222","pilot",18,1,NA,"higher_own_payoff","higher_own_payoff",NA
"pilot_223","pilot",18,1,NA,"higher_own_payoff","higher_own_payoff",NA
"pilot_224","pilot",18,1,NA,"higher_own_payoff","higher_own_payoff",NA
"pilot_225","pilot",18,1,NA,"higher_own_payoff","higher_own_payoff",NA
"pilot_226","pilot",18,1,NA,"higher_own_payoff","lower_own_payoff",NA
"pilot_227","pilot",18,1,NA,"higher_own_payoff","higher_own_payoff",NA
"pilot_228","pilot",18,1,NA,"higher_own_payoff","higher_own_payoff",NA
"pilot_229","pilot",18,1,NA,"higher_own_payoff","higher_own_payoff",NA
"pilot_230","pilot",18,1,NA,"higher_own_payoff","higher_own_payoff",NA
"pilot_231","pilot",18,1,NA,"higher_own_payoff","higher_own_payoff",NA
"pilot_232","pilot",18,1,NA,"higher_own_payoff","higher_own_payoff",NA
"pilot_233","pilot",18,1,NA,"higher_own_payoff","lower_own_payoff",NA
"pilot_234","pilot",18,1,NA,"higher_own_payoff","lower_own_payoff",NA
"pilot_235","pilot",18,1,NA,"higher_own_payoff","higher_own_payoff",NA
"pilot_236","pilot",18,1,NA,"higher_own_payoff","higher_own_payoff",NA
"pilot_237","pilot",18,1,NA,"higher_own_payoff","lower_own_payoff",NA
"pilot_238","pilot",18,1,NA,"higher_own_payoff","higher_own_payoff",NA
"pilot_239","pilot",18,1,NA,"higher_own_payoff","higher_own_payoff",NA
"pilot_240","pilot",18,1,NA,"higher_own_payoff","higher_own_payoff",NA
"pilot_241","pilot",18,1,NA,"lower_own_payoff","higher_own_payoff",NA
"pilot_242","pilot",18,1,NA,"higher_own_payoff","higher_own_payoff",NA
"pilot_243","pilot",18,1,NA,"lower_own_payoff","lower_own_payoff",NA
"pilot_244","pilot",18,1,NA,"higher_own_payoff","higher_own_payoff",NA
"pilot_245","pilot",18,1,NA,"higher_own_payoff","higher_own_payoff",NA
"pilot_246","pilot",18,1,NA,"higher_own_payoff","higher_own_payoff",NA
"pilot_247","pilot",18,1,NA,"higher_own_payoff","higher_own_payoff",NA
"pilot_248","pilot",18,1,NA,"higher_own_payoff","lower_own_payoff",NA
"pilot_249","pilot",18,1,NA,"higher_own_payoff","lower_own_payoff",NA
"pilot_250","pilot",18,1,NA,"lower_own_payoff","lower_own_payoff",NA
"pilot_251","pilot",18,1,NA,"higher_own_payoff","lower_own_payoff",NA
"pilot_252","pilot",18,1,NA,"higher_own_payoff","higher_own_payoff",NA
"pilot_253","pilot",18,1,NA,"higher_own_payoff","lower_own_payoff",NA
"pilot_254","pilot",18,1,NA,"higher_own_payoff","lower_own_payoff",NA
"pilot_255","pilot",18,1,NA,"higher_own_payoff","lower_own_payoff",NA
"pilot_256","pilot",18,1,NA,"higher_own_payoff","higher_own_payoff",NA
"pilot_257","pilot",18,1,NA,"higher_own_payoff","lower_own_payoff",NA
"pilot_258","pilot",18,1,NA,"higher_own_payoff","higher_own_payoff",NA
"pilot_259","pilot",18,1,NA,"higher_own_payoff","higher_own_payoff",NA
"pilot_260","pilot",18,1,NA,"higher_own_payoff","higher_own_payoff",NA
"pilot_261","pilot",18,1,NA,"higher_own_payoff","higher_own_payoff",NA
"pilot_262","pilot",18,1,NA,"higher_own_payoff","higher_own_payoff",NA
"pilot_263","pilot",18,1,NA,"higher_own_payoff","higher_own_payoff",NA
"pilot_264","pilot",18,1,NA,"higher_own_payoff","higher_own_payoff",NA
"pilot_265","pilot",18,1,NA,"higher_own_payoff","higher_own_payoff",NA
"pilot_266","pilot",18,1,NA,"higher_own_payoff","higher_own_payoff",NA
"pilot_267","pilot",18,1,NA,"higher_own_payoff","lower_own_payoff",NA
"pilot_268","pilot",18,1,NA,"higher_own_payoff","higher_own_payoff",NA
"pilot_269","pilot",18,1,NA,"lower_own_payoff","lower_own_payoff",NA
"pilot_270","pilot",18,1,NA,"lower_own_payoff","lower_own_payoff",NA
"pilot_271","pilot",18,1,NA,"lower_own_payoff","higher_own_payoff",NA
"pilot_272","pilot",18,1,NA,"lower_own_payoff","higher_own_payoff",NA
"pilot_273","pilot",18,1,NA,"lower_own_payoff","lower_own_payoff",NA
"pilot_274","pilot",18,1,NA,"higher_own_payoff","higher_own_payoff",NA
"pilot_275","pilot",18,1,NA,"higher_own_payoff","higher_own_payoff",NA
"pilot_276","pilot",18,1,NA,"lower_own_payoff","lower_own_payoff",NA
"pilot_277","pilot",18,1,NA,"higher_own_payoff","higher_own_payoff",NA
"pilot_278","pilot",18,1,NA,"lower_own_payoff","lower_own_payoff",NA
"pilot_279","pilot",18,1,NA,"lower_own_payoff","lower_own_payoff",NA
"pilot_280","pilot",18,1,NA,"lower_own_payoff","lower_own_payoff",NA
"pilot_281","pilot",18,1,NA,"higher_own_payoff","lower_own_payoff",NA
"pilot_282","pilot",18,1,NA,"lower_own_payoff","lower_own_payoff",NA
"pilot_283","pilot",18,1,NA,"higher_own_payoff","lower_own_payoff",NA
"pilot_284","pilot",18,1,NA,"lower_own_payoff","lower_own_payoff",NA
"pilot_285","pilot",18,1,NA,"lower_own_payoff","higher_own_payoff",NA
"pilot_286","pilot",18,1,NA,"higher_own_payoff","higher_own_payoff",NA
"pilot_287","pilot",18,1,NA,"lower_own_payoff","lower_own_payoff",NA
"pilot_288","pilot",18,1,NA,"lower_own_payoff","lower_own_payoff",NA
"pilot_289","pilot",18,1,NA,"lower_own_payoff","higher_own_payoff",NA
"pilot_290","pilot",18,1,NA,"higher_own_payoff","higher_own_payoff",NA
"pilot_291","pilot",18,1,NA,"higher_own_payoff","higher_own_payoff",NA
"pilot_292","pilot",18,1,NA,"lower_own_payoff","higher_own_payoff",NA
"pilot_293","pilot",18,1,NA,"lower_own_payoff","higher_own_payoff",NA
"pilot_294","pilot",18,1,NA,"higher_own_payoff","lower_own_payoff",NA
"pilot_295","pilot",18,1,NA,"lower_own_payoff","lower_own_payoff",NA
"pilot_296","pilot",18,1,NA,"higher_own_payoff","higher_own_payoff",NA
"pilot_297","pilot",18,1,NA,"lower_own_payoff","lower_own_payoff",NA
"pilot_298","pilot",18,1,NA,"higher_own_payoff","higher_own_payoff",NA
"pilot_299","pilot",18,1,NA,"higher_own_payoff","higher_own_payoff",NA
"pilot_300","pilot",18,1,NA,"lower_own_payoff","lower_own_payoff",NA
"pilot_301","pilot",18,1,NA,"lower_own_payoff","lower_own_payoff",NA
"pilot_302","pilot",18,1,NA,"higher_own_payoff","higher_own_payoff",NA
"pilot_303","pilot",18,1,NA,"lower_own_payoff","lower_own_payoff",NA
"pilot_304","pilot",18,1,NA,"lower_own_payoff","higher_own_payoff",NA
"pilot_305","pilot",18,1,NA,"higher_own_payoff","lower_own_payoff",NA
"pilot_306","pilot",18,1,NA,"higher_own_payoff","higher_own_payoff",NA
"pilot_1","pilot",19,1,NA,"higher_own_payoff","higher_own_payoff",NA
"pilot_2","pilot",19,1,NA,"higher_own_payoff","lower_own_payoff",NA
"pilot_3","pilot",19,1,NA,"higher_own_payoff","lower_own_payoff",NA
"pilot_4","pilot",19,1,NA,"higher_own_payoff","lower_own_payoff",NA
"pilot_5","pilot",19,1,NA,"lower_own_payoff","lower_own_payoff",NA
"pilot_6","pilot",19,1,NA,"higher_own_payoff","lower_own_payoff",NA
"pilot_7","pilot",19,1,NA,"higher_own_payoff","higher_own_payoff",NA
"pilot_8","pilot",19,1,NA,"lower_own_payoff","lower_own_payoff",NA
"pilot_9","pilot",19,1,NA,"higher_own_payoff","higher_own_payoff",NA
"pilot_10","pilot",19,1,NA,"higher_own_payoff","higher_own_payoff",NA
"pilot_11","pilot",19,1,NA,"lower_own_payoff","lower_own_payoff",NA
"pilot_12","pilot",19,1,NA,"lower_own_payoff","higher_own_payoff",NA
"pilot_13","pilot",19,1,NA,"higher_own_payoff","higher_own_payoff",NA
"pilot_14","pilot",19,1,NA,"lower_own_payoff","higher_own_payoff",NA
"pilot_15","pilot",19,1,NA,"higher_own_payoff","lower_own_payoff",NA
"pilot_16","pilot",19,1,NA,"higher_own_payoff","lower_own_payoff",NA
"pilot_17","pilot",19,1,NA,"higher_own_payoff","higher_own_payoff",NA
"pilot_18","pilot",19,1,NA,"higher_own_payoff","higher_own_payoff",NA
"pilot_19","pilot",19,1,NA,"lower_own_payoff","lower_own_payoff",NA
"pilot_20","pilot",19,1,NA,"higher_own_payoff","higher_own_payoff",NA
"pilot_21","pilot",19,1,NA,"higher_own_payoff","higher_own_payoff",NA
"pilot_22","pilot",19,1,NA,"higher_own_payoff","higher_own_payoff",NA
"pilot_23","pilot",19,1,NA,"higher_own_payoff","higher_own_payoff",NA
"pilot_24","pilot",19,1,NA,"lower_own_payoff","lower_own_payoff",NA
"pilot_25","pilot",19,1,NA,"higher_own_payoff","higher_own_payoff",NA
"pilot_26","pilot",19,1,NA,"lower_own_payoff","higher_own_payoff",NA
"pilot_27","pilot",19,1,NA,"higher_own_payoff","higher_own_payoff",NA
"pilot_28","pilot",19,1,NA,"higher_own_payoff","higher_own_payoff",NA
"pilot_29","pilot",19,1,NA,"higher_own_payoff","higher_own_payoff",NA
"pilot_30","pilot",19,1,NA,"lower_own_payoff","lower_own_payoff",NA
"pilot_31","pilot",19,1,NA,"lower_own_payoff","higher_own_payoff",NA
"pilot_32","pilot",19,1,NA,"lower_own_payoff","lower_own_payoff",NA
"pilot_33","pilot",19,1,NA,"higher_own_payoff","lower_own_payoff",NA
"pilot_34","pilot",19,1,NA,"higher_own_payoff","higher_own_payoff",NA
"pilot_35","pilot",19,1,NA,"higher_own_payoff","lower_own_payoff",NA
"pilot_36","pilot",19,1,NA,"lower_own_payoff","lower_own_payoff",NA
"pilot_37","pilot",19,1,NA,"lower_own_payoff","lower_own_payoff",NA
"pilot_38","pilot",19,1,NA,"lower_own_payoff","higher_own_payoff",NA
"pilot_39","pilot",19,1,NA,"higher_own_payoff","higher_own_payoff",NA
"pilot_40","pilot",19,1,NA,"lower_own_payoff","higher_own_payoff",NA
"pilot_41","pilot",19,1,NA,"higher_own_payoff","higher_own_payoff",NA
"pilot_42","pilot",19,1,NA,"higher_own_payoff","higher_own_payoff",NA
"pilot_43","pilot",19,1,NA,"lower_own_payoff","lower_own_payoff",NA
"pilot_44","pilot",19,1,NA,"higher_own_payoff","lower_own_payoff",NA
"pilot_45","pilot",19,1,NA,"higher_own_payoff","higher_own_payoff",NA
"pilot_46","pilot",19,1,NA,"higher_own_payoff","lower_own_payoff",NA
"pilot_47","pilot",19,1,NA,"higher_own_payoff","lower_own_payoff",NA
"pilot_48","pilot",19,1,NA,"lower_own_payoff","lower_own_payoff",NA
"pilot_49","pilot",19,1,NA,"higher_own_payoff","higher_own_payoff",NA
"pilot_50","pilot",19,1,NA,"lower_own_payoff","lower_own_payoff",NA
"pilot_51","pilot",19,1,NA,"higher_own_payoff","higher_own_payoff",NA
"pilot_52","pilot",19,1,NA,"lower_own_payoff","lower_own_payoff",NA
"pilot_53","pilot",19,1,NA,"higher_own_payoff","lower_own_payoff",NA
"pilot_54","pilot",19,1,NA,"higher_own_payoff","higher_own_payoff",NA
"pilot_55","pilot",19,1,NA,"lower_own_payoff","higher_own_payoff",NA
"pilot_56","pilot",19,1,NA,"higher_own_payoff","higher_own_payoff",NA
"pilot_57","pilot",19,1,NA,"lower_own_payoff","lower_own_payoff",NA
"pilot_58","pilot",19,1,NA,"higher_own_payoff","higher_own_payoff",NA
"pilot_59","pilot",19,1,NA,"lower_own_payoff","lower_own_payoff",NA
"pilot_60","pilot",19,1,NA,"higher_own_payoff","lower_own_payoff",NA
"pilot_61","pilot",19,1,NA,"higher_own_payoff","higher_own_payoff",NA
"pilot_62","pilot",19,1,NA,"lower_own_payoff","higher_own_payoff",NA
"pilot_63","pilot",19,1,NA,"lower_own_payoff","higher_own_payoff",NA
"pilot_64","pilot",19,1,NA,"higher_own_payoff","higher_own_payoff",NA
"pilot_65","pilot",19,1,NA,"higher_own_payoff","higher_own_payoff",NA
"pilot_66","pilot",19,1,NA,"lower_own_payoff","lower_own_payoff",NA
"pilot_67","pilot",19,1,NA,"lower_own_payoff","lower_own_payoff",NA
"pilot_68","pilot",19,1,NA,"higher_own_payoff","higher_own_payoff",NA
"pilot_69","pilot",19,1,NA,"higher_own_payoff","higher_own_payoff",NA
"pilot_70","pilot",19,1,NA,"higher_own_payoff","higher_own_payoff",NA
"pilot_71","pilot",19,1,NA,"lower_own_payoff","lower_own_payoff",NA
"pilot_72","pilot",19,1,NA,"higher_own_payoff","higher_own_payoff",NA
"pilot_73","pilot",19,1,NA,"lower_own_payoff","higher_own_payoff",NA
"pilot_74","pilot",19,1,NA,"higher_own_payoff","lower_own_payoff",NA
"pilot_75","pilot",19,1,NA,"higher_own_payoff","higher_own_payoff",NA
"pilot_76","pilot",19,1,NA,"higher_own_payoff","higher_own_payoff",NA
"pilot_77","pilot",19,1,NA,"higher_own_payoff","higher_own_payoff",NA
"pilot_78","pilot",19,1,NA,"lower_own_payoff","lower_own_payoff",NA
"pilot_79","pilot",19,1,NA,"lower_own_payoff","lower_own_payoff",NA
"pilot_80","pilot",19,1,NA,"lower_own_payoff","lower_own_payoff",NA
"pilot_81","pilot",19,1,NA,"lower_own_payoff","lower_own_payoff",NA
"pilot_82","pilot",19,1,NA,"lower_own_payoff","higher_own_payoff",NA
"pilot_83","pilot",19,1,NA,"higher_own_payoff","higher_own_payoff",NA
"pilot_84","pilot",19,1,NA,"higher_own_payoff","higher_own_payoff",NA
"pilot_85","pilot",19,1,NA,"lower_own_payoff","lower_own_payoff",NA
"pilot_86","pilot",19,1,NA,"higher_own_payoff","higher_own_payoff",NA
"pilot_87","pilot",19,1,NA,"lower_own_payoff","higher_own_payoff",NA
"pilot_88","pilot",19,1,NA,"higher_own_payoff","higher_own_payoff",NA
"pilot_89","pilot",19,1,NA,"higher_own_payoff","higher_own_payoff",NA
"pilot_90","pilot",19,1,NA,"higher_own_payoff","higher_own_payoff",NA
"pilot_91","pilot",19,1,NA,"higher_own_payoff","higher_own_payoff",NA
"pilot_92","pilot",19,1,NA,"lower_own_payoff","lower_own_payoff",NA
"pilot_93","pilot",19,1,NA,"higher_own_payoff","higher_own_payoff",NA
"pilot_94","pilot",19,1,NA,"higher_own_payoff","higher_own_payoff",NA
"pilot_95","pilot",19,1,NA,"lower_own_payoff","lower_own_payoff",NA
"pilot_96","pilot",19,1,NA,"higher_own_payoff","higher_own_payoff",NA
"pilot_97","pilot",19,1,NA,"lower_own_payoff","higher_own_payoff",NA
"pilot_98","pilot",19,1,NA,"lower_own_payoff","lower_own_payoff",NA
"pilot_99","pilot",19,1,NA,"higher_own_payoff","higher_own_payoff",NA
"pilot_100","pilot",19,1,NA,"higher_own_payoff","lower_own_payoff",NA
"pilot_101","pilot",19,1,NA,"higher_own_payoff","higher_own_payoff",NA
"pilot_102","pilot",19,1,NA,"lower_own_payoff","lower_own_payoff",NA
"pilot_103","pilot",19,1,NA,"lower_own_payoff","lower_own_payoff",NA
"pilot_104","pilot",19,1,NA,"higher_own_payoff","higher_own_payoff",NA
"pilot_105","pilot",19,1,NA,"higher_own_payoff","higher_own_payoff",NA
"pilot_106","pilot",19,1,NA,"lower_own_payoff","lower_own_payoff",NA
"pilot_107","pilot",19,1,NA,"lower_own_payoff","higher_own_payoff",NA
"pilot_108","pilot",19,1,NA,"lower_own_payoff","lower_own_payoff",NA
"pilot_109","pilot",19,1,NA,"higher_own_payoff","lower_own_payoff",NA
"pilot_110","pilot",19,1,NA,"lower_own_payoff","lower_own_payoff",NA
"pilot_111","pilot",19,1,NA,"higher_own_payoff","higher_own_payoff",NA
"pilot_112","pilot",19,1,NA,"higher_own_payoff","lower_own_payoff",NA
"pilot_113","pilot",19,1,NA,"higher_own_payoff","lower_own_payoff",NA
"pilot_114","pilot",19,1,NA,"higher_own_payoff","higher_own_payoff",NA
"pilot_115","pilot",19,1,NA,"higher_own_payoff","higher_own_payoff",NA
"pilot_116","pilot",19,1,NA,"lower_own_payoff","higher_own_payoff",NA
"pilot_117","pilot",19,1,NA,"higher_own_payoff","higher_own_payoff",NA
"pilot_118","pilot",19,1,NA,"higher_own_payoff","higher_own_payoff",NA
"pilot_119","pilot",19,1,NA,"higher_own_payoff","lower_own_payoff",NA
"pilot_120","pilot",19,1,NA,"higher_own_payoff","higher_own_payoff",NA
"pilot_121","pilot",19,1,NA,"higher_own_payoff","lower_own_payoff",NA
"pilot_122","pilot",19,1,NA,"lower_own_payoff","higher_own_payoff",NA
"pilot_123","pilot",19,1,NA,"higher_own_payoff","higher_own_payoff",NA
"pilot_124","pilot",19,1,NA,"lower_own_payoff","lower_own_payoff",NA
"pilot_125","pilot",19,1,NA,"lower_own_payoff","higher_own_payoff",NA
"pilot_126","pilot",19,1,NA,"lower_own_payoff","lower_own_payoff",NA
"pilot_127","pilot",19,1,NA,"lower_own_payoff","lower_own_payoff",NA
"pilot_128","pilot",19,1,NA,"lower_own_payoff","higher_own_payoff",NA
"pilot_129","pilot",19,1,NA,"higher_own_payoff","higher_own_payoff",NA
"pilot_130","pilot",19,1,NA,"higher_own_payoff","higher_own_payoff",NA
"pilot_131","pilot",19,1,NA,"lower_own_payoff","lower_own_payoff",NA
"pilot_132","pilot",19,1,NA,"lower_own_payoff","lower_own_payoff",NA
"pilot_133","pilot",19,1,NA,"higher_own_payoff","higher_own_payoff",NA
"pilot_134","pilot",19,1,NA,"higher_own_payoff","higher_own_payoff",NA
"pilot_135","pilot",19,1,NA,"higher_own_payoff","lower_own_payoff",NA
"pilot_136","pilot",19,1,NA,"lower_own_payoff","lower_own_payoff",NA
"pilot_137","pilot",19,1,NA,"lower_own_payoff","higher_own_payoff",NA
"pilot_138","pilot",19,1,NA,"lower_own_payoff","lower_own_payoff",NA
"pilot_139","pilot",19,1,NA,"lower_own_payoff","lower_own_payoff",NA
"pilot_140","pilot",19,1,NA,"higher_own_payoff","higher_own_payoff",NA
"pilot_141","pilot",19,1,NA,"lower_own_payoff","lower_own_payoff",NA
"pilot_142","pilot",19,1,NA,"higher_own_payoff","higher_own_payoff",NA
"pilot_143","pilot",19,1,NA,"higher_own_payoff","lower_own_payoff",NA
"pilot_144","pilot",19,1,NA,"higher_own_payoff","higher_own_payoff",NA
"pilot_145","pilot",19,1,NA,"lower_own_payoff","lower_own_payoff",NA
"pilot_146","pilot",19,1,NA,"higher_own_payoff","higher_own_payoff",NA
"pilot_147","pilot",19,1,NA,"lower_own_payoff","lower_own_payoff",NA
"pilot_148","pilot",19,1,NA,"lower_own_payoff","lower_own_payoff",NA
"pilot_149","pilot",19,1,NA,"higher_own_payoff","higher_own_payoff",NA
"pilot_150","pilot",19,1,NA,"lower_own_payoff","lower_own_payoff",NA
"pilot_151","pilot",19,1,NA,"lower_own_payoff","lower_own_payoff",NA
"pilot_152","pilot",19,1,NA,"higher_own_payoff","higher_own_payoff",NA
"pilot_153","pilot",19,1,NA,"higher_own_payoff","higher_own_payoff",NA
"pilot_154","pilot",19,1,NA,"higher_own_payoff","higher_own_payoff",NA
"pilot_155","pilot",19,1,NA,"lower_own_payoff","lower_own_payoff",NA
"pilot_156","pilot",19,1,NA,"higher_own_payoff","higher_own_payoff",NA
"pilot_157","pilot",19,1,NA,"higher_own_payoff","lower_own_payoff",NA
"pilot_158","pilot",19,1,NA,"lower_own_payoff","lower_own_payoff",NA
"pilot_159","pilot",19,1,NA,"higher_own_payoff","lower_own_payoff",NA
"pilot_160","pilot",19,1,NA,"lower_own_payoff","lower_own_payoff",NA
"pilot_161","pilot",19,1,NA,"higher_own_payoff","higher_own_payoff",NA
"pilot_162","pilot",19,1,NA,"lower_own_payoff","lower_own_payoff",NA
"pilot_163","pilot",19,1,NA,"higher_own_payoff","higher_own_payoff",NA
"pilot_164","pilot",19,1,NA,"higher_own_payoff","higher_own_payoff",NA
"pilot_165","pilot",19,1,NA,"lower_own_payoff","lower_own_payoff",NA
"pilot_166","pilot",19,1,NA,"higher_own_payoff","higher_own_payoff",NA
"pilot_167","pilot",19,1,NA,"higher_own_payoff","higher_own_payoff",NA
"pilot_168","pilot",19,1,NA,"higher_own_payoff","higher_own_payoff",NA
"pilot_169","pilot",19,1,NA,"lower_own_payoff","lower_own_payoff",NA
"pilot_170","pilot",19,1,NA,"higher_own_payoff","higher_own_payoff",NA
"pilot_171","pilot",19,1,NA,"higher_own_payoff","lower_own_payoff",NA
"pilot_172","pilot",19,1,NA,"lower_own_payoff","lower_own_payoff",NA
"pilot_173","pilot",19,1,NA,"higher_own_payoff","higher_own_payoff",NA
"pilot_174","pilot",19,1,NA,"higher_own_payoff","higher_own_payoff",NA
"pilot_175","pilot",19,1,NA,"lower_own_payoff","lower_own_payoff",NA
"pilot_176","pilot",19,1,NA,"higher_own_payoff","higher_own_payoff",NA
"pilot_177","pilot",19,1,NA,"higher_own_payoff","higher_own_payoff",NA
"pilot_178","pilot",19,1,NA,"higher_own_payoff","lower_own_payoff",NA
"pilot_179","pilot",19,1,NA,"higher_own_payoff","lower_own_payoff",NA
"pilot_180","pilot",19,1,NA,"lower_own_payoff","lower_own_payoff",NA
"pilot_181","pilot",19,1,NA,"higher_own_payoff","lower_own_payoff",NA
"pilot_182","pilot",19,1,NA,"lower_own_payoff","lower_own_payoff",NA
"pilot_183","pilot",19,1,NA,"higher_own_payoff","lower_own_payoff",NA
"pilot_184","pilot",19,1,NA,"lower_own_payoff","higher_own_payoff",NA
"pilot_185","pilot",19,1,NA,"lower_own_payoff","higher_own_payoff",NA
"pilot_186","pilot",19,1,NA,"lower_own_payoff","lower_own_payoff",NA
"pilot_187","pilot",19,1,NA,"higher_own_payoff","higher_own_payoff",NA
"pilot_188","pilot",19,1,NA,"lower_own_payoff","lower_own_payoff",NA
"pilot_189","pilot",19,1,NA,"higher_own_payoff","higher_own_payoff",NA
"pilot_190","pilot",19,1,NA,"lower_own_payoff","lower_own_payoff",NA
"pilot_191","pilot",19,1,NA,"higher_own_payoff","higher_own_payoff",NA
"pilot_192","pilot",19,1,NA,"lower_own_payoff","higher_own_payoff",NA
"pilot_193","pilot",19,1,NA,"lower_own_payoff","lower_own_payoff",NA
"pilot_194","pilot",19,1,NA,"lower_own_payoff","lower_own_payoff",NA
"pilot_195","pilot",19,1,NA,"higher_own_payoff","higher_own_payoff",NA
"pilot_196","pilot",19,1,NA,"lower_own_payoff","lower_own_payoff",NA
"pilot_197","pilot",19,1,NA,"higher_own_payoff","higher_own_payoff",NA
"pilot_198","pilot",19,1,NA,"lower_own_payoff","higher_own_payoff",NA
"pilot_199","pilot",19,1,NA,"higher_own_payoff","higher_own_payoff",NA
"pilot_200","pilot",19,1,NA,"higher_own_payoff","higher_own_payoff",NA
"pilot_201","pilot",19,1,NA,"lower_own_payoff","lower_own_payoff",NA
"pilot_202","pilot",19,1,NA,"higher_own_payoff","higher_own_payoff",NA
"pilot_203","pilot",19,1,NA,"higher_own_payoff","higher_own_payoff",NA
"pilot_204","pilot",19,1,NA,"lower_own_payoff","higher_own_payoff",NA
"pilot_205","pilot",19,1,NA,"higher_own_payoff","higher_own_payoff",NA
"pilot_206","pilot",19,1,NA,"higher_own_payoff","higher_own_payoff",NA
"pilot_207","pilot",19,1,NA,"higher_own_payoff","higher_own_payoff",NA
"pilot_208","pilot",19,1,NA,"higher_own_payoff","higher_own_payoff",NA
"pilot_209","pilot",19,1,NA,"higher_own_payoff","higher_own_payoff",NA
"pilot_210","pilot",19,1,NA,"lower_own_payoff","lower_own_payoff",NA
"pilot_211","pilot",19,1,NA,"higher_own_payoff","higher_own_payoff",NA
"pilot_212","pilot",19,1,NA,"higher_own_payoff","higher_own_payoff",NA
"pilot_213","pilot",19,1,NA,"higher_own_payoff","lower_own_payoff",NA
"pilot_214","pilot",19,1,NA,"lower_own_payoff","lower_own_payoff",NA
"pilot_215","pilot",19,1,NA,"lower_own_payoff","lower_own_payoff",NA
"pilot_216","pilot",19,1,NA,"higher_own_payoff","lower_own_payoff",NA
"pilot_217","pilot",19,1,NA,"higher_own_payoff","lower_own_payoff",NA
"pilot_218","pilot",19,1,NA,"higher_own_payoff","lower_own_payoff",NA
"pilot_219","pilot",19,1,NA,"higher_own_payoff","higher_own_payoff",NA
"pilot_220","pilot",19,1,NA,"higher_own_payoff","lower_own_payoff",NA
"pilot_221","pilot",19,1,NA,"lower_own_payoff","lower_own_payoff",NA
"pilot_222","pilot",19,1,NA,"higher_own_payoff","higher_own_payoff",NA
"pilot_223","pilot",19,1,NA,"higher_own_payoff","higher_own_payoff",NA
"pilot_224","pilot",19,1,NA,"higher_own_payoff","higher_own_payoff",NA
"pilot_225","pilot",19,1,NA,"higher_own_payoff","higher_own_payoff",NA
"pilot_226","pilot",19,1,NA,"higher_own_payoff","higher_own_payoff",NA
"pilot_227","pilot",19,1,NA,"higher_own_payoff","higher_own_payoff",NA
"pilot_228","pilot",19,1,NA,"higher_own_payoff","lower_own_payoff",NA
"pilot_229","pilot",19,1,NA,"higher_own_payoff","higher_own_payoff",NA
"pilot_230","pilot",19,1,NA,"higher_own_payoff","higher_own_payoff",NA
"pilot_231","pilot",19,1,NA,"higher_own_payoff","higher_own_payoff",NA
"pilot_232","pilot",19,1,NA,"higher_own_payoff","higher_own_payoff",NA
"pilot_233","pilot",19,1,NA,"higher_own_payoff","lower_own_payoff",NA
"pilot_234","pilot",19,1,NA,"higher_own_payoff","higher_own_payoff",NA
"pilot_235","pilot",19,1,NA,"higher_own_payoff","higher_own_payoff",NA
"pilot_236","pilot",19,1,NA,"higher_own_payoff","higher_own_payoff",NA
"pilot_237","pilot",19,1,NA,"lower_own_payoff","higher_own_payoff",NA
"pilot_238","pilot",19,1,NA,"higher_own_payoff","higher_own_payoff",NA
"pilot_239","pilot",19,1,NA,"higher_own_payoff","higher_own_payoff",NA
"pilot_240","pilot",19,1,NA,"lower_own_payoff","lower_own_payoff",NA
"pilot_241","pilot",19,1,NA,"lower_own_payoff","higher_own_payoff",NA
"pilot_242","pilot",19,1,NA,"lower_own_payoff","lower_own_payoff",NA
"pilot_243","pilot",19,1,NA,"lower_own_payoff","lower_own_payoff",NA
"pilot_244","pilot",19,1,NA,"higher_own_payoff","higher_own_payoff",NA
"pilot_245","pilot",19,1,NA,"higher_own_payoff","higher_own_payoff",NA
"pilot_246","pilot",19,1,NA,"higher_own_payoff","lower_own_payoff",NA
"pilot_247","pilot",19,1,NA,"higher_own_payoff","higher_own_payoff",NA
"pilot_248","pilot",19,1,NA,"higher_own_payoff","lower_own_payoff",NA
"pilot_249","pilot",19,1,NA,"higher_own_payoff","lower_own_payoff",NA
"pilot_250","pilot",19,1,NA,"lower_own_payoff","lower_own_payoff",NA
"pilot_251","pilot",19,1,NA,"higher_own_payoff","lower_own_payoff",NA
"pilot_252","pilot",19,1,NA,"lower_own_payoff","higher_own_payoff",NA
"pilot_253","pilot",19,1,NA,"higher_own_payoff","higher_own_payoff",NA
"pilot_254","pilot",19,1,NA,"higher_own_payoff","higher_own_payoff",NA
"pilot_255","pilot",19,1,NA,"higher_own_payoff","higher_own_payoff",NA
"pilot_256","pilot",19,1,NA,"lower_own_payoff","lower_own_payoff",NA
"pilot_257","pilot",19,1,NA,"higher_own_payoff","lower_own_payoff",NA
"pilot_258","pilot",19,1,NA,"higher_own_payoff","higher_own_payoff",NA
"pilot_259","pilot",19,1,NA,"higher_own_payoff","higher_own_payoff",NA
"pilot_260","pilot",19,1,NA,"higher_own_payoff","higher_own_payoff",NA
"pilot_261","pilot",19,1,NA,"higher_own_payoff","higher_own_payoff",NA
"pilot_262","pilot",19,1,NA,"higher_own_payoff","higher_own_payoff",NA
"pilot_263","pilot",19,1,NA,"higher_own_payoff","higher_own_payoff",NA
"pilot_264","pilot",19,1,NA,"higher_own_payoff","higher_own_payoff",NA
"pilot_265","pilot",19,1,NA,"lower_own_payoff","lower_own_payoff",NA
"pilot_266","pilot",19,1,NA,"higher_own_payoff","higher_own_payoff",NA
"pilot_267","pilot",19,1,NA,"lower_own_payoff","lower_own_payoff",NA
"pilot_268","pilot",19,1,NA,"higher_own_payoff","higher_own_payoff",NA
"pilot_269","pilot",19,1,NA,"lower_own_payoff","lower_own_payoff",NA
"pilot_270","pilot",19,1,NA,"higher_own_payoff","higher_own_payoff",NA
"pilot_271","pilot",19,1,NA,"higher_own_payoff","higher_own_payoff",NA
"pilot_272","pilot",19,1,NA,"higher_own_payoff","higher_own_payoff",NA
"pilot_273","pilot",19,1,NA,"lower_own_payoff","lower_own_payoff",NA
"pilot_274","pilot",19,1,NA,"higher_own_payoff","higher_own_payoff",NA
"pilot_275","pilot",19,1,NA,"higher_own_payoff","higher_own_payoff",NA
"pilot_276","pilot",19,1,NA,"lower_own_payoff","lower_own_payoff",NA
"pilot_277","pilot",19,1,NA,"higher_own_payoff","higher_own_payoff",NA
"pilot_278","pilot",19,1,NA,"lower_own_payoff","lower_own_payoff",NA
"pilot_279","pilot",19,1,NA,"lower_own_payoff","lower_own_payoff",NA
"pilot_280","pilot",19,1,NA,"lower_own_payoff","lower_own_payoff",NA
"pilot_281","pilot",19,1,NA,"higher_own_payoff","higher_own_payoff",NA
"pilot_282","pilot",19,1,NA,"lower_own_payoff","lower_own_payoff",NA
"pilot_283","pilot",19,1,NA,"higher_own_payoff","higher_own_payoff",NA
"pilot_284","pilot",19,1,NA,"higher_own_payoff","higher_own_payoff",NA
"pilot_285","pilot",19,1,NA,"lower_own_payoff","higher_own_payoff",NA
"pilot_286","pilot",19,1,NA,"higher_own_payoff","higher_own_payoff",NA
"pilot_287","pilot",19,1,NA,"higher_own_payoff","higher_own_payoff",NA
"pilot_288","pilot",19,1,NA,"higher_own_payoff","higher_own_payoff",NA
"pilot_289","pilot",19,1,NA,"lower_own_payoff","lower_own_payoff",NA
"pilot_290","pilot",19,1,NA,"higher_own_payoff","higher_own_payoff",NA
"pilot_291","pilot",19,1,NA,"lower_own_payoff","lower_own_payoff",NA
"pilot_292","pilot",19,1,NA,"lower_own_payoff","lower_own_payoff",NA
"pilot_293","pilot",19,1,NA,"lower_own_payoff","lower_own_payoff",NA
"pilot_294","pilot",19,1,NA,"higher_own_payoff","higher_own_payoff",NA
"pilot_295","pilot",19,1,NA,"lower_own_payoff","higher_own_payoff",NA
"pilot_296","pilot",19,1,NA,"higher_own_payoff","lower_own_payoff",NA
"pilot_297","pilot",19,1,NA,"higher_own_payoff","lower_own_payoff",NA
"pilot_298","pilot",19,1,NA,"higher_own_payoff","lower_own_payoff",NA
"pilot_299","pilot",19,1,NA,"lower_own_payoff","lower_own_payoff",NA
"pilot_300","pilot",19,1,NA,"lower_own_payoff","lower_own_payoff",NA
"pilot_301","pilot",19,1,NA,"lower_own_payoff","lower_own_payoff",NA
"pilot_302","pilot",19,1,NA,"higher_own_payoff","higher_own_payoff",NA
"pilot_303","pilot",19,1,NA,"lower_own_payoff","higher_own_payoff",NA
"pilot_304","pilot",19,1,NA,"lower_own_payoff","higher_own_payoff",NA
"pilot_305","pilot",19,1,NA,"higher_own_payoff","higher_own_payoff",NA
"pilot_306","pilot",19,1,NA,"higher_own_payoff","higher_own_payoff",NA
"pilot_1","pilot",20,1,NA,"higher_own_payoff","higher_own_payoff",NA
"pilot_2","pilot",20,1,NA,"lower_own_payoff","higher_own_payoff",NA
"pilot_3","pilot",20,1,NA,"lower_own_payoff","lower_own_payoff",NA
"pilot_4","pilot",20,1,NA,"lower_own_payoff","higher_own_payoff",NA
"pilot_5","pilot",20,1,NA,"lower_own_payoff","lower_own_payoff",NA
"pilot_6","pilot",20,1,NA,"higher_own_payoff","lower_own_payoff",NA
"pilot_7","pilot",20,1,NA,"higher_own_payoff","higher_own_payoff",NA
"pilot_8","pilot",20,1,NA,"higher_own_payoff","higher_own_payoff",NA
"pilot_9","pilot",20,1,NA,"lower_own_payoff","higher_own_payoff",NA
"pilot_10","pilot",20,1,NA,"higher_own_payoff","higher_own_payoff",NA
"pilot_11","pilot",20,1,NA,"lower_own_payoff","lower_own_payoff",NA
"pilot_12","pilot",20,1,NA,"higher_own_payoff","higher_own_payoff",NA
"pilot_13","pilot",20,1,NA,"lower_own_payoff","lower_own_payoff",NA
"pilot_14","pilot",20,1,NA,"higher_own_payoff","lower_own_payoff",NA
"pilot_15","pilot",20,1,NA,"lower_own_payoff","lower_own_payoff",NA
"pilot_16","pilot",20,1,NA,"higher_own_payoff","lower_own_payoff",NA
"pilot_17","pilot",20,1,NA,"lower_own_payoff","lower_own_payoff",NA
"pilot_18","pilot",20,1,NA,"lower_own_payoff","lower_own_payoff",NA
"pilot_19","pilot",20,1,NA,"higher_own_payoff","lower_own_payoff",NA
"pilot_20","pilot",20,1,NA,"higher_own_payoff","higher_own_payoff",NA
"pilot_21","pilot",20,1,NA,"lower_own_payoff","higher_own_payoff",NA
"pilot_22","pilot",20,1,NA,"higher_own_payoff","lower_own_payoff",NA
"pilot_23","pilot",20,1,NA,"higher_own_payoff","higher_own_payoff",NA
"pilot_24","pilot",20,1,NA,"lower_own_payoff","lower_own_payoff",NA
"pilot_25","pilot",20,1,NA,"higher_own_payoff","lower_own_payoff",NA
"pilot_26","pilot",20,1,NA,"lower_own_payoff","higher_own_payoff",NA
"pilot_27","pilot",20,1,NA,"higher_own_payoff","higher_own_payoff",NA
"pilot_28","pilot",20,1,NA,"lower_own_payoff","lower_own_payoff",NA
"pilot_29","pilot",20,1,NA,"lower_own_payoff","lower_own_payoff",NA
"pilot_30","pilot",20,1,NA,"higher_own_payoff","higher_own_payoff",NA
"pilot_31","pilot",20,1,NA,"lower_own_payoff","higher_own_payoff",NA
"pilot_32","pilot",20,1,NA,"higher_own_payoff","higher_own_payoff",NA
"pilot_33","pilot",20,1,NA,"higher_own_payoff","lower_own_payoff",NA
"pilot_34","pilot",20,1,NA,"higher_own_payoff","higher_own_payoff",NA
"pilot_35","pilot",20,1,NA,"higher_own_payoff","lower_own_payoff",NA
"pilot_36","pilot",20,1,NA,"higher_own_payoff","lower_own_payoff",NA
"pilot_37","pilot",20,1,NA,"lower_own_payoff","lower_own_payoff",NA
"pilot_38","pilot",20,1,NA,"lower_own_payoff","lower_own_payoff",NA
"pilot_39","pilot",20,1,NA,"higher_own_payoff","higher_own_payoff",NA
"pilot_40","pilot",20,1,NA,"higher_own_payoff","higher_own_payoff",NA
"pilot_41","pilot",20,1,NA,"higher_own_payoff","higher_own_payoff",NA
"pilot_42","pilot",20,1,NA,"lower_own_payoff","lower_own_payoff",NA
"pilot_43","pilot",20,1,NA,"higher_own_payoff","higher_own_payoff",NA
"pilot_44","pilot",20,1,NA,"higher_own_payoff","lower_own_payoff",NA
"pilot_45","pilot",20,1,NA,"higher_own_payoff","higher_own_payoff",NA
"pilot_46","pilot",20,1,NA,"higher_own_payoff","higher_own_payoff",NA
"pilot_47","pilot",20,1,NA,"higher_own_payoff","lower_own_payoff",NA
"pilot_48","pilot",20,1,NA,"lower_own_payoff","lower_own_payoff",NA
"pilot_49","pilot",20,1,NA,"higher_own_payoff","higher_own_payoff",NA
"pilot_50","pilot",20,1,NA,"lower_own_payoff","lower_own_payoff",NA
"pilot_51","pilot",20,1,NA,"higher_own_payoff","lower_own_payoff",NA
"pilot_52","pilot",20,1,NA,"higher_own_payoff","lower_own_payoff",NA
"pilot_53","pilot",20,1,NA,"higher_own_payoff","lower_own_payoff",NA
"pilot_54","pilot",20,1,NA,"lower_own_payoff","higher_own_payoff",NA
"pilot_55","pilot",20,1,NA,"lower_own_payoff","lower_own_payoff",NA
"pilot_56","pilot",20,1,NA,"higher_own_payoff","higher_own_payoff",NA
"pilot_57","pilot",20,1,NA,"higher_own_payoff","higher_own_payoff",NA
"pilot_58","pilot",20,1,NA,"higher_own_payoff","lower_own_payoff",NA
"pilot_59","pilot",20,1,NA,"lower_own_payoff","lower_own_payoff",NA
"pilot_60","pilot",20,1,NA,"lower_own_payoff","higher_own_payoff",NA
"pilot_61","pilot",20,1,NA,"higher_own_payoff","higher_own_payoff",NA
"pilot_62","pilot",20,1,NA,"higher_own_payoff","higher_own_payoff",NA
"pilot_63","pilot",20,1,NA,"lower_own_payoff","lower_own_payoff",NA
"pilot_64","pilot",20,1,NA,"higher_own_payoff","lower_own_payoff",NA
"pilot_65","pilot",20,1,NA,"higher_own_payoff","higher_own_payoff",NA
"pilot_66","pilot",20,1,NA,"lower_own_payoff","lower_own_payoff",NA
"pilot_67","pilot",20,1,NA,"lower_own_payoff","higher_own_payoff",NA
"pilot_68","pilot",20,1,NA,"higher_own_payoff","higher_own_payoff",NA
"pilot_69","pilot",20,1,NA,"higher_own_payoff","higher_own_payoff",NA
"pilot_70","pilot",20,1,NA,"higher_own_payoff","higher_own_payoff",NA
"pilot_71","pilot",20,1,NA,"lower_own_payoff","lower_own_payoff",NA
"pilot_72","pilot",20,1,NA,"higher_own_payoff","higher_own_payoff",NA
"pilot_73","pilot",20,1,NA,"lower_own_payoff","higher_own_payoff",NA
"pilot_74","pilot",20,1,NA,"lower_own_payoff","higher_own_payoff",NA
"pilot_75","pilot",20,1,NA,"higher_own_payoff","higher_own_payoff",NA
"pilot_76","pilot",20,1,NA,"higher_own_payoff","higher_own_payoff",NA
"pilot_77","pilot",20,1,NA,"higher_own_payoff","higher_own_payoff",NA
"pilot_78","pilot",20,1,NA,"lower_own_payoff","lower_own_payoff",NA
"pilot_79","pilot",20,1,NA,"lower_own_payoff","lower_own_payoff",NA
"pilot_80","pilot",20,1,NA,"higher_own_payoff","lower_own_payoff",NA
"pilot_81","pilot",20,1,NA,"lower_own_payoff","lower_own_payoff",NA
"pilot_82","pilot",20,1,NA,"higher_own_payoff","lower_own_payoff",NA
"pilot_83","pilot",20,1,NA,"higher_own_payoff","higher_own_payoff",NA
"pilot_84","pilot",20,1,NA,"lower_own_payoff","lower_own_payoff",NA
"pilot_85","pilot",20,1,NA,"lower_own_payoff","lower_own_payoff",NA
"pilot_86","pilot",20,1,NA,"lower_own_payoff","lower_own_payoff",NA
"pilot_87","pilot",20,1,NA,"lower_own_payoff","higher_own_payoff",NA
"pilot_88","pilot",20,1,NA,"higher_own_payoff","higher_own_payoff",NA
"pilot_89","pilot",20,1,NA,"higher_own_payoff","higher_own_payoff",NA
"pilot_90","pilot",20,1,NA,"lower_own_payoff","lower_own_payoff",NA
"pilot_91","pilot",20,1,NA,"higher_own_payoff","lower_own_payoff",NA
"pilot_92","pilot",20,1,NA,"lower_own_payoff","lower_own_payoff",NA
"pilot_93","pilot",20,1,NA,"lower_own_payoff","higher_own_payoff",NA
"pilot_94","pilot",20,1,NA,"lower_own_payoff","lower_own_payoff",NA
"pilot_95","pilot",20,1,NA,"lower_own_payoff","lower_own_payoff",NA
"pilot_96","pilot",20,1,NA,"higher_own_payoff","higher_own_payoff",NA
"pilot_97","pilot",20,1,NA,"lower_own_payoff","lower_own_payoff",NA
"pilot_98","pilot",20,1,NA,"higher_own_payoff","higher_own_payoff",NA
"pilot_99","pilot",20,1,NA,"lower_own_payoff","lower_own_payoff",NA
"pilot_100","pilot",20,1,NA,"lower_own_payoff","higher_own_payoff",NA
"pilot_101","pilot",20,1,NA,"higher_own_payoff","lower_own_payoff",NA
"pilot_102","pilot",20,1,NA,"higher_own_payoff","higher_own_payoff",NA
"pilot_103","pilot",20,1,NA,"lower_own_payoff","lower_own_payoff",NA
"pilot_104","pilot",20,1,NA,"higher_own_payoff","higher_own_payoff",NA
"pilot_105","pilot",20,1,NA,"higher_own_payoff","higher_own_payoff",NA
"pilot_106","pilot",20,1,NA,"lower_own_payoff","lower_own_payoff",NA
"pilot_107","pilot",20,1,NA,"higher_own_payoff","higher_own_payoff",NA
"pilot_108","pilot",20,1,NA,"lower_own_payoff","lower_own_payoff",NA
"pilot_109","pilot",20,1,NA,"lower_own_payoff","lower_own_payoff",NA
"pilot_110","pilot",20,1,NA,"lower_own_payoff","lower_own_payoff",NA
"pilot_111","pilot",20,1,NA,"lower_own_payoff","lower_own_payoff",NA
"pilot_112","pilot",20,1,NA,"higher_own_payoff","lower_own_payoff",NA
"pilot_113","pilot",20,1,NA,"higher_own_payoff","higher_own_payoff",NA
"pilot_114","pilot",20,1,NA,"higher_own_payoff","lower_own_payoff",NA
"pilot_115","pilot",20,1,NA,"higher_own_payoff","lower_own_payoff",NA
"pilot_116","pilot",20,1,NA,"lower_own_payoff","higher_own_payoff",NA
"pilot_117","pilot",20,1,NA,"higher_own_payoff","higher_own_payoff",NA
"pilot_118","pilot",20,1,NA,"lower_own_payoff","lower_own_payoff",NA
"pilot_119","pilot",20,1,NA,"lower_own_payoff","higher_own_payoff",NA
"pilot_120","pilot",20,1,NA,"lower_own_payoff","higher_own_payoff",NA
"pilot_121","pilot",20,1,NA,"lower_own_payoff","lower_own_payoff",NA
"pilot_122","pilot",20,1,NA,"lower_own_payoff","lower_own_payoff",NA
"pilot_123","pilot",20,1,NA,"higher_own_payoff","lower_own_payoff",NA
"pilot_124","pilot",20,1,NA,"lower_own_payoff","lower_own_payoff",NA
"pilot_125","pilot",20,1,NA,"lower_own_payoff","higher_own_payoff",NA
"pilot_126","pilot",20,1,NA,"lower_own_payoff","lower_own_payoff",NA
"pilot_127","pilot",20,1,NA,"lower_own_payoff","lower_own_payoff",NA
"pilot_128","pilot",20,1,NA,"lower_own_payoff","lower_own_payoff",NA
"pilot_129","pilot",20,1,NA,"higher_own_payoff","higher_own_payoff",NA
"pilot_130","pilot",20,1,NA,"higher_own_payoff","higher_own_payoff",NA
"pilot_131","pilot",20,1,NA,"lower_own_payoff","lower_own_payoff",NA
"pilot_132","pilot",20,1,NA,"higher_own_payoff","lower_own_payoff",NA
"pilot_133","pilot",20,1,NA,"lower_own_payoff","lower_own_payoff",NA
"pilot_134","pilot",20,1,NA,"higher_own_payoff","lower_own_payoff",NA
"pilot_135","pilot",20,1,NA,"higher_own_payoff","lower_own_payoff",NA
"pilot_136","pilot",20,1,NA,"lower_own_payoff","lower_own_payoff",NA
"pilot_137","pilot",20,1,NA,"higher_own_payoff","higher_own_payoff",NA
"pilot_138","pilot",20,1,NA,"higher_own_payoff","higher_own_payoff",NA
"pilot_139","pilot",20,1,NA,"lower_own_payoff","lower_own_payoff",NA
"pilot_140","pilot",20,1,NA,"higher_own_payoff","higher_own_payoff",NA
"pilot_141","pilot",20,1,NA,"lower_own_payoff","lower_own_payoff",NA
"pilot_142","pilot",20,1,NA,"higher_own_payoff","higher_own_payoff",NA
"pilot_143","pilot",20,1,NA,"higher_own_payoff","lower_own_payoff",NA
"pilot_144","pilot",20,1,NA,"higher_own_payoff","higher_own_payoff",NA
"pilot_145","pilot",20,1,NA,"lower_own_payoff","lower_own_payoff",NA
"pilot_146","pilot",20,1,NA,"higher_own_payoff","higher_own_payoff",NA
"pilot_147","pilot",20,1,NA,"lower_own_payoff","lower_own_payoff",NA
"pilot_148","pilot",20,1,NA,"lower_own_payoff","lower_own_payoff",NA
"pilot_149","pilot",20,1,NA,"higher_own_payoff","higher_own_payoff",NA
"pilot_150","pilot",20,1,NA,"lower_own_payoff","lower_own_payoff",NA
"pilot_151","pilot",20,1,NA,"lower_own_payoff","higher_own_payoff",NA
"pilot_152","pilot",20,1,NA,"higher_own_payoff","higher_own_payoff",NA
"pilot_153","pilot",20,1,NA,"higher_own_payoff","higher_own_payoff",NA
"pilot_154","pilot",20,1,NA,"higher_own_payoff","lower_own_payoff",NA
"pilot_155","pilot",20,1,NA,"lower_own_payoff","lower_own_payoff",NA
"pilot_156","pilot",20,1,NA,"lower_own_payoff","lower_own_payoff",NA
"pilot_157","pilot",20,1,NA,"higher_own_payoff","higher_own_payoff",NA
"pilot_158","pilot",20,1,NA,"lower_own_payoff","lower_own_payoff",NA
"pilot_159","pilot",20,1,NA,"higher_own_payoff","higher_own_payoff",NA
"pilot_160","pilot",20,1,NA,"lower_own_payoff","lower_own_payoff",NA
"pilot_161","pilot",20,1,NA,"lower_own_payoff","lower_own_payoff",NA
"pilot_162","pilot",20,1,NA,"lower_own_payoff","lower_own_payoff",NA
"pilot_163","pilot",20,1,NA,"higher_own_payoff","higher_own_payoff",NA
"pilot_164","pilot",20,1,NA,"higher_own_payoff","higher_own_payoff",NA
"pilot_165","pilot",20,1,NA,"lower_own_payoff","lower_own_payoff",NA
"pilot_166","pilot",20,1,NA,"higher_own_payoff","higher_own_payoff",NA
"pilot_167","pilot",20,1,NA,"higher_own_payoff","higher_own_payoff",NA
"pilot_168","pilot",20,1,NA,"higher_own_payoff","higher_own_payoff",NA
"pilot_169","pilot",20,1,NA,"lower_own_payoff","lower_own_payoff",NA
"pilot_170","pilot",20,1,NA,"higher_own_payoff","higher_own_payoff",NA
"pilot_171","pilot",20,1,NA,"higher_own_payoff","lower_own_payoff",NA
"pilot_172","pilot",20,1,NA,"lower_own_payoff","lower_own_payoff",NA
"pilot_173","pilot",20,1,NA,"higher_own_payoff","higher_own_payoff",NA
"pilot_174","pilot",20,1,NA,"lower_own_payoff","lower_own_payoff",NA
"pilot_175","pilot",20,1,NA,"lower_own_payoff","higher_own_payoff",NA
"pilot_176","pilot",20,1,NA,"lower_own_payoff","higher_own_payoff",NA
"pilot_177","pilot",20,1,NA,"higher_own_payoff","lower_own_payoff",NA
"pilot_178","pilot",20,1,NA,"lower_own_payoff","lower_own_payoff",NA
"pilot_179","pilot",20,1,NA,"higher_own_payoff","lower_own_payoff",NA
"pilot_180","pilot",20,1,NA,"higher_own_payoff","lower_own_payoff",NA
"pilot_181","pilot",20,1,NA,"higher_own_payoff","lower_own_payoff",NA
"pilot_182","pilot",20,1,NA,"lower_own_payoff","lower_own_payoff",NA
"pilot_183","pilot",20,1,NA,"higher_own_payoff","lower_own_payoff",NA
"pilot_184","pilot",20,1,NA,"higher_own_payoff","lower_own_payoff",NA
"pilot_185","pilot",20,1,NA,"lower_own_payoff","lower_own_payoff",NA
"pilot_186","pilot",20,1,NA,"higher_own_payoff","lower_own_payoff",NA
"pilot_187","pilot",20,1,NA,"higher_own_payoff","higher_own_payoff",NA
"pilot_188","pilot",20,1,NA,"lower_own_payoff","lower_own_payoff",NA
"pilot_189","pilot",20,1,NA,"higher_own_payoff","lower_own_payoff",NA
"pilot_190","pilot",20,1,NA,"lower_own_payoff","lower_own_payoff",NA
"pilot_191","pilot",20,1,NA,"higher_own_payoff","higher_own_payoff",NA
"pilot_192","pilot",20,1,NA,"higher_own_payoff","lower_own_payoff",NA
"pilot_193","pilot",20,1,NA,"higher_own_payoff","lower_own_payoff",NA
"pilot_194","pilot",20,1,NA,"lower_own_payoff","higher_own_payoff",NA
"pilot_195","pilot",20,1,NA,"higher_own_payoff","higher_own_payoff",NA
"pilot_196","pilot",20,1,NA,"lower_own_payoff","lower_own_payoff",NA
"pilot_197","pilot",20,1,NA,"lower_own_payoff","higher_own_payoff",NA
"pilot_198","pilot",20,1,NA,"higher_own_payoff","higher_own_payoff",NA
"pilot_199","pilot",20,1,NA,"higher_own_payoff","lower_own_payoff",NA
"pilot_200","pilot",20,1,NA,"higher_own_payoff","lower_own_payoff",NA
"pilot_201","pilot",20,1,NA,"higher_own_payoff","higher_own_payoff",NA
"pilot_202","pilot",20,1,NA,"higher_own_payoff","higher_own_payoff",NA
"pilot_203","pilot",20,1,NA,"lower_own_payoff","higher_own_payoff",NA
"pilot_204","pilot",20,1,NA,"higher_own_payoff","higher_own_payoff",NA
"pilot_205","pilot",20,1,NA,"higher_own_payoff","higher_own_payoff",NA
"pilot_206","pilot",20,1,NA,"lower_own_payoff","lower_own_payoff",NA
"pilot_207","pilot",20,1,NA,"higher_own_payoff","higher_own_payoff",NA
"pilot_208","pilot",20,1,NA,"lower_own_payoff","higher_own_payoff",NA
"pilot_209","pilot",20,1,NA,"higher_own_payoff","higher_own_payoff",NA
"pilot_210","pilot",20,1,NA,"lower_own_payoff","lower_own_payoff",NA
"pilot_211","pilot",20,1,NA,"higher_own_payoff","higher_own_payoff",NA
"pilot_212","pilot",20,1,NA,"lower_own_payoff","higher_own_payoff",NA
"pilot_213","pilot",20,1,NA,"higher_own_payoff","lower_own_payoff",NA
"pilot_214","pilot",20,1,NA,"lower_own_payoff","lower_own_payoff",NA
"pilot_215","pilot",20,1,NA,"lower_own_payoff","lower_own_payoff",NA
"pilot_216","pilot",20,1,NA,"lower_own_payoff","lower_own_payoff",NA
"pilot_217","pilot",20,1,NA,"lower_own_payoff","lower_own_payoff",NA
"pilot_218","pilot",20,1,NA,"lower_own_payoff","higher_own_payoff",NA
"pilot_219","pilot",20,1,NA,"higher_own_payoff","lower_own_payoff",NA
"pilot_220","pilot",20,1,NA,"higher_own_payoff","higher_own_payoff",NA
"pilot_221","pilot",20,1,NA,"lower_own_payoff","lower_own_payoff",NA
"pilot_222","pilot",20,1,NA,"higher_own_payoff","higher_own_payoff",NA
"pilot_223","pilot",20,1,NA,"higher_own_payoff","higher_own_payoff",NA
"pilot_224","pilot",20,1,NA,"higher_own_payoff","higher_own_payoff",NA
"pilot_225","pilot",20,1,NA,"lower_own_payoff","higher_own_payoff",NA
"pilot_226","pilot",20,1,NA,"lower_own_payoff","lower_own_payoff",NA
"pilot_227","pilot",20,1,NA,"higher_own_payoff","higher_own_payoff",NA
"pilot_228","pilot",20,1,NA,"higher_own_payoff","lower_own_payoff",NA
"pilot_229","pilot",20,1,NA,"higher_own_payoff","higher_own_payoff",NA
"pilot_230","pilot",20,1,NA,"higher_own_payoff","higher_own_payoff",NA
"pilot_231","pilot",20,1,NA,"higher_own_payoff","higher_own_payoff",NA
"pilot_232","pilot",20,1,NA,"lower_own_payoff","higher_own_payoff",NA
"pilot_233","pilot",20,1,NA,"higher_own_payoff","higher_own_payoff",NA
"pilot_234","pilot",20,1,NA,"higher_own_payoff","higher_own_payoff",NA
"pilot_235","pilot",20,1,NA,"higher_own_payoff","higher_own_payoff",NA
"pilot_236","pilot",20,1,NA,"higher_own_payoff","higher_own_payoff",NA
"pilot_237","pilot",20,1,NA,"lower_own_payoff","higher_own_payoff",NA
"pilot_238","pilot",20,1,NA,"higher_own_payoff","higher_own_payoff",NA
"pilot_239","pilot",20,1,NA,"lower_own_payoff","higher_own_payoff",NA
"pilot_240","pilot",20,1,NA,"higher_own_payoff","higher_own_payoff",NA
"pilot_241","pilot",20,1,NA,"higher_own_payoff","higher_own_payoff",NA
"pilot_242","pilot",20,1,NA,"lower_own_payoff","lower_own_payoff",NA
"pilot_243","pilot",20,1,NA,"lower_own_payoff","lower_own_payoff",NA
"pilot_244","pilot",20,1,NA,"higher_own_payoff","higher_own_payoff",NA
"pilot_245","pilot",20,1,NA,"higher_own_payoff","higher_own_payoff",NA
"pilot_246","pilot",20,1,NA,"higher_own_payoff","higher_own_payoff",NA
"pilot_247","pilot",20,1,NA,"higher_own_payoff","higher_own_payoff",NA
"pilot_248","pilot",20,1,NA,"higher_own_payoff","lower_own_payoff",NA
"pilot_249","pilot",20,1,NA,"higher_own_payoff","lower_own_payoff",NA
"pilot_250","pilot",20,1,NA,"lower_own_payoff","lower_own_payoff",NA
"pilot_251","pilot",20,1,NA,"higher_own_payoff","lower_own_payoff",NA
"pilot_252","pilot",20,1,NA,"lower_own_payoff","lower_own_payoff",NA
"pilot_253","pilot",20,1,NA,"higher_own_payoff","lower_own_payoff",NA
"pilot_254","pilot",20,1,NA,"higher_own_payoff","higher_own_payoff",NA
"pilot_255","pilot",20,1,NA,"higher_own_payoff","lower_own_payoff",NA
"pilot_256","pilot",20,1,NA,"higher_own_payoff","higher_own_payoff",NA
"pilot_257","pilot",20,1,NA,"higher_own_payoff","lower_own_payoff",NA
"pilot_258","pilot",20,1,NA,"higher_own_payoff","higher_own_payoff",NA
"pilot_259","pilot",20,1,NA,"higher_own_payoff","higher_own_payoff",NA
"pilot_260","pilot",20,1,NA,"higher_own_payoff","higher_own_payoff",NA
"pilot_261","pilot",20,1,NA,"higher_own_payoff","higher_own_payoff",NA
"pilot_262","pilot",20,1,NA,"higher_own_payoff","higher_own_payoff",NA
"pilot_263","pilot",20,1,NA,"higher_own_payoff","higher_own_payoff",NA
"pilot_264","pilot",20,1,NA,"higher_own_payoff","higher_own_payoff",NA
"pilot_265","pilot",20,1,NA,"lower_own_payoff","lower_own_payoff",NA
"pilot_266","pilot",20,1,NA,"higher_own_payoff","lower_own_payoff",NA
"pilot_267","pilot",20,1,NA,"lower_own_payoff","lower_own_payoff",NA
"pilot_268","pilot",20,1,NA,"higher_own_payoff","higher_own_payoff",NA
"pilot_269","pilot",20,1,NA,"lower_own_payoff","lower_own_payoff",NA
"pilot_270","pilot",20,1,NA,"lower_own_payoff","lower_own_payoff",NA
"pilot_271","pilot",20,1,NA,"higher_own_payoff","higher_own_payoff",NA
"pilot_272","pilot",20,1,NA,"lower_own_payoff","lower_own_payoff",NA
"pilot_273","pilot",20,1,NA,"lower_own_payoff","lower_own_payoff",NA
"pilot_274","pilot",20,1,NA,"higher_own_payoff","higher_own_payoff",NA
"pilot_275","pilot",20,1,NA,"lower_own_payoff","higher_own_payoff",NA
"pilot_276","pilot",20,1,NA,"lower_own_payoff","lower_own_payoff",NA
"pilot_277","pilot",20,1,NA,"lower_own_payoff","higher_own_payoff",NA
"pilot_278","pilot",20,1,NA,"lower_own_payoff","lower_own_payoff",NA
"pilot_279","pilot",20,1,NA,"lower_own_payoff","lower_own_payoff",NA
"pilot_280","pilot",20,1,NA,"lower_own_payoff","lower_own_payoff",NA
"pilot_281","pilot",20,1,NA,"lower_own_payoff","higher_own_payoff",NA
"pilot_282","pilot",20,1,NA,"lower_own_payoff","lower_own_payoff",NA
"pilot_283","pilot",20,1,NA,"lower_own_payoff","higher_own_payoff",NA
"pilot_284","pilot",20,1,NA,"higher_own_payoff","higher_own_payoff",NA
"pilot_285","pilot",20,1,NA,"lower_own_payoff","higher_own_payoff",NA
"pilot_286","pilot",20,1,NA,"higher_own_payoff","higher_own_payoff",NA
"pilot_287","pilot",20,1,NA,"higher_own_payoff","higher_own_payoff",NA
"pilot_288","pilot",20,1,NA,"lower_own_payoff","lower_own_payoff",NA
"pilot_289","pilot",20,1,NA,"lower_own_payoff","lower_own_payoff",NA
"pilot_290","pilot",20,1,NA,"higher_own_payoff","higher_own_payoff",NA
"pilot_291","pilot",20,1,NA,"higher_own_payoff","higher_own_payoff",NA
"pilot_292","pilot",20,1,NA,"higher_own_payoff","lower_own_payoff",NA
"pilot_293","pilot",20,1,NA,"higher_own_payoff","higher_own_payoff",NA
"pilot_294","pilot",20,1,NA,"lower_own_payoff","higher_own_payoff",NA
"pilot_295","pilot",20,1,NA,"lower_own_payoff","higher_own_payoff",NA
"pilot_296","pilot",20,1,NA,"higher_own_payoff","higher_own_payoff",NA
"pilot_297","pilot",20,1,NA,"lower_own_payoff","lower_own_payoff",NA
"pilot_298","pilot",20,1,NA,"higher_own_payoff","lower_own_payoff",NA
"pilot_299","pilot",20,1,NA,"lower_own_payoff","lower_own_payoff",NA
"pilot_300","pilot",20,1,NA,"lower_own_payoff","lower_own_payoff",NA
"pilot_301","pilot",20,1,NA,"lower_own_payoff","higher_own_payoff",NA
"pilot_302","pilot",20,1,NA,"higher_own_payoff","higher_own_payoff",NA
"pilot_303","pilot",20,1,NA,"lower_own_payoff","lower_own_payoff",NA
"pilot_304","pilot",20,1,NA,"lower_own_payoff","higher_own_payoff",NA
"pilot_305","pilot",20,1,NA,"higher_own_payoff","lower_own_payoff",NA
"pilot_306","pilot",20,1,NA,"higher_own_payoff","higher_own_payoff",NA
