"participant_id","study","trial","search_step","search_target","search_option","chose_option","total_reveals_in_trial","search_cost_eur"
"study2_1","study2",1,1,"self","higher_own_payoff","higher_own_payoff",1,0
"study2_1","study2",2,1,"self","higher_own_payoff","higher_own_payoff",2,10
"study2_1","study2",3,1,"self","higher_own_payoff","higher_own_payoff",1,0
"study2_1","study2",4,1,"self","higher_own_payoff","higher_own_payoff",1,0
"study2_1","study2",5,1,"self","lower_own_payoff","higher_own_payoff",1,0
"study2_1","study2",6,1,"self","lower_own_payoff","higher_own_payoff",1,0
"study2_1","study2",7,1,"self","lower_own_payoff","lower_own_payoff",1,0
"study2_1","study2",8,1,"self","lower_own_payoff","lower_own_payoff",2,10
"study2_1","study2",9,1,"self","lower_own_payoff","lower_own_payoff",1,0
"study2_1","study2",10,1,"self","lower_own_payoff","higher_own_payoff",2,10
"study2_1","study2",11,1,"self","higher_own_payoff","higher_own_payoff",1,0
"study2_1","study2",12,1,"self","higher_own_payoff","higher_own_payoff",1,0
"study2_1","study2",13,1,"self","lower_own_payoff","lower_own_payoff",2,10
"study2_1","study2",14,1,"self","higher_own_payoff","lower_own_payoff",1,0
"study2_1","study2",15,1,"self","higher_own_payoff","higher_own_payoff",1,0
"study2_1","study2",16,1,"self","higher_own_payoff","higher_own_payoff",1,0
"study2_1","study2",17,1,"self","lower_own_payoff","higher_own_payoff",1,0
"study2_1","study2",18,1,"self","higher_own_payoff","lower_own_payoff",2,10
"study2_1","study2",19,1,"self","higher_own_payoff","higher_own_payoff",2,10
"study2_1","study2",20,1,"self","higher_own_payoff","higher_own_payoff",2,10
"study2_1","study2",21,1,"self","higher_own_payoff","higher_own_payoff",1,0
"study2_1","study2",22,1,"self","lower_own_payoff","lower_own_payoff",1,0
"study2_1","study2",23,1,"self","lower_own_payoff","higher_own_payoff",1,0
"study2_1","study2",24,1,"self","lower_own_payoff","higher_own_payoff",1,0
"study2_2","study2",1,1,"self","higher_own_payoff","higher_own_payoff",1,0
"study2_2","study2",2,1,"self","lower_own_payoff","lower_own_payoff",1,0
"study2_2","study2",3,1,"self","lower_own_payoff","higher_own_payoff",1,0
"study2_2","study2",4,1,"self","lower_own_payoff","higher_own_payoff",1,0
"study2_2","study2",5,1,"self","lower_own_payoff","lower_own_payoff",1,0
"study2_2","study2",6,1,"self","lower_own_payoff","lower_own_payoff",1,0
"study2_2","study2",7,1,"self","lower_own_payoff","higher_own_payoff",1,0
"study2_2","study2",8,1,"self","higher_own_payoff","lower_own_payoff",1,0
"study2_2","study2",9,1,"self","lower_own_payoff","lower_own_payoff",1,0
"study2_2","study2",10,1,"self","lower_own_payoff","higher_own_payoff",1,0
"study2_2","study2",11,1,"self","higher_own_payoff","higher_own_payoff",1,0
"study2_2","study2",12,1,"self","lower_own_payoff","lower_own_payoff",1,0
"study2_2","study2",13,1,"self","lower_own_payoff","higher_own_payoff",1,0
"study2_2","study2",14,1,"self","higher_own_payoff","lower_own_payoff",1,0
"study2_2","study2",15,1,"self","higher_own_payoff","lower_own_payoff",1,0
"study2_2","study2",16,1,"self","higher_own_payoff","higher_own_payoff",1,0
"study2_2","study2",17,1,"self","lower_own_payoff","lower_own_payoff",1,0
"study2_2","study2",18,1,"self","lower_own_payoff","higher_own_payoff",1,0
"study2_2","study2",19,1,"self","higher_own_payoff","lower_own_payoff",1,0
"study2_2","study2",20,1,"self","higher_own_payoff","higher_own_payoff",1,0
"study2_2","study2",21,1,"self","lower_own_payoff","higher_own_payoff",1,0
"study2_2","study2",22,1,"self","higher_own_payoff","higher_own_payoff",1,0
"study2_2","study2",23,1,"self","higher_own_payoff","higher_own_payoff",1,0
"study2_2","study2",24,1,"self","higher_own_payoff","higher_own_payoff",1,0
"study2_3","study2",1,1,"self","higher_own_payoff","higher_own_payoff",1,0
"study2_3","study2",2,1,"self","higher_own_payoff","higher_own_payoff",1,0
"study2_3","study2",3,1,"self","higher_own_payoff","higher_own_payoff",2,10
"study2_3","study2",4,1,"self","higher_own_payoff","higher_own_payoff",1,0
"study2_3","study2",5,1,"self","higher_own_payoff","higher_own_payoff",1,0
"study2_3","study2",6,1,"self","lower_own_payoff","lower_own_payoff",1,0
"study2_3","study2",7,1,"self","higher_own_payoff","higher_own_payoff",2,10
"study2_3","study2",8,1,"self","lower_own_payoff","lower_own_payoff",1,0
"study2_3","study2",9,1,"self","higher_own_payoff","higher_own_payoff",2,10
"study2_3","study2",10,1,"self","higher_own_payoff","higher_own_payoff",2,10
"study2_3","study2",11,1,"self","higher_own_payoff","lower_own_payoff",2,10
"study2_3","study2",12,1,"self","higher_own_payoff","higher_own_payoff",2,10
"study2_3","study2",13,1,"self","higher_own_payoff","higher_own_payoff",3,20
"study2_3","study2",14,1,"self","higher_own_payoff","higher_own_payoff",4,30
"study2_3","study2",15,1,"self","higher_own_payoff","higher_own_payoff",1,0
"study2_3","study2",16,1,"self","higher_own_payoff","higher_own_payoff",1,0
"study2_3","study2",17,1,"self","higher_own_payoff","higher_own_payoff",1,0
"study2_3","study2",18,1,"self","higher_own_payoff","higher_own_payoff",2,10
"study2_3","study2",19,1,"self","lower_own_payoff","higher_own_payoff",4,30
"study2_3","study2",20,1,"self","higher_own_payoff","higher_own_payoff",1,0
"study2_3","study2",21,1,"self","higher_own_payoff","higher_own_payoff",1,0
"study2_3","study2",22,1,"self","lower_own_payoff","lower_own_payoff",1,0
"study2_3","study2",23,1,"self","higher_own_payoff","higher_own_payoff",1,0
"study2_3","study2",24,1,"self","higher_own_payoff","higher_own_payoff",1,0
"study2_4","study2",1,1,"self","lower_own_payoff","lower_own_payoff",1,0
"study2_4","study2",2,1,"self","higher_own_payoff","higher_own_payoff",1,0
"study2_4","study2",3,1,"self","higher_own_payoff","lower_own_payoff",1,0
"study2_4","study2",4,1,"self","higher_own_payoff","higher_own_payoff",1,0
"study2_4","study2",5,1,"self","lower_own_payoff","lower_own_payoff",1,0
"study2_4","study2",6,1,"self","higher_own_payoff","higher_own_payoff",1,0
"study2_4","study2",7,1,"self","higher_own_payoff","higher_own_payoff",1,0
"study2_4","study2",8,1,"self","higher_own_payoff","lower_own_payoff",2,10
"study2_4","study2",9,1,"self","higher_own_payoff","higher_own_payoff",1,0
"study2_4","study2",10,1,"self","higher_own_payoff","higher_own_payoff",1,0
"study2_4","study2",11,1,"self","higher_own_payoff","higher_own_payoff",1,0
"study2_4","study2",12,1,"self","higher_own_payoff","higher_own_payoff",1,0
"study2_4","study2",13,1,"self","higher_own_payoff","higher_own_payoff",1,0
"study2_4","study2",14,1,"self","higher_own_payoff","higher_own_payoff",1,0
"study2_4","study2",15,1,"self","higher_own_payoff","higher_own_payoff",1,0
"study2_4","study2",16,1,"self","higher_own_payoff","higher_own_payoff",1,0
"study2_4","study2",17,1,"self","higher_own_payoff","lower_own_payoff",1,0
"study2_4","study2",18,1,"self","higher_own_payoff","higher_own_payoff",1,0
"study2_4","study2",19,1,"self","higher_own_payoff","higher_own_payoff",1,0
"study2_4","study2",20,1,"self","higher_own_payoff","lower_own_payoff",2,10
"study2_4","study2",21,1,"self","higher_own_payoff","higher_own_payoff",1,0
"study2_4","study2",22,1,"self","higher_own_payoff","higher_own_payoff",1,0
"study2_4","study2",23,1,"self","higher_own_payoff","higher_own_payoff",1,0
"study2_4","study2",24,1,"self","higher_own_payoff","higher_own_payoff",1,0
"study2_5","study2",1,1,"self","higher_own_payoff","higher_own_payoff",1,0
"study2_5","study2",2,1,"self","higher_own_payoff","higher_own_payoff",1,0
"study2_5","study2",3,1,"self","higher_own_payoff","higher_own_payoff",1,0
"study2_5","study2",4,1,"self","higher_own_payoff","higher_own_payoff",1,0
"study2_5","study2",5,1,"self","higher_own_payoff","higher_own_payoff",1,0
"study2_5","study2",6,1,"self","lower_own_payoff","higher_own_payoff",1,0
"study2_5","study2",7,1,"self","lower_own_payoff","higher_own_payoff",1,0
"study2_5","study2",8,1,"self","higher_own_payoff","higher_own_payoff",1,0
"study2_5","study2",9,1,"self","higher_own_payoff","higher_own_payoff",1,0
"study2_5","study2",10,1,"self","lower_own_payoff","higher_own_payoff",1,0
"study2_5","study2",11,1,"self","lower_own_payoff","higher_own_payoff",1,0
"study2_5","study2",12,1,"self","lower_own_payoff","higher_own_payoff",1,0
"study2_5","study2",13,1,"self","higher_own_payoff","higher_own_payoff",1,0
"study2_5","study2",14,1,"self","higher_own_payoff","higher_own_payoff",2,10
"study2_5","study2",15,1,"self","lower_own_payoff","lower_own_payoff",2,10
"study2_5","study2",16,1,"self","higher_own_payoff","higher_own_payoff",1,0
"study2_5","study2",17,1,"self","higher_own_payoff","higher_own_payoff",1,0
"study2_5","study2",18,1,"self","higher_own_payoff","lower_own_payoff",1,0
"study2_5","study2",19,1,"self","higher_own_payoff","higher_own_payoff",1,0
"study2_5","study2",20,1,"self","lower_own_payoff","higher_own_payoff",1,0
"study2_5","study2",21,1,"self","lower_own_payoff","higher_own_payoff",1,0
"study2_5","study2",22,1,"self","higher_own_payoff","higher_own_payoff",1,0
"study2_5","study2",23,1,"self","higher_own_payoff","higher_own_payoff",1,0
"study2_5","study2",24,1,"self","higher_own_payoff","higher_own_payoff",1,0
"study2_6","study2",1,1,"self","lower_own_payoff","higher_own_payoff",1,0
"study2_6","study2",2,1,"self","lower_own_payoff","lower_own_payoff",1,0
"study2_6","study2",3,1,"self","higher_own_payoff","higher_own_payoff",1,0
"study2_6","study2",4,1,"self","lower_own_payoff","higher_own_payoff",1,0
"study2_6","study2",5,1,"self","lower_own_payoff","lower_own_payoff",1,0
"study2_6","study2",6,1,"self","lower_own_payoff","higher_own_payoff",1,0
"study2_6","study2",7,1,"self","lower_own_payoff","lower_own_payoff",1,0
"study2_6","study2",8,1,"self","higher_own_payoff","higher_own_payoff",1,0
"study2_6","study2",9,1,"self","higher_own_payoff","higher_own_payoff",1,0
"study2_6","study2",10,1,"self","higher_own_payoff","higher_own_payoff",1,0
"study2_6","study2",11,1,"self","higher_own_payoff","higher_own_payoff",1,0
"study2_6","study2",12,1,"self","lower_own_payoff","lower_own_payoff",1,0
"study2_6","study2",13,1,"self","lower_own_payoff","lower_own_payoff",1,0
"study2_6","study2",14,1,"self","lower_own_payoff","higher_own_payoff",1,0
"study2_6","study2",15,1,"self","lower_own_payoff","lower_own_payoff",1,0
"study2_6","study2",16,1,"self","lower_own_payoff","higher_own_payoff",1,0
"study2_6","study2",17,1,"self","higher_own_payoff","higher_own_payoff",1,0
"study2_6","study2",18,1,"self","lower_own_payoff","higher_own_payoff",1,0
"study2_6","study2",19,1,"self","higher_own_payoff","higher_own_payoff",1,0
"study2_6","study2",20,1,"self","lower_own_payoff","higher_own_payoff",1,0
"study2_6","study2",21,1,"self","higher_own_payoff","higher_own_payoff",1,0
"study2_6","study2",22,1,"self","higher_own_payoff","higher_own_payoff",1,0
"study2_6","study2",23,1,"self","higher_own_payoff","higher_own_payoff",1,0
"study2_6","study2",24,1,"self","higher_own_payoff","higher_own_payoff",1,0
"study2_7","study2",1,1,"self","higher_own_payoff","lower_own_payoff",2,10
"study2_7","study2",2,1,"self","higher_own_payoff","higher_own_payoff",1,0
"study2_7","study2",3,1,"self","higher_own_payoff","higher_own_payoff",2,10
"study2_7","study2",4,1,"self","higher_own_payoff","lower_own_payoff",2,10
"study2_7","study2",5,1,"self","higher_own_payoff","higher_own_payoff",1,0
"study2_7","study2",6,1,"self","higher_own_payoff","higher_own_payoff",2,10
"study2_7","study2",7,1,"self","higher_own_payoff","higher_own_payoff",1,0
"study2_7","study2",8,1,"self","lower_own_payoff","higher_own_payoff",2,10
"study2_7","study2",9,1,"self","higher_own_payoff","higher_own_payoff",1,0
"study2_7","study2",10,1,"self","higher_own_payoff","higher_own_payoff",1,0
"study2_7","study2",11,1,"self","higher_own_payoff","higher_own_payoff",1,0
"study2_7","study2",12,1,"self","higher_own_payoff","lower_own_payoff",2,10
"study2_7","study2",13,1,"self","lower_own_payoff","higher_own_payoff",2,10
"study2_7","study2",14,1,"self","lower_own_payoff","lower_own_payoff",1,0
"study2_7","study2",15,1,"self","higher_own_payoff","lower_own_payoff",2,10
"study2_7","study2",16,1,"self","higher_own_payoff","lower_own_payoff",4,30
"study2_7","study2",17,1,"self","higher_own_payoff","higher_own_payoff",1,0
"study2_7","study2",18,1,"self","higher_own_payoff","higher_own_payoff",1,0
"study2_7","study2",19,1,"self","higher_own_payoff","higher_own_payoff",1,0
"study2_7","study2",20,1,"self","higher_own_payoff","higher_own_payoff",1,0
"study2_7","study2",21,1,"self","higher_own_payoff","higher_own_payoff",1,0
"study2_7","study2",22,1,"self","higher_own_payoff","lower_own_payoff",2,10
"study2_7","study2",23,1,"self","higher_own_payoff","higher_own_payoff",1,0
"study2_7","study2",24,1,"self","higher_own_payoff","lower_own_payoff",3,20
"study2_8","study2",1,1,"self","higher_own_payoff","higher_own_payoff",1,0
"study2_8","study2",2,1,"self","higher_own_payoff","higher_own_payoff",1,0
"study2_8","study2",3,1,"self","higher_own_payoff","lower_own_payoff",1,0
"study2_8","study2",4,1,"self","higher_own_payoff","higher_own_payoff",1,0
"study2_8","study2",5,1,"self","higher_own_payoff","higher_own_payoff",1,0
"study2_8","study2",6,1,"self","higher_own_payoff","lower_own_payoff",1,0
"study2_8","study2",7,1,"self","lower_own_payoff","higher_own_payoff",1,0
"study2_8","study2",8,1,"self","higher_own_payoff","higher_own_payoff",1,0
"study2_8","study2",9,1,"self","higher_own_payoff","higher_own_payoff",1,0
"study2_8","study2",10,1,"self","higher_own_payoff","higher_own_payoff",1,0
"study2_8","study2",11,1,"self","lower_own_payoff","lower_own_payoff",1,0
"study2_8","study2",12,1,"self","higher_own_payoff","higher_own_payoff",1,0
"study2_8","study2",13,1,"self","higher_own_payoff","lower_own_payoff",2,10
"study2_8","study2",14,1,"self","higher_own_payoff","lower_own_payoff",2,10
"study2_8","study2",15,1,"self","higher_own_payoff","higher_own_payoff",1,0
"study2_8","study2",16,1,"self","higher_own_payoff","higher_own_payoff",1,0
"study2_8","study2",17,1,"self","higher_own_payoff","higher_own_payoff",1,0
"study2_8","study2",18,1,"self","higher_own_payoff","higher_own_payoff",1,0
"study2_8","study2",19,1,"self","higher_own_payoff","lower_own_payoff",2,10
"study2_8","study2",20,1,"self","higher_own_payoff","higher_own_payoff",1,0
"study2_8","study2",21,1,"self","higher_own_payoff","higher_own_payoff",1,0
"study2_8","study2",22,1,"self","lower_own_payoff","lower_own_payoff",1,0
"study2_8","study2",23,1,"self","higher_own_payoff","higher_own_payoff",1,0
"study2_8","study2",24,1,"self","higher_own_payoff","higher_own_payoff",1,0
"study2_9","study2",1,1,"self","higher_own_payoff","lower_own_payoff",2,10
"study2_9","study2",2,1,"self","higher_own_payoff","higher_own_payoff",4,30
"study2_9","study2",3,1,"self","higher_own_payoff","higher_own_payoff",2,10
"study2_9","study2",4,1,"self","higher_own_payoff","lower_own_payoff",2,10
"study2_9","study2",5,1,"self","lower_own_payoff","lower_own_payoff",4,30
"study2_9","study2",6,1,"self","higher_own_payoff","lower_own_payoff",4,30
"study2_9","study2",7,1,"self","higher_own_payoff","higher_own_payoff",4,30
"study2_9","study2",8,1,"self","higher_own_payoff","higher_own_payoff",2,10
"study2_9","study2",9,1,"self","higher_own_payoff","higher_own_payoff",2,10
"study2_9","study2",10,1,"self","higher_own_payoff","higher_own_payoff",2,10
"study2_9","study2",11,1,"self","lower_own_payoff","higher_own_payoff",1,0
"study2_9","study2",12,1,"self","lower_own_payoff","higher_own_payoff",2,10
"study2_9","study2",13,1,"self","lower_own_payoff","higher_own_payoff",2,10
"study2_9","study2",14,1,"self","lower_own_payoff","lower_own_payoff",4,30
"study2_9","study2",15,1,"self","higher_own_payoff","lower_own_payoff",2,10
"study2_9","study2",16,1,"self","lower_own_payoff","higher_own_payoff",2,10
"study2_9","study2",17,1,"self","lower_own_payoff","higher_own_payoff",2,10
"study2_9","study2",18,1,"self","higher_own_payoff","lower_own_payoff",2,10
"study2_9","study2",19,1,"self","higher_own_payoff","lower_own_payoff",2,10
"study2_9","study2",20,1,"self","lower_own_payoff","higher_own_payoff",1,0
"study2_9","study2",21,1,"self","lower_own_payoff","higher_own_payoff",2,10
"study2_9","study2",22,1,"self","higher_own_payoff","lower_own_payoff",2,10
"study2_9","study2",23,1,"self","higher_own_payoff","higher_own_payoff",4,30
"study2_9","study2",24,1,"self","higher_own_payoff","higher_own_payoff",2,10
"study2_11","study2",1,1,"self","higher_own_payoff","higher_own_payoff",2,10
"study2_11","study2",2,1,"self","higher_own_payoff","higher_own_payoff",2,10
"study2_11","study2",3,1,"self","higher_own_payoff","higher_own_payoff",2,10
"study2_11","study2",4,1,"self","higher_own_payoff","higher_own_payoff",2,10
"study2_11","study2",5,1,"self","higher_own_payoff","higher_own_payoff",2,10
"study2_11","study2",6,1,"self","higher_own_payoff","higher_own_payoff",2,10
"study2_11","study2",7,1,"self","lower_own_payoff","lower_own_payoff",2,10
"study2_11","study2",8,1,"self","lower_own_payoff","lower_own_payoff",2,10
"study2_11","study2",9,1,"self","higher_own_payoff","higher_own_payoff",4,30
"study2_11","study2",10,1,"self","higher_own_payoff","higher_own_payoff",4,30
"study2_11","study2",11,1,"self","higher_own_payoff","higher_own_payoff",2,10
"study2_11","study2",12,1,"self","higher_own_payoff","higher_own_payoff",2,10
"study2_11","study2",13,1,"self","higher_own_payoff","higher_own_payoff",2,10
"study2_11","study2",14,1,"self","higher_own_payoff","lower_own_payoff",4,30
"study2_11","study2",15,1,"self","higher_own_payoff","higher_own_payoff",4,30
"study2_11","study2",16,1,"self","higher_own_payoff","lower_own_payoff",4,30
"study2_11","study2",17,1,"self","higher_own_payoff","lower_own_payoff",4,30
"study2_11","study2",18,1,"self","higher_own_payoff","lower_own_payoff",4,30
"study2_11","study2",19,1,"self","higher_own_payoff","higher_own_payoff",4,30
"study2_11","study2",20,1,"self","higher_own_payoff","lower_own_payoff",4,30
"study2_11","study2",21,1,"self","higher_own_payoff","lower_own_payoff",4,30
"study2_11","study2",22,1,"self","higher_own_payoff","lower_own_payoff",4,30
"study2_11","study2",23,1,"self","higher_own_payoff","lower_own_payoff",4,30
"study2_11","study2",24,1,"self","higher_own_payoff","lower_own_payoff",2,10
"study2_12","study2",1,1,"self","higher_own_payoff","higher_own_payoff",1,0
"study2_12","study2",2,1,"self","higher_own_payoff","higher_own_payoff",1,0
"study2_12","study2",3,1,"self","higher_own_payoff","higher_own_payoff",1,0
"study2_12","study2",4,1,"self","higher_own_payoff","higher_own_payoff",1,0
"study2_12","study2",5,1,"self","lower_own_payoff","lower_own_payoff",1,0
"study2_12","study2",6,1,"self","lower_own_payoff","lower_own_payoff",1,0
"study2_12","study2",7,1,"self","higher_own_payoff","higher_own_payoff",1,0
"study2_12","study2",8,1,"self","lower_own_payoff","lower_own_payoff",1,0
"study2_12","study2",9,1,"self","higher_own_payoff","higher_own_payoff",2,10
"study2_12","study2",10,1,"self","higher_own_payoff","higher_own_payoff",1,0
"study2_12","study2",11,1,"self","higher_own_payoff","higher_own_payoff",1,0
"study2_12","study2",12,1,"self","lower_own_payoff","lower_own_payoff",1,0
"study2_12","study2",13,1,"self","higher_own_payoff","higher_own_payoff",1,0
"study2_12","study2",14,1,"self","lower_own_payoff","lower_own_payoff",1,0
"study2_12","study2",15,1,"self","higher_own_payoff","higher_own_payoff",1,0
"study2_12","study2",16,1,"self","higher_own_payoff","higher_own_payoff",1,0
"study2_12","study2",17,1,"self","lower_own_payoff","lower_own_payoff",1,0
"study2_12","study2",18,1,"self","lower_own_payoff","lower_own_payoff",1,0
"study2_12","study2",19,1,"self","higher_own_payoff","higher_own_payoff",1,0
"study2_12","study2",20,1,"self","lower_own_payoff","lower_own_payoff",2,10
"study2_12","study2",21,1,"self","higher_own_payoff","lower_own_payoff",2,10
"study2_12","study2",22,1,"self","lower_own_payoff","higher_own_payoff",2,10
"study2_12","study2",23,1,"self","lower_own_payoff","higher_own_payoff",2,10
"study2_12","study2",24,1,"self","higher_own_payoff","lower_own_payoff",2,10
"study2_14","study2",1,1,"self","higher_own_payoff","higher_own_payoff",1,0
"study2_14","study2",2,1,"self","lower_own_payoff","higher_own_payoff",1,0
"study2_14","study2",3,1,"self","lower_own_payoff","higher_own_payoff",1,0
"study2_14","study2",4,1,"self","lower_own_payoff","lower_own_payoff",1,0
"study2_14","study2",5,1,"self","lower_own_payoff","higher_own_payoff",1,0
"study2_14","study2",6,1,"self","lower_own_payoff","higher_own_payoff",1,0
"study2_14","study2",7,1,"self","lower_own_payoff","higher_own_payoff",1,0
"study2_14","study2",8,1,"self","lower_own_payoff","higher_own_payoff",1,0
"study2_14","study2",9,1,"self","lower_own_payoff","higher_own_payoff",1,0
"study2_14","study2",10,1,"self","lower_own_payoff","higher_own_payoff",1,0
"study2_14","study2",11,1,"self","lower_own_payoff","higher_own_payoff",1,0
"study2_14","study2",12,1,"self","lower_own_payoff","higher_own_payoff",1,0
"study2_14","study2",13,1,"self","lower_own_payoff","lower_own_payoff",1,0
"study2_14","study2",14,1,"self","lower_own_payoff","higher_own_payoff",1,0
"study2_14","study2",15,1,"self","lower_own_payoff","higher_own_payoff",1,0
"study2_14","study2",16,1,"self","lower_own_payoff","higher_own_payoff",1,0
"study2_14","study2",17,1,"self","lower_own_payoff","higher_own_payoff",1,0
"study2_14","study2",18,1,"self","lower_own_payoff","higher_own_payoff",1,0
"study2_14","study2",19,1,"self","lower_own_payoff","higher_own_payoff",1,0
"study2_14","study2",20,1,"self","lower_own_payoff","higher_own_payoff",1,0
"study2_14","study2",21,1,"self","lower_own_payoff","lower_own_payoff",1,0
"study2_14","study2",22,1,"self","lower_own_payoff","higher_own_payoff",1,0
"study2_14","study2",23,1,"self","lower_own_payoff","higher_own_payoff",1,0
"study2_14","study2",24,1,"self","lower_own_payoff","higher_own_payoff",1,0
"study2_15","study2",1,1,"self","higher_own_payoff","lower_own_payoff",2,10
"study2_15","study2",2,1,"self","higher_own_payoff","higher_own_payoff",2,10
"study2_15","study2",3,1,"self","higher_own_payoff","higher_own_payoff",4,30
"study2_15","study2",4,1,"self","higher_own_payoff","lower_own_payoff",2,10
"study2_15","study2",5,1,"self","higher_own_payoff","lower_own_payoff",4,30
"study2_15","study2",6,1,"self","higher_own_payoff","higher_own_payoff",2,10
"study2_15","study2",7,1,"self","lower_own_payoff","lower_own_payoff",4,30
"study2_15","study2",8,1,"self","higher_own_payoff","lower_own_payoff",3,20
"study2_15","study2",9,1,"self","higher_own_payoff","higher_own_payoff",3,20
"study2_15","study2",10,1,"self","lower_own_payoff","higher_own_payoff",2,10
"study2_15","study2",11,1,"self","lower_own_payoff","lower_own_payoff",2,10
"study2_15","study2",12,1,"self","lower_own_payoff","higher_own_payoff",2,10
"study2_15","study2",13,1,"self","lower_own_payoff","higher_own_payoff",2,10
"study2_15","study2",14,1,"self","lower_own_payoff","lower_own_payoff",3,20
"study2_15","study2",15,1,"self","lower_own_payoff","higher_own_payoff",2,10
"study2_15","study2",16,1,"self","lower_own_payoff","higher_own_payoff",2,10
"study2_15","study2",17,1,"self","lower_own_payoff","lower_own_payoff",4,30
"study2_15","study2",18,1,"self","higher_own_payoff","higher_own_payoff",3,20
"study2_15","study2",19,1,"self","lower_own_payoff","lower_own_payoff",4,30
"study2_15","study2",20,1,"self","lower_own_payoff","higher_own_payoff",2,10
"study2_15","study2",21,1,"self","lower_own_payoff","higher_own_payoff",2,10
"study2_15","study2",22,1,"self","lower_own_payoff","higher_own_payoff",2,10
"study2_15","study2",23,1,"self","lower_own_payoff","higher_own_payoff",2,10
"study2_15","study2",24,1,"self","higher_own_payoff","higher_own_payoff",3,20
"study2_16","study2",1,1,"self","higher_own_payoff","higher_own_payoff",1,0
"study2_16","study2",2,1,"self","higher_own_payoff","lower_own_payoff",1,0
"study2_16","study2",3,1,"self","higher_own_payoff","higher_own_payoff",1,0
"study2_16","study2",4,1,"self","higher_own_payoff","higher_own_payoff",1,0
"study2_16","study2",5,1,"self","higher_own_payoff","higher_own_payoff",1,0
"study2_16","study2",6,1,"self","higher_own_payoff","higher_own_payoff",1,0
"study2_16","study2",7,1,"self","higher_own_payoff","higher_own_payoff",1,0
"study2_16","study2",8,1,"self","lower_own_payoff","higher_own_payoff",1,0
"study2_16","study2",9,1,"self","higher_own_payoff","higher_own_payoff",1,0
"study2_16","study2",10,1,"self","higher_own_payoff","higher_own_payoff",1,0
"study2_16","study2",11,1,"self","higher_own_payoff","higher_own_payoff",1,0
"study2_16","study2",12,1,"self","higher_own_payoff","higher_own_payoff",1,0
"study2_16","study2",13,1,"self","higher_own_payoff","higher_own_payoff",1,0
"study2_16","study2",14,1,"self","higher_own_payoff","lower_own_payoff",2,10
"study2_16","study2",15,1,"self","higher_own_payoff","higher_own_payoff",1,0
"study2_16","study2",16,1,"self","higher_own_payoff","higher_own_payoff",1,0
"study2_16","study2",17,1,"self","higher_own_payoff","lower_own_payoff",2,10
"study2_16","study2",18,1,"self","higher_own_payoff","lower_own_payoff",4,30
"study2_16","study2",19,1,"self","higher_own_payoff","higher_own_payoff",1,0
"study2_16","study2",20,1,"self","higher_own_payoff","higher_own_payoff",1,0
"study2_16","study2",21,1,"self","higher_own_payoff","higher_own_payoff",3,20
"study2_16","study2",22,1,"self","higher_own_payoff","higher_own_payoff",1,0
"study2_16","study2",23,1,"self","higher_own_payoff","higher_own_payoff",1,0
"study2_16","study2",24,1,"self","higher_own_payoff","lower_own_payoff",2,10
"study2_17","study2",1,1,"self","higher_own_payoff","higher_own_payoff",1,0
"study2_17","study2",2,1,"self","higher_own_payoff","higher_own_payoff",1,0
"study2_17","study2",3,1,"self","higher_own_payoff","higher_own_payoff",1,0
"study2_17","study2",4,1,"self","higher_own_payoff","higher_own_payoff",1,0
"study2_17","study2",5,1,"self","lower_own_payoff","higher_own_payoff",1,0
"study2_17","study2",6,1,"self","lower_own_payoff","lower_own_payoff",1,0
"study2_17","study2",7,1,"self","higher_own_payoff","lower_own_payoff",1,0
"study2_17","study2",8,1,"self","lower_own_payoff","higher_own_payoff",1,0
"study2_17","study2",9,1,"self","higher_own_payoff","higher_own_payoff",1,0
"study2_17","study2",10,1,"self","lower_own_payoff","higher_own_payoff",1,0
"study2_17","study2",11,1,"self","higher_own_payoff","higher_own_payoff",1,0
"study2_17","study2",12,1,"self","lower_own_payoff","lower_own_payoff",1,0
"study2_17","study2",13,1,"self","lower_own_payoff","higher_own_payoff",1,0
"study2_17","study2",14,1,"self","higher_own_payoff","lower_own_payoff",1,0
"study2_17","study2",15,1,"other","lower_own_payoff","higher_own_payoff",1,0
"study2_17","study2",16,1,"self","lower_own_payoff","higher_own_payoff",1,0
"study2_17","study2",17,1,"self","lower_own_payoff","higher_own_payoff",1,0
"study2_17","study2",18,1,"self","lower_own_payoff","lower_own_payoff",1,0
"study2_17","study2",19,1,"self","lower_own_payoff","higher_own_payoff",1,0
"study2_17","study2",20,1,"self","lower_own_payoff","higher_own_payoff",1,0
"study2_17","study2",21,1,"self","lower_own_payoff","higher_own_payoff",1,0
"study2_17","study2",22,1,"self","higher_own_payoff","higher_own_payoff",1,0
"study2_17","study2",23,1,"self","lower_own_payoff","higher_own_payoff",1,0
"study2_17","study2",24,1,"self","lower_own_payoff","lower_own_payoff",1,0
"study2_18","study2",1,1,"self","higher_own_payoff","higher_own_payoff",2,10
"study2_18","study2",2,1,"self","higher_own_payoff","higher_own_payoff",4,30
"study2_18","study2",3,1,"other","lower_own_payoff","lower_own_payoff",2,10
"study2_18","study2",4,1,"self","higher_own_payoff","higher_own_payoff",2,10
"study2_18","study2",5,1,"self","higher_own_payoff","higher_own_payoff",2,10
"study2_18","study2",6,1,"self","higher_own_payoff","higher_own_payoff",2,10
"study2_18","study2",7,1,"other","lower_own_payoff","lower_own_payoff",2,10
"study2_18","study2",8,1,"other","lower_own_payoff","lower_own_payoff",2,10
"study2_18","study2",9,1,"other","lower_own_payoff","lower_own_payoff",2,10
"study2_18","study2",10,1,"self","higher_own_payoff","higher_own_payoff",2,10
"study2_18","study2",11,1,"self","higher_own_payoff","higher_own_payoff",2,10
"study2_18","study2",12,1,"self","higher_own_payoff","higher_own_payoff",2,10
"study2_18","study2",13,1,"self","higher_own_payoff","higher_own_payoff",2,10
"study2_18","study2",14,1,"self","higher_own_payoff","higher_own_payoff",2,10
"study2_18","study2",15,1,"self","lower_own_payoff","lower_own_payoff",2,10
"study2_18","study2",16,1,"self","higher_own_payoff","higher_own_payoff",2,10
"study2_18","study2",17,1,"other","lower_own_payoff","lower_own_payoff",2,10
"study2_18","study2",18,1,"self","higher_own_payoff","higher_own_payoff",2,10
"study2_18","study2",19,1,"self","higher_own_payoff","higher_own_payoff",2,10
"study2_18","study2",20,1,"self","higher_own_payoff","higher_own_payoff",2,10
"study2_18","study2",21,1,"other","lower_own_payoff","lower_own_payoff",2,10
"study2_18","study2",22,1,"self","higher_own_payoff","higher_own_payoff",2,10
"study2_18","study2",23,1,"other","lower_own_payoff","lower_own_payoff",2,10
"study2_18","study2",24,1,"self","higher_own_payoff","higher_own_payoff",2,10
"study2_19","study2",1,1,"self","higher_own_payoff","higher_own_payoff",1,0
"study2_19","study2",2,1,"self","higher_own_payoff","higher_own_payoff",1,0
"study2_19","study2",3,1,"self","higher_own_payoff","higher_own_payoff",1,0
"study2_19","study2",4,1,"self","higher_own_payoff","higher_own_payoff",1,0
"study2_19","study2",5,1,"self","higher_own_payoff","higher_own_payoff",1,0
"study2_19","study2",6,1,"self","higher_own_payoff","higher_own_payoff",1,0
"study2_19","study2",7,1,"self","higher_own_payoff","higher_own_payoff",1,0
"study2_19","study2",8,1,"self","higher_own_payoff","higher_own_payoff",1,0
"study2_19","study2",9,1,"self","higher_own_payoff","higher_own_payoff",1,0
"study2_19","study2",10,1,"self","higher_own_payoff","higher_own_payoff",1,0
"study2_19","study2",11,1,"self","lower_own_payoff","higher_own_payoff",1,0
"study2_19","study2",12,1,"self","higher_own_payoff","higher_own_payoff",1,0
"study2_19","study2",13,1,"self","higher_own_payoff","higher_own_payoff",1,0
"study2_19","study2",14,1,"self","higher_own_payoff","higher_own_payoff",1,0
"study2_19","study2",15,1,"self","higher_own_payoff","higher_own_payoff",1,0
"study2_19","study2",16,1,"self","higher_own_payoff","higher_own_payoff",1,0
"study2_19","study2",17,1,"self","higher_own_payoff","higher_own_payoff",1,0
"study2_19","study2",18,1,"self","higher_own_payoff","higher_own_payoff",1,0
"study2_19","study2",19,1,"self","higher_own_payoff","higher_own_payoff",1,0
"study2_19","study2",20,1,"self","higher_own_payoff","higher_own_payoff",1,0
"study2_19","study2",21,1,"self","higher_own_payoff","higher_own_payoff",1,0
"study2_19","study2",22,1,"self","higher_own_payoff","higher_own_payoff",1,0
"study2_19","study2",23,1,"self","higher_own_payoff","higher_own_payoff",1,0
"study2_19","study2",24,1,"self","higher_own_payoff","higher_own_payoff",1,0
"study2_20","study2",1,1,"self","higher_own_payoff","higher_own_payoff",1,0
"study2_20","study2",2,1,"self","lower_own_payoff","lower_own_payoff",2,10
"study2_20","study2",3,1,"self","higher_own_payoff","higher_own_payoff",1,0
"study2_20","study2",4,1,"self","higher_own_payoff","higher_own_payoff",2,10
"study2_20","study2",5,1,"self","higher_own_payoff","lower_own_payoff",2,10
"study2_20","study2",6,1,"self","higher_own_payoff","higher_own_payoff",1,0
"study2_20","study2",7,1,"self","higher_own_payoff","higher_own_payoff",1,0
"study2_20","study2",8,1,"self","higher_own_payoff","higher_own_payoff",1,0
"study2_20","study2",9,1,"self","lower_own_payoff","lower_own_payoff",1,0
"study2_20","study2",10,1,"self","higher_own_payoff","higher_own_payoff",1,0
"study2_20","study2",11,1,"self","higher_own_payoff","higher_own_payoff",1,0
"study2_20","study2",12,1,"self","higher_own_payoff","higher_own_payoff",1,0
"study2_20","study2",13,1,"self","higher_own_payoff","higher_own_payoff",1,0
"study2_20","study2",14,1,"self","lower_own_payoff","lower_own_payoff",2,10
"study2_20","study2",15,1,"self","lower_own_payoff","higher_own_payoff",2,10
"study2_20","study2",16,1,"self","higher_own_payoff","lower_own_payoff",2,10
"study2_20","study2",17,1,"self","lower_own_payoff","lower_own_payoff",1,0
"study2_20","study2",18,1,"self","higher_own_payoff","higher_own_payoff",1,0
"study2_20","study2",19,1,"self","higher_own_payoff","higher_own_payoff",1,0
"study2_20","study2",20,1,"self","higher_own_payoff","higher_own_payoff",1,0
"study2_20","study2",21,1,"self","higher_own_payoff","higher_own_payoff",1,0
"study2_20","study2",22,1,"self","higher_own_payoff","higher_own_payoff",1,0
"study2_20","study2",23,1,"self","higher_own_payoff","higher_own_payoff",1,0
"study2_20","study2",24,1,"self","higher_own_payoff","higher_own_payoff",1,0
"study2_21","study2",1,1,"self","higher_own_payoff","lower_own_payoff",2,10
"study2_21","study2",2,1,"self","higher_own_payoff","higher_own_payoff",4,30
"study2_21","study2",3,1,"self","higher_own_payoff","higher_own_payoff",2,10
"study2_21","study2",4,1,"self","higher_own_payoff","higher_own_payoff",2,10
"study2_21","study2",5,1,"self","higher_own_payoff","higher_own_payoff",1,0
"study2_21","study2",6,1,"self","higher_own_payoff","lower_own_payoff",4,30
"study2_21","study2",7,1,"self","higher_own_payoff","higher_own_payoff",4,30
"study2_21","study2",8,1,"self","higher_own_payoff","higher_own_payoff",2,10
"study2_21","study2",9,1,"self","higher_own_payoff","higher_own_payoff",2,10
"study2_21","study2",10,1,"self","lower_own_payoff","higher_own_payoff",4,30
"study2_21","study2",11,1,"self","higher_own_payoff","higher_own_payoff",1,0
"study2_21","study2",12,1,"self","higher_own_payoff","higher_own_payoff",1,0
"study2_21","study2",13,1,"self","higher_own_payoff","higher_own_payoff",4,30
"study2_21","study2",14,1,"self","lower_own_payoff","higher_own_payoff",4,30
"study2_21","study2",15,1,"self","higher_own_payoff","lower_own_payoff",4,30
"study2_21","study2",16,1,"self","higher_own_payoff","higher_own_payoff",4,30
"study2_21","study2",17,1,"self","higher_own_payoff","higher_own_payoff",2,10
"study2_21","study2",18,1,"self","higher_own_payoff","lower_own_payoff",4,30
"study2_21","study2",19,1,"self","higher_own_payoff","higher_own_payoff",4,30
"study2_21","study2",20,1,"self","higher_own_payoff","lower_own_payoff",3,20
"study2_21","study2",21,1,"self","higher_own_payoff","higher_own_payoff",4,30
"study2_21","study2",22,1,"self","higher_own_payoff","higher_own_payoff",2,10
"study2_21","study2",23,1,"self","higher_own_payoff","higher_own_payoff",1,0
"study2_21","study2",24,1,"self","higher_own_payoff","higher_own_payoff",3,20
"study2_22","study2",1,1,"self","lower_own_payoff","higher_own_payoff",1,0
"study2_22","study2",2,1,"self","lower_own_payoff","higher_own_payoff",1,0
"study2_22","study2",3,1,"self","higher_own_payoff","lower_own_payoff",1,0
"study2_22","study2",4,1,"self","lower_own_payoff","lower_own_payoff",1,0
"study2_22","study2",5,1,"self","higher_own_payoff","higher_own_payoff",1,0
"study2_22","study2",6,1,"self","higher_own_payoff","higher_own_payoff",1,0
"study2_22","study2",7,1,"self","lower_own_payoff","lower_own_payoff",1,0
"study2_22","study2",8,1,"self","lower_own_payoff","lower_own_payoff",1,0
"study2_22","study2",9,1,"self","higher_own_payoff","lower_own_payoff",2,10
"study2_22","study2",10,1,"self","lower_own_payoff","lower_own_payoff",1,0
"study2_22","study2",11,1,"other","lower_own_payoff","lower_own_payoff",1,0
"study2_22","study2",12,1,"self","higher_own_payoff","higher_own_payoff",2,10
"study2_22","study2",13,1,"self","higher_own_payoff","higher_own_payoff",1,0
"study2_22","study2",14,1,"self","lower_own_payoff","higher_own_payoff",1,0
"study2_22","study2",15,1,"self","higher_own_payoff","lower_own_payoff",2,10
"study2_22","study2",16,1,"self","higher_own_payoff","higher_own_payoff",1,0
"study2_22","study2",17,1,"self","lower_own_payoff","higher_own_payoff",1,0
"study2_22","study2",18,1,"self","higher_own_payoff","higher_own_payoff",1,0
"study2_22","study2",19,1,"self","lower_own_payoff","higher_own_payoff",1,0
"study2_22","study2",20,1,"self","lower_own_payoff","higher_own_payoff",1,0
"study2_22","study2",21,1,"self","lower_own_payoff","higher_own_payoff",1,0
"study2_22","study2",22,1,"self","lower_own_payoff","lower_own_payoff",1,0
"study2_22","study2",23,1,"self","higher_own_payoff","higher_own_payoff",1,0
"study2_22","study2",24,1,"self","higher_own_payoff","higher_own_payoff",1,0
"study2_23","study2",1,1,"self","higher_own_payoff","lower_own_payoff",4,30
"study2_23","study2",2,1,"self","higher_own_payoff","lower_own_payoff",4,30
"study2_23","study2",3,1,"self","higher_own_payoff","lower_own_payoff",4,30
"study2_23","study2",4,1,"self","lower_own_payoff","higher_own_payoff",4,30
"study2_23","study2",5,1,"self","lower_own_payoff","lower_own_payoff",4,30
"study2_23","study2",6,1,"self","lower_own_payoff","higher_own_payoff",4,30
"study2_23","study2",7,1,"self","lower_own_payoff","lower_own_payoff",2,10
"study2_23","study2",8,1,"self","higher_own_payoff","higher_own_payoff",4,30
"study2_23","study2",9,1,"self","higher_own_payoff","higher_own_payoff",4,30
"study2_23","study2",10,1,"self","higher_own_payoff","lower_own_payoff",4,30
"study2_23","study2",11,1,"self","higher_own_payoff","higher_own_payoff",4,30
"study2_23","study2",12,1,"self","higher_own_payoff","lower_own_payoff",4,30
"study2_23","study2",13,1,"self","higher_own_payoff","higher_own_payoff",4,30
"study2_23","study2",14,1,"self","higher_own_payoff","lower_own_payoff",4,30
"study2_23","study2",15,1,"self","lower_own_payoff","higher_own_payoff",4,30
"study2_23","study2",16,1,"self","higher_own_payoff","higher_own_payoff",2,10
"study2_23","study2",17,1,"self","higher_own_payoff","higher_own_payoff",2,10
"study2_23","study2",18,1,"self","higher_own_payoff","higher_own_payoff",4,30
"study2_23","study2",19,1,"self","higher_own_payoff","higher_own_payoff",4,30
"study2_23","study2",20,1,"self","higher_own_payoff","higher_own_payoff",2,10
"study2_23","study2",21,1,"self","higher_own_payoff","higher_own_payoff",4,30
"study2_23","study2",22,1,"self","lower_own_payoff","higher_own_payoff",4,30
"study2_23","study2",23,1,"self","higher_own_payoff","higher_own_payoff",4,30
"study2_23","study2",24,1,"self","higher_own_payoff","higher_own_payoff",4,30
"study2_24","study2",1,1,"self","higher_own_payoff","higher_own_payoff",3,20
"study2_24","study2",2,1,"self","higher_own_payoff","higher_own_payoff",2,10
"study2_24","study2",3,1,"self","higher_own_payoff","higher_own_payoff",1,0
"study2_24","study2",4,1,"self","higher_own_payoff","lower_own_payoff",3,20
"study2_24","study2",5,1,"self","higher_own_payoff","higher_own_payoff",4,30
"study2_24","study2",6,1,"self","higher_own_payoff","lower_own_payoff",2,10
"study2_24","study2",7,1,"self","higher_own_payoff","higher_own_payoff",4,30
"study2_24","study2",8,1,"self","higher_own_payoff","higher_own_payoff",2,10
"study2_24","study2",9,1,"self","higher_own_payoff","lower_own_payoff",4,30
"study2_24","study2",10,1,"self","higher_own_payoff","higher_own_payoff",2,10
"study2_24","study2",11,1,"self","higher_own_payoff","lower_own_payoff",4,30
"study2_24","study2",12,1,"self","higher_own_payoff","lower_own_payoff",4,30
"study2_24","study2",13,1,"self","higher_own_payoff","higher_own_payoff",2,10
"study2_24","study2",14,1,"self","higher_own_payoff","higher_own_payoff",1,0
"study2_24","study2",15,1,"self","higher_own_payoff","lower_own_payoff",4,30
"study2_24","study2",16,1,"self","higher_own_payoff","higher_own_payoff",1,0
"study2_24","study2",17,1,"self","lower_own_payoff","higher_own_payoff",2,10
"study2_24","study2",18,1,"self","lower_own_payoff","lower_own_payoff",4,30
"study2_24","study2",19,1,"self","higher_own_payoff","lower_own_payoff",2,10
"study2_24","study2",20,1,"self","higher_own_payoff","lower_own_payoff",2,10
"study2_24","study2",21,1,"self","higher_own_payoff","higher_own_payoff",2,10
"study2_24","study2",22,1,"self","higher_own_payoff","higher_own_payoff",2,10
"study2_24","study2",23,1,"self","higher_own_payoff","higher_own_payoff",2,10
"study2_24","study2",24,1,"self","higher_own_payoff","lower_own_payoff",3,20
"study2_25","study2",1,1,"self","higher_own_payoff","higher_own_payoff",1,0
"study2_25","study2",2,1,"self","higher_own_payoff","higher_own_payoff",1,0
"study2_25","study2",3,1,"self","higher_own_payoff","higher_own_payoff",4,30
"study2_25","study2",4,1,"self","higher_own_payoff","higher_own_payoff",1,0
"study2_25","study2",5,1,"self","higher_own_payoff","higher_own_payoff",1,0
"study2_25","study2",6,1,"self","higher_own_payoff","higher_own_payoff",1,0
"study2_25","study2",7,1,"self","higher_own_payoff","higher_own_payoff",1,0
"study2_25","study2",8,1,"self","higher_own_payoff","lower_own_payoff",3,20
"study2_25","study2",9,1,"self","higher_own_payoff","higher_own_payoff",1,0
"study2_25","study2",10,1,"self","higher_own_payoff","higher_own_payoff",1,0
"study2_25","study2",11,1,"self","higher_own_payoff","lower_own_payoff",3,20
"study2_25","study2",12,1,"self","higher_own_payoff","lower_own_payoff",3,20
"study2_25","study2",13,1,"self","higher_own_payoff","higher_own_payoff",1,0
"study2_25","study2",14,1,"self","higher_own_payoff","higher_own_payoff",1,0
"study2_25","study2",15,1,"self","higher_own_payoff","lower_own_payoff",3,20
"study2_25","study2",16,1,"self","higher_own_payoff","higher_own_payoff",4,30
"study2_25","study2",17,1,"self","higher_own_payoff","higher_own_payoff",4,30
"study2_25","study2",18,1,"self","higher_own_payoff","higher_own_payoff",1,0
"study2_25","study2",19,1,"self","lower_own_payoff","higher_own_payoff",2,10
"study2_25","study2",20,1,"self","higher_own_payoff","higher_own_payoff",1,0
"study2_25","study2",21,1,"self","higher_own_payoff","lower_own_payoff",4,30
"study2_25","study2",22,1,"self","higher_own_payoff","higher_own_payoff",1,0
"study2_25","study2",23,1,"self","higher_own_payoff","higher_own_payoff",1,0
"study2_25","study2",24,1,"self","lower_own_payoff","lower_own_payoff",1,0
"study2_26","study2",1,1,"self","higher_own_payoff","higher_own_payoff",4,30
"study2_26","study2",2,1,"self","higher_own_payoff","higher_own_payoff",4,30
"study2_26","study2",3,1,"self","higher_own_payoff","lower_own_payoff",4,30
"study2_26","study2",4,1,"self","higher_own_payoff","lower_own_payoff",3,20
"study2_26","study2",5,1,"self","higher_own_payoff","higher_own_payoff",3,20
"study2_26","study2",6,1,"self","lower_own_payoff","lower_own_payoff",4,30
"study2_26","study2",7,1,"self","lower_own_payoff","higher_own_payoff",3,20
"study2_26","study2",8,1,"self","lower_own_payoff","higher_own_payoff",4,30
"study2_26","study2",9,1,"self","lower_own_payoff","lower_own_payoff",4,30
"study2_26","study2",10,1,"self","lower_own_payoff","lower_own_payoff",3,20
"study2_26","study2",11,1,"self","lower_own_payoff","lower_own_payoff",3,20
"study2_26","study2",12,1,"self","lower_own_payoff","higher_own_payoff",2,10
"study2_26","study2",13,1,"self","lower_own_payoff","lower_own_payoff",4,30
"study2_26","study2",14,1,"self","lower_own_payoff","lower_own_payoff",4,30
"study2_26","study2",15,1,"self","lower_own_payoff","higher_own_payoff",3,20
"study2_26","study2",16,1,"self","lower_own_payoff","higher_own_payoff",3,20
"study2_26","study2",17,1,"self","lower_own_payoff","higher_own_payoff",3,20
"study2_26","study2",18,1,"self","lower_own_payoff","lower_own_payoff",3,20
"study2_26","study2",19,1,"self","lower_own_payoff","higher_own_payoff",3,20
"study2_26","study2",20,1,"self","lower_own_payoff","higher_own_payoff",3,20
"study2_26","study2",21,1,"self","lower_own_payoff","lower_own_payoff",3,20
"study2_26","study2",22,1,"self","lower_own_payoff","higher_own_payoff",3,20
"study2_26","study2",23,1,"self","lower_own_payoff","lower_own_payoff",4,30
"study2_26","study2",24,1,"self","lower_own_payoff","lower_own_payoff",4,30
"study2_28","study2",1,1,"self","higher_own_payoff","higher_own_payoff",1,0
"study2_28","study2",2,1,"other","higher_own_payoff","higher_own_payoff",1,0
"study2_28","study2",3,1,"self","lower_own_payoff","lower_own_payoff",1,0
"study2_28","study2",4,1,"other","lower_own_payoff","lower_own_payoff",1,0
"study2_28","study2",5,1,"self","lower_own_payoff","higher_own_payoff",1,0
"study2_28","study2",6,1,"other","higher_own_payoff","higher_own_payoff",1,0
"study2_28","study2",7,1,"other","higher_own_payoff","higher_own_payoff",1,0
"study2_28","study2",8,1,"self","lower_own_payoff","lower_own_payoff",1,0
"study2_28","study2",9,1,"other","lower_own_payoff","lower_own_payoff",1,0
"study2_28","study2",10,1,"self","higher_own_payoff","higher_own_payoff",1,0
"study2_28","study2",11,1,"other","lower_own_payoff","higher_own_payoff",1,0
"study2_28","study2",12,1,"self","lower_own_payoff","lower_own_payoff",1,0
"study2_28","study2",13,1,"other","lower_own_payoff","lower_own_payoff",1,0
"study2_28","study2",14,1,"self","higher_own_payoff","higher_own_payoff",1,0
"study2_28","study2",15,1,"other","lower_own_payoff","lower_own_payoff",1,0
"study2_28","study2",16,1,"self","higher_own_payoff","higher_own_payoff",1,0
"study2_28","study2",17,1,"other","higher_own_payoff","higher_own_payoff",1,0
"study2_28","study2",18,1,"other","higher_own_payoff","higher_own_payoff",1,0
"study2_28","study2",19,1,"self","lower_own_payoff","lower_own_payoff",1,0
"study2_28","study2",20,1,"other","lower_own_payoff","lower_own_payoff",1,0
"study2_28","study2",21,1,"self","lower_own_payoff","lower_own_payoff",1,0
"study2_28","study2",22,1,"self","higher_own_payoff","higher_own_payoff",1,0
"study2_28","study2",23,1,"other","higher_own_payoff","higher_own_payoff",1,0
"study2_28","study2",24,1,"self","lower_own_payoff","lower_own_payoff",1,0
"study2_29","study2",1,1,"self","lower_own_payoff","higher_own_payoff",8,70
"study2_29","study2",2,1,"self","lower_own_payoff","higher_own_payoff",8,70
"study2_29","study2",3,1,"other","lower_own_payoff","higher_own_payoff",8,70
"study2_29","study2",4,1,"other","lower_own_payoff","higher_own_payoff",8,70
"study2_29","study2",5,1,"other","higher_own_payoff","lower_own_payoff",8,70
"study2_29","study2",6,1,"self","higher_own_payoff","higher_own_payoff",8,70
"study2_29","study2",7,1,"other","higher_own_payoff","lower_own_payoff",8,70
"study2_29","study2",8,1,"self","lower_own_payoff","lower_own_payoff",8,70
"study2_29","study2",9,1,"other","lower_own_payoff","lower_own_payoff",8,70
"study2_29","study2",10,1,"self","lower_own_payoff","higher_own_payoff",8,70
"study2_29","study2",11,1,"other","higher_own_payoff","lower_own_payoff",8,70
"study2_29","study2",12,1,"self","higher_own_payoff","lower_own_payoff",8,70
"study2_29","study2",13,1,"other","higher_own_payoff","lower_own_payoff",8,70
"study2_29","study2",14,1,"other","higher_own_payoff","higher_own_payoff",8,70
"study2_29","study2",15,1,"self","higher_own_payoff","lower_own_payoff",8,70
"study2_29","study2",16,1,"other","higher_own_payoff","lower_own_payoff",8,70
"study2_29","study2",17,1,"other","higher_own_payoff","lower_own_payoff",4,30
"study2_29","study2",18,1,"other","higher_own_payoff","lower_own_payoff",4,30
"study2_29","study2",19,1,"other","lower_own_payoff","lower_own_payoff",4,30
"study2_29","study2",20,1,"other","higher_own_payoff","lower_own_payoff",4,30
"study2_29","study2",21,1,"other","higher_own_payoff","higher_own_payoff",4,30
"study2_29","study2",22,1,"other","higher_own_payoff","higher_own_payoff",4,30
"study2_29","study2",23,1,"other","higher_own_payoff","higher_own_payoff",4,30
"study2_29","study2",24,1,"other","lower_own_payoff","lower_own_payoff",4,30
"study2_30","study2",1,1,"self","higher_own_payoff","higher_own_payoff",1,0
"study2_30","study2",2,1,"self","higher_own_payoff","higher_own_payoff",1,0
"study2_30","study2",3,1,"self","higher_own_payoff","higher_own_payoff",1,0
"study2_30","study2",4,1,"self","higher_own_payoff","higher_own_payoff",1,0
"study2_30","study2",5,1,"self","higher_own_payoff","higher_own_payoff",1,0
"study2_30","study2",6,1,"self","higher_own_payoff","higher_own_payoff",1,0
"study2_30","study2",7,1,"self","higher_own_payoff","higher_own_payoff",1,0
"study2_30","study2",8,1,"self","higher_own_payoff","higher_own_payoff",2,10
"study2_30","study2",9,1,"self","higher_own_payoff","higher_own_payoff",1,0
"study2_30","study2",10,1,"self","higher_own_payoff","higher_own_payoff",1,0
"study2_30","study2",11,1,"self","higher_own_payoff","lower_own_payoff",2,10
"study2_30","study2",12,1,"self","higher_own_payoff","higher_own_payoff",1,0
"study2_30","study2",13,1,"self","higher_own_payoff","higher_own_payoff",1,0
"study2_30","study2",14,1,"self","higher_own_payoff","higher_own_payoff",1,0
"study2_30","study2",15,1,"self","higher_own_payoff","higher_own_payoff",1,0
"study2_30","study2",16,1,"self","higher_own_payoff","higher_own_payoff",1,0
"study2_30","study2",17,1,"self","higher_own_payoff","higher_own_payoff",1,0
"study2_30","study2",18,1,"self","higher_own_payoff","higher_own_payoff",1,0
"study2_30","study2",19,1,"self","higher_own_payoff","higher_own_payoff",1,0
"study2_30","study2",20,1,"self","higher_own_payoff","higher_own_payoff",1,0
"study2_30","study2",21,1,"self","higher_own_payoff","higher_own_payoff",1,0
"study2_30","study2",22,1,"self","higher_own_payoff","higher_own_payoff",1,0
"study2_30","study2",23,1,"self","higher_own_payoff","higher_own_payoff",1,0
"study2_30","study2",24,1,"self","higher_own_payoff","higher_own_payoff",1,0
"study2_31","study2",1,1,"self","higher_own_payoff","lower_own_payoff",2,10
"study2_31","study2",2,1,"self","higher_own_payoff","higher_own_payoff",2,10
"study2_31","study2",3,1,"self","higher_own_payoff","lower_own_payoff",2,10
"study2_31","study2",4,1,"self","higher_own_payoff","higher_own_payoff",1,0
"study2_31","study2",5,1,"self","higher_own_payoff","lower_own_payoff",2,10
"study2_31","study2",6,1,"self","higher_own_payoff","higher_own_payoff",1,0
"study2_31","study2",7,1,"self","higher_own_payoff","higher_own_payoff",1,0
"study2_31","study2",8,1,"self","higher_own_payoff","lower_own_payoff",2,10
"study2_31","study2",9,1,"self","higher_own_payoff","higher_own_payoff",1,0
"study2_31","study2",10,1,"self","higher_own_payoff","higher_own_payoff",1,0
"study2_31","study2",11,1,"self","higher_own_payoff","higher_own_payoff",1,0
"study2_31","study2",12,1,"self","higher_own_payoff","higher_own_payoff",1,0
"study2_31","study2",13,1,"self","higher_own_payoff","higher_own_payoff",1,0
"study2_31","study2",14,1,"self","higher_own_payoff","higher_own_payoff",3,20
"study2_31","study2",15,1,"self","higher_own_payoff","higher_own_payoff",1,0
"study2_31","study2",16,1,"self","higher_own_payoff","lower_own_payoff",2,10
"study2_31","study2",17,1,"self","higher_own_payoff","higher_own_payoff",1,0
"study2_31","study2",18,1,"self","higher_own_payoff","higher_own_payoff",1,0
"study2_31","study2",19,1,"self","higher_own_payoff","higher_own_payoff",1,0
"study2_31","study2",20,1,"self","higher_own_payoff","higher_own_payoff",2,10
"study2_31","study2",21,1,"self","higher_own_payoff","higher_own_payoff",1,0
"study2_31","study2",22,1,"self","higher_own_payoff","higher_own_payoff",1,0
"study2_31","study2",23,1,"self","higher_own_payoff","lower_own_payoff",2,10
"study2_31","study2",24,1,"self","higher_own_payoff","higher_own_payoff",1,0
"study2_32","study2",1,1,"self","lower_own_payoff","lower_own_payoff",1,0
"study2_32","study2",2,1,"self","higher_own_payoff","higher_own_payoff",1,0
"study2_32","study2",3,1,"other","higher_own_payoff","lower_own_payoff",2,10
"study2_32","study2",4,1,"self","higher_own_payoff","higher_own_payoff",1,0
"study2_32","study2",5,1,"self","higher_own_payoff","lower_own_payoff",1,0
"study2_32","study2",6,1,"other","lower_own_payoff","lower_own_payoff",1,0
"study2_32","study2",7,1,"other","lower_own_payoff","higher_own_payoff",1,0
"study2_32","study2",8,1,"self","lower_own_payoff","lower_own_payoff",1,0
"study2_32","study2",9,1,"self","higher_own_payoff","lower_own_payoff",1,0
"study2_32","study2",10,1,"self","lower_own_payoff","lower_own_payoff",1,0
"study2_32","study2",11,1,"self","higher_own_payoff","higher_own_payoff",2,10
"study2_32","study2",12,1,"self","higher_own_payoff","lower_own_payoff",1,0
"study2_32","study2",13,1,"self","higher_own_payoff","lower_own_payoff",2,10
"study2_32","study2",14,1,"self","higher_own_payoff","higher_own_payoff",2,10
"study2_32","study2",15,1,"self","higher_own_payoff","higher_own_payoff",2,10
"study2_32","study2",16,1,"self","higher_own_payoff","higher_own_payoff",2,10
"study2_32","study2",17,1,"self","higher_own_payoff","higher_own_payoff",2,10
"study2_32","study2",18,1,"self","higher_own_payoff","higher_own_payoff",2,10
"study2_32","study2",19,1,"self","higher_own_payoff","higher_own_payoff",2,10
"study2_32","study2",20,1,"self","higher_own_payoff","higher_own_payoff",1,0
"study2_32","study2",21,1,"self","higher_own_payoff","higher_own_payoff",1,0
"study2_32","study2",22,1,"self","higher_own_payoff","higher_own_payoff",2,10
"study2_32","study2",23,1,"self","lower_own_payoff","lower_own_payoff",2,10
"study2_32","study2",24,1,"self","lower_own_payoff","lower_own_payoff",2,10
"study2_33","study2",1,1,"self","higher_own_payoff","lower_own_payoff",1,0
"study2_33","study2",2,1,"self","higher_own_payoff","higher_own_payoff",1,0
"study2_33","study2",3,1,"self","higher_own_payoff","higher_own_payoff",1,0
"study2_33","study2",4,1,"self","higher_own_payoff","higher_own_payoff",1,0
"study2_33","study2",5,1,"self","higher_own_payoff","higher_own_payoff",1,0
"study2_33","study2",6,1,"self","higher_own_payoff","higher_own_payoff",1,0
"study2_33","study2",7,1,"self","higher_own_payoff","higher_own_payoff",1,0
"study2_33","study2",8,1,"self","higher_own_payoff","higher_own_payoff",1,0
"study2_33","study2",9,1,"self","higher_own_payoff","higher_own_payoff",1,0
"study2_33","study2",10,1,"self","higher_own_payoff","higher_own_payoff",1,0
"study2_33","study2",11,1,"self","higher_own_payoff","higher_own_payoff",1,0
"study2_33","study2",12,1,"self","higher_own_payoff","higher_own_payoff",1,0
"study2_33","study2",13,1,"self","higher_own_payoff","higher_own_payoff",1,0
"study2_33","study2",14,1,"self","higher_own_payoff","higher_own_payoff",1,0
"study2_33","study2",15,1,"self","higher_own_payoff","higher_own_payoff",1,0
"study2_33","study2",16,1,"self","higher_own_payoff","higher_own_payoff",1,0
"study2_33","study2",17,1,"self","higher_own_payoff","lower_own_payoff",1,0
"study2_33","study2",18,1,"self","higher_own_payoff","lower_own_payoff",1,0
"study2_33","study2",19,1,"self","higher_own_payoff","higher_own_payoff",1,0
"study2_33","study2",20,1,"self","higher_own_payoff","higher_own_payoff",1,0
"study2_33","study2",21,1,"self","higher_own_payoff","higher_own_payoff",1,0
"study2_33","study2",22,1,"self","higher_own_payoff","higher_own_payoff",1,0
"study2_33","study2",23,1,"self","higher_own_payoff","higher_own_payoff",1,0
"study2_33","study2",24,1,"self","higher_own_payoff","lower_own_payoff",1,0
"study2_34","study2",1,1,"other","lower_own_payoff","lower_own_payoff",1,0
"study2_34","study2",2,1,"self","higher_own_payoff","higher_own_payoff",1,0
"study2_34","study2",3,1,"self","higher_own_payoff","higher_own_payoff",2,10
"study2_34","study2",4,1,"self","higher_own_payoff","higher_own_payoff",1,0
"study2_34","study2",5,1,"self","higher_own_payoff","lower_own_payoff",2,10
"study2_34","study2",6,1,"self","higher_own_payoff","higher_own_payoff",1,0
"study2_34","study2",7,1,"self","higher_own_payoff","lower_own_payoff",2,10
"study2_34","study2",8,1,"self","lower_own_payoff","higher_own_payoff",2,10
"study2_34","study2",9,1,"self","higher_own_payoff","higher_own_payoff",1,0
"study2_34","study2",10,1,"self","higher_own_payoff","lower_own_payoff",2,10
"study2_34","study2",11,1,"self","higher_own_payoff","lower_own_payoff",2,10
"study2_34","study2",12,1,"self","higher_own_payoff","lower_own_payoff",2,10
"study2_34","study2",13,1,"self","lower_own_payoff","lower_own_payoff",2,10
"study2_34","study2",14,1,"self","higher_own_payoff","higher_own_payoff",2,10
"study2_34","study2",15,1,"self","lower_own_payoff","lower_own_payoff",1,0
"study2_34","study2",16,1,"self","higher_own_payoff","higher_own_payoff",2,10
"study2_34","study2",17,1,"self","higher_own_payoff","higher_own_payoff",1,0
"study2_34","study2",18,1,"self","higher_own_payoff","higher_own_payoff",2,10
"study2_34","study2",19,1,"self","lower_own_payoff","lower_own_payoff",2,10
"study2_34","study2",20,1,"self","higher_own_payoff","higher_own_payoff",1,0
"study2_34","study2",21,1,"self","higher_own_payoff","higher_own_payoff",1,0
"study2_34","study2",22,1,"self","higher_own_payoff","higher_own_payoff",2,10
"study2_34","study2",23,1,"self","higher_own_payoff","higher_own_payoff",1,0
"study2_34","study2",24,1,"self","higher_own_payoff","higher_own_payoff",2,10
"study2_37","study2",1,1,"self","higher_own_payoff","higher_own_payoff",1,0
"study2_37","study2",2,1,"self","higher_own_payoff","higher_own_payoff",1,0
"study2_37","study2",3,1,"self","higher_own_payoff","higher_own_payoff",1,0
"study2_37","study2",4,1,"other","lower_own_payoff","lower_own_payoff",1,0
"study2_37","study2",5,1,"self","lower_own_payoff","lower_own_payoff",1,0
"study2_37","study2",6,1,"self","higher_own_payoff","higher_own_payoff",1,0
"study2_37","study2",7,1,"self","higher_own_payoff","higher_own_payoff",1,0
"study2_37","study2",8,1,"self","higher_own_payoff","higher_own_payoff",1,0
"study2_37","study2",9,1,"self","lower_own_payoff","lower_own_payoff",1,0
"study2_37","study2",10,1,"self","lower_own_payoff","lower_own_payoff",1,0
"study2_37","study2",11,1,"self","higher_own_payoff","higher_own_payoff",1,0
"study2_37","study2",12,1,"self","lower_own_payoff","lower_own_payoff",1,0
"study2_37","study2",13,1,"self","higher_own_payoff","higher_own_payoff",1,0
"study2_37","study2",14,1,"self","lower_own_payoff","lower_own_payoff",1,0
"study2_37","study2",15,1,"self","higher_own_payoff","higher_own_payoff",1,0
"study2_37","study2",16,1,"self","higher_own_payoff","higher_own_payoff",1,0
"study2_37","study2",17,1,"self","higher_own_payoff","higher_own_payoff",1,0
"study2_37","study2",18,1,"self","lower_own_payoff","lower_own_payoff",1,0
"study2_37","study2",19,1,"self","higher_own_payoff","higher_own_payoff",1,0
"study2_37","study2",20,1,"self","higher_own_payoff","higher_own_payoff",1,0
"study2_37","study2",21,1,"self","lower_own_payoff","lower_own_payoff",1,0
"study2_37","study2",22,1,"self","higher_own_payoff","higher_own_payoff",1,0
"study2_37","study2",23,1,"self","higher_own_payoff","higher_own_payoff",1,0
"study2_37","study2",24,1,"self","higher_own_payoff","higher_own_payoff",1,0
"study2_38","study2",1,1,"self","higher_own_payoff","higher_own_payoff",2,10
"study2_38","study2",2,1,"self","higher_own_payoff","higher_own_payoff",2,10
"study2_38","study2",3,1,"self","higher_own_payoff","lower_own_payoff",2,10
"study2_38","study2",4,1,"self","higher_own_payoff","higher_own_payoff",2,10
"study2_38","study2",5,1,"self","higher_own_payoff","higher_own_payoff",1,0
"study2_38","study2",6,1,"self","higher_own_payoff","lower_own_payoff",4,30
"study2_38","study2",7,1,"self","higher_own_payoff","higher_own_payoff",2,10
"study2_38","study2",8,1,"self","higher_own_payoff","higher_own_payoff",1,0
"study2_38","study2",9,1,"self","higher_own_payoff","higher_own_payoff",3,20
"study2_38","study2",10,1,"self","higher_own_payoff","higher_own_payoff",3,20
"study2_38","study2",11,1,"self","higher_own_payoff","higher_own_payoff",2,10
"study2_38","study2",12,1,"self","higher_own_payoff","higher_own_payoff",2,10
"study2_38","study2",13,1,"self","higher_own_payoff","lower_own_payoff",4,30
"study2_38","study2",14,1,"self","higher_own_payoff","higher_own_payoff",2,10
"study2_38","study2",15,1,"self","higher_own_payoff","lower_own_payoff",3,20
"study2_38","study2",16,1,"self","higher_own_payoff","higher_own_payoff",2,10
"study2_38","study2",17,1,"self","higher_own_payoff","higher_own_payoff",2,10
"study2_38","study2",18,1,"self","higher_own_payoff","lower_own_payoff",4,30
"study2_38","study2",19,1,"self","higher_own_payoff","lower_own_payoff",3,20
"study2_38","study2",20,1,"self","higher_own_payoff","higher_own_payoff",1,0
"study2_38","study2",21,1,"self","higher_own_payoff","lower_own_payoff",4,30
"study2_38","study2",22,1,"self","higher_own_payoff","higher_own_payoff",3,20
"study2_38","study2",23,1,"self","higher_own_payoff","higher_own_payoff",3,20
"study2_38","study2",24,1,"self","higher_own_payoff","higher_own_payoff",1,0
"study2_39","study2",1,1,"self","lower_own_payoff","higher_own_payoff",1,0
"study2_39","study2",2,1,"self","higher_own_payoff","higher_own_payoff",1,0
"study2_39","study2",3,1,"self","higher_own_payoff","higher_own_payoff",1,0
"study2_39","study2",4,1,"self","higher_own_payoff","higher_own_payoff",1,0
"study2_39","study2",5,1,"self","higher_own_payoff","higher_own_payoff",1,0
"study2_39","study2",6,1,"self","higher_own_payoff","higher_own_payoff",1,0
"study2_39","study2",7,1,"self","higher_own_payoff","lower_own_payoff",1,0
"study2_39","study2",8,1,"self","higher_own_payoff","higher_own_payoff",1,0
"study2_39","study2",9,1,"self","higher_own_payoff","higher_own_payoff",1,0
"study2_39","study2",10,1,"self","higher_own_payoff","higher_own_payoff",1,0
"study2_39","study2",11,1,"self","higher_own_payoff","higher_own_payoff",1,0
"study2_39","study2",12,1,"self","lower_own_payoff","higher_own_payoff",1,0
"study2_39","study2",13,1,"self","higher_own_payoff","lower_own_payoff",1,0
"study2_39","study2",14,1,"self","higher_own_payoff","higher_own_payoff",1,0
"study2_39","study2",15,1,"self","lower_own_payoff","higher_own_payoff",1,0
"study2_39","study2",16,1,"self","lower_own_payoff","lower_own_payoff",1,0
"study2_39","study2",17,1,"self","higher_own_payoff","higher_own_payoff",1,0
"study2_39","study2",18,1,"self","higher_own_payoff","higher_own_payoff",1,0
"study2_39","study2",19,1,"self","lower_own_payoff","higher_own_payoff",1,0
"study2_39","study2",20,1,"self","lower_own_payoff","higher_own_payoff",1,0
"study2_39","study2",21,1,"self","lower_own_payoff","higher_own_payoff",1,0
"study2_39","study2",22,1,"self","lower_own_payoff","higher_own_payoff",1,0
"study2_39","study2",23,1,"self","lower_own_payoff","higher_own_payoff",1,0
"study2_39","study2",24,1,"self","lower_own_payoff","higher_own_payoff",1,0
"study2_40","study2",1,1,"self","higher_own_payoff","higher_own_payoff",2,10
"study2_40","study2",2,1,"self","higher_own_payoff","higher_own_payoff",1,0
"study2_40","study2",3,1,"self","lower_own_payoff","higher_own_payoff",2,10
"study2_40","study2",4,1,"self","lower_own_payoff","higher_own_payoff",2,10
"study2_40","study2",5,1,"self","higher_own_payoff","higher_own_payoff",2,10
"study2_40","study2",6,1,"self","higher_own_payoff","higher_own_payoff",2,10
"study2_40","study2",7,1,"self","higher_own_payoff","higher_own_payoff",2,10
"study2_40","study2",8,1,"self","lower_own_payoff","lower_own_payoff",2,10
"study2_40","study2",9,1,"self","higher_own_payoff","higher_own_payoff",2,10
"study2_40","study2",10,1,"self","higher_own_payoff","higher_own_payoff",1,0
"study2_40","study2",11,1,"self","higher_own_payoff","higher_own_payoff",2,10
"study2_40","study2",12,1,"self","higher_own_payoff","higher_own_payoff",1,0
"study2_40","study2",13,1,"self","higher_own_payoff","higher_own_payoff",1,0
"study2_40","study2",14,1,"self","lower_own_payoff","lower_own_payoff",1,0
"study2_40","study2",15,1,"self","lower_own_payoff","lower_own_payoff",1,0
"study2_40","study2",16,1,"self","higher_own_payoff","higher_own_payoff",1,0
"study2_40","study2",17,1,"self","higher_own_payoff","higher_own_payoff",1,0
"study2_40","study2",18,1,"self","lower_own_payoff","higher_own_payoff",1,0
"study2_40","study2",19,1,"self","higher_own_payoff","lower_own_payoff",2,10
"study2_40","study2",20,1,"self","lower_own_payoff","higher_own_payoff",2,10
"study2_40","study2",21,1,"self","higher_own_payoff","lower_own_payoff",2,10
"study2_40","study2",22,1,"self","higher_own_payoff","lower_own_payoff",2,10
"study2_40","study2",23,1,"self","lower_own_payoff","lower_own_payoff",2,10
"study2_40","study2",24,1,"self","higher_own_payoff","higher_own_payoff",2,10
"study2_41","study2",1,1,"self","higher_own_payoff","higher_own_payoff",2,10
"study2_41","study2",2,1,"self","higher_own_payoff","lower_own_payoff",1,0
"study2_41","study2",3,1,"self","lower_own_payoff","lower_own_payoff",2,10
"study2_41","study2",4,1,"self","higher_own_payoff","higher_own_payoff",2,10
"study2_41","study2",5,1,"self","higher_own_payoff","lower_own_payoff",2,10
"study2_41","study2",6,1,"self","lower_own_payoff","lower_own_payoff",2,10
"study2_41","study2",7,1,"self","higher_own_payoff","higher_own_payoff",2,10
"study2_41","study2",8,1,"self","higher_own_payoff","lower_own_payoff",4,30
"study2_41","study2",9,1,"self","lower_own_payoff","lower_own_payoff",4,30
"study2_41","study2",10,1,"self","higher_own_payoff","higher_own_payoff",3,20
"study2_41","study2",11,1,"self","higher_own_payoff","lower_own_payoff",4,30
"study2_41","study2",12,1,"self","higher_own_payoff","higher_own_payoff",2,10
"study2_41","study2",13,1,"self","lower_own_payoff","lower_own_payoff",4,30
"study2_41","study2",14,1,"self","lower_own_payoff","higher_own_payoff",2,10
"study2_41","study2",15,1,"self","lower_own_payoff","higher_own_payoff",2,10
"study2_41","study2",16,1,"self","lower_own_payoff","lower_own_payoff",5,40
"study2_41","study2",17,1,"self","lower_own_payoff","higher_own_payoff",2,10
"study2_41","study2",18,1,"self","lower_own_payoff","higher_own_payoff",3,20
"study2_41","study2",19,1,"self","higher_own_payoff","higher_own_payoff",2,10
"study2_41","study2",20,1,"self","lower_own_payoff","lower_own_payoff",4,30
"study2_41","study2",21,1,"self","lower_own_payoff","higher_own_payoff",2,10
"study2_41","study2",22,1,"self","lower_own_payoff","higher_own_payoff",2,10
"study2_41","study2",23,1,"self","lower_own_payoff","higher_own_payoff",2,10
"study2_41","study2",24,1,"self","lower_own_payoff","higher_own_payoff",3,20
"study2_42","study2",1,1,"self","higher_own_payoff","higher_own_payoff",2,10
"study2_42","study2",2,1,"self","higher_own_payoff","higher_own_payoff",1,0
"study2_42","study2",3,1,"self","lower_own_payoff","higher_own_payoff",2,10
"study2_42","study2",4,1,"self","higher_own_payoff","lower_own_payoff",2,10
"study2_42","study2",5,1,"self","higher_own_payoff","higher_own_payoff",1,0
"study2_42","study2",6,1,"self","higher_own_payoff","higher_own_payoff",1,0
"study2_42","study2",7,1,"self","higher_own_payoff","higher_own_payoff",1,0
"study2_42","study2",8,1,"self","higher_own_payoff","higher_own_payoff",1,0
"study2_42","study2",9,1,"self","higher_own_payoff","higher_own_payoff",1,0
"study2_42","study2",10,1,"self","higher_own_payoff","higher_own_payoff",1,0
"study2_42","study2",11,1,"self","lower_own_payoff","higher_own_payoff",2,10
"study2_42","study2",12,1,"self","higher_own_payoff","higher_own_payoff",1,0
"study2_42","study2",13,1,"self","lower_own_payoff","lower_own_payoff",1,0
"study2_42","study2",14,1,"self","higher_own_payoff","higher_own_payoff",2,10
"study2_42","study2",15,1,"self","higher_own_payoff","higher_own_payoff",1,0
"study2_42","study2",16,1,"self","higher_own_payoff","lower_own_payoff",2,10
"study2_42","study2",17,1,"self","higher_own_payoff","higher_own_payoff",1,0
"study2_42","study2",18,1,"self","higher_own_payoff","lower_own_payoff",1,0
"study2_42","study2",19,1,"self","higher_own_payoff","higher_own_payoff",1,0
"study2_42","study2",20,1,"self","higher_own_payoff","higher_own_payoff",1,0
"study2_42","study2",21,1,"self","higher_own_payoff","higher_own_payoff",2,10
"study2_42","study2",22,1,"self","higher_own_payoff","higher_own_payoff",2,10
"study2_42","study2",23,1,"self","higher_own_payoff","higher_own_payoff",1,0
"study2_42","study2",24,1,"self","higher_own_payoff","higher_own_payoff",1,0
"study2_43","study2",1,1,"self","higher_own_payoff","higher_own_payoff",1,0
"study2_43","study2",2,1,"self","higher_own_payoff","higher_own_payoff",1,0
"study2_43","study2",3,1,"self","lower_own_payoff","higher_own_payoff",1,0
"study2_43","study2",4,1,"self","higher_own_payoff","higher_own_payoff",1,0
"study2_43","study2",5,1,"self","higher_own_payoff","lower_own_payoff",1,0
"study2_43","study2",6,1,"self","higher_own_payoff","higher_own_payoff",1,0
"study2_43","study2",7,1,"self","lower_own_payoff","higher_own_payoff",1,0
"study2_43","study2",8,1,"self","higher_own_payoff","lower_own_payoff",1,0
"study2_43","study2",9,1,"self","lower_own_payoff","lower_own_payoff",1,0
"study2_43","study2",10,1,"self","lower_own_payoff","higher_own_payoff",1,0
"study2_43","study2",11,1,"self","higher_own_payoff","higher_own_payoff",1,0
"study2_43","study2",12,1,"self","lower_own_payoff","lower_own_payoff",1,0
"study2_43","study2",13,1,"self","lower_own_payoff","lower_own_payoff",1,0
"study2_43","study2",14,1,"self","higher_own_payoff","higher_own_payoff",1,0
"study2_43","study2",15,1,"self","higher_own_payoff","lower_own_payoff",1,0
"study2_43","study2",16,1,"self","higher_own_payoff","higher_own_payoff",1,0
"study2_43","study2",17,1,"self","higher_own_payoff","higher_own_payoff",1,0
"study2_43","study2",18,1,"self","lower_own_payoff","lower_own_payoff",1,0
"study2_43","study2",19,1,"self","higher_own_payoff","higher_own_payoff",1,0
"study2_43","study2",20,1,"self","higher_own_payoff","higher_own_payoff",1,0
"study2_43","study2",21,1,"self","higher_own_payoff","higher_own_payoff",1,0
"study2_43","study2",22,1,"self","higher_own_payoff","higher_own_payoff",1,0
"study2_43","study2",23,1,"self","lower_own_payoff","lower_own_payoff",1,0
"study2_43","study2",24,1,"self","higher_own_payoff","lower_own_payoff",1,0
"study2_44","study2",1,1,"self","higher_own_payoff","higher_own_payoff",3,20
"study2_44","study2",2,1,"self","higher_own_payoff","higher_own_payoff",4,30
"study2_44","study2",3,1,"self","higher_own_payoff","higher_own_payoff",3,20
"study2_44","study2",4,1,"self","higher_own_payoff","higher_own_payoff",2,10
"study2_44","study2",5,1,"self","higher_own_payoff","higher_own_payoff",3,20
"study2_44","study2",6,1,"self","higher_own_payoff","higher_own_payoff",4,30
"study2_44","study2",7,1,"self","higher_own_payoff","lower_own_payoff",4,30
"study2_44","study2",8,1,"self","lower_own_payoff","higher_own_payoff",4,30
"study2_44","study2",9,1,"self","higher_own_payoff","lower_own_payoff",3,20
"study2_44","study2",10,1,"self","higher_own_payoff","lower_own_payoff",4,30
"study2_44","study2",11,1,"self","lower_own_payoff","lower_own_payoff",4,30
"study2_44","study2",12,1,"self","higher_own_payoff","lower_own_payoff",4,30
"study2_44","study2",13,1,"self","lower_own_payoff","higher_own_payoff",2,10
"study2_44","study2",14,1,"self","lower_own_payoff","lower_own_payoff",3,20
"study2_44","study2",15,1,"self","lower_own_payoff","higher_own_payoff",4,30
"study2_44","study2",16,1,"self","lower_own_payoff","higher_own_payoff",4,30
"study2_44","study2",17,1,"self","lower_own_payoff","lower_own_payoff",4,30
"study2_44","study2",18,1,"self","lower_own_payoff","higher_own_payoff",2,10
"study2_44","study2",19,1,"self","higher_own_payoff","lower_own_payoff",4,30
"study2_44","study2",20,1,"self","lower_own_payoff","higher_own_payoff",4,30
"study2_44","study2",21,1,"self","lower_own_payoff","lower_own_payoff",4,30
"study2_44","study2",22,1,"self","lower_own_payoff","lower_own_payoff",4,30
"study2_44","study2",23,1,"self","lower_own_payoff","lower_own_payoff",4,30
"study2_44","study2",24,1,"self","lower_own_payoff","higher_own_payoff",3,20
"study2_45","study2",1,1,"self","higher_own_payoff","higher_own_payoff",1,0
"study2_45","study2",2,1,"self","higher_own_payoff","higher_own_payoff",1,0
"study2_45","study2",3,1,"self","higher_own_payoff","higher_own_payoff",1,0
"study2_45","study2",4,1,"self","higher_own_payoff","higher_own_payoff",1,0
"study2_45","study2",5,1,"self","higher_own_payoff","higher_own_payoff",1,0
"study2_45","study2",6,1,"self","higher_own_payoff","higher_own_payoff",1,0
"study2_45","study2",7,1,"self","higher_own_payoff","higher_own_payoff",1,0
"study2_45","study2",8,1,"self","higher_own_payoff","higher_own_payoff",1,0
"study2_45","study2",9,1,"self","higher_own_payoff","higher_own_payoff",1,0
"study2_45","study2",10,1,"self","higher_own_payoff","lower_own_payoff",1,0
"study2_45","study2",11,1,"self","higher_own_payoff","higher_own_payoff",1,0
"study2_45","study2",12,1,"self","higher_own_payoff","higher_own_payoff",1,0
"study2_45","study2",13,1,"self","higher_own_payoff","higher_own_payoff",1,0
"study2_45","study2",14,1,"self","higher_own_payoff","lower_own_payoff",1,0
"study2_45","study2",15,1,"self","higher_own_payoff","higher_own_payoff",1,0
"study2_45","study2",16,1,"self","higher_own_payoff","higher_own_payoff",1,0
"study2_45","study2",17,1,"self","higher_own_payoff","higher_own_payoff",1,0
"study2_45","study2",18,1,"self","higher_own_payoff","higher_own_payoff",1,0
"study2_45","study2",19,1,"self","higher_own_payoff","lower_own_payoff",1,0
"study2_45","study2",20,1,"self","higher_own_payoff","higher_own_payoff",1,0
"study2_45","study2",21,1,"self","higher_own_payoff","higher_own_payoff",1,0
"study2_45","study2",22,1,"self","higher_own_payoff","higher_own_payoff",1,0
"study2_45","study2",23,1,"self","higher_own_payoff","higher_own_payoff",1,0
"study2_45","study2",24,1,"self","higher_own_payoff","higher_own_payoff",1,0
"study2_46","study2",1,1,"self","higher_own_payoff","lower_own_payoff",4,30
"study2_46","study2",2,1,"self","higher_own_payoff","lower_own_payoff",2,10
"study2_46","study2",3,1,"self","higher_own_payoff","higher_own_payoff",1,0
"study2_46","study2",4,1,"self","higher_own_payoff","higher_own_payoff",1,0
"study2_46","study2",5,1,"self","higher_own_payoff","higher_own_payoff",2,10
"study2_46","study2",6,1,"self","lower_own_payoff","lower_own_payoff",2,10
"study2_46","study2",7,1,"self","higher_own_payoff","higher_own_payoff",1,0
"study2_46","study2",8,1,"self","higher_own_payoff","higher_own_payoff",1,0
"study2_46","study2",9,1,"self","higher_own_payoff","higher_own_payoff",4,30
"study2_46","study2",10,1,"self","higher_own_payoff","higher_own_payoff",1,0
"study2_46","study2",11,1,"self","lower_own_payoff","lower_own_payoff",1,0
"study2_46","study2",12,1,"self","lower_own_payoff","higher_own_payoff",4,30
"study2_46","study2",13,1,"self","higher_own_payoff","lower_own_payoff",3,20
"study2_46","study2",14,1,"self","higher_own_payoff","higher_own_payoff",1,0
"study2_46","study2",15,1,"self","higher_own_payoff","higher_own_payoff",1,0
"study2_46","study2",16,1,"self","higher_own_payoff","higher_own_payoff",1,0
"study2_46","study2",17,1,"self","higher_own_payoff","higher_own_payoff",1,0
"study2_46","study2",18,1,"self","higher_own_payoff","higher_own_payoff",4,30
"study2_46","study2",19,1,"self","higher_own_payoff","higher_own_payoff",2,10
"study2_46","study2",20,1,"self","lower_own_payoff","higher_own_payoff",4,30
"study2_46","study2",21,1,"self","higher_own_payoff","higher_own_payoff",1,0
"study2_46","study2",22,1,"self","lower_own_payoff","lower_own_payoff",1,0
"study2_46","study2",23,1,"self","lower_own_payoff","higher_own_payoff",2,10
"study2_46","study2",24,1,"self","higher_own_payoff","higher_own_payoff",4,30
"study2_48","study2",1,1,"self","lower_own_payoff","higher_own_payoff",2,10
"study2_48","study2",2,1,"self","lower_own_payoff","higher_own_payoff",2,10
"study2_48","study2",3,1,"self","lower_own_payoff","lower_own_payoff",4,30
"study2_48","study2",4,1,"self","lower_own_payoff","lower_own_payoff",4,30
"study2_48","study2",5,1,"self","lower_own_payoff","higher_own_payoff",3,20
"study2_48","study2",6,1,"self","lower_own_payoff","higher_own_payoff",3,20
"study2_48","study2",7,1,"self","lower_own_payoff","higher_own_payoff",2,10
"study2_48","study2",8,1,"self","lower_own_payoff","higher_own_payoff",3,20
"study2_48","study2",9,1,"self","lower_own_payoff","lower_own_payoff",4,30
"study2_48","study2",10,1,"self","lower_own_payoff","higher_own_payoff",4,30
"study2_48","study2",11,1,"self","lower_own_payoff","lower_own_payoff",3,20
"study2_48","study2",12,1,"self","lower_own_payoff","higher_own_payoff",3,20
"study2_48","study2",13,1,"self","lower_own_payoff","higher_own_payoff",3,20
"study2_48","study2",14,1,"self","lower_own_payoff","lower_own_payoff",3,20
"study2_48","study2",15,1,"self","lower_own_payoff","lower_own_payoff",3,20
"study2_48","study2",16,1,"self","lower_own_payoff","higher_own_payoff",3,20
"study2_48","study2",17,1,"self","higher_own_payoff","lower_own_payoff",3,20
"study2_48","study2",18,1,"self","lower_own_payoff","higher_own_payoff",3,20
"study2_48","study2",19,1,"self","lower_own_payoff","lower_own_payoff",1,0
"study2_48","study2",20,1,"self","lower_own_payoff","lower_own_payoff",4,30
"study2_48","study2",21,1,"self","lower_own_payoff","higher_own_payoff",3,20
"study2_48","study2",22,1,"self","lower_own_payoff","higher_own_payoff",3,20
"study2_48","study2",23,1,"self","higher_own_payoff","lower_own_payoff",4,30
"study2_48","study2",24,1,"self","lower_own_payoff","lower_own_payoff",4,30
"study2_49","study2",1,1,"self","higher_own_payoff","lower_own_payoff",8,70
"study2_49","study2",2,1,"self","lower_own_payoff","higher_own_payoff",2,10
"study2_49","study2",3,1,"self","lower_own_payoff","lower_own_payoff",2,10
"study2_49","study2",4,1,"self","lower_own_payoff","lower_own_payoff",2,10
"study2_49","study2",5,1,"self","lower_own_payoff","higher_own_payoff",2,10
"study2_49","study2",6,1,"self","higher_own_payoff","lower_own_payoff",2,10
"study2_49","study2",7,1,"self","higher_own_payoff","lower_own_payoff",2,10
"study2_49","study2",8,1,"self","lower_own_payoff","higher_own_payoff",2,10
"study2_49","study2",9,1,"self","lower_own_payoff","higher_own_payoff",3,20
"study2_49","study2",10,1,"self","lower_own_payoff","higher_own_payoff",2,10
"study2_49","study2",11,1,"self","higher_own_payoff","lower_own_payoff",2,10
"study2_49","study2",12,1,"self","higher_own_payoff","lower_own_payoff",2,10
"study2_49","study2",13,1,"self","lower_own_payoff","lower_own_payoff",1,0
"study2_49","study2",14,1,"self","higher_own_payoff","higher_own_payoff",2,10
"study2_49","study2",15,1,"self","higher_own_payoff","lower_own_payoff",2,10
"study2_49","study2",16,1,"self","higher_own_payoff","higher_own_payoff",1,0
"study2_49","study2",17,1,"self","higher_own_payoff","lower_own_payoff",2,10
"study2_49","study2",18,1,"self","lower_own_payoff","lower_own_payoff",1,0
"study2_49","study2",19,1,"self","higher_own_payoff","lower_own_payoff",2,10
"study2_49","study2",20,1,"self","higher_own_payoff","higher_own_payoff",2,10
"study2_49","study2",21,1,"self","lower_own_payoff","lower_own_payoff",1,0
"study2_49","study2",22,1,"self","higher_own_payoff","higher_own_payoff",1,0
"study2_49","study2",23,1,"self","higher_own_payoff","lower_own_payoff",2,10
"study2_49","study2",24,1,"self","lower_own_payoff","lower_own_payoff",1,0
"study2_50","study2",1,1,"self","higher_own_payoff","lower_own_payoff",4,30
"study2_50","study2",2,1,"self","higher_own_payoff","lower_own_payoff",1,0
"study2_50","study2",3,1,"self","higher_own_payoff","higher_own_payoff",1,0
"study2_50","study2",4,1,"self","higher_own_payoff","lower_own_payoff",1,0
"study2_50","study2",5,1,"self","higher_own_payoff","higher_own_payoff",1,0
"study2_50","study2",6,1,"self","higher_own_payoff","higher_own_payoff",1,0
"study2_50","study2",7,1,"self","higher_own_payoff","higher_own_payoff",1,0
"study2_50","study2",8,1,"self","higher_own_payoff","higher_own_payoff",1,0
"study2_50","study2",9,1,"self","higher_own_payoff","higher_own_payoff",4,30
"study2_50","study2",10,1,"self","higher_own_payoff","higher_own_payoff",1,0
"study2_50","study2",11,1,"self","higher_own_payoff","higher_own_payoff",1,0
"study2_50","study2",12,1,"self","higher_own_payoff","higher_own_payoff",1,0
"study2_50","study2",13,1,"self","higher_own_payoff","lower_own_payoff",1,0
"study2_50","study2",14,1,"self","higher_own_payoff","lower_own_payoff",2,10
"study2_50","study2",15,1,"self","higher_own_payoff","higher_own_payoff",1,0
"study2_50","study2",16,1,"self","higher_own_payoff","higher_own_payoff",1,0
"study2_50","study2",17,1,"self","higher_own_payoff","higher_own_payoff",1,0
"study2_50","study2",18,1,"self","higher_own_payoff","higher_own_payoff",1,0
"study2_50","study2",19,1,"self","higher_own_payoff","higher_own_payoff",1,0
"study2_50","study2",20,1,"self","higher_own_payoff","higher_own_payoff",1,0
"study2_50","study2",21,1,"self","higher_own_payoff","higher_own_payoff",1,0
"study2_50","study2",22,1,"self","higher_own_payoff","higher_own_payoff",1,0
"study2_50","study2",23,1,"self","higher_own_payoff","higher_own_payoff",1,0
"study2_50","study2",24,1,"self","higher_own_payoff","higher_own_payoff",1,0
"study2_51","study2",1,1,"self","higher_own_payoff","higher_own_payoff",1,0
"study2_51","study2",2,1,"self","higher_own_payoff","lower_own_payoff",1,0
"study2_51","study2",3,1,"self","lower_own_payoff","lower_own_payoff",1,0
"study2_51","study2",4,1,"self","higher_own_payoff","higher_own_payoff",1,0
"study2_51","study2",5,1,"self","higher_own_payoff","lower_own_payoff",1,0
"study2_51","study2",6,1,"self","higher_own_payoff","higher_own_payoff",1,0
"study2_51","study2",7,1,"self","higher_own_payoff","higher_own_payoff",1,0
"study2_51","study2",8,1,"self","higher_own_payoff","lower_own_payoff",1,0
"study2_51","study2",9,1,"self","higher_own_payoff","higher_own_payoff",1,0
"study2_51","study2",10,1,"self","lower_own_payoff","lower_own_payoff",1,0
"study2_51","study2",11,1,"self","lower_own_payoff","lower_own_payoff",1,0
"study2_51","study2",12,1,"self","higher_own_payoff","higher_own_payoff",1,0
"study2_51","study2",13,1,"self","lower_own_payoff","lower_own_payoff",1,0
"study2_51","study2",14,1,"self","lower_own_payoff","lower_own_payoff",1,0
"study2_51","study2",15,1,"self","higher_own_payoff","higher_own_payoff",1,0
"study2_51","study2",16,1,"self","lower_own_payoff","lower_own_payoff",1,0
"study2_51","study2",17,1,"self","higher_own_payoff","higher_own_payoff",1,0
"study2_51","study2",18,1,"self","higher_own_payoff","higher_own_payoff",1,0
"study2_51","study2",19,1,"self","lower_own_payoff","lower_own_payoff",1,0
"study2_51","study2",20,1,"self","higher_own_payoff","lower_own_payoff",2,10
"study2_51","study2",21,1,"self","lower_own_payoff","higher_own_payoff",1,0
"study2_51","study2",22,1,"self","higher_own_payoff","higher_own_payoff",1,0
"study2_51","study2",23,1,"self","lower_own_payoff","lower_own_payoff",1,0
"study2_51","study2",24,1,"self","higher_own_payoff","higher_own_payoff",1,0
"study2_52","study2",1,1,"self","lower_own_payoff","higher_own_payoff",1,0
"study2_52","study2",2,1,"self","lower_own_payoff","lower_own_payoff",1,0
"study2_52","study2",3,1,"self","lower_own_payoff","lower_own_payoff",1,0
"study2_52","study2",4,1,"other","higher_own_payoff","higher_own_payoff",1,0
"study2_52","study2",5,1,"self","lower_own_payoff","higher_own_payoff",1,0
"study2_52","study2",6,1,"self","lower_own_payoff","higher_own_payoff",1,0
"study2_52","study2",7,1,"self","lower_own_payoff","lower_own_payoff",1,0
"study2_52","study2",8,1,"self","lower_own_payoff","higher_own_payoff",1,0
"study2_52","study2",9,1,"self","higher_own_payoff","higher_own_payoff",1,0
"study2_52","study2",10,1,"self","lower_own_payoff","higher_own_payoff",1,0
"study2_52","study2",11,1,"self","lower_own_payoff","lower_own_payoff",1,0
"study2_52","study2",12,1,"self","lower_own_payoff","lower_own_payoff",1,0
"study2_52","study2",13,1,"other","higher_own_payoff","higher_own_payoff",1,0
"study2_52","study2",14,1,"self","higher_own_payoff","higher_own_payoff",1,0
"study2_52","study2",15,1,"self","lower_own_payoff","lower_own_payoff",1,0
"study2_52","study2",16,1,"self","higher_own_payoff","higher_own_payoff",1,0
"study2_52","study2",17,1,"self","higher_own_payoff","lower_own_payoff",1,0
"study2_52","study2",18,1,"self","lower_own_payoff","lower_own_payoff",1,0
"study2_52","study2",19,1,"self","higher_own_payoff","higher_own_payoff",1,0
"study2_52","study2",20,1,"other","lower_own_payoff","lower_own_payoff",1,0
"study2_52","study2",21,1,"self","lower_own_payoff","lower_own_payoff",1,0
"study2_52","study2",22,1,"other","lower_own_payoff","lower_own_payoff",1,0
"study2_52","study2",23,1,"self","lower_own_payoff","higher_own_payoff",1,0
"study2_52","study2",24,1,"self","higher_own_payoff","higher_own_payoff",1,0
"study2_53","study2",1,1,"self","higher_own_payoff","higher_own_payoff",4,30
"study2_53","study2",2,1,"self","lower_own_payoff","lower_own_payoff",4,30
"study2_53","study2",3,1,"self","higher_own_payoff","lower_own_payoff",4,30
"study2_53","study2",4,1,"self","lower_own_payoff","lower_own_payoff",4,30
"study2_53","study2",5,1,"self","higher_own_payoff","lower_own_payoff",4,30
"study2_53","study2",6,1,"self","lower_own_payoff","higher_own_payoff",4,30
"study2_53","study2",7,1,"self","higher_own_payoff","higher_own_payoff",4,30
"study2_53","study2",8,1,"self","lower_own_payoff","higher_own_payoff",4,30
"study2_53","study2",9,1,"self","higher_own_payoff","higher_own_payoff",4,30
"study2_53","study2",10,1,"self","higher_own_payoff","lower_own_payoff",4,30
"study2_53","study2",11,1,"self","higher_own_payoff","higher_own_payoff",4,30
"study2_53","study2",12,1,"self","lower_own_payoff","higher_own_payoff",4,30
"study2_53","study2",13,1,"self","higher_own_payoff","higher_own_payoff",4,30
"study2_53","study2",14,1,"self","lower_own_payoff","higher_own_payoff",4,30
"study2_53","study2",15,1,"self","higher_own_payoff","lower_own_payoff",4,30
"study2_53","study2",16,1,"self","lower_own_payoff","higher_own_payoff",4,30
"study2_53","study2",17,1,"self","higher_own_payoff","lower_own_payoff",4,30
"study2_53","study2",18,1,"self","higher_own_payoff","lower_own_payoff",4,30
"study2_53","study2",19,1,"self","lower_own_payoff","lower_own_payoff",4,30
"study2_53","study2",20,1,"self","higher_own_payoff","lower_own_payoff",4,30
"study2_53","study2",21,1,"self","lower_own_payoff","lower_own_payoff",4,30
"study2_53","study2",22,1,"self","lower_own_payoff","higher_own_payoff",4,30
"study2_53","study2",23,1,"self","higher_own_payoff","higher_own_payoff",4,30
"study2_53","study2",24,1,"self","lower_own_payoff","higher_own_payoff",4,30
"study2_54","study2",1,1,"self","higher_own_payoff","lower_own_payoff",4,30
"study2_54","study2",2,1,"self","lower_own_payoff","higher_own_payoff",1,0
"study2_54","study2",3,1,"self","higher_own_payoff","lower_own_payoff",3,20
"study2_54","study2",4,1,"self","higher_own_payoff","higher_own_payoff",1,0
"study2_54","study2",5,1,"self","higher_own_payoff","higher_own_payoff",1,0
"study2_54","study2",6,1,"self","higher_own_payoff","higher_own_payoff",2,10
"study2_54","study2",7,1,"self","lower_own_payoff","higher_own_payoff",3,20
"study2_54","study2",8,1,"self","higher_own_payoff","lower_own_payoff",2,10
"study2_54","study2",9,1,"self","higher_own_payoff","lower_own_payoff",2,10
"study2_54","study2",10,1,"self","higher_own_payoff","lower_own_payoff",4,30
"study2_54","study2",11,1,"self","higher_own_payoff","higher_own_payoff",3,20
"study2_54","study2",12,1,"self","higher_own_payoff","higher_own_payoff",2,10
"study2_54","study2",13,1,"self","lower_own_payoff","higher_own_payoff",1,0
"study2_54","study2",14,1,"self","higher_own_payoff","lower_own_payoff",4,30
"study2_54","study2",15,1,"self","higher_own_payoff","higher_own_payoff",3,20
"study2_54","study2",16,1,"self","higher_own_payoff","lower_own_payoff",4,30
"study2_54","study2",17,1,"self","lower_own_payoff","lower_own_payoff",3,20
"study2_54","study2",18,1,"self","lower_own_payoff","higher_own_payoff",1,0
"study2_54","study2",19,1,"self","lower_own_payoff","lower_own_payoff",4,30
"study2_54","study2",20,1,"self","higher_own_payoff","higher_own_payoff",4,30
"study2_54","study2",21,1,"self","lower_own_payoff","lower_own_payoff",2,10
"study2_54","study2",22,1,"self","lower_own_payoff","higher_own_payoff",3,20
"study2_54","study2",23,1,"self","higher_own_payoff","higher_own_payoff",3,20
"study2_54","study2",24,1,"self","higher_own_payoff","higher_own_payoff",3,20
"study2_55","study2",1,1,"self","higher_own_payoff","higher_own_payoff",1,0
"study2_55","study2",2,1,"self","higher_own_payoff","higher_own_payoff",1,0
"study2_55","study2",3,1,"self","higher_own_payoff","higher_own_payoff",1,0
"study2_55","study2",4,1,"self","higher_own_payoff","higher_own_payoff",1,0
"study2_55","study2",5,1,"self","higher_own_payoff","higher_own_payoff",1,0
"study2_55","study2",6,1,"self","higher_own_payoff","lower_own_payoff",2,10
"study2_55","study2",7,1,"self","higher_own_payoff","higher_own_payoff",1,0
"study2_55","study2",8,1,"self","higher_own_payoff","lower_own_payoff",2,10
"study2_55","study2",9,1,"self","higher_own_payoff","higher_own_payoff",1,0
"study2_55","study2",10,1,"self","higher_own_payoff","higher_own_payoff",1,0
"study2_55","study2",11,1,"self","higher_own_payoff","higher_own_payoff",1,0
"study2_55","study2",12,1,"self","higher_own_payoff","higher_own_payoff",1,0
"study2_55","study2",13,1,"self","higher_own_payoff","lower_own_payoff",2,10
"study2_55","study2",14,1,"self","higher_own_payoff","higher_own_payoff",1,0
"study2_55","study2",15,1,"self","higher_own_payoff","higher_own_payoff",1,0
"study2_55","study2",16,1,"self","higher_own_payoff","higher_own_payoff",1,0
"study2_55","study2",17,1,"self","higher_own_payoff","higher_own_payoff",1,0
"study2_55","study2",18,1,"self","higher_own_payoff","higher_own_payoff",1,0
"study2_55","study2",19,1,"self","higher_own_payoff","higher_own_payoff",1,0
"study2_55","study2",20,1,"self","higher_own_payoff","higher_own_payoff",1,0
"study2_55","study2",21,1,"self","higher_own_payoff","higher_own_payoff",1,0
"study2_55","study2",22,1,"self","higher_own_payoff","higher_own_payoff",1,0
"study2_55","study2",23,1,"self","higher_own_payoff","lower_own_payoff",2,10
"study2_55","study2",24,1,"self","higher_own_payoff","higher_own_payoff",1,0
"study2_56","study2",1,1,"self","higher_own_payoff","higher_own_payoff",2,10
"study2_56","study2",2,1,"self","higher_own_payoff","higher_own_payoff",2,10
"study2_56","study2",3,1,"self","higher_own_payoff","lower_own_payoff",2,10
"study2_56","study2",4,1,"self","higher_own_payoff","higher_own_payoff",2,10
"study2_56","study2",5,1,"self","higher_own_payoff","higher_own_payoff",1,0
"study2_56","study2",6,1,"self","lower_own_payoff","higher_own_payoff",1,0
"study2_56","study2",7,1,"self","lower_own_payoff","higher_own_payoff",1,0
"study2_56","study2",8,1,"self","lower_own_payoff","lower_own_payoff",1,0
"study2_56","study2",9,1,"self","lower_own_payoff","lower_own_payoff",1,0
"study2_56","study2",10,1,"self","lower_own_payoff","higher_own_payoff",1,0
"study2_56","study2",11,1,"self","lower_own_payoff","higher_own_payoff",1,0
"study2_56","study2",12,1,"self","lower_own_payoff","higher_own_payoff",1,0
"study2_56","study2",13,1,"self","lower_own_payoff","lower_own_payoff",1,0
"study2_56","study2",14,1,"self","lower_own_payoff","lower_own_payoff",1,0
"study2_56","study2",15,1,"self","lower_own_payoff","higher_own_payoff",1,0
"study2_56","study2",16,1,"self","lower_own_payoff","lower_own_payoff",1,0
"study2_56","study2",17,1,"self","lower_own_payoff","higher_own_payoff",1,0
"study2_56","study2",18,1,"self","lower_own_payoff","higher_own_payoff",1,0
"study2_56","study2",19,1,"self","lower_own_payoff","higher_own_payoff",1,0
"study2_56","study2",20,1,"self","lower_own_payoff","higher_own_payoff",1,0
"study2_56","study2",21,1,"self","lower_own_payoff","higher_own_payoff",1,0
"study2_56","study2",22,1,"self","lower_own_payoff","higher_own_payoff",1,0
"study2_56","study2",23,1,"self","lower_own_payoff","higher_own_payoff",1,0
"study2_56","study2",24,1,"self","lower_own_payoff","lower_own_payoff",1,0
"study2_57","study2",1,1,"self","lower_own_payoff","higher_own_payoff",1,0
"study2_57","study2",2,1,"self","higher_own_payoff","higher_own_payoff",1,0
"study2_57","study2",3,1,"self","higher_own_payoff","higher_own_payoff",1,0
"study2_57","study2",4,1,"self","higher_own_payoff","higher_own_payoff",1,0
"study2_57","study2",5,1,"self","higher_own_payoff","higher_own_payoff",1,0
"study2_57","study2",6,1,"self","higher_own_payoff","higher_own_payoff",1,0
"study2_57","study2",7,1,"self","higher_own_payoff","lower_own_payoff",1,0
"study2_57","study2",8,1,"self","higher_own_payoff","higher_own_payoff",1,0
"study2_57","study2",9,1,"self","lower_own_payoff","lower_own_payoff",1,0
"study2_57","study2",10,1,"self","higher_own_payoff","higher_own_payoff",1,0
"study2_57","study2",11,1,"self","higher_own_payoff","higher_own_payoff",1,0
"study2_57","study2",12,1,"self","higher_own_payoff","higher_own_payoff",1,0
"study2_57","study2",13,1,"self","higher_own_payoff","lower_own_payoff",2,10
"study2_57","study2",14,1,"self","higher_own_payoff","higher_own_payoff",1,0
"study2_57","study2",15,1,"self","lower_own_payoff","lower_own_payoff",1,0
"study2_57","study2",16,1,"self","lower_own_payoff","higher_own_payoff",1,0
"study2_57","study2",17,1,"self","higher_own_payoff","higher_own_payoff",1,0
"study2_57","study2",18,1,"self","lower_own_payoff","lower_own_payoff",1,0
"study2_57","study2",19,1,"self","higher_own_payoff","higher_own_payoff",1,0
"study2_57","study2",20,1,"self","lower_own_payoff","lower_own_payoff",1,0
"study2_57","study2",21,1,"self","lower_own_payoff","lower_own_payoff",1,0
"study2_57","study2",22,1,"self","higher_own_payoff","higher_own_payoff",1,0
"study2_57","study2",23,1,"self","higher_own_payoff","higher_own_payoff",1,0
"study2_57","study2",24,1,"self","lower_own_payoff","higher_own_payoff",1,0
"study2_58","study2",1,1,"self","lower_own_payoff","lower_own_payoff",2,10
"study2_58","study2",2,1,"self","higher_own_payoff","lower_own_payoff",2,10
"study2_58","study2",3,1,"self","lower_own_payoff","lower_own_payoff",2,10
"study2_58","study2",4,1,"self","lower_own_payoff","higher_own_payoff",1,0
"study2_58","study2",5,1,"self","higher_own_payoff","higher_own_payoff",1,0
"study2_58","study2",6,1,"self","higher_own_payoff","higher_own_payoff",1,0
"study2_58","study2",7,1,"self","higher_own_payoff","higher_own_payoff",1,0
"study2_58","study2",8,1,"self","lower_own_payoff","higher_own_payoff",1,0
"study2_58","study2",9,1,"self","lower_own_payoff","higher_own_payoff",1,0
"study2_58","study2",10,1,"self","higher_own_payoff","higher_own_payoff",1,0
"study2_58","study2",11,1,"self","higher_own_payoff","higher_own_payoff",1,0
"study2_58","study2",12,1,"self","higher_own_payoff","higher_own_payoff",1,0
"study2_58","study2",13,1,"self","higher_own_payoff","lower_own_payoff",2,10
"study2_58","study2",14,1,"self","higher_own_payoff","higher_own_payoff",1,0
"study2_58","study2",15,1,"self","lower_own_payoff","higher_own_payoff",1,0
"study2_58","study2",16,1,"self","higher_own_payoff","lower_own_payoff",1,0
"study2_58","study2",17,1,"self","higher_own_payoff","higher_own_payoff",1,0
"study2_58","study2",18,1,"self","lower_own_payoff","higher_own_payoff",4,30
"study2_58","study2",19,1,"self","higher_own_payoff","lower_own_payoff",4,30
"study2_58","study2",20,1,"self","lower_own_payoff","higher_own_payoff",2,10
"study2_58","study2",21,1,"self","higher_own_payoff","lower_own_payoff",2,10
"study2_58","study2",22,1,"self","higher_own_payoff","higher_own_payoff",4,30
"study2_58","study2",23,1,"self","higher_own_payoff","higher_own_payoff",1,0
"study2_58","study2",24,1,"self","higher_own_payoff","higher_own_payoff",2,10
"study2_59","study2",1,1,"self","lower_own_payoff","lower_own_payoff",4,30
"study2_59","study2",2,1,"self","higher_own_payoff","higher_own_payoff",2,10
"study2_59","study2",3,1,"self","higher_own_payoff","higher_own_payoff",1,0
"study2_59","study2",4,1,"self","higher_own_payoff","higher_own_payoff",2,10
"study2_59","study2",5,1,"self","higher_own_payoff","higher_own_payoff",1,0
"study2_59","study2",6,1,"self","higher_own_payoff","higher_own_payoff",1,0
"study2_59","study2",7,1,"self","higher_own_payoff","higher_own_payoff",2,10
"study2_59","study2",8,1,"self","higher_own_payoff","lower_own_payoff",2,10
"study2_59","study2",9,1,"self","higher_own_payoff","lower_own_payoff",2,10
"study2_59","study2",10,1,"self","lower_own_payoff","lower_own_payoff",4,30
"study2_59","study2",11,1,"self","higher_own_payoff","higher_own_payoff",4,30
"study2_59","study2",12,1,"self","lower_own_payoff","higher_own_payoff",4,30
"study2_59","study2",13,1,"self","higher_own_payoff","higher_own_payoff",2,10
"study2_59","study2",14,1,"self","lower_own_payoff","higher_own_payoff",4,30
"study2_59","study2",15,1,"self","higher_own_payoff","higher_own_payoff",1,0
"study2_59","study2",16,1,"self","higher_own_payoff","lower_own_payoff",2,10
"study2_59","study2",17,1,"self","higher_own_payoff","higher_own_payoff",4,30
"study2_59","study2",18,1,"self","higher_own_payoff","higher_own_payoff",2,10
"study2_59","study2",19,1,"self","lower_own_payoff","higher_own_payoff",2,10
"study2_59","study2",20,1,"self","higher_own_payoff","higher_own_payoff",4,30
"study2_59","study2",21,1,"self","higher_own_payoff","lower_own_payoff",2,10
"study2_59","study2",22,1,"self","higher_own_payoff","higher_own_payoff",2,10
"study2_59","study2",23,1,"self","higher_own_payoff","lower_own_payoff",2,10
"study2_59","study2",24,1,"self","higher_own_payoff","higher_own_payoff",2,10
"study2_60","study2",1,1,"self","higher_own_payoff","higher_own_payoff",1,0
"study2_60","study2",2,1,"self","higher_own_payoff","higher_own_payoff",1,0
"study2_60","study2",3,1,"self","higher_own_payoff","higher_own_payoff",2,10
"study2_60","study2",4,1,"self","higher_own_payoff","higher_own_payoff",1,0
"study2_60","study2",5,1,"self","higher_own_payoff","higher_own_payoff",1,0
"study2_60","study2",6,1,"self","higher_own_payoff","higher_own_payoff",1,0
"study2_60","study2",7,1,"self","lower_own_payoff","higher_own_payoff",1,0
"study2_60","study2",8,1,"self","higher_own_payoff","higher_own_payoff",1,0
"study2_60","study2",9,1,"self","higher_own_payoff","higher_own_payoff",1,0
"study2_60","study2",10,1,"self","higher_own_payoff","higher_own_payoff",1,0
"study2_60","study2",11,1,"self","higher_own_payoff","higher_own_payoff",1,0
"study2_60","study2",12,1,"self","higher_own_payoff","higher_own_payoff",1,0
"study2_60","study2",13,1,"self","higher_own_payoff","higher_own_payoff",1,0
"study2_60","study2",14,1,"self","higher_own_payoff","higher_own_payoff",1,0
"study2_60","study2",15,1,"self","higher_own_payoff","higher_own_payoff",1,0
"study2_60","study2",16,1,"self","higher_own_payoff","higher_own_payoff",1,0
"study2_60","study2",17,1,"self","higher_own_payoff","higher_own_payoff",1,0
"study2_60","study2",18,1,"self","higher_own_payoff","higher_own_payoff",1,0
"study2_60","study2",19,1,"other","higher_own_payoff","higher_own_payoff",1,0
"study2_60","study2",20,1,"other","higher_own_payoff","higher_own_payoff",1,0
"study2_60","study2",21,1,"other","higher_own_payoff","higher_own_payoff",1,0
"study2_60","study2",22,1,"other","lower_own_payoff","higher_own_payoff",1,0
"study2_60","study2",23,1,"other","higher_own_payoff","higher_own_payoff",1,0
"study2_60","study2",24,1,"other","higher_own_payoff","higher_own_payoff",1,0
"study2_61","study2",1,1,"self","higher_own_payoff","higher_own_payoff",2,10
"study2_61","study2",2,1,"self","lower_own_payoff","lower_own_payoff",1,0
"study2_61","study2",3,1,"self","lower_own_payoff","higher_own_payoff",3,20
"study2_61","study2",4,1,"self","higher_own_payoff","higher_own_payoff",1,0
"study2_61","study2",5,1,"other","higher_own_payoff","higher_own_payoff",1,0
"study2_61","study2",6,1,"self","higher_own_payoff","higher_own_payoff",1,0
"study2_61","study2",7,1,"self","higher_own_payoff","higher_own_payoff",2,10
"study2_61","study2",8,1,"other","higher_own_payoff","higher_own_payoff",1,0
"study2_61","study2",9,1,"self","lower_own_payoff","lower_own_payoff",2,10
"study2_61","study2",10,1,"self","higher_own_payoff","higher_own_payoff",1,0
"study2_61","study2",11,1,"self","lower_own_payoff","lower_own_payoff",1,0
"study2_61","study2",12,1,"self","higher_own_payoff","higher_own_payoff",2,10
"study2_61","study2",13,1,"self","lower_own_payoff","lower_own_payoff",1,0
"study2_61","study2",14,1,"self","higher_own_payoff","higher_own_payoff",1,0
"study2_61","study2",15,1,"self","lower_own_payoff","lower_own_payoff",4,30
"study2_61","study2",16,1,"self","lower_own_payoff","lower_own_payoff",1,0
"study2_61","study2",17,1,"self","higher_own_payoff","lower_own_payoff",2,10
"study2_61","study2",18,1,"self","higher_own_payoff","higher_own_payoff",1,0
"study2_61","study2",19,1,"self","higher_own_payoff","higher_own_payoff",1,0
"study2_61","study2",20,1,"other","higher_own_payoff","higher_own_payoff",2,10
"study2_61","study2",21,1,"self","higher_own_payoff","higher_own_payoff",1,0
"study2_61","study2",22,1,"self","lower_own_payoff","lower_own_payoff",1,0
"study2_61","study2",23,1,"self","lower_own_payoff","higher_own_payoff",4,30
"study2_61","study2",24,1,"self","lower_own_payoff","lower_own_payoff",1,0
"study2_62","study2",1,1,"self","higher_own_payoff","lower_own_payoff",4,30
"study2_62","study2",2,1,"self","higher_own_payoff","higher_own_payoff",4,30
"study2_62","study2",3,1,"self","lower_own_payoff","lower_own_payoff",4,30
"study2_62","study2",4,1,"self","lower_own_payoff","higher_own_payoff",4,30
"study2_62","study2",5,1,"self","lower_own_payoff","lower_own_payoff",4,30
"study2_62","study2",6,1,"self","lower_own_payoff","higher_own_payoff",3,20
"study2_62","study2",7,1,"self","higher_own_payoff","lower_own_payoff",4,30
"study2_62","study2",8,1,"self","lower_own_payoff","lower_own_payoff",4,30
"study2_62","study2",9,1,"self","lower_own_payoff","lower_own_payoff",4,30
"study2_62","study2",10,1,"self","lower_own_payoff","higher_own_payoff",2,10
"study2_62","study2",11,1,"self","lower_own_payoff","higher_own_payoff",2,10
"study2_62","study2",12,1,"self","lower_own_payoff","higher_own_payoff",4,30
"study2_62","study2",13,1,"self","lower_own_payoff","lower_own_payoff",4,30
"study2_62","study2",14,1,"self","lower_own_payoff","higher_own_payoff",3,20
"study2_62","study2",15,1,"self","lower_own_payoff","lower_own_payoff",4,30
"study2_62","study2",16,1,"self","lower_own_payoff","lower_own_payoff",4,30
"study2_62","study2",17,1,"self","lower_own_payoff","higher_own_payoff",2,10
"study2_62","study2",18,1,"self","lower_own_payoff","lower_own_payoff",4,30
"study2_62","study2",19,1,"self","lower_own_payoff","lower_own_payoff",4,30
"study2_62","study2",20,1,"self","higher_own_payoff","lower_own_payoff",4,30
"study2_62","study2",21,1,"self","lower_own_payoff","higher_own_payoff",2,10
"study2_62","study2",22,1,"self","lower_own_payoff","higher_own_payoff",2,10
"study2_62","study2",23,1,"self","lower_own_payoff","higher_own_payoff",3,20
"study2_62","study2",24,1,"self","lower_own_payoff","higher_own_payoff",4,30
"study2_63","study2",1,1,"self","higher_own_payoff","higher_own_payoff",1,0
"study2_63","study2",2,1,"self","lower_own_payoff","higher_own_payoff",2,10
"study2_63","study2",3,1,"self","higher_own_payoff","higher_own_payoff",1,0
"study2_63","study2",4,1,"self","higher_own_payoff","lower_own_payoff",2,10
"study2_63","study2",5,1,"self","higher_own_payoff","higher_own_payoff",1,0
"study2_63","study2",6,1,"self","higher_own_payoff","lower_own_payoff",2,10
"study2_63","study2",7,1,"self","higher_own_payoff","higher_own_payoff",1,0
"study2_63","study2",8,1,"self","higher_own_payoff","lower_own_payoff",2,10
"study2_63","study2",9,1,"self","lower_own_payoff","lower_own_payoff",2,10
"study2_63","study2",10,1,"self","higher_own_payoff","lower_own_payoff",2,10
"study2_63","study2",11,1,"self","lower_own_payoff","lower_own_payoff",2,10
"study2_63","study2",12,1,"self","higher_own_payoff","lower_own_payoff",2,10
"study2_63","study2",13,1,"self","higher_own_payoff","higher_own_payoff",1,0
"study2_63","study2",14,1,"self","higher_own_payoff","lower_own_payoff",2,10
"study2_63","study2",15,1,"self","higher_own_payoff","higher_own_payoff",2,10
"study2_63","study2",16,1,"self","lower_own_payoff","higher_own_payoff",3,20
"study2_63","study2",17,1,"self","higher_own_payoff","higher_own_payoff",1,0
"study2_63","study2",18,1,"self","higher_own_payoff","lower_own_payoff",2,10
"study2_63","study2",19,1,"self","higher_own_payoff","higher_own_payoff",2,10
"study2_63","study2",20,1,"self","lower_own_payoff","higher_own_payoff",2,10
"study2_63","study2",21,1,"self","higher_own_payoff","higher_own_payoff",2,10
"study2_63","study2",22,1,"self","higher_own_payoff","higher_own_payoff",2,10
"study2_63","study2",23,1,"self","higher_own_payoff","higher_own_payoff",1,0
"study2_63","study2",24,1,"self","higher_own_payoff","higher_own_payoff",2,10
"study2_64","study2",1,1,"self","higher_own_payoff","higher_own_payoff",2,10
"study2_64","study2",2,1,"self","higher_own_payoff","higher_own_payoff",4,30
"study2_64","study2",3,1,"self","higher_own_payoff","lower_own_payoff",1,0
"study2_64","study2",4,1,"self","higher_own_payoff","lower_own_payoff",2,10
"study2_64","study2",5,1,"self","lower_own_payoff","lower_own_payoff",2,10
"study2_64","study2",6,1,"self","higher_own_payoff","higher_own_payoff",4,30
"study2_64","study2",7,1,"self","higher_own_payoff","higher_own_payoff",4,30
"study2_64","study2",8,1,"self","higher_own_payoff","higher_own_payoff",4,30
"study2_64","study2",9,1,"self","higher_own_payoff","lower_own_payoff",4,30
"study2_64","study2",10,1,"self","higher_own_payoff","higher_own_payoff",2,10
"study2_64","study2",11,1,"self","higher_own_payoff","lower_own_payoff",4,30
"study2_64","study2",12,1,"self","lower_own_payoff","higher_own_payoff",4,30
"study2_64","study2",13,1,"self","higher_own_payoff","higher_own_payoff",3,20
"study2_64","study2",14,1,"self","higher_own_payoff","lower_own_payoff",4,30
"study2_64","study2",15,1,"self","higher_own_payoff","higher_own_payoff",4,30
"study2_64","study2",16,1,"self","higher_own_payoff","lower_own_payoff",4,30
"study2_64","study2",17,1,"self","higher_own_payoff","lower_own_payoff",4,30
"study2_64","study2",18,1,"self","higher_own_payoff","lower_own_payoff",3,20
"study2_64","study2",19,1,"self","higher_own_payoff","lower_own_payoff",4,30
"study2_64","study2",20,1,"self","higher_own_payoff","higher_own_payoff",4,30
"study2_64","study2",21,1,"self","higher_own_payoff","lower_own_payoff",4,30
"study2_64","study2",22,1,"self","higher_own_payoff","lower_own_payoff",4,30
"study2_64","study2",23,1,"self","higher_own_payoff","lower_own_payoff",4,30
"study2_64","study2",24,1,"self","higher_own_payoff","higher_own_payoff",2,10
"study2_65","study2",1,1,"self","higher_own_payoff","lower_own_payoff",2,10
"study2_65","study2",2,1,"self","lower_own_payoff","higher_own_payoff",2,10
"study2_65","study2",3,1,"self","higher_own_payoff","higher_own_payoff",1,0
"study2_65","study2",4,1,"self","lower_own_payoff","higher_own_payoff",4,30
"study2_65","study2",5,1,"self","higher_own_payoff","higher_own_payoff",2,10
"study2_65","study2",6,1,"self","lower_own_payoff","higher_own_payoff",2,10
"study2_65","study2",7,1,"self","higher_own_payoff","higher_own_payoff",2,10
"study2_65","study2",8,1,"self","lower_own_payoff","higher_own_payoff",3,20
"study2_65","study2",9,1,"self","higher_own_payoff","lower_own_payoff",4,30
"study2_65","study2",10,1,"self","higher_own_payoff","higher_own_payoff",3,20
"study2_65","study2",11,1,"self","higher_own_payoff","higher_own_payoff",1,0
"study2_65","study2",12,1,"self","lower_own_payoff","lower_own_payoff",1,0
"study2_65","study2",13,1,"self","higher_own_payoff","higher_own_payoff",4,30
"study2_65","study2",14,1,"self","higher_own_payoff","lower_own_payoff",2,10
"study2_65","study2",15,1,"self","lower_own_payoff","higher_own_payoff",3,20
"study2_65","study2",16,1,"self","higher_own_payoff","higher_own_payoff",1,0
"study2_65","study2",17,1,"self","higher_own_payoff","lower_own_payoff",4,30
"study2_65","study2",18,1,"self","higher_own_payoff","lower_own_payoff",2,10
"study2_65","study2",19,1,"self","higher_own_payoff","higher_own_payoff",4,30
"study2_65","study2",20,1,"self","higher_own_payoff","lower_own_payoff",4,30
"study2_65","study2",21,1,"self","lower_own_payoff","lower_own_payoff",1,0
"study2_65","study2",22,1,"self","lower_own_payoff","higher_own_payoff",4,30
"study2_65","study2",23,1,"self","higher_own_payoff","lower_own_payoff",2,10
"study2_65","study2",24,1,"self","higher_own_payoff","higher_own_payoff",4,30
"study2_66","study2",1,1,"self","higher_own_payoff","lower_own_payoff",3,20
"study2_66","study2",2,1,"self","higher_own_payoff","lower_own_payoff",2,10
"study2_66","study2",3,1,"self","higher_own_payoff","higher_own_payoff",1,0
"study2_66","study2",4,1,"self","higher_own_payoff","lower_own_payoff",2,10
"study2_66","study2",5,1,"self","higher_own_payoff","lower_own_payoff",2,10
"study2_66","study2",6,1,"self","lower_own_payoff","lower_own_payoff",2,10
"study2_66","study2",7,1,"self","lower_own_payoff","higher_own_payoff",2,10
"study2_66","study2",8,1,"self","higher_own_payoff","higher_own_payoff",2,10
"study2_66","study2",9,1,"self","lower_own_payoff","lower_own_payoff",1,0
"study2_66","study2",10,1,"self","higher_own_payoff","higher_own_payoff",2,10
"study2_66","study2",11,1,"self","lower_own_payoff","lower_own_payoff",2,10
"study2_66","study2",12,1,"self","higher_own_payoff","higher_own_payoff",2,10
"study2_66","study2",13,1,"self","lower_own_payoff","higher_own_payoff",2,10
"study2_66","study2",14,1,"self","lower_own_payoff","higher_own_payoff",2,10
"study2_66","study2",15,1,"self","higher_own_payoff","higher_own_payoff",2,10
"study2_66","study2",16,1,"self","higher_own_payoff","higher_own_payoff",2,10
"study2_66","study2",17,1,"self","higher_own_payoff","higher_own_payoff",3,20
"study2_66","study2",18,1,"self","higher_own_payoff","lower_own_payoff",2,10
"study2_66","study2",19,1,"self","higher_own_payoff","higher_own_payoff",1,0
"study2_66","study2",20,1,"self","higher_own_payoff","higher_own_payoff",2,10
"study2_66","study2",21,1,"self","higher_own_payoff","higher_own_payoff",2,10
"study2_66","study2",22,1,"self","higher_own_payoff","higher_own_payoff",3,20
"study2_66","study2",23,1,"self","lower_own_payoff","lower_own_payoff",3,20
"study2_66","study2",24,1,"self","higher_own_payoff","higher_own_payoff",2,10
"study2_67","study2",1,1,"self","higher_own_payoff","higher_own_payoff",3,20
"study2_67","study2",2,1,"self","lower_own_payoff","lower_own_payoff",2,10
"study2_67","study2",3,1,"self","higher_own_payoff","higher_own_payoff",1,0
"study2_67","study2",4,1,"self","lower_own_payoff","higher_own_payoff",1,0
"study2_67","study2",5,1,"self","lower_own_payoff","lower_own_payoff",1,0
"study2_67","study2",6,1,"self","higher_own_payoff","lower_own_payoff",2,10
"study2_67","study2",7,1,"other","lower_own_payoff","higher_own_payoff",1,0
"study2_67","study2",8,1,"self","higher_own_payoff","higher_own_payoff",2,10
"study2_67","study2",9,1,"self","higher_own_payoff","higher_own_payoff",1,0
"study2_67","study2",10,1,"self","higher_own_payoff","higher_own_payoff",2,10
"study2_67","study2",11,1,"other","higher_own_payoff","higher_own_payoff",1,0
"study2_67","study2",12,1,"self","lower_own_payoff","lower_own_payoff",1,0
"study2_67","study2",13,1,"self","higher_own_payoff","higher_own_payoff",2,10
"study2_67","study2",14,1,"self","higher_own_payoff","higher_own_payoff",1,0
"study2_67","study2",15,1,"self","higher_own_payoff","higher_own_payoff",1,0
"study2_67","study2",16,1,"self","lower_own_payoff","higher_own_payoff",1,0
"study2_67","study2",17,1,"self","lower_own_payoff","lower_own_payoff",1,0
"study2_67","study2",18,1,"self","lower_own_payoff","higher_own_payoff",1,0
"study2_67","study2",19,1,"self","higher_own_payoff","higher_own_payoff",1,0
"study2_67","study2",20,1,"other","higher_own_payoff","lower_own_payoff",1,0
"study2_67","study2",21,1,"self","higher_own_payoff","higher_own_payoff",2,10
"study2_67","study2",22,1,"self","lower_own_payoff","higher_own_payoff",1,0
"study2_67","study2",23,1,"self","higher_own_payoff","higher_own_payoff",1,0
"study2_67","study2",24,1,"self","higher_own_payoff","higher_own_payoff",1,0
"study2_68","study2",1,1,"self","lower_own_payoff","lower_own_payoff",1,0
"study2_68","study2",2,1,"self","higher_own_payoff","higher_own_payoff",1,0
"study2_68","study2",3,1,"self","lower_own_payoff","lower_own_payoff",1,0
"study2_68","study2",4,1,"self","lower_own_payoff","higher_own_payoff",2,10
"study2_68","study2",5,1,"self","lower_own_payoff","lower_own_payoff",2,10
"study2_68","study2",6,1,"self","higher_own_payoff","higher_own_payoff",2,10
"study2_68","study2",7,1,"self","lower_own_payoff","lower_own_payoff",1,0
"study2_68","study2",8,1,"self","higher_own_payoff","higher_own_payoff",1,0
"study2_68","study2",9,1,"self","higher_own_payoff","lower_own_payoff",2,10
"study2_68","study2",10,1,"self","higher_own_payoff","higher_own_payoff",1,0
"study2_68","study2",11,1,"self","higher_own_payoff","higher_own_payoff",2,10
"study2_68","study2",12,1,"self","higher_own_payoff","higher_own_payoff",4,30
"study2_68","study2",13,1,"self","lower_own_payoff","higher_own_payoff",2,10
"study2_68","study2",14,1,"self","lower_own_payoff","lower_own_payoff",1,0
"study2_68","study2",15,1,"self","higher_own_payoff","higher_own_payoff",1,0
"study2_68","study2",16,1,"self","higher_own_payoff","higher_own_payoff",4,30
"study2_68","study2",17,1,"self","higher_own_payoff","higher_own_payoff",1,0
"study2_68","study2",18,1,"self","lower_own_payoff","lower_own_payoff",1,0
"study2_68","study2",19,1,"self","lower_own_payoff","lower_own_payoff",1,0
"study2_68","study2",20,1,"self","lower_own_payoff","higher_own_payoff",1,0
"study2_68","study2",21,1,"self","higher_own_payoff","higher_own_payoff",1,0
"study2_68","study2",22,1,"self","higher_own_payoff","lower_own_payoff",2,10
"study2_68","study2",23,1,"self","lower_own_payoff","lower_own_payoff",1,0
"study2_68","study2",24,1,"self","lower_own_payoff","lower_own_payoff",1,0
"study2_69","study2",1,1,"self","higher_own_payoff","higher_own_payoff",2,10
"study2_69","study2",2,1,"self","lower_own_payoff","lower_own_payoff",2,10
"study2_69","study2",3,1,"self","lower_own_payoff","lower_own_payoff",2,10
"study2_69","study2",4,1,"self","higher_own_payoff","lower_own_payoff",2,10
"study2_69","study2",5,1,"self","higher_own_payoff","lower_own_payoff",2,10
"study2_69","study2",6,1,"self","lower_own_payoff","higher_own_payoff",2,10
"study2_69","study2",7,1,"self","higher_own_payoff","lower_own_payoff",2,10
"study2_69","study2",8,1,"self","lower_own_payoff","higher_own_payoff",2,10
"study2_69","study2",9,1,"self","higher_own_payoff","higher_own_payoff",2,10
"study2_69","study2",10,1,"other","lower_own_payoff","lower_own_payoff",2,10
"study2_69","study2",11,1,"self","higher_own_payoff","higher_own_payoff",2,10
"study2_69","study2",12,1,"self","higher_own_payoff","higher_own_payoff",2,10
"study2_69","study2",13,1,"self","higher_own_payoff","higher_own_payoff",2,10
"study2_69","study2",14,1,"other","lower_own_payoff","lower_own_payoff",2,10
"study2_69","study2",15,1,"self","lower_own_payoff","lower_own_payoff",2,10
"study2_69","study2",16,1,"other","lower_own_payoff","lower_own_payoff",2,10
"study2_69","study2",17,1,"other","lower_own_payoff","lower_own_payoff",2,10
"study2_69","study2",18,1,"self","lower_own_payoff","lower_own_payoff",2,10
"study2_69","study2",19,1,"other","lower_own_payoff","higher_own_payoff",2,10
"study2_69","study2",20,1,"self","higher_own_payoff","higher_own_payoff",2,10
"study2_69","study2",21,1,"self","higher_own_payoff","lower_own_payoff",2,10
"study2_69","study2",22,1,"other","lower_own_payoff","lower_own_payoff",2,10
"study2_69","study2",23,1,"other","lower_own_payoff","higher_own_payoff",2,10
"study2_69","study2",24,1,"self","higher_own_payoff","higher_own_payoff",2,10
"study2_70","study2",1,1,"self","higher_own_payoff","higher_own_payoff",1,0
"study2_70","study2",2,1,"self","higher_own_payoff","higher_own_payoff",2,10
"study2_70","study2",3,1,"self","higher_own_payoff","higher_own_payoff",1,0
"study2_70","study2",4,1,"self","higher_own_payoff","higher_own_payoff",2,10
"study2_70","study2",5,1,"self","higher_own_payoff","higher_own_payoff",1,0
"study2_70","study2",6,1,"self","higher_own_payoff","higher_own_payoff",1,0
"study2_70","study2",7,1,"self","lower_own_payoff","higher_own_payoff",2,10
"study2_70","study2",8,1,"self","higher_own_payoff","higher_own_payoff",1,0
"study2_70","study2",9,1,"self","higher_own_payoff","higher_own_payoff",1,0
"study2_70","study2",10,1,"self","lower_own_payoff","higher_own_payoff",1,0
"study2_70","study2",11,1,"self","lower_own_payoff","lower_own_payoff",2,10
"study2_70","study2",12,1,"self","lower_own_payoff","higher_own_payoff",1,0
"study2_70","study2",13,1,"self","lower_own_payoff","lower_own_payoff",2,10
"study2_70","study2",14,1,"self","lower_own_payoff","higher_own_payoff",1,0
"study2_70","study2",15,1,"self","lower_own_payoff","higher_own_payoff",2,10
"study2_70","study2",16,1,"self","lower_own_payoff","lower_own_payoff",1,0
"study2_70","study2",17,1,"self","lower_own_payoff","lower_own_payoff",2,10
"study2_70","study2",18,1,"self","higher_own_payoff","lower_own_payoff",2,10
"study2_70","study2",19,1,"self","lower_own_payoff","lower_own_payoff",2,10
"study2_70","study2",20,1,"self","lower_own_payoff","lower_own_payoff",4,30
"study2_70","study2",21,1,"self","lower_own_payoff","higher_own_payoff",1,0
"study2_70","study2",22,1,"self","lower_own_payoff","higher_own_payoff",2,10
"study2_70","study2",23,1,"self","lower_own_payoff","lower_own_payoff",2,10
"study2_70","study2",24,1,"self","lower_own_payoff","higher_own_payoff",2,10
"study2_71","study2",1,1,"self","lower_own_payoff","higher_own_payoff",2,10
"study2_71","study2",2,1,"self","higher_own_payoff","lower_own_payoff",4,30
"study2_71","study2",3,1,"other","higher_own_payoff","higher_own_payoff",3,20
"study2_71","study2",4,1,"self","higher_own_payoff","lower_own_payoff",2,10
"study2_71","study2",5,1,"self","lower_own_payoff","higher_own_payoff",2,10
"study2_71","study2",6,1,"self","lower_own_payoff","higher_own_payoff",1,0
"study2_71","study2",7,1,"self","higher_own_payoff","higher_own_payoff",1,0
"study2_71","study2",8,1,"self","lower_own_payoff","lower_own_payoff",1,0
"study2_71","study2",9,1,"self","higher_own_payoff","lower_own_payoff",1,0
"study2_71","study2",10,1,"self","lower_own_payoff","higher_own_payoff",1,0
"study2_71","study2",11,1,"self","higher_own_payoff","lower_own_payoff",1,0
"study2_71","study2",12,1,"self","lower_own_payoff","lower_own_payoff",1,0
"study2_71","study2",13,1,"self","higher_own_payoff","higher_own_payoff",1,0
"study2_71","study2",14,1,"self","lower_own_payoff","lower_own_payoff",1,0
"study2_71","study2",15,1,"self","lower_own_payoff","higher_own_payoff",1,0
"study2_71","study2",16,1,"self","lower_own_payoff","lower_own_payoff",1,0
"study2_71","study2",17,1,"self","higher_own_payoff","higher_own_payoff",1,0
"study2_71","study2",18,1,"self","higher_own_payoff","higher_own_payoff",1,0
"study2_71","study2",19,1,"self","lower_own_payoff","lower_own_payoff",1,0
"study2_71","study2",20,1,"self","higher_own_payoff","higher_own_payoff",1,0
"study2_71","study2",21,1,"self","lower_own_payoff","higher_own_payoff",1,0
"study2_71","study2",22,1,"self","lower_own_payoff","higher_own_payoff",1,0
"study2_71","study2",23,1,"self","higher_own_payoff","higher_own_payoff",1,0
"study2_71","study2",24,1,"self","higher_own_payoff","higher_own_payoff",1,0
"study2_72","study2",1,1,"self","lower_own_payoff","higher_own_payoff",1,0
"study2_72","study2",2,1,"self","lower_own_payoff","lower_own_payoff",1,0
"study2_72","study2",3,1,"self","lower_own_payoff","lower_own_payoff",1,0
"study2_72","study2",4,1,"self","lower_own_payoff","higher_own_payoff",1,0
"study2_72","study2",5,1,"self","lower_own_payoff","higher_own_payoff",1,0
"study2_72","study2",6,1,"self","lower_own_payoff","higher_own_payoff",1,0
"study2_72","study2",7,1,"self","lower_own_payoff","lower_own_payoff",1,0
"study2_72","study2",8,1,"self","lower_own_payoff","higher_own_payoff",1,0
"study2_72","study2",9,1,"self","higher_own_payoff","higher_own_payoff",1,0
"study2_72","study2",10,1,"self","lower_own_payoff","higher_own_payoff",1,0
"study2_72","study2",11,1,"self","higher_own_payoff","higher_own_payoff",1,0
"study2_72","study2",12,1,"self","lower_own_payoff","higher_own_payoff",1,0
"study2_72","study2",13,1,"self","lower_own_payoff","lower_own_payoff",1,0
"study2_72","study2",14,1,"self","higher_own_payoff","higher_own_payoff",1,0
"study2_72","study2",15,1,"self","higher_own_payoff","higher_own_payoff",1,0
"study2_72","study2",16,1,"self","lower_own_payoff","higher_own_payoff",1,0
"study2_72","study2",17,1,"self","lower_own_payoff","lower_own_payoff",1,0
"study2_72","study2",18,1,"self","lower_own_payoff","higher_own_payoff",1,0
"study2_72","study2",19,1,"self","lower_own_payoff","higher_own_payoff",1,0
"study2_72","study2",20,1,"self","lower_own_payoff","higher_own_payoff",1,0
"study2_72","study2",21,1,"self","higher_own_payoff","higher_own_payoff",1,0
"study2_72","study2",22,1,"self","lower_own_payoff","higher_own_payoff",1,0
"study2_72","study2",23,1,"self","lower_own_payoff","lower_own_payoff",1,0
"study2_72","study2",24,1,"self","lower_own_payoff","higher_own_payoff",1,0
"study2_73","study2",1,1,"other","higher_own_payoff","higher_own_payoff",1,0
"study2_73","study2",2,1,"self","lower_own_payoff","lower_own_payoff",1,0
"study2_73","study2",3,1,"other","higher_own_payoff","lower_own_payoff",1,0
"study2_73","study2",4,1,"other","higher_own_payoff","lower_own_payoff",1,0
"study2_73","study2",5,1,"self","lower_own_payoff","higher_own_payoff",1,0
"study2_73","study2",6,1,"self","lower_own_payoff","lower_own_payoff",1,0
"study2_73","study2",7,1,"self","higher_own_payoff","higher_own_payoff",1,0
"study2_73","study2",8,1,"other","higher_own_payoff","higher_own_payoff",1,0
"study2_73","study2",9,1,"self","lower_own_payoff","lower_own_payoff",1,0
"study2_73","study2",10,1,"other","higher_own_payoff","higher_own_payoff",1,0
"study2_73","study2",11,1,"other","higher_own_payoff","higher_own_payoff",1,0
"study2_73","study2",12,1,"self","lower_own_payoff","lower_own_payoff",1,0
"study2_73","study2",13,1,"other","higher_own_payoff","lower_own_payoff",1,0
"study2_73","study2",14,1,"self","lower_own_payoff","lower_own_payoff",1,0
"study2_73","study2",15,1,"self","lower_own_payoff","lower_own_payoff",1,0
"study2_73","study2",16,1,"other","lower_own_payoff","lower_own_payoff",1,0
"study2_73","study2",17,1,"other","higher_own_payoff","higher_own_payoff",1,0
"study2_73","study2",18,1,"other","higher_own_payoff","higher_own_payoff",1,0
"study2_73","study2",19,1,"self","lower_own_payoff","lower_own_payoff",1,0
"study2_73","study2",20,1,"other","lower_own_payoff","higher_own_payoff",1,0
"study2_73","study2",21,1,"self","lower_own_payoff","lower_own_payoff",1,0
"study2_73","study2",22,1,"self","lower_own_payoff","lower_own_payoff",1,0
"study2_73","study2",23,1,"other","higher_own_payoff","lower_own_payoff",1,0
"study2_73","study2",24,1,"self","lower_own_payoff","lower_own_payoff",1,0
"study2_74","study2",1,1,"other","lower_own_payoff","lower_own_payoff",1,0
"study2_74","study2",2,1,"self","higher_own_payoff","lower_own_payoff",1,0
"study2_74","study2",3,1,"other","lower_own_payoff","lower_own_payoff",1,0
"study2_74","study2",4,1,"other","lower_own_payoff","lower_own_payoff",1,0
"study2_74","study2",5,1,"other","lower_own_payoff","lower_own_payoff",1,0
"study2_74","study2",6,1,"other","higher_own_payoff","lower_own_payoff",1,0
"study2_74","study2",7,1,"self","higher_own_payoff","lower_own_payoff",1,0
"study2_74","study2",8,1,"other","lower_own_payoff","lower_own_payoff",1,0
"study2_74","study2",9,1,"self","lower_own_payoff","lower_own_payoff",1,0
"study2_74","study2",10,1,"other","lower_own_payoff","lower_own_payoff",1,0
"study2_74","study2",11,1,"other","lower_own_payoff","lower_own_payoff",1,0
"study2_74","study2",12,1,"other","higher_own_payoff","lower_own_payoff",1,0
"study2_74","study2",13,1,"self","higher_own_payoff","lower_own_payoff",1,0
"study2_74","study2",14,1,"self","lower_own_payoff","lower_own_payoff",1,0
"study2_74","study2",15,1,"self","lower_own_payoff","lower_own_payoff",1,0
"study2_74","study2",16,1,"self","lower_own_payoff","lower_own_payoff",1,0
"study2_74","study2",17,1,"other","lower_own_payoff","lower_own_payoff",2,10
"study2_74","study2",18,1,"other","higher_own_payoff","higher_own_payoff",1,0
"study2_74","study2",19,1,"other","lower_own_payoff","lower_own_payoff",1,0
"study2_74","study2",20,1,"other","lower_own_payoff","lower_own_payoff",1,0
"study2_74","study2",21,1,"other","lower_own_payoff","lower_own_payoff",1,0
"study2_74","study2",22,1,"other","lower_own_payoff","lower_own_payoff",1,0
"study2_74","study2",23,1,"other","lower_own_payoff","lower_own_payoff",1,0
"study2_74","study2",24,1,"self","lower_own_payoff","higher_own_payoff",1,0
"study2_75","study2",1,1,"self","lower_own_payoff","lower_own_payoff",8,70
"study2_75","study2",2,1,"self","higher_own_payoff","lower_own_payoff",4,30
"study2_75","study2",3,1,"self","lower_own_payoff","higher_own_payoff",4,30
"study2_75","study2",4,1,"self","higher_own_payoff","higher_own_payoff",6,50
"study2_75","study2",5,1,"self","higher_own_payoff","higher_own_payoff",4,30
"study2_75","study2",6,1,"self","higher_own_payoff","higher_own_payoff",4,30
"study2_75","study2",7,1,"self","higher_own_payoff","higher_own_payoff",4,30
"study2_75","study2",8,1,"self","higher_own_payoff","lower_own_payoff",4,30
"study2_75","study2",9,1,"self","lower_own_payoff","higher_own_payoff",4,30
"study2_75","study2",10,1,"self","lower_own_payoff","lower_own_payoff",4,30
"study2_75","study2",11,1,"self","lower_own_payoff","lower_own_payoff",4,30
"study2_75","study2",12,1,"self","higher_own_payoff","lower_own_payoff",4,30
"study2_75","study2",13,1,"self","lower_own_payoff","lower_own_payoff",4,30
"study2_75","study2",14,1,"self","higher_own_payoff","higher_own_payoff",4,30
"study2_75","study2",15,1,"self","lower_own_payoff","lower_own_payoff",4,30
"study2_75","study2",16,1,"self","lower_own_payoff","lower_own_payoff",4,30
"study2_75","study2",17,1,"self","lower_own_payoff","higher_own_payoff",4,30
"study2_75","study2",18,1,"self","lower_own_payoff","higher_own_payoff",4,30
"study2_75","study2",19,1,"self","higher_own_payoff","higher_own_payoff",4,30
"study2_75","study2",20,1,"self","lower_own_payoff","lower_own_payoff",4,30
"study2_75","study2",21,1,"self","higher_own_payoff","lower_own_payoff",4,30
"study2_75","study2",22,1,"self","higher_own_payoff","higher_own_payoff",4,30
"study2_75","study2",23,1,"self","lower_own_payoff","lower_own_payoff",4,30
"study2_75","study2",24,1,"self","higher_own_payoff","higher_own_payoff",4,30
"study2_76","study2",1,1,"self","higher_own_payoff","higher_own_payoff",1,0
"study2_76","study2",2,1,"self","higher_own_payoff","higher_own_payoff",1,0
"study2_76","study2",3,1,"self","higher_own_payoff","higher_own_payoff",1,0
"study2_76","study2",4,1,"self","higher_own_payoff","higher_own_payoff",2,10
"study2_76","study2",5,1,"self","higher_own_payoff","higher_own_payoff",1,0
"study2_76","study2",6,1,"self","higher_own_payoff","higher_own_payoff",1,0
"study2_76","study2",7,1,"self","higher_own_payoff","higher_own_payoff",1,0
"study2_76","study2",8,1,"self","higher_own_payoff","higher_own_payoff",1,0
"study2_76","study2",9,1,"self","higher_own_payoff","higher_own_payoff",1,0
"study2_76","study2",10,1,"self","higher_own_payoff","higher_own_payoff",1,0
"study2_76","study2",11,1,"self","higher_own_payoff","higher_own_payoff",1,0
"study2_76","study2",12,1,"self","higher_own_payoff","higher_own_payoff",1,0
"study2_76","study2",13,1,"self","higher_own_payoff","lower_own_payoff",2,10
"study2_76","study2",14,1,"self","higher_own_payoff","higher_own_payoff",1,0
"study2_76","study2",15,1,"self","higher_own_payoff","higher_own_payoff",1,0
"study2_76","study2",16,1,"self","lower_own_payoff","lower_own_payoff",1,0
"study2_76","study2",17,1,"self","higher_own_payoff","higher_own_payoff",1,0
"study2_76","study2",18,1,"self","higher_own_payoff","higher_own_payoff",1,0
"study2_76","study2",19,1,"self","higher_own_payoff","higher_own_payoff",1,0
"study2_76","study2",20,1,"self","higher_own_payoff","higher_own_payoff",2,10
"study2_76","study2",21,1,"self","higher_own_payoff","higher_own_payoff",1,0
"study2_76","study2",22,1,"self","higher_own_payoff","higher_own_payoff",1,0
"study2_76","study2",23,1,"self","higher_own_payoff","higher_own_payoff",1,0
"study2_76","study2",24,1,"self","higher_own_payoff","higher_own_payoff",1,0
"study2_77","study2",1,1,"self","higher_own_payoff","higher_own_payoff",1,0
"study2_77","study2",2,1,"self","higher_own_payoff","higher_own_payoff",1,0
"study2_77","study2",3,1,"self","higher_own_payoff","higher_own_payoff",1,0
"study2_77","study2",4,1,"self","lower_own_payoff","lower_own_payoff",1,0
"study2_77","study2",5,1,"self","higher_own_payoff","higher_own_payoff",1,0
"study2_77","study2",6,1,"self","higher_own_payoff","lower_own_payoff",1,0
"study2_77","study2",7,1,"self","lower_own_payoff","lower_own_payoff",2,10
"study2_77","study2",8,1,"self","higher_own_payoff","higher_own_payoff",1,0
"study2_77","study2",9,1,"self","higher_own_payoff","higher_own_payoff",1,0
"study2_77","study2",10,1,"self","lower_own_payoff","higher_own_payoff",1,0
"study2_77","study2",11,1,"self","lower_own_payoff","higher_own_payoff",1,0
"study2_77","study2",12,1,"self","higher_own_payoff","higher_own_payoff",1,0
"study2_77","study2",13,1,"self","lower_own_payoff","higher_own_payoff",1,0
"study2_77","study2",14,1,"self","higher_own_payoff","higher_own_payoff",1,0
"study2_77","study2",15,1,"self","lower_own_payoff","higher_own_payoff",1,0
"study2_77","study2",16,1,"self","lower_own_payoff","lower_own_payoff",2,10
"study2_77","study2",17,1,"self","higher_own_payoff","higher_own_payoff",1,0
"study2_77","study2",18,1,"self","higher_own_payoff","lower_own_payoff",1,0
"study2_77","study2",19,1,"self","higher_own_payoff","lower_own_payoff",1,0
"study2_77","study2",20,1,"self","higher_own_payoff","higher_own_payoff",1,0
"study2_77","study2",21,1,"self","lower_own_payoff","higher_own_payoff",1,0
"study2_77","study2",22,1,"self","lower_own_payoff","lower_own_payoff",1,0
"study2_77","study2",23,1,"self","lower_own_payoff","higher_own_payoff",1,0
"study2_77","study2",24,1,"self","higher_own_payoff","lower_own_payoff",1,0
"study2_78","study2",1,1,"self","lower_own_payoff","higher_own_payoff",1,0
"study2_78","study2",2,1,"self","lower_own_payoff","lower_own_payoff",1,0
"study2_78","study2",3,1,"self","lower_own_payoff","higher_own_payoff",1,0
"study2_78","study2",4,1,"self","lower_own_payoff","higher_own_payoff",1,0
"study2_78","study2",5,1,"self","lower_own_payoff","higher_own_payoff",1,0
"study2_78","study2",6,1,"self","lower_own_payoff","higher_own_payoff",1,0
"study2_78","study2",7,1,"self","lower_own_payoff","higher_own_payoff",1,0
"study2_78","study2",8,1,"self","lower_own_payoff","lower_own_payoff",1,0
"study2_78","study2",9,1,"self","lower_own_payoff","lower_own_payoff",1,0
"study2_78","study2",10,1,"self","lower_own_payoff","higher_own_payoff",1,0
"study2_78","study2",11,1,"self","lower_own_payoff","higher_own_payoff",1,0
"study2_78","study2",12,1,"self","lower_own_payoff","lower_own_payoff",1,0
"study2_78","study2",13,1,"self","lower_own_payoff","higher_own_payoff",1,0
"study2_78","study2",14,1,"self","lower_own_payoff","higher_own_payoff",1,0
"study2_78","study2",15,1,"self","higher_own_payoff","lower_own_payoff",1,0
"study2_78","study2",16,1,"self","lower_own_payoff","lower_own_payoff",1,0
"study2_78","study2",17,1,"self","lower_own_payoff","lower_own_payoff",1,0
"study2_78","study2",18,1,"self","lower_own_payoff","higher_own_payoff",1,0
"study2_78","study2",19,1,"self","lower_own_payoff","higher_own_payoff",1,0
"study2_78","study2",20,1,"self","lower_own_payoff","lower_own_payoff",1,0
"study2_78","study2",21,1,"self","lower_own_payoff","lower_own_payoff",1,0
"study2_78","study2",22,1,"self","lower_own_payoff","lower_own_payoff",1,0
"study2_78","study2",23,1,"self","lower_own_payoff","lower_own_payoff",1,0
"study2_78","study2",24,1,"self","lower_own_payoff","lower_own_payoff",1,0
"study2_79","study2",1,1,"self","higher_own_payoff","higher_own_payoff",1,0
"study2_79","study2",2,1,"self","higher_own_payoff","higher_own_payoff",2,10
"study2_79","study2",3,1,"self","higher_own_payoff","higher_own_payoff",1,0
"study2_79","study2",4,1,"self","lower_own_payoff","higher_own_payoff",1,0
"study2_79","study2",5,1,"self","higher_own_payoff","higher_own_payoff",1,0
"study2_79","study2",6,1,"self","higher_own_payoff","higher_own_payoff",1,0
"study2_79","study2",7,1,"self","higher_own_payoff","higher_own_payoff",1,0
"study2_79","study2",8,1,"self","higher_own_payoff","higher_own_payoff",1,0
"study2_79","study2",9,1,"self","lower_own_payoff","higher_own_payoff",1,0
"study2_79","study2",10,1,"self","higher_own_payoff","higher_own_payoff",1,0
"study2_79","study2",11,1,"self","higher_own_payoff","higher_own_payoff",1,0
"study2_79","study2",12,1,"self","higher_own_payoff","higher_own_payoff",1,0
"study2_79","study2",13,1,"self","higher_own_payoff","higher_own_payoff",1,0
"study2_79","study2",14,1,"self","higher_own_payoff","higher_own_payoff",1,0
"study2_79","study2",15,1,"self","lower_own_payoff","higher_own_payoff",1,0
"study2_79","study2",16,1,"self","higher_own_payoff","higher_own_payoff",1,0
"study2_79","study2",17,1,"self","higher_own_payoff","higher_own_payoff",1,0
"study2_79","study2",18,1,"self","higher_own_payoff","higher_own_payoff",1,0
"study2_79","study2",19,1,"self","higher_own_payoff","higher_own_payoff",1,0
"study2_79","study2",20,1,"self","higher_own_payoff","lower_own_payoff",1,0
"study2_79","study2",21,1,"self","higher_own_payoff","higher_own_payoff",1,0
"study2_79","study2",22,1,"self","higher_own_payoff","higher_own_payoff",1,0
"study2_79","study2",23,1,"self","higher_own_payoff","higher_own_payoff",1,0
"study2_79","study2",24,1,"self","higher_own_payoff","higher_own_payoff",1,0
"study2_80","study2",1,1,"self","lower_own_payoff","higher_own_payoff",1,0
"study2_80","study2",2,1,"self","higher_own_payoff","lower_own_payoff",2,10
"study2_80","study2",3,1,"self","lower_own_payoff","higher_own_payoff",2,10
"study2_80","study2",4,1,"self","higher_own_payoff","higher_own_payoff",1,0
"study2_80","study2",5,1,"self","lower_own_payoff","higher_own_payoff",2,10
"study2_80","study2",6,1,"self","higher_own_payoff","higher_own_payoff",1,0
"study2_80","study2",7,1,"self","lower_own_payoff","higher_own_payoff",2,10
"study2_80","study2",8,1,"self","higher_own_payoff","higher_own_payoff",2,10
"study2_80","study2",9,1,"self","higher_own_payoff","higher_own_payoff",1,0
"study2_80","study2",10,1,"self","lower_own_payoff","higher_own_payoff",1,0
"study2_80","study2",11,1,"self","higher_own_payoff","lower_own_payoff",2,10
"study2_80","study2",12,1,"self","lower_own_payoff","lower_own_payoff",1,0
"study2_80","study2",13,1,"self","lower_own_payoff","lower_own_payoff",1,0
"study2_80","study2",14,1,"self","higher_own_payoff","lower_own_payoff",2,10
"study2_80","study2",15,1,"self","lower_own_payoff","higher_own_payoff",2,10
"study2_80","study2",16,1,"self","higher_own_payoff","higher_own_payoff",2,10
"study2_80","study2",17,1,"self","lower_own_payoff","lower_own_payoff",3,20
"study2_80","study2",18,1,"self","lower_own_payoff","lower_own_payoff",3,20
"study2_80","study2",19,1,"self","higher_own_payoff","higher_own_payoff",2,10
"study2_80","study2",20,1,"self","higher_own_payoff","lower_own_payoff",3,20
"study2_80","study2",21,1,"self","higher_own_payoff","higher_own_payoff",4,30
"study2_80","study2",22,1,"self","higher_own_payoff","lower_own_payoff",4,30
"study2_80","study2",23,1,"self","lower_own_payoff","higher_own_payoff",2,10
"study2_80","study2",24,1,"self","lower_own_payoff","higher_own_payoff",2,10
"study2_81","study2",1,1,"self","higher_own_payoff","higher_own_payoff",1,0
"study2_81","study2",2,1,"self","higher_own_payoff","higher_own_payoff",2,10
"study2_81","study2",3,1,"self","higher_own_payoff","higher_own_payoff",2,10
"study2_81","study2",4,1,"self","higher_own_payoff","higher_own_payoff",1,0
"study2_81","study2",5,1,"self","higher_own_payoff","higher_own_payoff",2,10
"study2_81","study2",6,1,"self","higher_own_payoff","higher_own_payoff",2,10
"study2_81","study2",7,1,"self","higher_own_payoff","higher_own_payoff",2,10
"study2_81","study2",8,1,"self","higher_own_payoff","higher_own_payoff",1,0
"study2_81","study2",9,1,"self","higher_own_payoff","higher_own_payoff",2,10
"study2_81","study2",10,1,"self","higher_own_payoff","higher_own_payoff",1,0
"study2_81","study2",11,1,"self","higher_own_payoff","higher_own_payoff",1,0
"study2_81","study2",12,1,"self","higher_own_payoff","higher_own_payoff",1,0
"study2_81","study2",13,1,"self","higher_own_payoff","higher_own_payoff",2,10
"study2_81","study2",14,1,"self","higher_own_payoff","higher_own_payoff",1,0
"study2_81","study2",15,1,"self","higher_own_payoff","higher_own_payoff",1,0
"study2_81","study2",16,1,"self","higher_own_payoff","higher_own_payoff",2,10
"study2_81","study2",17,1,"self","higher_own_payoff","higher_own_payoff",1,0
"study2_81","study2",18,1,"self","higher_own_payoff","lower_own_payoff",2,10
"study2_81","study2",19,1,"self","higher_own_payoff","higher_own_payoff",1,0
"study2_81","study2",20,1,"self","higher_own_payoff","higher_own_payoff",1,0
"study2_81","study2",21,1,"self","higher_own_payoff","higher_own_payoff",2,10
"study2_81","study2",22,1,"self","higher_own_payoff","higher_own_payoff",1,0
"study2_81","study2",23,1,"self","higher_own_payoff","lower_own_payoff",2,10
"study2_81","study2",24,1,"self","higher_own_payoff","lower_own_payoff",4,30
"study2_82","study2",1,1,"self","lower_own_payoff","higher_own_payoff",2,10
"study2_82","study2",2,1,"self","higher_own_payoff","higher_own_payoff",1,0
"study2_82","study2",3,1,"self","lower_own_payoff","higher_own_payoff",1,0
"study2_82","study2",4,1,"self","lower_own_payoff","lower_own_payoff",1,0
"study2_82","study2",5,1,"self","lower_own_payoff","higher_own_payoff",1,0
"study2_82","study2",6,1,"self","lower_own_payoff","higher_own_payoff",1,0
"study2_82","study2",7,1,"self","lower_own_payoff","higher_own_payoff",1,0
"study2_82","study2",8,1,"self","lower_own_payoff","higher_own_payoff",1,0
"study2_82","study2",9,1,"self","lower_own_payoff","higher_own_payoff",1,0
"study2_82","study2",10,1,"self","lower_own_payoff","higher_own_payoff",1,0
"study2_82","study2",11,1,"self","lower_own_payoff","lower_own_payoff",1,0
"study2_82","study2",12,1,"self","lower_own_payoff","higher_own_payoff",1,0
"study2_82","study2",13,1,"self","lower_own_payoff","higher_own_payoff",1,0
"study2_82","study2",14,1,"self","lower_own_payoff","lower_own_payoff",1,0
"study2_82","study2",15,1,"self","higher_own_payoff","lower_own_payoff",1,0
"study2_82","study2",16,1,"self","lower_own_payoff","higher_own_payoff",1,0
"study2_82","study2",17,1,"self","lower_own_payoff","higher_own_payoff",1,0
"study2_82","study2",18,1,"self","lower_own_payoff","higher_own_payoff",1,0
"study2_82","study2",19,1,"self","lower_own_payoff","higher_own_payoff",1,0
"study2_82","study2",20,1,"self","lower_own_payoff","higher_own_payoff",1,0
"study2_82","study2",21,1,"self","lower_own_payoff","lower_own_payoff",1,0
"study2_82","study2",22,1,"self","lower_own_payoff","lower_own_payoff",1,0
"study2_82","study2",23,1,"self","lower_own_payoff","higher_own_payoff",1,0
"study2_82","study2",24,1,"self","lower_own_payoff","lower_own_payoff",1,0
"study2_84","study2",1,1,"self","higher_own_payoff","higher_own_payoff",4,30
"study2_84","study2",2,1,"self","higher_own_payoff","higher_own_payoff",4,30
"study2_84","study2",3,1,"self","higher_own_payoff","higher_own_payoff",4,30
"study2_84","study2",4,1,"self","higher_own_payoff","lower_own_payoff",4,30
"study2_84","study2",5,1,"self","lower_own_payoff","lower_own_payoff",4,30
"study2_84","study2",6,1,"self","higher_own_payoff","higher_own_payoff",4,30
"study2_84","study2",7,1,"self","lower_own_payoff","higher_own_payoff",4,30
"study2_84","study2",8,1,"self","lower_own_payoff","higher_own_payoff",4,30
"study2_84","study2",9,1,"self","higher_own_payoff","lower_own_payoff",4,30
"study2_84","study2",10,1,"self","lower_own_payoff","higher_own_payoff",4,30
"study2_84","study2",11,1,"self","lower_own_payoff","lower_own_payoff",4,30
"study2_84","study2",12,1,"self","higher_own_payoff","higher_own_payoff",4,30
"study2_84","study2",13,1,"self","lower_own_payoff","lower_own_payoff",4,30
"study2_84","study2",14,1,"self","higher_own_payoff","lower_own_payoff",4,30
"study2_84","study2",15,1,"self","lower_own_payoff","lower_own_payoff",4,30
"study2_84","study2",16,1,"self","lower_own_payoff","higher_own_payoff",4,30
"study2_84","study2",17,1,"self","lower_own_payoff","lower_own_payoff",4,30
"study2_84","study2",18,1,"self","higher_own_payoff","higher_own_payoff",4,30
"study2_84","study2",19,1,"self","higher_own_payoff","higher_own_payoff",4,30
"study2_84","study2",20,1,"self","higher_own_payoff","lower_own_payoff",4,30
"study2_84","study2",21,1,"self","higher_own_payoff","lower_own_payoff",4,30
"study2_84","study2",22,1,"self","lower_own_payoff","higher_own_payoff",4,30
"study2_84","study2",23,1,"self","higher_own_payoff","lower_own_payoff",4,30
"study2_84","study2",24,1,"self","higher_own_payoff","lower_own_payoff",4,30
"study2_85","study2",1,1,"self","lower_own_payoff","higher_own_payoff",1,0
"study2_85","study2",2,1,"self","lower_own_payoff","lower_own_payoff",2,10
"study2_85","study2",3,1,"self","lower_own_payoff","higher_own_payoff",1,0
"study2_85","study2",4,1,"self","lower_own_payoff","lower_own_payoff",1,0
"study2_85","study2",5,1,"self","higher_own_payoff","higher_own_payoff",1,0
"study2_85","study2",6,1,"self","lower_own_payoff","lower_own_payoff",1,0
"study2_85","study2",7,1,"self","higher_own_payoff","lower_own_payoff",1,0
"study2_85","study2",8,1,"self","lower_own_payoff","higher_own_payoff",1,0
"study2_85","study2",9,1,"self","lower_own_payoff","lower_own_payoff",1,0
"study2_85","study2",10,1,"self","higher_own_payoff","lower_own_payoff",1,0
"study2_85","study2",11,1,"self","lower_own_payoff","higher_own_payoff",1,0
"study2_85","study2",12,1,"self","lower_own_payoff","higher_own_payoff",1,0
"study2_85","study2",13,1,"self","lower_own_payoff","higher_own_payoff",1,0
"study2_85","study2",14,1,"self","lower_own_payoff","higher_own_payoff",1,0
"study2_85","study2",15,1,"self","lower_own_payoff","lower_own_payoff",1,0
"study2_85","study2",16,1,"self","lower_own_payoff","higher_own_payoff",1,0
"study2_85","study2",17,1,"self","lower_own_payoff","higher_own_payoff",1,0
"study2_85","study2",18,1,"self","lower_own_payoff","lower_own_payoff",1,0
"study2_85","study2",19,1,"self","lower_own_payoff","lower_own_payoff",1,0
"study2_85","study2",20,1,"self","lower_own_payoff","higher_own_payoff",1,0
"study2_85","study2",21,1,"self","lower_own_payoff","higher_own_payoff",1,0
"study2_85","study2",22,1,"self","lower_own_payoff","higher_own_payoff",1,0
"study2_85","study2",23,1,"self","lower_own_payoff","higher_own_payoff",1,0
"study2_85","study2",24,1,"self","lower_own_payoff","higher_own_payoff",1,0
"study2_86","study2",1,1,"self","higher_own_payoff","higher_own_payoff",2,10
"study2_86","study2",2,1,"self","lower_own_payoff","lower_own_payoff",2,10
"study2_86","study2",3,1,"self","lower_own_payoff","higher_own_payoff",1,0
"study2_86","study2",4,1,"self","lower_own_payoff","lower_own_payoff",1,0
"study2_86","study2",5,1,"self","lower_own_payoff","higher_own_payoff",1,0
"study2_86","study2",6,1,"self","higher_own_payoff","higher_own_payoff",1,0
"study2_86","study2",7,1,"self","higher_own_payoff","higher_own_payoff",2,10
"study2_86","study2",8,1,"self","higher_own_payoff","higher_own_payoff",2,10
"study2_86","study2",9,1,"self","lower_own_payoff","lower_own_payoff",2,10
"study2_86","study2",10,1,"self","lower_own_payoff","higher_own_payoff",2,10
"study2_86","study2",11,1,"self","higher_own_payoff","higher_own_payoff",1,0
"study2_86","study2",12,1,"self","higher_own_payoff","lower_own_payoff",2,10
"study2_86","study2",13,1,"self","lower_own_payoff","higher_own_payoff",2,10
"study2_86","study2",14,1,"self","higher_own_payoff","higher_own_payoff",2,10
"study2_86","study2",15,1,"self","lower_own_payoff","lower_own_payoff",2,10
"study2_86","study2",16,1,"self","higher_own_payoff","higher_own_payoff",1,0
"study2_86","study2",17,1,"self","higher_own_payoff","higher_own_payoff",2,10
"study2_86","study2",18,1,"self","higher_own_payoff","higher_own_payoff",2,10
"study2_86","study2",19,1,"self","lower_own_payoff","higher_own_payoff",2,10
"study2_86","study2",20,1,"self","higher_own_payoff","lower_own_payoff",2,10
"study2_86","study2",21,1,"self","higher_own_payoff","lower_own_payoff",2,10
"study2_86","study2",22,1,"self","lower_own_payoff","higher_own_payoff",2,10
"study2_86","study2",23,1,"self","lower_own_payoff","higher_own_payoff",3,20
"study2_86","study2",24,1,"self","higher_own_payoff","higher_own_payoff",2,10
"study2_87","study2",1,1,"self","higher_own_payoff","higher_own_payoff",1,0
"study2_87","study2",2,1,"self","lower_own_payoff","lower_own_payoff",1,0
"study2_87","study2",3,1,"self","higher_own_payoff","higher_own_payoff",1,0
"study2_87","study2",4,1,"self","higher_own_payoff","lower_own_payoff",1,0
"study2_87","study2",5,1,"self","higher_own_payoff","lower_own_payoff",1,0
"study2_87","study2",6,1,"other","higher_own_payoff","higher_own_payoff",1,0
"study2_87","study2",7,1,"other","lower_own_payoff","higher_own_payoff",1,0
"study2_87","study2",8,1,"other","higher_own_payoff","higher_own_payoff",1,0
"study2_87","study2",9,1,"self","higher_own_payoff","lower_own_payoff",1,0
"study2_87","study2",10,1,"self","lower_own_payoff","higher_own_payoff",1,0
"study2_87","study2",11,1,"self","lower_own_payoff","lower_own_payoff",1,0
"study2_87","study2",12,1,"self","higher_own_payoff","higher_own_payoff",1,0
"study2_87","study2",13,1,"self","higher_own_payoff","higher_own_payoff",1,0
"study2_87","study2",14,1,"self","lower_own_payoff","higher_own_payoff",1,0
"study2_87","study2",15,1,"self","lower_own_payoff","lower_own_payoff",1,0
"study2_87","study2",16,1,"self","lower_own_payoff","higher_own_payoff",1,0
"study2_87","study2",17,1,"self","higher_own_payoff","lower_own_payoff",1,0
"study2_87","study2",18,1,"other","lower_own_payoff","higher_own_payoff",1,0
"study2_87","study2",19,1,"other","higher_own_payoff","higher_own_payoff",1,0
"study2_87","study2",20,1,"other","higher_own_payoff","higher_own_payoff",1,0
"study2_87","study2",21,1,"self","higher_own_payoff","lower_own_payoff",1,0
"study2_87","study2",22,1,"self","lower_own_payoff","higher_own_payoff",1,0
"study2_87","study2",23,1,"self","higher_own_payoff","higher_own_payoff",1,0
"study2_87","study2",24,1,"self","lower_own_payoff","higher_own_payoff",1,0
"study2_88","study2",1,1,"self","higher_own_payoff","lower_own_payoff",4,30
"study2_88","study2",2,1,"self","higher_own_payoff","lower_own_payoff",2,10
"study2_88","study2",3,1,"self","higher_own_payoff","higher_own_payoff",2,10
"study2_88","study2",4,1,"self","higher_own_payoff","lower_own_payoff",4,30
"study2_88","study2",5,1,"self","higher_own_payoff","higher_own_payoff",2,10
"study2_88","study2",6,1,"self","higher_own_payoff","lower_own_payoff",3,20
"study2_88","study2",7,1,"self","higher_own_payoff","higher_own_payoff",2,10
"study2_88","study2",8,1,"self","higher_own_payoff","higher_own_payoff",2,10
"study2_88","study2",9,1,"self","higher_own_payoff","higher_own_payoff",2,10
"study2_88","study2",10,1,"self","higher_own_payoff","lower_own_payoff",2,10
"study2_88","study2",11,1,"self","higher_own_payoff","lower_own_payoff",2,10
"study2_88","study2",12,1,"self","lower_own_payoff","higher_own_payoff",2,10
"study2_88","study2",13,1,"self","higher_own_payoff","higher_own_payoff",2,10
"study2_88","study2",14,1,"self","higher_own_payoff","lower_own_payoff",2,10
"study2_88","study2",15,1,"self","higher_own_payoff","higher_own_payoff",2,10
"study2_88","study2",16,1,"self","higher_own_payoff","higher_own_payoff",2,10
"study2_88","study2",17,1,"self","higher_own_payoff","lower_own_payoff",2,10
"study2_88","study2",18,1,"self","higher_own_payoff","higher_own_payoff",2,10
"study2_88","study2",19,1,"self","higher_own_payoff","higher_own_payoff",2,10
"study2_88","study2",20,1,"self","higher_own_payoff","higher_own_payoff",2,10
"study2_88","study2",21,1,"self","lower_own_payoff","lower_own_payoff",2,10
"study2_88","study2",22,1,"self","higher_own_payoff","higher_own_payoff",2,10
"study2_88","study2",23,1,"self","higher_own_payoff","lower_own_payoff",2,10
"study2_88","study2",24,1,"self","higher_own_payoff","higher_own_payoff",1,0
"study2_89","study2",1,1,"self","higher_own_payoff","lower_own_payoff",4,30
"study2_89","study2",2,1,"self","higher_own_payoff","lower_own_payoff",3,20
"study2_89","study2",3,1,"self","lower_own_payoff","higher_own_payoff",3,20
"study2_89","study2",4,1,"self","higher_own_payoff","higher_own_payoff",3,20
"study2_89","study2",5,1,"self","higher_own_payoff","lower_own_payoff",4,30
"study2_89","study2",6,1,"self","lower_own_payoff","higher_own_payoff",3,20
"study2_89","study2",7,1,"self","higher_own_payoff","lower_own_payoff",3,20
"study2_89","study2",8,1,"self","higher_own_payoff","higher_own_payoff",4,30
"study2_89","study2",9,1,"self","lower_own_payoff","lower_own_payoff",4,30
"study2_89","study2",10,1,"self","lower_own_payoff","higher_own_payoff",3,20
"study2_89","study2",11,1,"self","higher_own_payoff","higher_own_payoff",4,30
"study2_89","study2",12,1,"self","higher_own_payoff","lower_own_payoff",3,20
"study2_89","study2",13,1,"self","lower_own_payoff","higher_own_payoff",2,10
"study2_89","study2",14,1,"self","lower_own_payoff","higher_own_payoff",2,10
"study2_89","study2",15,1,"self","higher_own_payoff","lower_own_payoff",3,20
"study2_89","study2",16,1,"self","lower_own_payoff","lower_own_payoff",4,30
"study2_89","study2",17,1,"self","lower_own_payoff","higher_own_payoff",2,10
"study2_89","study2",18,1,"self","higher_own_payoff","higher_own_payoff",4,30
"study2_89","study2",19,1,"self","higher_own_payoff","higher_own_payoff",4,30
"study2_89","study2",20,1,"self","lower_own_payoff","lower_own_payoff",4,30
"study2_89","study2",21,1,"self","lower_own_payoff","higher_own_payoff",3,20
"study2_89","study2",22,1,"self","lower_own_payoff","lower_own_payoff",4,30
"study2_89","study2",23,1,"self","higher_own_payoff","higher_own_payoff",4,30
"study2_89","study2",24,1,"self","lower_own_payoff","lower_own_payoff",4,30
"study2_90","study2",1,1,"self","higher_own_payoff","lower_own_payoff",1,0
"study2_90","study2",2,1,"self","higher_own_payoff","higher_own_payoff",1,0
"study2_90","study2",3,1,"self","higher_own_payoff","higher_own_payoff",1,0
"study2_90","study2",4,1,"self","lower_own_payoff","lower_own_payoff",1,0
"study2_90","study2",5,1,"self","higher_own_payoff","higher_own_payoff",1,0
"study2_90","study2",6,1,"self","higher_own_payoff","higher_own_payoff",1,0
"study2_90","study2",7,1,"self","higher_own_payoff","higher_own_payoff",1,0
"study2_90","study2",8,1,"self","higher_own_payoff","higher_own_payoff",1,0
"study2_90","study2",9,1,"self","lower_own_payoff","lower_own_payoff",1,0
"study2_90","study2",10,1,"self","lower_own_payoff","higher_own_payoff",1,0
"study2_90","study2",11,1,"self","lower_own_payoff","lower_own_payoff",1,0
"study2_90","study2",12,1,"self","higher_own_payoff","higher_own_payoff",2,10
"study2_90","study2",13,1,"self","higher_own_payoff","higher_own_payoff",1,0
"study2_90","study2",14,1,"self","higher_own_payoff","higher_own_payoff",1,0
"study2_90","study2",15,1,"self","higher_own_payoff","higher_own_payoff",1,0
"study2_90","study2",16,1,"self","higher_own_payoff","higher_own_payoff",1,0
"study2_90","study2",17,1,"self","higher_own_payoff","higher_own_payoff",2,10
"study2_90","study2",18,1,"self","lower_own_payoff","higher_own_payoff",2,10
"study2_90","study2",19,1,"self","higher_own_payoff","higher_own_payoff",1,0
"study2_90","study2",20,1,"self","lower_own_payoff","higher_own_payoff",1,0
"study2_90","study2",21,1,"self","higher_own_payoff","higher_own_payoff",1,0
"study2_90","study2",22,1,"self","higher_own_payoff","higher_own_payoff",1,0
"study2_90","study2",23,1,"other","lower_own_payoff","lower_own_payoff",1,0
"study2_90","study2",24,1,"self","higher_own_payoff","higher_own_payoff",1,0
"study2_91","study2",1,1,"self","lower_own_payoff","higher_own_payoff",1,0
"study2_91","study2",2,1,"self","lower_own_payoff","higher_own_payoff",1,0
"study2_91","study2",3,1,"self","lower_own_payoff","lower_own_payoff",1,0
"study2_91","study2",4,1,"self","lower_own_payoff","higher_own_payoff",1,0
"study2_91","study2",5,1,"self","lower_own_payoff","lower_own_payoff",1,0
"study2_91","study2",6,1,"self","lower_own_payoff","higher_own_payoff",2,10
"study2_91","study2",7,1,"self","lower_own_payoff","higher_own_payoff",1,0
"study2_91","study2",8,1,"self","lower_own_payoff","higher_own_payoff",1,0
"study2_91","study2",9,1,"self","lower_own_payoff","higher_own_payoff",1,0
"study2_91","study2",10,1,"self","lower_own_payoff","higher_own_payoff",1,0
"study2_91","study2",11,1,"self","lower_own_payoff","higher_own_payoff",1,0
"study2_91","study2",12,1,"self","lower_own_payoff","lower_own_payoff",2,10
"study2_91","study2",13,1,"self","lower_own_payoff","higher_own_payoff",1,0
"study2_91","study2",14,1,"self","lower_own_payoff","lower_own_payoff",2,10
"study2_91","study2",15,1,"self","lower_own_payoff","lower_own_payoff",1,0
"study2_91","study2",16,1,"self","lower_own_payoff","higher_own_payoff",1,0
"study2_91","study2",17,1,"self","lower_own_payoff","higher_own_payoff",1,0
"study2_91","study2",18,1,"self","lower_own_payoff","higher_own_payoff",1,0
"study2_91","study2",19,1,"self","lower_own_payoff","lower_own_payoff",1,0
"study2_91","study2",20,1,"self","lower_own_payoff","lower_own_payoff",1,0
"study2_91","study2",21,1,"self","lower_own_payoff","higher_own_payoff",1,0
"study2_91","study2",22,1,"self","lower_own_payoff","higher_own_payoff",1,0
"study2_91","study2",23,1,"self","lower_own_payoff","higher_own_payoff",1,0
"study2_91","study2",24,1,"self","lower_own_payoff","higher_own_payoff",1,0
"study2_92","study2",1,1,"self","lower_own_payoff","higher_own_payoff",1,0
"study2_92","study2",2,1,"self","higher_own_payoff","higher_own_payoff",2,10
"study2_92","study2",3,1,"self","higher_own_payoff","higher_own_payoff",1,0
"study2_92","study2",4,1,"self","higher_own_payoff","higher_own_payoff",1,0
"study2_92","study2",5,1,"self","lower_own_payoff","higher_own_payoff",1,0
"study2_92","study2",6,1,"self","higher_own_payoff","higher_own_payoff",1,0
"study2_92","study2",7,1,"self","higher_own_payoff","higher_own_payoff",1,0
"study2_92","study2",8,1,"self","higher_own_payoff","higher_own_payoff",1,0
"study2_92","study2",9,1,"self","higher_own_payoff","higher_own_payoff",1,0
"study2_92","study2",10,1,"self","higher_own_payoff","higher_own_payoff",1,0
"study2_92","study2",11,1,"self","lower_own_payoff","higher_own_payoff",1,0
"study2_92","study2",12,1,"self","lower_own_payoff","lower_own_payoff",1,0
"study2_92","study2",13,1,"self","lower_own_payoff","higher_own_payoff",1,0
"study2_92","study2",14,1,"self","lower_own_payoff","higher_own_payoff",1,0
"study2_92","study2",15,1,"self","lower_own_payoff","higher_own_payoff",1,0
"study2_92","study2",16,1,"self","lower_own_payoff","higher_own_payoff",1,0
"study2_92","study2",17,1,"self","lower_own_payoff","higher_own_payoff",1,0
"study2_92","study2",18,1,"self","lower_own_payoff","higher_own_payoff",1,0
"study2_92","study2",19,1,"self","lower_own_payoff","higher_own_payoff",1,0
"study2_92","study2",20,1,"self","higher_own_payoff","higher_own_payoff",1,0
"study2_92","study2",21,1,"self","lower_own_payoff","higher_own_payoff",1,0
"study2_92","study2",22,1,"self","higher_own_payoff","lower_own_payoff",1,0
"study2_92","study2",23,1,"self","higher_own_payoff","higher_own_payoff",1,0
"study2_92","study2",24,1,"self","higher_own_payoff","higher_own_payoff",1,0
"study2_93","study2",1,1,"other","lower_own_payoff","higher_own_payoff",2,10
"study2_93","study2",2,1,"self","higher_own_payoff","higher_own_payoff",2,10
"study2_93","study2",3,1,"self","higher_own_payoff","higher_own_payoff",1,0
"study2_93","study2",4,1,"other","higher_own_payoff","higher_own_payoff",2,10
"study2_93","study2",5,1,"self","lower_own_payoff","lower_own_payoff",1,0
"study2_93","study2",6,1,"self","lower_own_payoff","higher_own_payoff",2,10
"study2_93","study2",7,1,"self","higher_own_payoff","higher_own_payoff",2,10
"study2_93","study2",8,1,"other","higher_own_payoff","lower_own_payoff",1,0
"study2_93","study2",9,1,"other","higher_own_payoff","lower_own_payoff",1,0
"study2_93","study2",10,1,"other","higher_own_payoff","higher_own_payoff",1,0
"study2_93","study2",11,1,"self","lower_own_payoff","lower_own_payoff",3,20
"study2_93","study2",12,1,"other","higher_own_payoff","higher_own_payoff",2,10
"study2_93","study2",13,1,"self","lower_own_payoff","higher_own_payoff",1,0
"study2_93","study2",14,1,"other","higher_own_payoff","lower_own_payoff",1,0
"study2_93","study2",15,1,"other","higher_own_payoff","lower_own_payoff",2,10
"study2_93","study2",16,1,"self","lower_own_payoff","higher_own_payoff",2,10
"study2_93","study2",17,1,"other","higher_own_payoff","lower_own_payoff",1,0
"study2_93","study2",18,1,"other","higher_own_payoff","lower_own_payoff",2,10
"study2_93","study2",19,1,"self","lower_own_payoff","higher_own_payoff",2,10
"study2_93","study2",20,1,"self","lower_own_payoff","lower_own_payoff",2,10
"study2_93","study2",21,1,"other","higher_own_payoff","higher_own_payoff",2,10
"study2_93","study2",22,1,"self","lower_own_payoff","higher_own_payoff",1,0
"study2_93","study2",23,1,"other","higher_own_payoff","lower_own_payoff",1,0
"study2_93","study2",24,1,"other","higher_own_payoff","higher_own_payoff",2,10
"study2_95","study2",1,1,"self","higher_own_payoff","higher_own_payoff",3,20
"study2_95","study2",2,1,"self","higher_own_payoff","higher_own_payoff",2,10
"study2_95","study2",3,1,"self","higher_own_payoff","higher_own_payoff",1,0
"study2_95","study2",4,1,"self","higher_own_payoff","lower_own_payoff",1,0
"study2_95","study2",5,1,"self","lower_own_payoff","higher_own_payoff",1,0
"study2_95","study2",6,1,"self","higher_own_payoff","lower_own_payoff",4,30
"study2_95","study2",7,1,"self","higher_own_payoff","higher_own_payoff",4,30
"study2_95","study2",8,1,"self","higher_own_payoff","higher_own_payoff",3,20
"study2_95","study2",9,1,"self","lower_own_payoff","lower_own_payoff",4,30
"study2_95","study2",10,1,"self","lower_own_payoff","lower_own_payoff",2,10
"study2_95","study2",11,1,"self","lower_own_payoff","higher_own_payoff",1,0
"study2_95","study2",12,1,"self","lower_own_payoff","lower_own_payoff",3,20
"study2_95","study2",13,1,"self","lower_own_payoff","higher_own_payoff",2,10
"study2_95","study2",14,1,"self","lower_own_payoff","lower_own_payoff",4,30
"study2_95","study2",15,1,"self","lower_own_payoff","higher_own_payoff",1,0
"study2_95","study2",16,1,"self","lower_own_payoff","higher_own_payoff",1,0
"study2_95","study2",17,1,"self","lower_own_payoff","lower_own_payoff",4,30
"study2_95","study2",18,1,"self","lower_own_payoff","higher_own_payoff",2,10
"study2_95","study2",19,1,"self","lower_own_payoff","lower_own_payoff",3,20
"study2_95","study2",20,1,"self","lower_own_payoff","higher_own_payoff",2,10
"study2_95","study2",21,1,"self","lower_own_payoff","higher_own_payoff",2,10
"study2_95","study2",22,1,"self","lower_own_payoff","higher_own_payoff",2,10
"study2_95","study2",23,1,"self","lower_own_payoff","lower_own_payoff",4,30
"study2_95","study2",24,1,"self","lower_own_payoff","higher_own_payoff",2,10
"study2_96","study2",1,1,"self","higher_own_payoff","higher_own_payoff",1,0
"study2_96","study2",2,1,"self","higher_own_payoff","higher_own_payoff",2,10
"study2_96","study2",3,1,"self","higher_own_payoff","higher_own_payoff",1,0
"study2_96","study2",4,1,"self","higher_own_payoff","higher_own_payoff",1,0
"study2_96","study2",5,1,"self","higher_own_payoff","lower_own_payoff",1,0
"study2_96","study2",6,1,"self","higher_own_payoff","higher_own_payoff",1,0
"study2_96","study2",7,1,"self","higher_own_payoff","higher_own_payoff",1,0
"study2_96","study2",8,1,"self","higher_own_payoff","lower_own_payoff",1,0
"study2_96","study2",9,1,"self","higher_own_payoff","higher_own_payoff",1,0
"study2_96","study2",10,1,"self","higher_own_payoff","higher_own_payoff",1,0
"study2_96","study2",11,1,"self","higher_own_payoff","higher_own_payoff",1,0
"study2_96","study2",12,1,"self","higher_own_payoff","higher_own_payoff",1,0
"study2_96","study2",13,1,"self","higher_own_payoff","higher_own_payoff",1,0
"study2_96","study2",14,1,"self","higher_own_payoff","higher_own_payoff",1,0
"study2_96","study2",15,1,"self","higher_own_payoff","higher_own_payoff",1,0
"study2_96","study2",16,1,"self","higher_own_payoff","higher_own_payoff",2,10
"study2_96","study2",17,1,"self","higher_own_payoff","lower_own_payoff",1,0
"study2_96","study2",18,1,"self","higher_own_payoff","higher_own_payoff",1,0
"study2_96","study2",19,1,"self","higher_own_payoff","higher_own_payoff",1,0
"study2_96","study2",20,1,"self","higher_own_payoff","lower_own_payoff",2,10
"study2_96","study2",21,1,"self","higher_own_payoff","higher_own_payoff",1,0
"study2_96","study2",22,1,"self","lower_own_payoff","lower_own_payoff",1,0
"study2_96","study2",23,1,"self","higher_own_payoff","higher_own_payoff",1,0
"study2_96","study2",24,1,"self","higher_own_payoff","lower_own_payoff",1,0
"study2_97","study2",1,1,"self","higher_own_payoff","lower_own_payoff",2,10
"study2_97","study2",2,1,"self","higher_own_payoff","higher_own_payoff",1,0
"study2_97","study2",3,1,"other","higher_own_payoff","lower_own_payoff",2,10
"study2_97","study2",4,1,"self","lower_own_payoff","higher_own_payoff",1,0
"study2_97","study2",5,1,"self","lower_own_payoff","higher_own_payoff",1,0
"study2_97","study2",6,1,"other","higher_own_payoff","higher_own_payoff",2,10
"study2_97","study2",7,1,"other","higher_own_payoff","lower_own_payoff",1,0
"study2_97","study2",8,1,"self","lower_own_payoff","higher_own_payoff",2,10
"study2_97","study2",9,1,"self","higher_own_payoff","higher_own_payoff",2,10
"study2_97","study2",10,1,"self","lower_own_payoff","lower_own_payoff",1,0
"study2_97","study2",11,1,"other","higher_own_payoff","higher_own_payoff",1,0
"study2_97","study2",12,1,"other","higher_own_payoff","lower_own_payoff",1,0
"study2_97","study2",13,1,"self","lower_own_payoff","higher_own_payoff",2,10
"study2_97","study2",14,1,"self","higher_own_payoff","lower_own_payoff",2,10
"study2_97","study2",15,1,"self","lower_own_payoff","lower_own_payoff",2,10
"study2_97","study2",16,1,"self","lower_own_payoff","higher_own_payoff",1,0
"study2_97","study2",17,1,"self","lower_own_payoff","lower_own_payoff",2,10
"study2_97","study2",18,1,"other","higher_own_payoff","lower_own_payoff",2,10
"study2_97","study2",19,1,"self","lower_own_payoff","higher_own_payoff",2,10
"study2_97","study2",20,1,"other","higher_own_payoff","higher_own_payoff",1,0
"study2_97","study2",21,1,"other","higher_own_payoff","lower_own_payoff",2,10
"study2_97","study2",22,1,"other","higher_own_payoff","higher_own_payoff",2,10
"study2_97","study2",23,1,"self","lower_own_payoff","lower_own_payoff",1,0
"study2_97","study2",24,1,"self","lower_own_payoff","higher_own_payoff",1,0
"study2_98","study2",1,1,"self","lower_own_payoff","higher_own_payoff",4,30
"study2_98","study2",2,1,"self","higher_own_payoff","higher_own_payoff",4,30
"study2_98","study2",3,1,"self","higher_own_payoff","lower_own_payoff",3,20
"study2_98","study2",4,1,"self","higher_own_payoff","higher_own_payoff",3,20
"study2_98","study2",5,1,"self","higher_own_payoff","higher_own_payoff",3,20
"study2_98","study2",6,1,"self","lower_own_payoff","lower_own_payoff",4,30
"study2_98","study2",7,1,"self","higher_own_payoff","higher_own_payoff",4,30
"study2_98","study2",8,1,"self","lower_own_payoff","higher_own_payoff",3,20
"study2_98","study2",9,1,"self","lower_own_payoff","higher_own_payoff",2,10
"study2_98","study2",10,1,"self","lower_own_payoff","lower_own_payoff",4,30
"study2_98","study2",11,1,"self","lower_own_payoff","higher_own_payoff",3,20
"study2_98","study2",12,1,"self","lower_own_payoff","lower_own_payoff",4,30
"study2_98","study2",13,1,"self","lower_own_payoff","lower_own_payoff",3,20
"study2_98","study2",14,1,"self","lower_own_payoff","higher_own_payoff",2,10
"study2_98","study2",15,1,"self","higher_own_payoff","lower_own_payoff",3,20
"study2_98","study2",16,1,"self","higher_own_payoff","higher_own_payoff",4,30
"study2_98","study2",17,1,"self","higher_own_payoff","lower_own_payoff",3,20
"study2_98","study2",18,1,"self","higher_own_payoff","higher_own_payoff",4,30
"study2_98","study2",19,1,"self","lower_own_payoff","lower_own_payoff",4,30
"study2_98","study2",20,1,"self","lower_own_payoff","lower_own_payoff",4,30
"study2_98","study2",21,1,"self","lower_own_payoff","lower_own_payoff",4,30
"study2_98","study2",22,1,"self","higher_own_payoff","lower_own_payoff",4,30
"study2_98","study2",23,1,"self","higher_own_payoff","higher_own_payoff",4,30
"study2_98","study2",24,1,"self","lower_own_payoff","lower_own_payoff",4,30
"study2_99","study2",1,1,"self","lower_own_payoff","lower_own_payoff",1,0
"study2_99","study2",2,1,"self","lower_own_payoff","lower_own_payoff",1,0
"study2_99","study2",3,1,"other","lower_own_payoff","lower_own_payoff",1,0
"study2_99","study2",4,1,"self","lower_own_payoff","higher_own_payoff",1,0
"study2_99","study2",5,1,"other","higher_own_payoff","higher_own_payoff",1,0
"study2_99","study2",6,1,"other","lower_own_payoff","lower_own_payoff",1,0
"study2_99","study2",7,1,"self","lower_own_payoff","lower_own_payoff",1,0
"study2_99","study2",8,1,"self","lower_own_payoff","higher_own_payoff",1,0
"study2_99","study2",9,1,"other","higher_own_payoff","higher_own_payoff",1,0
"study2_99","study2",10,1,"other","lower_own_payoff","lower_own_payoff",1,0
"study2_99","study2",11,1,"other","lower_own_payoff","lower_own_payoff",1,0
"study2_99","study2",12,1,"self","higher_own_payoff","higher_own_payoff",1,0
"study2_99","study2",13,1,"other","higher_own_payoff","lower_own_payoff",1,0
"study2_99","study2",14,1,"other","higher_own_payoff","lower_own_payoff",1,0
"study2_99","study2",15,1,"self","lower_own_payoff","lower_own_payoff",1,0
"study2_99","study2",16,1,"other","higher_own_payoff","higher_own_payoff",1,0
"study2_99","study2",17,1,"other","higher_own_payoff","lower_own_payoff",1,0
"study2_99","study2",18,1,"self","lower_own_payoff","lower_own_payoff",1,0
"study2_99","study2",19,1,"self","higher_own_payoff","higher_own_payoff",1,0
"study2_99","study2",20,1,"self","lower_own_payoff","lower_own_payoff",1,0
"study2_99","study2",21,1,"other","higher_own_payoff","higher_own_payoff",1,0
"study2_99","study2",22,1,"self","lower_own_payoff","higher_own_payoff",1,0
"study2_99","study2",23,1,"self","lower_own_payoff","higher_own_payoff",1,0
"study2_99","study2",24,1,"self","lower_own_payoff","higher_own_payoff",1,0
"study2_100","study2",1,1,"self","lower_own_payoff","lower_own_payoff",2,10
"study2_100","study2",2,1,"self","higher_own_payoff","lower_own_payoff",2,10
"study2_100","study2",3,1,"self","lower_own_payoff","higher_own_payoff",1,0
"study2_100","study2",4,1,"self","higher_own_payoff","higher_own_payoff",2,10
"study2_100","study2",5,1,"self","higher_own_payoff","higher_own_payoff",2,10
"study2_100","study2",6,1,"self","lower_own_payoff","higher_own_payoff",1,0
"study2_100","study2",7,1,"self","higher_own_payoff","higher_own_payoff",2,10
"study2_100","study2",8,1,"self","higher_own_payoff","lower_own_payoff",2,10
"study2_100","study2",9,1,"self","higher_own_payoff","higher_own_payoff",2,10
"study2_100","study2",10,1,"self","higher_own_payoff","higher_own_payoff",1,0
"study2_100","study2",11,1,"self","lower_own_payoff","lower_own_payoff",1,0
"study2_100","study2",12,1,"self","higher_own_payoff","higher_own_payoff",1,0
"study2_100","study2",13,1,"self","lower_own_payoff","higher_own_payoff",1,0
"study2_100","study2",14,1,"self","higher_own_payoff","higher_own_payoff",1,0
"study2_100","study2",15,1,"self","higher_own_payoff","higher_own_payoff",1,0
"study2_100","study2",16,1,"self","lower_own_payoff","higher_own_payoff",2,10
"study2_100","study2",17,1,"self","lower_own_payoff","lower_own_payoff",2,10
"study2_100","study2",18,1,"self","lower_own_payoff","higher_own_payoff",1,0
"study2_100","study2",19,1,"self","lower_own_payoff","lower_own_payoff",2,10
"study2_100","study2",20,1,"self","higher_own_payoff","higher_own_payoff",2,10
"study2_100","study2",21,1,"self","lower_own_payoff","lower_own_payoff",1,0
"study2_100","study2",22,1,"self","higher_own_payoff","higher_own_payoff",1,0
"study2_100","study2",23,1,"self","higher_own_payoff","higher_own_payoff",1,0
"study2_100","study2",24,1,"self","lower_own_payoff","lower_own_payoff",2,10
"study2_101","study2",1,1,"self","higher_own_payoff","higher_own_payoff",1,0
"study2_101","study2",2,1,"self","lower_own_payoff","lower_own_payoff",1,0
"study2_101","study2",3,1,"self","higher_own_payoff","lower_own_payoff",1,0
"study2_101","study2",4,1,"self","higher_own_payoff","higher_own_payoff",1,0
"study2_101","study2",5,1,"self","higher_own_payoff","higher_own_payoff",1,0
"study2_101","study2",6,1,"self","higher_own_payoff","higher_own_payoff",1,0
"study2_101","study2",7,1,"self","lower_own_payoff","higher_own_payoff",1,0
"study2_101","study2",8,1,"other","higher_own_payoff","higher_own_payoff",1,0
"study2_101","study2",9,1,"other","lower_own_payoff","higher_own_payoff",1,0
"study2_101","study2",10,1,"self","higher_own_payoff","higher_own_payoff",1,0
"study2_101","study2",11,1,"self","higher_own_payoff","higher_own_payoff",1,0
"study2_101","study2",12,1,"self","higher_own_payoff","lower_own_payoff",1,0
"study2_101","study2",13,1,"self","higher_own_payoff","lower_own_payoff",1,0
"study2_101","study2",14,1,"self","higher_own_payoff","higher_own_payoff",1,0
"study2_101","study2",15,1,"other","lower_own_payoff","higher_own_payoff",1,0
"study2_101","study2",16,1,"self","lower_own_payoff","higher_own_payoff",1,0
"study2_101","study2",17,1,"other","higher_own_payoff","higher_own_payoff",1,0
"study2_101","study2",18,1,"self","higher_own_payoff","higher_own_payoff",1,0
"study2_101","study2",19,1,"self","higher_own_payoff","higher_own_payoff",1,0
"study2_101","study2",20,1,"self","higher_own_payoff","higher_own_payoff",1,0
"study2_101","study2",21,1,"self","lower_own_payoff","higher_own_payoff",1,0
"study2_101","study2",22,1,"other","lower_own_payoff","higher_own_payoff",1,0
"study2_101","study2",23,1,"other","lower_own_payoff","higher_own_payoff",1,0
"study2_101","study2",24,1,"other","higher_own_payoff","higher_own_payoff",1,0
"study2_102","study2",1,1,"self","higher_own_payoff","higher_own_payoff",1,0
"study2_102","study2",2,1,"self","higher_own_payoff","higher_own_payoff",1,0
"study2_102","study2",3,1,"self","higher_own_payoff","higher_own_payoff",1,0
"study2_102","study2",4,1,"self","higher_own_payoff","higher_own_payoff",1,0
"study2_102","study2",5,1,"self","higher_own_payoff","higher_own_payoff",1,0
"study2_102","study2",6,1,"self","higher_own_payoff","higher_own_payoff",1,0
"study2_102","study2",7,1,"self","higher_own_payoff","higher_own_payoff",1,0
"study2_102","study2",8,1,"self","higher_own_payoff","higher_own_payoff",1,0
"study2_102","study2",9,1,"self","higher_own_payoff","higher_own_payoff",1,0
"study2_102","study2",10,1,"self","higher_own_payoff","higher_own_payoff",1,0
"study2_102","study2",11,1,"self","higher_own_payoff","higher_own_payoff",1,0
"study2_102","study2",12,1,"self","higher_own_payoff","higher_own_payoff",1,0
"study2_102","study2",13,1,"self","higher_own_payoff","higher_own_payoff",1,0
"study2_102","study2",14,1,"self","higher_own_payoff","higher_own_payoff",1,0
"study2_102","study2",15,1,"self","higher_own_payoff","higher_own_payoff",1,0
"study2_102","study2",16,1,"self","higher_own_payoff","higher_own_payoff",1,0
"study2_102","study2",17,1,"self","higher_own_payoff","higher_own_payoff",1,0
"study2_102","study2",18,1,"self","higher_own_payoff","higher_own_payoff",1,0
"study2_102","study2",19,1,"self","higher_own_payoff","higher_own_payoff",1,0
"study2_102","study2",20,1,"self","higher_own_payoff","higher_own_payoff",1,0
"study2_102","study2",21,1,"self","higher_own_payoff","higher_own_payoff",1,0
"study2_102","study2",22,1,"self","higher_own_payoff","higher_own_payoff",1,0
"study2_102","study2",23,1,"self","higher_own_payoff","higher_own_payoff",1,0
"study2_102","study2",24,1,"self","higher_own_payoff","higher_own_payoff",1,0
"study2_104","study2",1,1,"self","higher_own_payoff","higher_own_payoff",4,30
"study2_104","study2",2,1,"self","higher_own_payoff","higher_own_payoff",1,0
"study2_104","study2",3,1,"self","higher_own_payoff","higher_own_payoff",2,10
"study2_104","study2",4,1,"self","higher_own_payoff","lower_own_payoff",4,30
"study2_104","study2",5,1,"self","higher_own_payoff","higher_own_payoff",1,0
"study2_104","study2",6,1,"self","higher_own_payoff","higher_own_payoff",1,0
"study2_104","study2",7,1,"self","higher_own_payoff","higher_own_payoff",1,0
"study2_104","study2",8,1,"self","higher_own_payoff","higher_own_payoff",1,0
"study2_104","study2",9,1,"self","higher_own_payoff","higher_own_payoff",1,0
"study2_104","study2",10,1,"self","lower_own_payoff","higher_own_payoff",2,10
"study2_104","study2",11,1,"self","higher_own_payoff","lower_own_payoff",4,30
"study2_104","study2",12,1,"self","lower_own_payoff","lower_own_payoff",4,30
"study2_104","study2",13,1,"self","higher_own_payoff","higher_own_payoff",1,0
"study2_104","study2",14,1,"self","higher_own_payoff","lower_own_payoff",4,30
"study2_104","study2",15,1,"self","higher_own_payoff","lower_own_payoff",4,30
"study2_104","study2",16,1,"self","higher_own_payoff","lower_own_payoff",4,30
"study2_104","study2",17,1,"self","lower_own_payoff","lower_own_payoff",4,30
"study2_104","study2",18,1,"self","lower_own_payoff","lower_own_payoff",4,30
"study2_104","study2",19,1,"self","lower_own_payoff","higher_own_payoff",4,30
"study2_104","study2",20,1,"self","higher_own_payoff","lower_own_payoff",4,30
"study2_104","study2",21,1,"self","lower_own_payoff","higher_own_payoff",4,30
"study2_104","study2",22,1,"self","lower_own_payoff","higher_own_payoff",4,30
"study2_104","study2",23,1,"self","higher_own_payoff","higher_own_payoff",4,30
"study2_104","study2",24,1,"self","higher_own_payoff","higher_own_payoff",4,30
"study2_105","study2",1,1,"self","higher_own_payoff","lower_own_payoff",4,30
"study2_105","study2",2,1,"self","lower_own_payoff","higher_own_payoff",4,30
"study2_105","study2",3,1,"self","lower_own_payoff","higher_own_payoff",4,30
"study2_105","study2",4,1,"self","higher_own_payoff","higher_own_payoff",4,30
"study2_105","study2",5,1,"self","higher_own_payoff","higher_own_payoff",4,30
"study2_105","study2",6,1,"self","higher_own_payoff","lower_own_payoff",4,30
"study2_105","study2",7,1,"self","lower_own_payoff","lower_own_payoff",4,30
"study2_105","study2",8,1,"self","higher_own_payoff","higher_own_payoff",4,30
"study2_105","study2",9,1,"self","higher_own_payoff","lower_own_payoff",4,30
"study2_105","study2",10,1,"self","lower_own_payoff","higher_own_payoff",4,30
"study2_105","study2",11,1,"self","higher_own_payoff","lower_own_payoff",4,30
"study2_105","study2",12,1,"self","higher_own_payoff","lower_own_payoff",4,30
"study2_105","study2",13,1,"self","higher_own_payoff","lower_own_payoff",4,30
"study2_105","study2",14,1,"other","higher_own_payoff","higher_own_payoff",3,20
"study2_105","study2",15,1,"self","lower_own_payoff","lower_own_payoff",4,30
"study2_105","study2",16,1,"self","higher_own_payoff","higher_own_payoff",4,30
"study2_105","study2",17,1,"self","lower_own_payoff","higher_own_payoff",4,30
"study2_105","study2",18,1,"self","higher_own_payoff","higher_own_payoff",4,30
"study2_105","study2",19,1,"self","higher_own_payoff","higher_own_payoff",4,30
"study2_105","study2",20,1,"self","lower_own_payoff","higher_own_payoff",4,30
"study2_105","study2",21,1,"self","higher_own_payoff","lower_own_payoff",4,30
"study2_105","study2",22,1,"self","higher_own_payoff","lower_own_payoff",4,30
"study2_105","study2",23,1,"self","lower_own_payoff","higher_own_payoff",4,30
"study2_105","study2",24,1,"self","lower_own_payoff","higher_own_payoff",4,30
"study2_107","study2",1,1,"self","higher_own_payoff","higher_own_payoff",2,10
"study2_107","study2",2,1,"self","lower_own_payoff","higher_own_payoff",2,10
"study2_107","study2",3,1,"self","higher_own_payoff","higher_own_payoff",1,0
"study2_107","study2",4,1,"self","higher_own_payoff","lower_own_payoff",2,10
"study2_107","study2",5,1,"self","higher_own_payoff","higher_own_payoff",1,0
"study2_107","study2",6,1,"self","lower_own_payoff","lower_own_payoff",1,0
"study2_107","study2",7,1,"self","lower_own_payoff","lower_own_payoff",1,0
"study2_107","study2",8,1,"self","lower_own_payoff","higher_own_payoff",1,0
"study2_107","study2",9,1,"self","lower_own_payoff","higher_own_payoff",1,0
"study2_107","study2",10,1,"self","lower_own_payoff","lower_own_payoff",2,10
"study2_107","study2",11,1,"self","lower_own_payoff","lower_own_payoff",1,0
"study2_107","study2",12,1,"self","lower_own_payoff","higher_own_payoff",2,10
"study2_107","study2",13,1,"self","lower_own_payoff","higher_own_payoff",1,0
"study2_107","study2",14,1,"self","lower_own_payoff","higher_own_payoff",1,0
"study2_107","study2",15,1,"self","lower_own_payoff","higher_own_payoff",2,10
"study2_107","study2",16,1,"self","lower_own_payoff","lower_own_payoff",1,0
"study2_107","study2",17,1,"self","lower_own_payoff","lower_own_payoff",1,0
"study2_107","study2",18,1,"self","lower_own_payoff","higher_own_payoff",1,0
"study2_107","study2",19,1,"self","lower_own_payoff","lower_own_payoff",2,10
"study2_107","study2",20,1,"self","lower_own_payoff","higher_own_payoff",1,0
"study2_107","study2",21,1,"self","lower_own_payoff","higher_own_payoff",2,10
"study2_107","study2",22,1,"self","lower_own_payoff","higher_own_payoff",1,0
"study2_107","study2",23,1,"self","lower_own_payoff","lower_own_payoff",2,10
"study2_107","study2",24,1,"self","lower_own_payoff","higher_own_payoff",1,0
"study2_108","study2",1,1,"self","lower_own_payoff","lower_own_payoff",3,20
"study2_108","study2",2,1,"self","higher_own_payoff","higher_own_payoff",1,0
"study2_108","study2",3,1,"self","lower_own_payoff","higher_own_payoff",1,0
"study2_108","study2",4,1,"self","lower_own_payoff","higher_own_payoff",3,20
"study2_108","study2",5,1,"self","lower_own_payoff","higher_own_payoff",2,10
"study2_108","study2",6,1,"self","higher_own_payoff","higher_own_payoff",2,10
"study2_108","study2",7,1,"self","higher_own_payoff","lower_own_payoff",2,10
"study2_108","study2",8,1,"self","higher_own_payoff","higher_own_payoff",2,10
"study2_108","study2",9,1,"self","higher_own_payoff","higher_own_payoff",2,10
"study2_108","study2",10,1,"self","higher_own_payoff","lower_own_payoff",2,10
"study2_108","study2",11,1,"self","lower_own_payoff","lower_own_payoff",1,0
"study2_108","study2",12,1,"self","lower_own_payoff","lower_own_payoff",1,0
"study2_108","study2",13,1,"self","lower_own_payoff","lower_own_payoff",3,20
"study2_108","study2",14,1,"self","higher_own_payoff","lower_own_payoff",2,10
"study2_108","study2",15,1,"self","higher_own_payoff","lower_own_payoff",2,10
"study2_108","study2",16,1,"self","higher_own_payoff","higher_own_payoff",4,30
"study2_108","study2",17,1,"self","higher_own_payoff","lower_own_payoff",4,30
"study2_108","study2",18,1,"self","higher_own_payoff","higher_own_payoff",2,10
"study2_108","study2",19,1,"self","higher_own_payoff","higher_own_payoff",2,10
"study2_108","study2",20,1,"self","higher_own_payoff","higher_own_payoff",2,10
"study2_108","study2",21,1,"self","lower_own_payoff","lower_own_payoff",4,30
"study2_108","study2",22,1,"self","lower_own_payoff","higher_own_payoff",2,10
"study2_108","study2",23,1,"self","lower_own_payoff","higher_own_payoff",1,0
"study2_108","study2",24,1,"self","higher_own_payoff","lower_own_payoff",1,0
"study2_109","study2",1,1,"self","higher_own_payoff","higher_own_payoff",4,30
"study2_109","study2",2,1,"self","higher_own_payoff","higher_own_payoff",2,10
"study2_109","study2",3,1,"self","higher_own_payoff","higher_own_payoff",2,10
"study2_109","study2",4,1,"self","lower_own_payoff","higher_own_payoff",2,10
"study2_109","study2",5,1,"self","higher_own_payoff","lower_own_payoff",2,10
"study2_109","study2",6,1,"self","higher_own_payoff","higher_own_payoff",2,10
"study2_109","study2",7,1,"self","lower_own_payoff","lower_own_payoff",2,10
"study2_109","study2",8,1,"self","higher_own_payoff","lower_own_payoff",2,10
"study2_109","study2",9,1,"self","higher_own_payoff","lower_own_payoff",2,10
"study2_109","study2",10,1,"self","higher_own_payoff","lower_own_payoff",2,10
"study2_109","study2",11,1,"self","lower_own_payoff","higher_own_payoff",2,10
"study2_109","study2",12,1,"self","lower_own_payoff","higher_own_payoff",2,10
"study2_109","study2",13,1,"self","lower_own_payoff","higher_own_payoff",2,10
"study2_109","study2",14,1,"self","higher_own_payoff","higher_own_payoff",2,10
"study2_109","study2",15,1,"self","lower_own_payoff","lower_own_payoff",2,10
"study2_109","study2",16,1,"self","higher_own_payoff","higher_own_payoff",2,10
"study2_109","study2",17,1,"self","higher_own_payoff","higher_own_payoff",2,10
"study2_109","study2",18,1,"self","lower_own_payoff","higher_own_payoff",2,10
"study2_109","study2",19,1,"self","higher_own_payoff","lower_own_payoff",2,10
"study2_109","study2",20,1,"self","higher_own_payoff","higher_own_payoff",2,10
"study2_109","study2",21,1,"self","lower_own_payoff","higher_own_payoff",2,10
"study2_109","study2",22,1,"self","higher_own_payoff","lower_own_payoff",2,10
"study2_109","study2",23,1,"self","lower_own_payoff","higher_own_payoff",2,10
"study2_109","study2",24,1,"self","higher_own_payoff","higher_own_payoff",2,10
"study2_110","study2",1,1,"self","lower_own_payoff","higher_own_payoff",1,0
"study2_110","study2",2,1,"self","lower_own_payoff","lower_own_payoff",1,0
"study2_110","study2",3,1,"other","higher_own_payoff","higher_own_payoff",1,0
"study2_110","study2",4,1,"other","higher_own_payoff","higher_own_payoff",1,0
"study2_110","study2",5,1,"other","higher_own_payoff","higher_own_payoff",1,0
"study2_110","study2",6,1,"other","lower_own_payoff","lower_own_payoff",1,0
"study2_110","study2",7,1,"other","higher_own_payoff","higher_own_payoff",1,0
"study2_110","study2",8,1,"other","higher_own_payoff","higher_own_payoff",1,0
"study2_110","study2",9,1,"other","lower_own_payoff","lower_own_payoff",1,0
"study2_110","study2",10,1,"other","higher_own_payoff","higher_own_payoff",1,0
"study2_110","study2",11,1,"other","lower_own_payoff","lower_own_payoff",1,0
"study2_110","study2",12,1,"other","lower_own_payoff","lower_own_payoff",1,0
"study2_110","study2",13,1,"other","lower_own_payoff","lower_own_payoff",1,0
"study2_110","study2",14,1,"self","higher_own_payoff","higher_own_payoff",1,0
"study2_110","study2",15,1,"other","higher_own_payoff","higher_own_payoff",1,0
"study2_110","study2",16,1,"self","lower_own_payoff","lower_own_payoff",1,0
"study2_110","study2",17,1,"other","higher_own_payoff","higher_own_payoff",1,0
"study2_110","study2",18,1,"other","lower_own_payoff","lower_own_payoff",1,0
"study2_110","study2",19,1,"self","lower_own_payoff","lower_own_payoff",1,0
"study2_110","study2",20,1,"self","lower_own_payoff","higher_own_payoff",1,0
"study2_110","study2",21,1,"other","higher_own_payoff","higher_own_payoff",1,0
"study2_110","study2",22,1,"self","lower_own_payoff","higher_own_payoff",1,0
"study2_110","study2",23,1,"other","higher_own_payoff","higher_own_payoff",1,0
"study2_110","study2",24,1,"other","higher_own_payoff","higher_own_payoff",1,0
"study2_111","study2",1,1,"self","higher_own_payoff","higher_own_payoff",8,70
"study2_111","study2",2,1,"self","lower_own_payoff","lower_own_payoff",8,70
"study2_111","study2",3,1,"self","lower_own_payoff","lower_own_payoff",4,30
"study2_111","study2",4,1,"self","lower_own_payoff","lower_own_payoff",4,30
"study2_111","study2",5,1,"self","higher_own_payoff","lower_own_payoff",8,70
"study2_111","study2",6,1,"self","higher_own_payoff","higher_own_payoff",4,30
"study2_111","study2",7,1,"self","higher_own_payoff","higher_own_payoff",4,30
"study2_111","study2",8,1,"self","lower_own_payoff","lower_own_payoff",8,70
"study2_111","study2",9,1,"self","higher_own_payoff","lower_own_payoff",4,30
"study2_111","study2",10,1,"self","higher_own_payoff","lower_own_payoff",4,30
"study2_111","study2",11,1,"self","lower_own_payoff","higher_own_payoff",4,30
"study2_111","study2",12,1,"self","lower_own_payoff","lower_own_payoff",4,30
"study2_111","study2",13,1,"self","lower_own_payoff","higher_own_payoff",4,30
"study2_111","study2",14,1,"self","lower_own_payoff","higher_own_payoff",4,30
"study2_111","study2",15,1,"self","higher_own_payoff","lower_own_payoff",8,70
"study2_111","study2",16,1,"self","lower_own_payoff","higher_own_payoff",4,30
"study2_111","study2",17,1,"self","higher_own_payoff","lower_own_payoff",4,30
"study2_111","study2",18,1,"self","higher_own_payoff","higher_own_payoff",4,30
"study2_111","study2",19,1,"self","higher_own_payoff","higher_own_payoff",4,30
"study2_111","study2",20,1,"self","higher_own_payoff","higher_own_payoff",4,30
"study2_111","study2",21,1,"self","higher_own_payoff","lower_own_payoff",4,30
"study2_111","study2",22,1,"self","lower_own_payoff","lower_own_payoff",4,30
"study2_111","study2",23,1,"self","higher_own_payoff","higher_own_payoff",4,30
"study2_111","study2",24,1,"self","higher_own_payoff","lower_own_payoff",4,30
"study2_112","study2",1,1,"self","higher_own_payoff","higher_own_payoff",1,0
"study2_112","study2",2,1,"self","lower_own_payoff","lower_own_payoff",1,0
"study2_112","study2",3,1,"self","lower_own_payoff","lower_own_payoff",1,0
"study2_112","study2",4,1,"self","higher_own_payoff","higher_own_payoff",2,10
"study2_112","study2",5,1,"self","higher_own_payoff","higher_own_payoff",1,0
"study2_112","study2",6,1,"self","higher_own_payoff","higher_own_payoff",1,0
"study2_112","study2",7,1,"self","lower_own_payoff","lower_own_payoff",2,10
"study2_112","study2",8,1,"self","lower_own_payoff","lower_own_payoff",2,10
"study2_112","study2",9,1,"self","lower_own_payoff","lower_own_payoff",4,30
"study2_112","study2",10,1,"self","lower_own_payoff","higher_own_payoff",4,30
"study2_112","study2",11,1,"self","lower_own_payoff","higher_own_payoff",2,10
"study2_112","study2",12,1,"self","lower_own_payoff","higher_own_payoff",4,30
"study2_112","study2",13,1,"self","lower_own_payoff","lower_own_payoff",1,0
"study2_112","study2",14,1,"self","higher_own_payoff","lower_own_payoff",3,20
"study2_112","study2",15,1,"self","higher_own_payoff","higher_own_payoff",1,0
"study2_112","study2",16,1,"self","higher_own_payoff","higher_own_payoff",3,20
"study2_112","study2",17,1,"self","higher_own_payoff","higher_own_payoff",4,30
"study2_112","study2",18,1,"self","higher_own_payoff","higher_own_payoff",4,30
"study2_112","study2",19,1,"self","higher_own_payoff","higher_own_payoff",1,0
"study2_112","study2",20,1,"self","higher_own_payoff","lower_own_payoff",4,30
"study2_112","study2",21,1,"self","higher_own_payoff","lower_own_payoff",4,30
"study2_112","study2",22,1,"self","higher_own_payoff","higher_own_payoff",2,10
"study2_112","study2",23,1,"self","lower_own_payoff","lower_own_payoff",4,30
"study2_112","study2",24,1,"self","higher_own_payoff","higher_own_payoff",1,0
"study2_113","study2",1,1,"self","higher_own_payoff","higher_own_payoff",1,0
"study2_113","study2",2,1,"self","higher_own_payoff","higher_own_payoff",1,0
"study2_113","study2",3,1,"self","higher_own_payoff","higher_own_payoff",2,10
"study2_113","study2",4,1,"self","higher_own_payoff","higher_own_payoff",2,10
"study2_113","study2",5,1,"self","higher_own_payoff","higher_own_payoff",2,10
"study2_113","study2",6,1,"self","higher_own_payoff","lower_own_payoff",2,10
"study2_113","study2",7,1,"self","higher_own_payoff","higher_own_payoff",2,10
"study2_113","study2",8,1,"self","higher_own_payoff","higher_own_payoff",2,10
"study2_113","study2",9,1,"self","higher_own_payoff","higher_own_payoff",1,0
"study2_113","study2",10,1,"self","higher_own_payoff","higher_own_payoff",1,0
"study2_113","study2",11,1,"self","higher_own_payoff","higher_own_payoff",1,0
"study2_113","study2",12,1,"self","higher_own_payoff","higher_own_payoff",2,10
"study2_113","study2",13,1,"self","higher_own_payoff","lower_own_payoff",2,10
"study2_113","study2",14,1,"self","higher_own_payoff","higher_own_payoff",1,0
"study2_113","study2",15,1,"self","higher_own_payoff","higher_own_payoff",1,0
"study2_113","study2",16,1,"self","higher_own_payoff","lower_own_payoff",2,10
"study2_113","study2",17,1,"self","higher_own_payoff","higher_own_payoff",1,0
"study2_113","study2",18,1,"self","higher_own_payoff","higher_own_payoff",1,0
"study2_113","study2",19,1,"self","higher_own_payoff","higher_own_payoff",2,10
"study2_113","study2",20,1,"self","higher_own_payoff","higher_own_payoff",1,0
"study2_113","study2",21,1,"self","higher_own_payoff","higher_own_payoff",1,0
"study2_113","study2",22,1,"self","higher_own_payoff","higher_own_payoff",1,0
"study2_113","study2",23,1,"self","higher_own_payoff","lower_own_payoff",2,10
"study2_113","study2",24,1,"self","higher_own_payoff","higher_own_payoff",1,0
"study2_114","study2",1,1,"self","lower_own_payoff","lower_own_payoff",1,0
"study2_114","study2",2,1,"self","lower_own_payoff","higher_own_payoff",1,0
"study2_114","study2",3,1,"self","higher_own_payoff","higher_own_payoff",1,0
"study2_114","study2",4,1,"self","higher_own_payoff","higher_own_payoff",1,0
"study2_114","study2",5,1,"self","higher_own_payoff","higher_own_payoff",1,0
"study2_114","study2",6,1,"self","higher_own_payoff","higher_own_payoff",1,0
"study2_114","study2",7,1,"self","higher_own_payoff","higher_own_payoff",1,0
"study2_114","study2",8,1,"self","higher_own_payoff","higher_own_payoff",1,0
"study2_114","study2",9,1,"self","higher_own_payoff","higher_own_payoff",1,0
"study2_114","study2",10,1,"self","higher_own_payoff","higher_own_payoff",1,0
"study2_114","study2",11,1,"self","higher_own_payoff","higher_own_payoff",1,0
"study2_114","study2",12,1,"self","higher_own_payoff","higher_own_payoff",1,0
"study2_114","study2",13,1,"self","higher_own_payoff","higher_own_payoff",1,0
"study2_114","study2",14,1,"self","higher_own_payoff","higher_own_payoff",1,0
"study2_114","study2",15,1,"self","higher_own_payoff","higher_own_payoff",1,0
"study2_114","study2",16,1,"self","higher_own_payoff","higher_own_payoff",1,0
"study2_114","study2",17,1,"self","higher_own_payoff","higher_own_payoff",1,0
"study2_114","study2",18,1,"self","higher_own_payoff","higher_own_payoff",1,0
"study2_114","study2",19,1,"self","higher_own_payoff","higher_own_payoff",1,0
"study2_114","study2",20,1,"self","higher_own_payoff","higher_own_payoff",1,0
"study2_114","study2",21,1,"self","higher_own_payoff","higher_own_payoff",1,0
"study2_114","study2",22,1,"self","higher_own_payoff","higher_own_payoff",1,0
"study2_114","study2",23,1,"self","higher_own_payoff","higher_own_payoff",1,0
"study2_114","study2",24,1,"self","higher_own_payoff","higher_own_payoff",1,0
"study2_115","study2",1,1,"self","higher_own_payoff","higher_own_payoff",2,10
"study2_115","study2",2,1,"other","lower_own_payoff","lower_own_payoff",2,10
"study2_115","study2",3,1,"self","lower_own_payoff","higher_own_payoff",2,10
"study2_115","study2",4,1,"self","higher_own_payoff","higher_own_payoff",2,10
"study2_115","study2",5,1,"self","lower_own_payoff","lower_own_payoff",2,10
"study2_115","study2",6,1,"self","lower_own_payoff","higher_own_payoff",7,60
"study2_115","study2",7,1,"other","higher_own_payoff","higher_own_payoff",2,10
"study2_115","study2",8,1,"other","higher_own_payoff","higher_own_payoff",2,10
"study2_115","study2",9,1,"other","higher_own_payoff","higher_own_payoff",2,10
"study2_115","study2",10,1,"self","lower_own_payoff","lower_own_payoff",2,10
"study2_115","study2",11,1,"self","higher_own_payoff","higher_own_payoff",2,10
"study2_115","study2",12,1,"other","lower_own_payoff","lower_own_payoff",3,20
"study2_115","study2",13,1,"self","lower_own_payoff","higher_own_payoff",2,10
"study2_115","study2",14,1,"self","higher_own_payoff","higher_own_payoff",1,0
"study2_115","study2",15,1,"self","higher_own_payoff","higher_own_payoff",1,0
"study2_115","study2",16,1,"other","lower_own_payoff","lower_own_payoff",1,0
"study2_115","study2",17,1,"self","lower_own_payoff","higher_own_payoff",2,10
"study2_115","study2",18,1,"other","lower_own_payoff","higher_own_payoff",4,30
"study2_115","study2",19,1,"self","lower_own_payoff","lower_own_payoff",2,10
"study2_115","study2",20,1,"self","higher_own_payoff","higher_own_payoff",1,0
"study2_115","study2",21,1,"self","lower_own_payoff","lower_own_payoff",1,0
"study2_115","study2",22,1,"self","higher_own_payoff","lower_own_payoff",2,10
"study2_115","study2",23,1,"self","higher_own_payoff","higher_own_payoff",1,0
"study2_115","study2",24,1,"other","higher_own_payoff","higher_own_payoff",2,10
"study2_116","study2",1,1,"self","higher_own_payoff","higher_own_payoff",2,10
"study2_116","study2",2,1,"self","higher_own_payoff","higher_own_payoff",1,0
"study2_116","study2",3,1,"self","higher_own_payoff","higher_own_payoff",2,10
"study2_116","study2",4,1,"self","higher_own_payoff","higher_own_payoff",1,0
"study2_116","study2",5,1,"self","higher_own_payoff","higher_own_payoff",1,0
"study2_116","study2",6,1,"self","higher_own_payoff","higher_own_payoff",1,0
"study2_116","study2",7,1,"self","higher_own_payoff","higher_own_payoff",1,0
"study2_116","study2",8,1,"self","higher_own_payoff","higher_own_payoff",2,10
"study2_116","study2",9,1,"self","higher_own_payoff","lower_own_payoff",1,0
"study2_116","study2",10,1,"self","higher_own_payoff","higher_own_payoff",2,10
"study2_116","study2",11,1,"self","lower_own_payoff","lower_own_payoff",2,10
"study2_116","study2",12,1,"self","higher_own_payoff","lower_own_payoff",2,10
"study2_116","study2",13,1,"self","higher_own_payoff","lower_own_payoff",2,10
"study2_116","study2",14,1,"self","higher_own_payoff","higher_own_payoff",2,10
"study2_116","study2",15,1,"self","higher_own_payoff","higher_own_payoff",2,10
"study2_116","study2",16,1,"self","higher_own_payoff","higher_own_payoff",2,10
"study2_116","study2",17,1,"self","higher_own_payoff","lower_own_payoff",1,0
"study2_116","study2",18,1,"self","higher_own_payoff","higher_own_payoff",2,10
"study2_116","study2",19,1,"self","lower_own_payoff","lower_own_payoff",2,10
"study2_116","study2",20,1,"self","higher_own_payoff","lower_own_payoff",2,10
"study2_116","study2",21,1,"self","higher_own_payoff","lower_own_payoff",2,10
"study2_116","study2",22,1,"self","higher_own_payoff","higher_own_payoff",2,10
"study2_116","study2",23,1,"self","higher_own_payoff","higher_own_payoff",2,10
"study2_116","study2",24,1,"self","higher_own_payoff","higher_own_payoff",1,0
"study2_118","study2",1,1,"self","higher_own_payoff","higher_own_payoff",4,30
"study2_118","study2",2,1,"self","higher_own_payoff","lower_own_payoff",3,20
"study2_118","study2",3,1,"self","higher_own_payoff","higher_own_payoff",3,20
"study2_118","study2",4,1,"self","higher_own_payoff","lower_own_payoff",4,30
"study2_118","study2",5,1,"self","lower_own_payoff","lower_own_payoff",4,30
"study2_118","study2",6,1,"self","higher_own_payoff","higher_own_payoff",4,30
"study2_118","study2",7,1,"self","lower_own_payoff","higher_own_payoff",3,20
"study2_118","study2",8,1,"self","higher_own_payoff","higher_own_payoff",4,30
"study2_118","study2",9,1,"self","higher_own_payoff","higher_own_payoff",4,30
"study2_118","study2",10,1,"self","higher_own_payoff","higher_own_payoff",2,10
"study2_118","study2",11,1,"self","higher_own_payoff","lower_own_payoff",3,20
"study2_118","study2",12,1,"self","higher_own_payoff","higher_own_payoff",4,30
"study2_118","study2",13,1,"self","higher_own_payoff","higher_own_payoff",4,30
"study2_118","study2",14,1,"self","higher_own_payoff","lower_own_payoff",4,30
"study2_118","study2",15,1,"self","higher_own_payoff","lower_own_payoff",4,30
"study2_118","study2",16,1,"self","lower_own_payoff","higher_own_payoff",2,10
"study2_118","study2",17,1,"self","lower_own_payoff","higher_own_payoff",2,10
"study2_118","study2",18,1,"self","lower_own_payoff","higher_own_payoff",2,10
"study2_118","study2",19,1,"self","lower_own_payoff","lower_own_payoff",4,30
"study2_118","study2",20,1,"self","higher_own_payoff","lower_own_payoff",4,30
"study2_118","study2",21,1,"self","lower_own_payoff","higher_own_payoff",2,10
"study2_118","study2",22,1,"self","lower_own_payoff","lower_own_payoff",4,30
"study2_118","study2",23,1,"self","lower_own_payoff","lower_own_payoff",4,30
"study2_118","study2",24,1,"self","higher_own_payoff","lower_own_payoff",3,20
"study2_119","study2",1,1,"self","higher_own_payoff","higher_own_payoff",2,10
"study2_119","study2",2,1,"self","higher_own_payoff","higher_own_payoff",1,0
"study2_119","study2",3,1,"other","higher_own_payoff","lower_own_payoff",2,10
"study2_119","study2",4,1,"self","lower_own_payoff","lower_own_payoff",2,10
"study2_119","study2",5,1,"other","higher_own_payoff","higher_own_payoff",1,0
"study2_119","study2",6,1,"self","higher_own_payoff","higher_own_payoff",1,0
"study2_119","study2",7,1,"other","higher_own_payoff","higher_own_payoff",1,0
"study2_119","study2",8,1,"other","higher_own_payoff","lower_own_payoff",3,20
"study2_119","study2",9,1,"self","lower_own_payoff","lower_own_payoff",1,0
"study2_119","study2",10,1,"self","lower_own_payoff","lower_own_payoff",1,0
"study2_119","study2",11,1,"other","lower_own_payoff","higher_own_payoff",2,10
"study2_119","study2",12,1,"other","higher_own_payoff","lower_own_payoff",2,10
"study2_119","study2",13,1,"self","lower_own_payoff","higher_own_payoff",2,10
"study2_119","study2",14,1,"other","higher_own_payoff","higher_own_payoff",1,0
"study2_119","study2",15,1,"self","lower_own_payoff","lower_own_payoff",1,0
"study2_119","study2",16,1,"self","lower_own_payoff","lower_own_payoff",1,0
"study2_119","study2",17,1,"self","lower_own_payoff","higher_own_payoff",2,10
"study2_119","study2",18,1,"self","lower_own_payoff","higher_own_payoff",1,0
"study2_119","study2",19,1,"other","higher_own_payoff","higher_own_payoff",4,30
"study2_119","study2",20,1,"other","higher_own_payoff","lower_own_payoff",2,10
"study2_119","study2",21,1,"self","lower_own_payoff","lower_own_payoff",1,0
"study2_119","study2",22,1,"other","higher_own_payoff","lower_own_payoff",3,20
"study2_119","study2",23,1,"other","higher_own_payoff","lower_own_payoff",2,10
"study2_119","study2",24,1,"other","higher_own_payoff","higher_own_payoff",2,10
"study2_120","study2",1,1,"self","lower_own_payoff","lower_own_payoff",1,0
"study2_120","study2",2,1,"self","higher_own_payoff","higher_own_payoff",1,0
"study2_120","study2",3,1,"self","lower_own_payoff","lower_own_payoff",1,0
"study2_120","study2",4,1,"self","lower_own_payoff","lower_own_payoff",1,0
"study2_120","study2",5,1,"self","higher_own_payoff","higher_own_payoff",1,0
"study2_120","study2",6,1,"self","higher_own_payoff","higher_own_payoff",1,0
"study2_120","study2",7,1,"self","lower_own_payoff","lower_own_payoff",1,0
"study2_120","study2",8,1,"self","higher_own_payoff","higher_own_payoff",2,10
"study2_120","study2",9,1,"self","higher_own_payoff","higher_own_payoff",1,0
"study2_120","study2",10,1,"self","higher_own_payoff","higher_own_payoff",1,0
"study2_120","study2",11,1,"self","lower_own_payoff","lower_own_payoff",1,0
"study2_120","study2",12,1,"self","lower_own_payoff","lower_own_payoff",1,0
"study2_120","study2",13,1,"self","higher_own_payoff","lower_own_payoff",1,0
"study2_120","study2",14,1,"self","lower_own_payoff","higher_own_payoff",1,0
"study2_120","study2",15,1,"self","higher_own_payoff","higher_own_payoff",2,10
"study2_120","study2",16,1,"self","lower_own_payoff","lower_own_payoff",1,0
"study2_120","study2",17,1,"self","higher_own_payoff","lower_own_payoff",2,10
"study2_120","study2",18,1,"self","lower_own_payoff","higher_own_payoff",1,0
"study2_120","study2",19,1,"self","higher_own_payoff","higher_own_payoff",1,0
"study2_120","study2",20,1,"self","lower_own_payoff","lower_own_payoff",1,0
"study2_120","study2",21,1,"self","higher_own_payoff","higher_own_payoff",1,0
"study2_120","study2",22,1,"self","higher_own_payoff","higher_own_payoff",1,0
"study2_120","study2",23,1,"self","higher_own_payoff","higher_own_payoff",2,10
"study2_120","study2",24,1,"self","higher_own_payoff","higher_own_payoff",1,0
"study2_121","study2",1,1,"self","lower_own_payoff","higher_own_payoff",1,0
"study2_121","study2",2,1,"self","lower_own_payoff","lower_own_payoff",1,0
"study2_121","study2",3,1,"self","lower_own_payoff","lower_own_payoff",1,0
"study2_121","study2",4,1,"self","lower_own_payoff","higher_own_payoff",1,0
"study2_121","study2",5,1,"self","higher_own_payoff","higher_own_payoff",1,0
"study2_121","study2",6,1,"self","higher_own_payoff","higher_own_payoff",1,0
"study2_121","study2",7,1,"self","higher_own_payoff","higher_own_payoff",1,0
"study2_121","study2",8,1,"self","lower_own_payoff","lower_own_payoff",1,0
"study2_121","study2",9,1,"self","lower_own_payoff","lower_own_payoff",1,0
"study2_121","study2",10,1,"self","higher_own_payoff","lower_own_payoff",1,0
"study2_121","study2",11,1,"self","higher_own_payoff","lower_own_payoff",1,0
"study2_121","study2",12,1,"self","lower_own_payoff","higher_own_payoff",1,0
"study2_121","study2",13,1,"self","lower_own_payoff","lower_own_payoff",1,0
"study2_121","study2",14,1,"self","lower_own_payoff","higher_own_payoff",1,0
"study2_121","study2",15,1,"self","lower_own_payoff","lower_own_payoff",1,0
"study2_121","study2",16,1,"self","lower_own_payoff","higher_own_payoff",1,0
"study2_121","study2",17,1,"self","lower_own_payoff","lower_own_payoff",1,0
"study2_121","study2",18,1,"self","lower_own_payoff","higher_own_payoff",1,0
"study2_121","study2",19,1,"self","lower_own_payoff","higher_own_payoff",1,0
"study2_121","study2",20,1,"self","lower_own_payoff","higher_own_payoff",1,0
"study2_121","study2",21,1,"self","lower_own_payoff","lower_own_payoff",1,0
"study2_121","study2",22,1,"self","lower_own_payoff","higher_own_payoff",1,0
"study2_121","study2",23,1,"self","lower_own_payoff","higher_own_payoff",1,0
"study2_121","study2",24,1,"self","lower_own_payoff","higher_own_payoff",1,0
"study2_122","study2",1,1,"self","higher_own_payoff","higher_own_payoff",1,0
"study2_122","study2",2,1,"self","higher_own_payoff","higher_own_payoff",1,0
"study2_122","study2",3,1,"self","higher_own_payoff","higher_own_payoff",1,0
"study2_122","study2",4,1,"self","higher_own_payoff","higher_own_payoff",1,0
"study2_122","study2",5,1,"self","lower_own_payoff","lower_own_payoff",1,0
"study2_122","study2",6,1,"self","lower_own_payoff","higher_own_payoff",1,0
"study2_122","study2",7,1,"self","higher_own_payoff","higher_own_payoff",1,0
"study2_122","study2",8,1,"self","lower_own_payoff","higher_own_payoff",1,0
"study2_122","study2",9,1,"self","lower_own_payoff","higher_own_payoff",1,0
"study2_122","study2",10,1,"self","lower_own_payoff","higher_own_payoff",1,0
"study2_122","study2",11,1,"self","lower_own_payoff","higher_own_payoff",1,0
"study2_122","study2",12,1,"self","lower_own_payoff","higher_own_payoff",1,0
"study2_122","study2",13,1,"self","lower_own_payoff","higher_own_payoff",1,0
"study2_122","study2",14,1,"self","lower_own_payoff","higher_own_payoff",1,0
"study2_122","study2",15,1,"self","lower_own_payoff","higher_own_payoff",1,0
"study2_122","study2",16,1,"self","lower_own_payoff","higher_own_payoff",1,0
"study2_122","study2",17,1,"self","lower_own_payoff","higher_own_payoff",1,0
"study2_122","study2",18,1,"self","lower_own_payoff","higher_own_payoff",1,0
"study2_122","study2",19,1,"self","lower_own_payoff","higher_own_payoff",1,0
"study2_122","study2",20,1,"self","lower_own_payoff","higher_own_payoff",1,0
"study2_122","study2",21,1,"self","lower_own_payoff","higher_own_payoff",1,0
"study2_122","study2",22,1,"self","lower_own_payoff","higher_own_payoff",1,0
"study2_122","study2",23,1,"self","lower_own_payoff","higher_own_payoff",1,0
"study2_122","study2",24,1,"self","lower_own_payoff","higher_own_payoff",1,0
"study2_123","study2",1,1,"self","higher_own_payoff","higher_own_payoff",2,10
"study2_123","study2",2,1,"self","higher_own_payoff","higher_own_payoff",3,20
"study2_123","study2",3,1,"self","higher_own_payoff","higher_own_payoff",2,10
"study2_123","study2",4,1,"self","higher_own_payoff","higher_own_payoff",2,10
"study2_123","study2",5,1,"self","lower_own_payoff","higher_own_payoff",2,10
"study2_123","study2",6,1,"self","lower_own_payoff","lower_own_payoff",2,10
"study2_123","study2",7,1,"self","higher_own_payoff","higher_own_payoff",1,0
"study2_123","study2",8,1,"self","lower_own_payoff","lower_own_payoff",2,10
"study2_123","study2",9,1,"self","higher_own_payoff","higher_own_payoff",3,20
"study2_123","study2",10,1,"self","lower_own_payoff","lower_own_payoff",1,0
"study2_123","study2",11,1,"self","higher_own_payoff","lower_own_payoff",2,10
"study2_123","study2",12,1,"self","higher_own_payoff","higher_own_payoff",2,10
"study2_123","study2",13,1,"self","higher_own_payoff","higher_own_payoff",1,0
"study2_123","study2",14,1,"self","higher_own_payoff","lower_own_payoff",2,10
"study2_123","study2",15,1,"self","higher_own_payoff","higher_own_payoff",2,10
"study2_123","study2",16,1,"self","lower_own_payoff","higher_own_payoff",2,10
"study2_123","study2",17,1,"self","higher_own_payoff","higher_own_payoff",2,10
"study2_123","study2",18,1,"self","higher_own_payoff","higher_own_payoff",1,0
"study2_123","study2",19,1,"self","higher_own_payoff","higher_own_payoff",3,20
"study2_123","study2",20,1,"self","higher_own_payoff","higher_own_payoff",1,0
"study2_123","study2",21,1,"self","higher_own_payoff","higher_own_payoff",2,10
"study2_123","study2",22,1,"self","higher_own_payoff","higher_own_payoff",2,10
"study2_123","study2",23,1,"self","higher_own_payoff","higher_own_payoff",1,0
"study2_123","study2",24,1,"self","higher_own_payoff","lower_own_payoff",3,20
"study2_124","study2",1,1,"self","lower_own_payoff","higher_own_payoff",2,10
"study2_124","study2",2,1,"self","higher_own_payoff","higher_own_payoff",1,0
"study2_124","study2",3,1,"other","higher_own_payoff","higher_own_payoff",1,0
"study2_124","study2",4,1,"other","higher_own_payoff","higher_own_payoff",1,0
"study2_124","study2",5,1,"other","higher_own_payoff","higher_own_payoff",1,0
"study2_124","study2",6,1,"self","lower_own_payoff","lower_own_payoff",1,0
"study2_124","study2",7,1,"other","higher_own_payoff","higher_own_payoff",1,0
"study2_124","study2",8,1,"self","lower_own_payoff","higher_own_payoff",1,0
"study2_124","study2",9,1,"other","higher_own_payoff","lower_own_payoff",1,0
"study2_124","study2",10,1,"self","higher_own_payoff","higher_own_payoff",1,0
"study2_124","study2",11,1,"other","higher_own_payoff","lower_own_payoff",1,0
"study2_124","study2",12,1,"other","higher_own_payoff","lower_own_payoff",1,0
"study2_124","study2",13,1,"self","lower_own_payoff","higher_own_payoff",1,0
"study2_124","study2",14,1,"self","lower_own_payoff","higher_own_payoff",1,0
"study2_124","study2",15,1,"self","lower_own_payoff","higher_own_payoff",1,0
"study2_124","study2",16,1,"self","lower_own_payoff","higher_own_payoff",2,10
"study2_124","study2",17,1,"self","lower_own_payoff","higher_own_payoff",1,0
"study2_124","study2",18,1,"self","lower_own_payoff","higher_own_payoff",1,0
"study2_124","study2",19,1,"self","higher_own_payoff","higher_own_payoff",2,10
"study2_124","study2",20,1,"self","lower_own_payoff","lower_own_payoff",1,0
"study2_124","study2",21,1,"self","lower_own_payoff","lower_own_payoff",2,10
"study2_124","study2",22,1,"self","lower_own_payoff","lower_own_payoff",1,0
"study2_124","study2",23,1,"self","lower_own_payoff","lower_own_payoff",1,0
"study2_124","study2",24,1,"self","lower_own_payoff","lower_own_payoff",1,0
"study2_125","study2",1,1,"self","lower_own_payoff","lower_own_payoff",1,0
"study2_125","study2",2,1,"self","higher_own_payoff","higher_own_payoff",2,10
"study2_125","study2",3,1,"self","higher_own_payoff","higher_own_payoff",3,20
"study2_125","study2",4,1,"self","lower_own_payoff","lower_own_payoff",3,20
"study2_125","study2",5,1,"other","higher_own_payoff","higher_own_payoff",2,10
"study2_125","study2",6,1,"self","lower_own_payoff","lower_own_payoff",1,0
"study2_125","study2",7,1,"self","higher_own_payoff","higher_own_payoff",3,20
"study2_125","study2",8,1,"self","lower_own_payoff","lower_own_payoff",2,10
"study2_125","study2",9,1,"self","lower_own_payoff","higher_own_payoff",4,30
"study2_125","study2",10,1,"other","higher_own_payoff","lower_own_payoff",4,30
"study2_125","study2",11,1,"other","higher_own_payoff","lower_own_payoff",2,10
"study2_125","study2",12,1,"self","lower_own_payoff","higher_own_payoff",4,30
"study2_125","study2",13,1,"self","lower_own_payoff","higher_own_payoff",4,30
"study2_125","study2",14,1,"self","higher_own_payoff","higher_own_payoff",2,10
"study2_125","study2",15,1,"self","lower_own_payoff","lower_own_payoff",2,10
"study2_125","study2",16,1,"other","higher_own_payoff","higher_own_payoff",4,30
"study2_125","study2",17,1,"self","lower_own_payoff","higher_own_payoff",1,0
"study2_125","study2",18,1,"self","lower_own_payoff","lower_own_payoff",1,0
"study2_125","study2",19,1,"self","lower_own_payoff","lower_own_payoff",1,0
"study2_125","study2",20,1,"self","lower_own_payoff","lower_own_payoff",1,0
"study2_125","study2",21,1,"other","lower_own_payoff","lower_own_payoff",2,10
"study2_125","study2",22,1,"other","lower_own_payoff","lower_own_payoff",1,0
"study2_125","study2",23,1,"self","lower_own_payoff","lower_own_payoff",1,0
"study2_125","study2",24,1,"self","lower_own_payoff","lower_own_payoff",1,0
"study2_126","study2",1,1,"self","lower_own_payoff","lower_own_payoff",1,0
"study2_126","study2",2,1,"self","higher_own_payoff","higher_own_payoff",1,0
"study2_126","study2",3,1,"self","higher_own_payoff","higher_own_payoff",1,0
"study2_126","study2",4,1,"self","higher_own_payoff","higher_own_payoff",1,0
"study2_126","study2",5,1,"self","higher_own_payoff","higher_own_payoff",1,0
"study2_126","study2",6,1,"self","higher_own_payoff","higher_own_payoff",1,0
"study2_126","study2",7,1,"self","higher_own_payoff","higher_own_payoff",1,0
"study2_126","study2",8,1,"self","higher_own_payoff","higher_own_payoff",1,0
"study2_126","study2",9,1,"self","higher_own_payoff","lower_own_payoff",3,20
"study2_126","study2",10,1,"self","higher_own_payoff","higher_own_payoff",1,0
"study2_126","study2",11,1,"self","higher_own_payoff","higher_own_payoff",1,0
"study2_126","study2",12,1,"self","higher_own_payoff","higher_own_payoff",1,0
"study2_126","study2",13,1,"self","lower_own_payoff","lower_own_payoff",1,0
"study2_126","study2",14,1,"self","lower_own_payoff","lower_own_payoff",1,0
"study2_126","study2",15,1,"self","higher_own_payoff","higher_own_payoff",1,0
"study2_126","study2",16,1,"self","higher_own_payoff","higher_own_payoff",1,0
"study2_126","study2",17,1,"self","higher_own_payoff","higher_own_payoff",1,0
"study2_126","study2",18,1,"self","higher_own_payoff","higher_own_payoff",1,0
"study2_126","study2",19,1,"self","higher_own_payoff","higher_own_payoff",1,0
"study2_126","study2",20,1,"self","higher_own_payoff","higher_own_payoff",2,10
"study2_126","study2",21,1,"self","higher_own_payoff","lower_own_payoff",2,10
"study2_126","study2",22,1,"self","higher_own_payoff","lower_own_payoff",2,10
"study2_126","study2",23,1,"self","higher_own_payoff","lower_own_payoff",2,10
"study2_126","study2",24,1,"self","higher_own_payoff","higher_own_payoff",1,0
"study2_127","study2",1,1,"self","higher_own_payoff","higher_own_payoff",1,0
"study2_127","study2",2,1,"self","higher_own_payoff","higher_own_payoff",1,0
"study2_127","study2",3,1,"self","higher_own_payoff","higher_own_payoff",1,0
"study2_127","study2",4,1,"self","higher_own_payoff","higher_own_payoff",1,0
"study2_127","study2",5,1,"self","lower_own_payoff","lower_own_payoff",1,0
"study2_127","study2",6,1,"self","higher_own_payoff","higher_own_payoff",1,0
"study2_127","study2",7,1,"self","higher_own_payoff","higher_own_payoff",1,0
"study2_127","study2",8,1,"self","higher_own_payoff","higher_own_payoff",1,0
"study2_127","study2",9,1,"self","higher_own_payoff","higher_own_payoff",1,0
"study2_127","study2",10,1,"self","higher_own_payoff","higher_own_payoff",1,0
"study2_127","study2",11,1,"self","higher_own_payoff","higher_own_payoff",1,0
"study2_127","study2",12,1,"self","higher_own_payoff","higher_own_payoff",1,0
"study2_127","study2",13,1,"self","higher_own_payoff","higher_own_payoff",1,0
"study2_127","study2",14,1,"self","higher_own_payoff","higher_own_payoff",1,0
"study2_127","study2",15,1,"self","lower_own_payoff","lower_own_payoff",1,0
"study2_127","study2",16,1,"self","higher_own_payoff","higher_own_payoff",1,0
"study2_127","study2",17,1,"self","higher_own_payoff","lower_own_payoff",1,0
"study2_127","study2",18,1,"self","higher_own_payoff","higher_own_payoff",1,0
"study2_127","study2",19,1,"self","higher_own_payoff","higher_own_payoff",1,0
"study2_127","study2",20,1,"self","higher_own_payoff","lower_own_payoff",2,10
"study2_127","study2",21,1,"self","higher_own_payoff","higher_own_payoff",1,0
"study2_127","study2",22,1,"self","higher_own_payoff","lower_own_payoff",1,0
"study2_127","study2",23,1,"self","lower_own_payoff","lower_own_payoff",1,0
"study2_127","study2",24,1,"self","higher_own_payoff","higher_own_payoff",1,0
"study2_128","study2",1,1,"self","lower_own_payoff","higher_own_payoff",1,0
"study2_128","study2",2,1,"self","higher_own_payoff","higher_own_payoff",2,10
"study2_128","study2",3,1,"self","lower_own_payoff","lower_own_payoff",1,0
"study2_128","study2",4,1,"self","higher_own_payoff","higher_own_payoff",1,0
"study2_128","study2",5,1,"other","lower_own_payoff","higher_own_payoff",2,10
"study2_128","study2",6,1,"self","lower_own_payoff","lower_own_payoff",1,0
"study2_128","study2",7,1,"self","lower_own_payoff","higher_own_payoff",1,0
"study2_128","study2",8,1,"self","higher_own_payoff","higher_own_payoff",1,0
"study2_128","study2",9,1,"self","higher_own_payoff","higher_own_payoff",1,0
"study2_128","study2",10,1,"self","higher_own_payoff","higher_own_payoff",1,0
"study2_128","study2",11,1,"self","higher_own_payoff","higher_own_payoff",2,10
"study2_128","study2",12,1,"self","higher_own_payoff","higher_own_payoff",1,0
"study2_128","study2",13,1,"self","higher_own_payoff","higher_own_payoff",1,0
"study2_128","study2",14,1,"self","higher_own_payoff","lower_own_payoff",2,10
"study2_128","study2",15,1,"self","higher_own_payoff","higher_own_payoff",1,0
"study2_128","study2",16,1,"self","higher_own_payoff","higher_own_payoff",2,10
"study2_128","study2",17,1,"self","higher_own_payoff","higher_own_payoff",1,0
"study2_128","study2",18,1,"self","higher_own_payoff","higher_own_payoff",1,0
"study2_128","study2",19,1,"self","higher_own_payoff","lower_own_payoff",2,10
"study2_128","study2",20,1,"self","higher_own_payoff","higher_own_payoff",1,0
"study2_128","study2",21,1,"self","higher_own_payoff","higher_own_payoff",1,0
"study2_128","study2",22,1,"self","higher_own_payoff","higher_own_payoff",1,0
"study2_128","study2",23,1,"self","higher_own_payoff","higher_own_payoff",2,10
"study2_128","study2",24,1,"self","higher_own_payoff","lower_own_payoff",2,10
"study2_129","study2",1,1,"self","higher_own_payoff","lower_own_payoff",1,0
"study2_129","study2",2,1,"self","higher_own_payoff","higher_own_payoff",1,0
"study2_129","study2",3,1,"self","lower_own_payoff","lower_own_payoff",1,0
"study2_129","study2",4,1,"self","higher_own_payoff","higher_own_payoff",1,0
"study2_129","study2",5,1,"self","higher_own_payoff","higher_own_payoff",2,10
"study2_129","study2",6,1,"self","higher_own_payoff","lower_own_payoff",1,0
"study2_129","study2",7,1,"self","higher_own_payoff","higher_own_payoff",1,0
"study2_129","study2",8,1,"self","higher_own_payoff","higher_own_payoff",1,0
"study2_129","study2",9,1,"self","higher_own_payoff","higher_own_payoff",1,0
"study2_129","study2",10,1,"self","lower_own_payoff","higher_own_payoff",1,0
"study2_129","study2",11,1,"self","higher_own_payoff","higher_own_payoff",1,0
"study2_129","study2",12,1,"self","higher_own_payoff","higher_own_payoff",1,0
"study2_129","study2",13,1,"self","higher_own_payoff","higher_own_payoff",1,0
"study2_129","study2",14,1,"self","higher_own_payoff","higher_own_payoff",1,0
"study2_129","study2",15,1,"self","lower_own_payoff","higher_own_payoff",1,0
"study2_129","study2",16,1,"self","lower_own_payoff","lower_own_payoff",1,0
"study2_129","study2",17,1,"self","higher_own_payoff","higher_own_payoff",1,0
"study2_129","study2",18,1,"self","higher_own_payoff","higher_own_payoff",1,0
"study2_129","study2",19,1,"self","higher_own_payoff","higher_own_payoff",1,0
"study2_129","study2",20,1,"self","higher_own_payoff","higher_own_payoff",1,0
"study2_129","study2",21,1,"self","higher_own_payoff","higher_own_payoff",1,0
"study2_129","study2",22,1,"self","higher_own_payoff","higher_own_payoff",1,0
"study2_129","study2",23,1,"self","higher_own_payoff","lower_own_payoff",1,0
"study2_129","study2",24,1,"self","higher_own_payoff","higher_own_payoff",1,0
"study2_130","study2",1,1,"self","higher_own_payoff","lower_own_payoff",2,10
"study2_130","study2",2,1,"self","higher_own_payoff","higher_own_payoff",2,10
"study2_130","study2",3,1,"self","higher_own_payoff","lower_own_payoff",2,10
"study2_130","study2",4,1,"self","higher_own_payoff","lower_own_payoff",2,10
"study2_130","study2",5,1,"self","higher_own_payoff","higher_own_payoff",2,10
"study2_130","study2",6,1,"self","lower_own_payoff","lower_own_payoff",1,0
"study2_130","study2",7,1,"self","higher_own_payoff","higher_own_payoff",2,10
"study2_130","study2",8,1,"self","higher_own_payoff","higher_own_payoff",2,10
"study2_130","study2",9,1,"self","higher_own_payoff","higher_own_payoff",2,10
"study2_130","study2",10,1,"self","higher_own_payoff","higher_own_payoff",1,0
"study2_130","study2",11,1,"self","higher_own_payoff","higher_own_payoff",1,0
"study2_130","study2",12,1,"self","higher_own_payoff","higher_own_payoff",1,0
"study2_130","study2",13,1,"self","higher_own_payoff","higher_own_payoff",2,10
"study2_130","study2",14,1,"self","higher_own_payoff","higher_own_payoff",2,10
"study2_130","study2",15,1,"self","higher_own_payoff","higher_own_payoff",1,0
"study2_130","study2",16,1,"self","higher_own_payoff","lower_own_payoff",3,20
"study2_130","study2",17,1,"self","lower_own_payoff","higher_own_payoff",2,10
"study2_130","study2",18,1,"self","higher_own_payoff","lower_own_payoff",2,10
"study2_130","study2",19,1,"self","higher_own_payoff","higher_own_payoff",1,0
"study2_130","study2",20,1,"self","higher_own_payoff","lower_own_payoff",2,10
"study2_130","study2",21,1,"self","higher_own_payoff","higher_own_payoff",2,10
"study2_130","study2",22,1,"self","higher_own_payoff","lower_own_payoff",1,0
"study2_130","study2",23,1,"other","lower_own_payoff","higher_own_payoff",1,0
"study2_130","study2",24,1,"self","higher_own_payoff","higher_own_payoff",2,10
"study2_131","study2",1,1,"self","higher_own_payoff","higher_own_payoff",1,0
"study2_131","study2",2,1,"self","higher_own_payoff","higher_own_payoff",1,0
"study2_131","study2",3,1,"self","higher_own_payoff","higher_own_payoff",1,0
"study2_131","study2",4,1,"self","higher_own_payoff","higher_own_payoff",1,0
"study2_131","study2",5,1,"self","higher_own_payoff","higher_own_payoff",1,0
"study2_131","study2",6,1,"self","higher_own_payoff","higher_own_payoff",1,0
"study2_131","study2",7,1,"self","higher_own_payoff","higher_own_payoff",1,0
"study2_131","study2",8,1,"self","higher_own_payoff","higher_own_payoff",1,0
"study2_131","study2",9,1,"self","higher_own_payoff","higher_own_payoff",1,0
"study2_131","study2",10,1,"self","higher_own_payoff","higher_own_payoff",1,0
"study2_131","study2",11,1,"self","higher_own_payoff","higher_own_payoff",1,0
"study2_131","study2",12,1,"self","higher_own_payoff","lower_own_payoff",1,0
"study2_131","study2",13,1,"self","higher_own_payoff","higher_own_payoff",1,0
"study2_131","study2",14,1,"self","higher_own_payoff","higher_own_payoff",1,0
"study2_131","study2",15,1,"self","higher_own_payoff","higher_own_payoff",1,0
"study2_131","study2",16,1,"self","higher_own_payoff","higher_own_payoff",1,0
"study2_131","study2",17,1,"self","higher_own_payoff","higher_own_payoff",1,0
"study2_131","study2",18,1,"self","higher_own_payoff","higher_own_payoff",1,0
"study2_131","study2",19,1,"self","higher_own_payoff","higher_own_payoff",1,0
"study2_131","study2",20,1,"self","higher_own_payoff","higher_own_payoff",1,0
"study2_131","study2",21,1,"self","higher_own_payoff","higher_own_payoff",1,0
"study2_131","study2",22,1,"self","higher_own_payoff","lower_own_payoff",1,0
"study2_131","study2",23,1,"self","higher_own_payoff","higher_own_payoff",1,0
"study2_131","study2",24,1,"self","higher_own_payoff","higher_own_payoff",1,0
"study2_132","study2",1,1,"self","higher_own_payoff","higher_own_payoff",1,0
"study2_132","study2",2,1,"self","higher_own_payoff","higher_own_payoff",1,0
"study2_132","study2",3,1,"self","higher_own_payoff","higher_own_payoff",1,0
"study2_132","study2",4,1,"self","higher_own_payoff","higher_own_payoff",1,0
"study2_132","study2",5,1,"self","higher_own_payoff","higher_own_payoff",1,0
"study2_132","study2",6,1,"self","higher_own_payoff","higher_own_payoff",1,0
"study2_132","study2",7,1,"self","higher_own_payoff","higher_own_payoff",1,0
"study2_132","study2",8,1,"self","higher_own_payoff","higher_own_payoff",1,0
"study2_132","study2",9,1,"self","higher_own_payoff","higher_own_payoff",1,0
"study2_132","study2",10,1,"self","higher_own_payoff","higher_own_payoff",1,0
"study2_132","study2",11,1,"self","higher_own_payoff","higher_own_payoff",1,0
"study2_132","study2",12,1,"self","higher_own_payoff","higher_own_payoff",1,0
"study2_132","study2",13,1,"self","higher_own_payoff","higher_own_payoff",1,0
"study2_132","study2",14,1,"self","higher_own_payoff","higher_own_payoff",1,0
"study2_132","study2",15,1,"self","higher_own_payoff","higher_own_payoff",1,0
"study2_132","study2",16,1,"self","higher_own_payoff","higher_own_payoff",1,0
"study2_132","study2",17,1,"self","higher_own_payoff","higher_own_payoff",1,0
"study2_132","study2",18,1,"self","higher_own_payoff","higher_own_payoff",1,0
"study2_132","study2",19,1,"self","higher_own_payoff","higher_own_payoff",1,0
"study2_132","study2",20,1,"self","higher_own_payoff","higher_own_payoff",1,0
"study2_132","study2",21,1,"self","higher_own_payoff","higher_own_payoff",1,0
"study2_132","study2",22,1,"self","higher_own_payoff","higher_own_payoff",1,0
"study2_132","study2",23,1,"self","higher_own_payoff","higher_own_payoff",1,0
"study2_132","study2",24,1,"self","higher_own_payoff","higher_own_payoff",1,0
"study2_133","study2",1,1,"self","higher_own_payoff","higher_own_payoff",1,0
"study2_133","study2",2,1,"self","higher_own_payoff","higher_own_payoff",1,0
"study2_133","study2",3,1,"self","higher_own_payoff","higher_own_payoff",1,0
"study2_133","study2",4,1,"self","higher_own_payoff","higher_own_payoff",1,0
"study2_133","study2",5,1,"self","higher_own_payoff","lower_own_payoff",2,10
"study2_133","study2",6,1,"self","higher_own_payoff","lower_own_payoff",2,10
"study2_133","study2",7,1,"self","higher_own_payoff","higher_own_payoff",1,0
"study2_133","study2",8,1,"self","higher_own_payoff","higher_own_payoff",1,0
"study2_133","study2",9,1,"self","higher_own_payoff","higher_own_payoff",1,0
"study2_133","study2",10,1,"self","higher_own_payoff","higher_own_payoff",2,10
"study2_133","study2",11,1,"self","higher_own_payoff","higher_own_payoff",1,0
"study2_133","study2",12,1,"self","lower_own_payoff","lower_own_payoff",1,0
"study2_133","study2",13,1,"self","higher_own_payoff","higher_own_payoff",1,0
"study2_133","study2",14,1,"self","higher_own_payoff","higher_own_payoff",1,0
"study2_133","study2",15,1,"self","higher_own_payoff","lower_own_payoff",2,10
"study2_133","study2",16,1,"self","higher_own_payoff","higher_own_payoff",1,0
"study2_133","study2",17,1,"self","higher_own_payoff","higher_own_payoff",1,0
"study2_133","study2",18,1,"self","higher_own_payoff","higher_own_payoff",1,0
"study2_133","study2",19,1,"self","higher_own_payoff","higher_own_payoff",1,0
"study2_133","study2",20,1,"self","higher_own_payoff","higher_own_payoff",1,0
"study2_133","study2",21,1,"self","higher_own_payoff","higher_own_payoff",1,0
"study2_133","study2",22,1,"self","higher_own_payoff","higher_own_payoff",1,0
"study2_133","study2",23,1,"self","higher_own_payoff","lower_own_payoff",2,10
"study2_133","study2",24,1,"self","lower_own_payoff","higher_own_payoff",2,10
"study2_134","study2",1,1,"self","higher_own_payoff","higher_own_payoff",1,0
"study2_134","study2",2,1,"self","lower_own_payoff","lower_own_payoff",1,0
"study2_134","study2",3,1,"self","lower_own_payoff","higher_own_payoff",2,10
"study2_134","study2",4,1,"other","higher_own_payoff","higher_own_payoff",2,10
"study2_134","study2",5,1,"self","lower_own_payoff","higher_own_payoff",2,10
"study2_134","study2",6,1,"self","higher_own_payoff","higher_own_payoff",1,0
"study2_134","study2",7,1,"self","higher_own_payoff","lower_own_payoff",1,0
"study2_134","study2",8,1,"self","lower_own_payoff","higher_own_payoff",1,0
"study2_134","study2",9,1,"self","higher_own_payoff","higher_own_payoff",1,0
"study2_134","study2",10,1,"self","lower_own_payoff","lower_own_payoff",1,0
"study2_134","study2",11,1,"self","lower_own_payoff","lower_own_payoff",2,10
"study2_134","study2",12,1,"self","lower_own_payoff","lower_own_payoff",1,0
"study2_134","study2",13,1,"self","higher_own_payoff","higher_own_payoff",1,0
"study2_134","study2",14,1,"other","higher_own_payoff","higher_own_payoff",1,0
"study2_134","study2",15,1,"self","lower_own_payoff","lower_own_payoff",1,0
"study2_134","study2",16,1,"self","higher_own_payoff","lower_own_payoff",2,10
"study2_134","study2",17,1,"self","lower_own_payoff","higher_own_payoff",2,10
"study2_134","study2",18,1,"self","lower_own_payoff","higher_own_payoff",2,10
"study2_134","study2",19,1,"self","lower_own_payoff","lower_own_payoff",1,0
"study2_134","study2",20,1,"other","higher_own_payoff","higher_own_payoff",1,0
"study2_134","study2",21,1,"self","lower_own_payoff","lower_own_payoff",1,0
"study2_134","study2",22,1,"self","lower_own_payoff","higher_own_payoff",1,0
"study2_134","study2",23,1,"self","higher_own_payoff","higher_own_payoff",1,0
"study2_134","study2",24,1,"self","lower_own_payoff","lower_own_payoff",1,0
"study2_137","study2",1,1,"self","higher_own_payoff","higher_own_payoff",1,0
"study2_137","study2",2,1,"self","higher_own_payoff","lower_own_payoff",2,10
"study2_137","study2",3,1,"self","higher_own_payoff","higher_own_payoff",1,0
"study2_137","study2",4,1,"self","lower_own_payoff","lower_own_payoff",1,0
"study2_137","study2",5,1,"self","higher_own_payoff","higher_own_payoff",1,0
"study2_137","study2",6,1,"self","higher_own_payoff","higher_own_payoff",1,0
"study2_137","study2",7,1,"self","higher_own_payoff","higher_own_payoff",2,10
"study2_137","study2",8,1,"self","higher_own_payoff","lower_own_payoff",3,20
"study2_137","study2",9,1,"self","lower_own_payoff","lower_own_payoff",2,10
"study2_137","study2",10,1,"self","higher_own_payoff","higher_own_payoff",2,10
"study2_137","study2",11,1,"self","lower_own_payoff","higher_own_payoff",4,30
"study2_137","study2",12,1,"self","higher_own_payoff","higher_own_payoff",1,0
"study2_137","study2",13,1,"self","higher_own_payoff","lower_own_payoff",4,30
"study2_137","study2",14,1,"self","lower_own_payoff","higher_own_payoff",2,10
"study2_137","study2",15,1,"self","higher_own_payoff","higher_own_payoff",1,0
"study2_137","study2",16,1,"self","higher_own_payoff","lower_own_payoff",4,30
"study2_137","study2",17,1,"self","higher_own_payoff","lower_own_payoff",4,30
"study2_137","study2",18,1,"self","higher_own_payoff","higher_own_payoff",1,0
"study2_137","study2",19,1,"self","higher_own_payoff","lower_own_payoff",4,30
"study2_137","study2",20,1,"self","higher_own_payoff","lower_own_payoff",4,30
"study2_137","study2",21,1,"self","lower_own_payoff","higher_own_payoff",2,10
"study2_137","study2",22,1,"self","higher_own_payoff","higher_own_payoff",4,30
"study2_137","study2",23,1,"self","higher_own_payoff","higher_own_payoff",4,30
"study2_137","study2",24,1,"self","higher_own_payoff","lower_own_payoff",2,10
"study2_139","study2",1,1,"self","lower_own_payoff","higher_own_payoff",1,0
"study2_139","study2",2,1,"self","lower_own_payoff","lower_own_payoff",2,10
"study2_139","study2",3,1,"self","higher_own_payoff","higher_own_payoff",2,10
"study2_139","study2",4,1,"self","higher_own_payoff","higher_own_payoff",2,10
"study2_139","study2",5,1,"self","higher_own_payoff","higher_own_payoff",2,10
"study2_139","study2",6,1,"self","higher_own_payoff","lower_own_payoff",2,10
"study2_139","study2",7,1,"self","higher_own_payoff","higher_own_payoff",2,10
"study2_139","study2",8,1,"self","higher_own_payoff","higher_own_payoff",2,10
"study2_139","study2",9,1,"self","higher_own_payoff","lower_own_payoff",2,10
"study2_139","study2",10,1,"self","lower_own_payoff","lower_own_payoff",1,0
"study2_139","study2",11,1,"self","higher_own_payoff","lower_own_payoff",2,10
"study2_139","study2",12,1,"self","higher_own_payoff","higher_own_payoff",2,10
"study2_139","study2",13,1,"self","lower_own_payoff","lower_own_payoff",2,10
"study2_139","study2",14,1,"self","higher_own_payoff","lower_own_payoff",2,10
"study2_139","study2",15,1,"self","higher_own_payoff","lower_own_payoff",2,10
"study2_139","study2",16,1,"self","higher_own_payoff","higher_own_payoff",2,10
"study2_139","study2",17,1,"self","higher_own_payoff","lower_own_payoff",2,10
"study2_139","study2",18,1,"self","higher_own_payoff","higher_own_payoff",2,10
"study2_139","study2",19,1,"self","lower_own_payoff","higher_own_payoff",2,10
"study2_139","study2",20,1,"self","lower_own_payoff","higher_own_payoff",2,10
"study2_139","study2",21,1,"self","higher_own_payoff","higher_own_payoff",2,10
"study2_139","study2",22,1,"self","higher_own_payoff","higher_own_payoff",2,10
"study2_139","study2",23,1,"self","lower_own_payoff","higher_own_payoff",2,10
"study2_139","study2",24,1,"self","higher_own_payoff","lower_own_payoff",2,10
"study2_140","study2",1,1,"self","higher_own_payoff","higher_own_payoff",3,20
"study2_140","study2",2,1,"self","lower_own_payoff","lower_own_payoff",2,10
"study2_140","study2",3,1,"self","higher_own_payoff","higher_own_payoff",6,50
"study2_140","study2",4,1,"self","lower_own_payoff","lower_own_payoff",1,0
"study2_140","study2",5,1,"self","lower_own_payoff","higher_own_payoff",2,10
"study2_140","study2",6,1,"self","higher_own_payoff","higher_own_payoff",3,20
"study2_140","study2",7,1,"other","lower_own_payoff","higher_own_payoff",3,20
"study2_140","study2",8,1,"self","higher_own_payoff","lower_own_payoff",2,10
"study2_140","study2",9,1,"self","higher_own_payoff","higher_own_payoff",3,20
"study2_140","study2",10,1,"self","higher_own_payoff","lower_own_payoff",4,30
"study2_140","study2",11,1,"self","lower_own_payoff","higher_own_payoff",8,70
"study2_140","study2",12,1,"self","higher_own_payoff","higher_own_payoff",4,30
"study2_140","study2",13,1,"self","higher_own_payoff","higher_own_payoff",2,10
"study2_140","study2",14,1,"other","lower_own_payoff","higher_own_payoff",2,10
"study2_140","study2",15,1,"self","lower_own_payoff","lower_own_payoff",4,30
"study2_140","study2",16,1,"other","lower_own_payoff","higher_own_payoff",4,30
"study2_140","study2",17,1,"self","higher_own_payoff","lower_own_payoff",4,30
"study2_140","study2",18,1,"self","higher_own_payoff","higher_own_payoff",2,10
"study2_140","study2",19,1,"other","lower_own_payoff","higher_own_payoff",3,20
"study2_140","study2",20,1,"other","lower_own_payoff","higher_own_payoff",3,20
"study2_140","study2",21,1,"other","higher_own_payoff","lower_own_payoff",3,20
"study2_140","study2",22,1,"other","lower_own_payoff","lower_own_payoff",4,30
"study2_140","study2",23,1,"other","lower_own_payoff","lower_own_payoff",6,50
"study2_140","study2",24,1,"other","lower_own_payoff","lower_own_payoff",6,50
"study2_141","study2",1,1,"self","higher_own_payoff","higher_own_payoff",3,20
"study2_141","study2",2,1,"self","higher_own_payoff","higher_own_payoff",2,10
"study2_141","study2",3,1,"self","higher_own_payoff","higher_own_payoff",2,10
"study2_141","study2",4,1,"other","lower_own_payoff","lower_own_payoff",2,10
"study2_141","study2",5,1,"other","lower_own_payoff","lower_own_payoff",2,10
"study2_141","study2",6,1,"self","higher_own_payoff","higher_own_payoff",2,10
"study2_141","study2",7,1,"self","higher_own_payoff","higher_own_payoff",1,0
"study2_141","study2",8,1,"self","higher_own_payoff","higher_own_payoff",1,0
"study2_141","study2",9,1,"self","higher_own_payoff","higher_own_payoff",2,10
"study2_141","study2",10,1,"self","higher_own_payoff","higher_own_payoff",2,10
"study2_141","study2",11,1,"self","higher_own_payoff","higher_own_payoff",1,0
"study2_141","study2",12,1,"self","higher_own_payoff","higher_own_payoff",1,0
"study2_141","study2",13,1,"other","higher_own_payoff","higher_own_payoff",1,0
"study2_141","study2",14,1,"other","lower_own_payoff","lower_own_payoff",2,10
"study2_141","study2",15,1,"self","higher_own_payoff","higher_own_payoff",2,10
"study2_141","study2",16,1,"self","higher_own_payoff","higher_own_payoff",2,10
"study2_141","study2",17,1,"other","lower_own_payoff","lower_own_payoff",2,10
"study2_141","study2",18,1,"other","lower_own_payoff","lower_own_payoff",2,10
"study2_141","study2",19,1,"self","higher_own_payoff","higher_own_payoff",2,10
"study2_141","study2",20,1,"self","higher_own_payoff","higher_own_payoff",2,10
"study2_141","study2",21,1,"other","lower_own_payoff","lower_own_payoff",2,10
"study2_141","study2",22,1,"self","higher_own_payoff","higher_own_payoff",2,10
"study2_141","study2",23,1,"self","higher_own_payoff","higher_own_payoff",1,0
"study2_141","study2",24,1,"self","higher_own_payoff","higher_own_payoff",2,10
"study2_142","study2",1,1,"self","higher_own_payoff","higher_own_payoff",1,0
"study2_142","study2",2,1,"self","higher_own_payoff","higher_own_payoff",2,10
"study2_142","study2",3,1,"other","lower_own_payoff","higher_own_payoff",2,10
"study2_142","study2",4,1,"self","lower_own_payoff","lower_own_payoff",2,10
"study2_142","study2",5,1,"self","lower_own_payoff","lower_own_payoff",1,0
"study2_142","study2",6,1,"self","higher_own_payoff","higher_own_payoff",1,0
"study2_142","study2",7,1,"other","lower_own_payoff","lower_own_payoff",3,20
"study2_142","study2",8,1,"self","higher_own_payoff","lower_own_payoff",5,40
"study2_142","study2",9,1,"self","lower_own_payoff","lower_own_payoff",2,10
"study2_142","study2",10,1,"self","higher_own_payoff","higher_own_payoff",2,10
"study2_142","study2",11,1,"self","higher_own_payoff","higher_own_payoff",3,20
"study2_142","study2",12,1,"self","lower_own_payoff","lower_own_payoff",1,0
"study2_142","study2",13,1,"self","lower_own_payoff","higher_own_payoff",2,10
"study2_142","study2",14,1,"other","higher_own_payoff","lower_own_payoff",2,10
"study2_142","study2",15,1,"self","higher_own_payoff","higher_own_payoff",2,10
"study2_142","study2",16,1,"self","higher_own_payoff","higher_own_payoff",4,30
"study2_142","study2",17,1,"self","higher_own_payoff","higher_own_payoff",2,10
"study2_142","study2",18,1,"self","lower_own_payoff","lower_own_payoff",2,10
"study2_142","study2",19,1,"self","higher_own_payoff","higher_own_payoff",2,10
"study2_142","study2",20,1,"self","higher_own_payoff","higher_own_payoff",3,20
"study2_142","study2",21,1,"self","higher_own_payoff","higher_own_payoff",1,0
"study2_142","study2",22,1,"self","higher_own_payoff","higher_own_payoff",2,10
"study2_142","study2",23,1,"self","lower_own_payoff","higher_own_payoff",4,30
"study2_142","study2",24,1,"other","higher_own_payoff","lower_own_payoff",3,20
"study2_143","study2",1,1,"self","higher_own_payoff","higher_own_payoff",2,10
"study2_143","study2",2,1,"self","higher_own_payoff","higher_own_payoff",2,10
"study2_143","study2",3,1,"self","higher_own_payoff","higher_own_payoff",1,0
"study2_143","study2",4,1,"self","higher_own_payoff","lower_own_payoff",1,0
"study2_143","study2",5,1,"self","higher_own_payoff","higher_own_payoff",1,0
"study2_143","study2",6,1,"self","higher_own_payoff","higher_own_payoff",1,0
"study2_143","study2",7,1,"self","higher_own_payoff","lower_own_payoff",2,10
"study2_143","study2",8,1,"self","lower_own_payoff","lower_own_payoff",2,10
"study2_143","study2",9,1,"self","higher_own_payoff","higher_own_payoff",1,0
"study2_143","study2",10,1,"self","lower_own_payoff","higher_own_payoff",1,0
"study2_143","study2",11,1,"self","lower_own_payoff","higher_own_payoff",1,0
"study2_143","study2",12,1,"self","lower_own_payoff","lower_own_payoff",1,0
"study2_143","study2",13,1,"self","higher_own_payoff","higher_own_payoff",1,0
"study2_143","study2",14,1,"self","lower_own_payoff","higher_own_payoff",1,0
"study2_143","study2",15,1,"self","higher_own_payoff","higher_own_payoff",1,0
"study2_143","study2",16,1,"self","lower_own_payoff","higher_own_payoff",1,0
"study2_143","study2",17,1,"self","higher_own_payoff","higher_own_payoff",1,0
"study2_143","study2",18,1,"self","higher_own_payoff","lower_own_payoff",2,10
"study2_143","study2",19,1,"self","lower_own_payoff","higher_own_payoff",1,0
"study2_143","study2",20,1,"self","lower_own_payoff","lower_own_payoff",1,0
"study2_143","study2",21,1,"self","lower_own_payoff","higher_own_payoff",1,0
"study2_143","study2",22,1,"self","higher_own_payoff","higher_own_payoff",2,10
"study2_143","study2",23,1,"self","higher_own_payoff","lower_own_payoff",1,0
"study2_143","study2",24,1,"self","higher_own_payoff","higher_own_payoff",1,0
"study2_144","study2",1,1,"self","higher_own_payoff","higher_own_payoff",2,10
"study2_144","study2",2,1,"self","higher_own_payoff","lower_own_payoff",2,10
"study2_144","study2",3,1,"self","higher_own_payoff","higher_own_payoff",1,0
"study2_144","study2",4,1,"self","higher_own_payoff","higher_own_payoff",2,10
"study2_144","study2",5,1,"self","lower_own_payoff","higher_own_payoff",2,10
"study2_144","study2",6,1,"self","higher_own_payoff","lower_own_payoff",2,10
"study2_144","study2",7,1,"self","higher_own_payoff","higher_own_payoff",2,10
"study2_144","study2",8,1,"self","higher_own_payoff","higher_own_payoff",2,10
"study2_144","study2",9,1,"self","lower_own_payoff","lower_own_payoff",2,10
"study2_144","study2",10,1,"self","lower_own_payoff","higher_own_payoff",2,10
"study2_144","study2",11,1,"self","higher_own_payoff","lower_own_payoff",2,10
"study2_144","study2",12,1,"self","higher_own_payoff","higher_own_payoff",2,10
"study2_144","study2",13,1,"self","higher_own_payoff","lower_own_payoff",2,10
"study2_144","study2",14,1,"self","lower_own_payoff","higher_own_payoff",2,10
"study2_144","study2",15,1,"self","lower_own_payoff","lower_own_payoff",2,10
"study2_144","study2",16,1,"self","higher_own_payoff","higher_own_payoff",1,0
"study2_144","study2",17,1,"self","higher_own_payoff","higher_own_payoff",2,10
"study2_144","study2",18,1,"self","higher_own_payoff","higher_own_payoff",2,10
"study2_144","study2",19,1,"self","higher_own_payoff","lower_own_payoff",2,10
"study2_144","study2",20,1,"self","higher_own_payoff","higher_own_payoff",2,10
"study2_144","study2",21,1,"self","higher_own_payoff","lower_own_payoff",2,10
"study2_144","study2",22,1,"self","lower_own_payoff","lower_own_payoff",2,10
"study2_144","study2",23,1,"self","higher_own_payoff","higher_own_payoff",2,10
"study2_144","study2",24,1,"self","higher_own_payoff","higher_own_payoff",1,0
"study2_145","study2",1,1,"other","lower_own_payoff","higher_own_payoff",1,0
"study2_145","study2",2,1,"self","lower_own_payoff","lower_own_payoff",1,0
"study2_145","study2",3,1,"self","lower_own_payoff","lower_own_payoff",1,0
"study2_145","study2",4,1,"self","lower_own_payoff","higher_own_payoff",1,0
"study2_145","study2",5,1,"self","lower_own_payoff","higher_own_payoff",1,0
"study2_145","study2",6,1,"self","lower_own_payoff","higher_own_payoff",1,0
"study2_145","study2",7,1,"self","higher_own_payoff","higher_own_payoff",1,0
"study2_145","study2",8,1,"other","lower_own_payoff","higher_own_payoff",1,0
"study2_145","study2",9,1,"other","lower_own_payoff","higher_own_payoff",1,0
"study2_145","study2",10,1,"self","lower_own_payoff","higher_own_payoff",1,0
"study2_145","study2",11,1,"self","higher_own_payoff","higher_own_payoff",1,0
"study2_145","study2",12,1,"self","lower_own_payoff","lower_own_payoff",1,0
"study2_145","study2",13,1,"self","lower_own_payoff","higher_own_payoff",1,0
"study2_145","study2",14,1,"self","lower_own_payoff","higher_own_payoff",1,0
"study2_145","study2",15,1,"self","higher_own_payoff","lower_own_payoff",1,0
"study2_145","study2",16,1,"self","higher_own_payoff","higher_own_payoff",1,0
"study2_145","study2",17,1,"self","lower_own_payoff","higher_own_payoff",1,0
"study2_145","study2",18,1,"self","higher_own_payoff","higher_own_payoff",1,0
"study2_145","study2",19,1,"self","higher_own_payoff","lower_own_payoff",1,0
"study2_145","study2",20,1,"self","lower_own_payoff","higher_own_payoff",1,0
"study2_145","study2",21,1,"self","lower_own_payoff","lower_own_payoff",1,0
"study2_145","study2",22,1,"self","higher_own_payoff","higher_own_payoff",1,0
"study2_145","study2",23,1,"self","lower_own_payoff","higher_own_payoff",1,0
"study2_145","study2",24,1,"self","higher_own_payoff","lower_own_payoff",1,0
"study2_146","study2",1,1,"self","higher_own_payoff","lower_own_payoff",2,10
"study2_146","study2",2,1,"self","higher_own_payoff","higher_own_payoff",1,0
"study2_146","study2",3,1,"self","higher_own_payoff","higher_own_payoff",1,0
"study2_146","study2",4,1,"self","higher_own_payoff","higher_own_payoff",1,0
"study2_146","study2",5,1,"self","lower_own_payoff","lower_own_payoff",1,0
"study2_146","study2",6,1,"self","higher_own_payoff","higher_own_payoff",1,0
"study2_146","study2",7,1,"self","higher_own_payoff","higher_own_payoff",1,0
"study2_146","study2",8,1,"self","higher_own_payoff","higher_own_payoff",2,10
"study2_146","study2",9,1,"self","higher_own_payoff","higher_own_payoff",1,0
"study2_146","study2",10,1,"self","higher_own_payoff","higher_own_payoff",2,10
"study2_146","study2",11,1,"self","higher_own_payoff","higher_own_payoff",1,0
"study2_146","study2",12,1,"self","higher_own_payoff","higher_own_payoff",1,0
"study2_146","study2",13,1,"self","higher_own_payoff","higher_own_payoff",1,0
"study2_146","study2",14,1,"self","higher_own_payoff","higher_own_payoff",1,0
"study2_146","study2",15,1,"self","higher_own_payoff","higher_own_payoff",1,0
"study2_146","study2",16,1,"self","higher_own_payoff","higher_own_payoff",1,0
"study2_146","study2",17,1,"self","higher_own_payoff","higher_own_payoff",1,0
"study2_146","study2",18,1,"self","higher_own_payoff","higher_own_payoff",2,10
"study2_146","study2",19,1,"self","higher_own_payoff","higher_own_payoff",1,0
"study2_146","study2",20,1,"self","higher_own_payoff","higher_own_payoff",1,0
"study2_146","study2",21,1,"self","higher_own_payoff","higher_own_payoff",1,0
"study2_146","study2",22,1,"self","higher_own_payoff","higher_own_payoff",1,0
"study2_146","study2",23,1,"self","higher_own_payoff","lower_own_payoff",1,0
"study2_146","study2",24,1,"self","higher_own_payoff","higher_own_payoff",1,0
"study2_147","study2",1,1,"other","higher_own_payoff","lower_own_payoff",1,0
"study2_147","study2",2,1,"self","higher_own_payoff","lower_own_payoff",1,0
"study2_147","study2",3,1,"self","higher_own_payoff","higher_own_payoff",1,0
"study2_147","study2",4,1,"other","higher_own_payoff","higher_own_payoff",1,0
"study2_147","study2",5,1,"self","lower_own_payoff","higher_own_payoff",1,0
"study2_147","study2",6,1,"other","higher_own_payoff","higher_own_payoff",1,0
"study2_147","study2",7,1,"self","lower_own_payoff","lower_own_payoff",1,0
"study2_147","study2",8,1,"self","lower_own_payoff","higher_own_payoff",1,0
"study2_147","study2",9,1,"other","higher_own_payoff","higher_own_payoff",2,10
"study2_147","study2",10,1,"self","lower_own_payoff","higher_own_payoff",1,0
"study2_147","study2",11,1,"other","higher_own_payoff","higher_own_payoff",1,0
"study2_147","study2",12,1,"self","higher_own_payoff","higher_own_payoff",1,0
"study2_147","study2",13,1,"self","lower_own_payoff","lower_own_payoff",1,0
"study2_147","study2",14,1,"other","higher_own_payoff","lower_own_payoff",1,0
"study2_147","study2",15,1,"other","higher_own_payoff","higher_own_payoff",1,0
"study2_147","study2",16,1,"self","lower_own_payoff","lower_own_payoff",1,0
"study2_147","study2",17,1,"self","lower_own_payoff","lower_own_payoff",1,0
"study2_147","study2",18,1,"self","lower_own_payoff","lower_own_payoff",1,0
"study2_147","study2",19,1,"other","higher_own_payoff","higher_own_payoff",1,0
"study2_147","study2",20,1,"self","higher_own_payoff","higher_own_payoff",1,0
"study2_147","study2",21,1,"self","lower_own_payoff","lower_own_payoff",1,0
"study2_147","study2",22,1,"self","lower_own_payoff","higher_own_payoff",1,0
"study2_147","study2",23,1,"self","lower_own_payoff","lower_own_payoff",1,0
"study2_147","study2",24,1,"other","higher_own_payoff","higher_own_payoff",1,0
"study2_148","study2",1,1,"self","lower_own_payoff","higher_own_payoff",2,10
"study2_148","study2",2,1,"self","higher_own_payoff","higher_own_payoff",2,10
"study2_148","study2",3,1,"self","lower_own_payoff","higher_own_payoff",1,0
"study2_148","study2",4,1,"self","higher_own_payoff","higher_own_payoff",1,0
"study2_148","study2",5,1,"self","higher_own_payoff","higher_own_payoff",2,10
"study2_148","study2",6,1,"other","higher_own_payoff","higher_own_payoff",1,0
"study2_148","study2",7,1,"self","higher_own_payoff","higher_own_payoff",2,10
"study2_148","study2",8,1,"self","lower_own_payoff","higher_own_payoff",1,0
"study2_148","study2",9,1,"other","lower_own_payoff","lower_own_payoff",2,10
"study2_148","study2",10,1,"other","higher_own_payoff","higher_own_payoff",1,0
"study2_148","study2",11,1,"self","higher_own_payoff","higher_own_payoff",2,10
"study2_148","study2",12,1,"self","higher_own_payoff","lower_own_payoff",1,0
"study2_148","study2",13,1,"self","higher_own_payoff","higher_own_payoff",2,10
"study2_148","study2",14,1,"self","higher_own_payoff","higher_own_payoff",1,0
"study2_148","study2",15,1,"self","higher_own_payoff","higher_own_payoff",1,0
"study2_148","study2",16,1,"self","lower_own_payoff","lower_own_payoff",2,10
"study2_148","study2",17,1,"self","lower_own_payoff","higher_own_payoff",1,0
"study2_148","study2",18,1,"self","higher_own_payoff","higher_own_payoff",1,0
"study2_148","study2",19,1,"self","higher_own_payoff","higher_own_payoff",1,0
"study2_148","study2",20,1,"self","lower_own_payoff","lower_own_payoff",1,0
"study2_148","study2",21,1,"self","higher_own_payoff","higher_own_payoff",1,0
"study2_148","study2",22,1,"self","higher_own_payoff","higher_own_payoff",2,10
"study2_148","study2",23,1,"self","higher_own_payoff","higher_own_payoff",1,0
"study2_148","study2",24,1,"self","lower_own_payoff","higher_own_payoff",2,10
"study2_149","study2",1,1,"self","higher_own_payoff","lower_own_payoff",2,10
"study2_149","study2",2,1,"self","higher_own_payoff","lower_own_payoff",3,20
"study2_149","study2",3,1,"self","higher_own_payoff","higher_own_payoff",2,10
"study2_149","study2",4,1,"self","higher_own_payoff","higher_own_payoff",2,10
"study2_149","study2",5,1,"self","higher_own_payoff","higher_own_payoff",2,10
"study2_149","study2",6,1,"self","higher_own_payoff","higher_own_payoff",2,10
"study2_149","study2",7,1,"self","higher_own_payoff","higher_own_payoff",1,0
"study2_149","study2",8,1,"self","higher_own_payoff","higher_own_payoff",1,0
"study2_149","study2",9,1,"self","higher_own_payoff","higher_own_payoff",4,30
"study2_149","study2",10,1,"self","higher_own_payoff","higher_own_payoff",2,10
"study2_149","study2",11,1,"self","higher_own_payoff","higher_own_payoff",1,0
"study2_149","study2",12,1,"self","higher_own_payoff","higher_own_payoff",1,0
"study2_149","study2",13,1,"self","higher_own_payoff","higher_own_payoff",1,0
"study2_149","study2",14,1,"self","higher_own_payoff","higher_own_payoff",1,0
"study2_149","study2",15,1,"self","higher_own_payoff","higher_own_payoff",2,10
"study2_149","study2",16,1,"self","higher_own_payoff","higher_own_payoff",2,10
"study2_149","study2",17,1,"other","lower_own_payoff","higher_own_payoff",2,10
"study2_149","study2",18,1,"self","lower_own_payoff","lower_own_payoff",2,10
"study2_149","study2",19,1,"self","higher_own_payoff","higher_own_payoff",2,10
"study2_149","study2",20,1,"self","higher_own_payoff","higher_own_payoff",1,0
"study2_149","study2",21,1,"self","lower_own_payoff","lower_own_payoff",1,0
"study2_149","study2",22,1,"self","higher_own_payoff","higher_own_payoff",1,0
"study2_149","study2",23,1,"self","higher_own_payoff","higher_own_payoff",2,10
"study2_149","study2",24,1,"self","higher_own_payoff","higher_own_payoff",1,0
"study2_150","study2",1,1,"self","higher_own_payoff","higher_own_payoff",3,20
"study2_150","study2",2,1,"self","higher_own_payoff","lower_own_payoff",2,10
"study2_150","study2",3,1,"self","higher_own_payoff","higher_own_payoff",1,0
"study2_150","study2",4,1,"self","lower_own_payoff","lower_own_payoff",4,30
"study2_150","study2",5,1,"self","higher_own_payoff","higher_own_payoff",2,10
"study2_150","study2",6,1,"self","higher_own_payoff","higher_own_payoff",2,10
"study2_150","study2",7,1,"self","lower_own_payoff","higher_own_payoff",4,30
"study2_150","study2",8,1,"self","higher_own_payoff","lower_own_payoff",4,30
"study2_150","study2",9,1,"self","lower_own_payoff","higher_own_payoff",2,10
"study2_150","study2",10,1,"self","lower_own_payoff","higher_own_payoff",3,20
"study2_150","study2",11,1,"self","higher_own_payoff","lower_own_payoff",2,10
"study2_150","study2",12,1,"self","higher_own_payoff","higher_own_payoff",4,30
"study2_150","study2",13,1,"self","higher_own_payoff","higher_own_payoff",1,0
"study2_150","study2",14,1,"self","higher_own_payoff","higher_own_payoff",4,30
"study2_150","study2",15,1,"self","higher_own_payoff","lower_own_payoff",4,30
"study2_150","study2",16,1,"self","higher_own_payoff","higher_own_payoff",1,0
"study2_150","study2",17,1,"self","higher_own_payoff","lower_own_payoff",4,30
"study2_150","study2",18,1,"self","higher_own_payoff","higher_own_payoff",4,30
"study2_150","study2",19,1,"self","higher_own_payoff","lower_own_payoff",4,30
"study2_150","study2",20,1,"self","higher_own_payoff","lower_own_payoff",4,30
"study2_150","study2",21,1,"self","higher_own_payoff","lower_own_payoff",4,30
"study2_150","study2",22,1,"self","lower_own_payoff","higher_own_payoff",4,30
"study2_150","study2",23,1,"self","higher_own_payoff","higher_own_payoff",4,30
"study2_150","study2",24,1,"self","higher_own_payoff","higher_own_payoff",2,10
"study2_151","study2",1,1,"self","lower_own_payoff","lower_own_payoff",1,0
"study2_151","study2",2,1,"self","lower_own_payoff","lower_own_payoff",1,0
"study2_151","study2",3,1,"self","higher_own_payoff","higher_own_payoff",1,0
"study2_151","study2",4,1,"other","higher_own_payoff","higher_own_payoff",1,0
"study2_151","study2",5,1,"self","lower_own_payoff","higher_own_payoff",1,0
"study2_151","study2",6,1,"self","lower_own_payoff","lower_own_payoff",1,0
"study2_151","study2",7,1,"self","higher_own_payoff","higher_own_payoff",1,0
"study2_151","study2",8,1,"self","higher_own_payoff","lower_own_payoff",1,0
"study2_151","study2",9,1,"self","lower_own_payoff","lower_own_payoff",1,0
"study2_151","study2",10,1,"self","higher_own_payoff","higher_own_payoff",1,0
"study2_151","study2",11,1,"self","lower_own_payoff","lower_own_payoff",1,0
"study2_151","study2",12,1,"self","higher_own_payoff","lower_own_payoff",1,0
"study2_151","study2",13,1,"self","lower_own_payoff","higher_own_payoff",1,0
"study2_151","study2",14,1,"self","lower_own_payoff","lower_own_payoff",1,0
"study2_151","study2",15,1,"self","higher_own_payoff","higher_own_payoff",1,0
"study2_151","study2",16,1,"other","lower_own_payoff","lower_own_payoff",1,0
"study2_151","study2",17,1,"self","higher_own_payoff","higher_own_payoff",1,0
"study2_151","study2",18,1,"self","higher_own_payoff","higher_own_payoff",1,0
"study2_151","study2",19,1,"self","lower_own_payoff","lower_own_payoff",1,0
"study2_151","study2",20,1,"self","higher_own_payoff","higher_own_payoff",2,10
"study2_151","study2",21,1,"self","lower_own_payoff","higher_own_payoff",1,0
"study2_151","study2",22,1,"self","higher_own_payoff","higher_own_payoff",1,0
"study2_151","study2",23,1,"self","lower_own_payoff","lower_own_payoff",1,0
"study2_151","study2",24,1,"self","higher_own_payoff","lower_own_payoff",1,0
"study2_153","study2",1,1,"self","higher_own_payoff","higher_own_payoff",2,10
"study2_153","study2",2,1,"self","lower_own_payoff","higher_own_payoff",1,0
"study2_153","study2",3,1,"self","higher_own_payoff","lower_own_payoff",4,30
"study2_153","study2",4,1,"self","higher_own_payoff","higher_own_payoff",4,30
"study2_153","study2",5,1,"self","lower_own_payoff","lower_own_payoff",2,10
"study2_153","study2",6,1,"self","higher_own_payoff","higher_own_payoff",4,30
"study2_153","study2",7,1,"self","higher_own_payoff","higher_own_payoff",2,10
"study2_153","study2",8,1,"self","higher_own_payoff","lower_own_payoff",4,30
"study2_153","study2",9,1,"self","lower_own_payoff","higher_own_payoff",4,30
"study2_153","study2",10,1,"self","lower_own_payoff","lower_own_payoff",4,30
"study2_153","study2",11,1,"self","lower_own_payoff","higher_own_payoff",4,30
"study2_153","study2",12,1,"self","higher_own_payoff","lower_own_payoff",2,10
"study2_153","study2",13,1,"self","lower_own_payoff","higher_own_payoff",2,10
"study2_153","study2",14,1,"self","lower_own_payoff","higher_own_payoff",2,10
"study2_153","study2",15,1,"self","higher_own_payoff","higher_own_payoff",1,0
"study2_153","study2",16,1,"self","higher_own_payoff","higher_own_payoff",4,30
"study2_153","study2",17,1,"self","higher_own_payoff","higher_own_payoff",2,10
"study2_153","study2",18,1,"self","higher_own_payoff","higher_own_payoff",4,30
"study2_153","study2",19,1,"self","lower_own_payoff","lower_own_payoff",4,30
"study2_153","study2",20,1,"self","higher_own_payoff","lower_own_payoff",4,30
"study2_153","study2",21,1,"self","higher_own_payoff","lower_own_payoff",4,30
"study2_153","study2",22,1,"self","higher_own_payoff","higher_own_payoff",4,30
"study2_153","study2",23,1,"self","lower_own_payoff","higher_own_payoff",2,10
"study2_153","study2",24,1,"self","higher_own_payoff","higher_own_payoff",4,30
"study2_154","study2",1,1,"self","higher_own_payoff","higher_own_payoff",1,0
"study2_154","study2",2,1,"self","lower_own_payoff","lower_own_payoff",1,0
"study2_154","study2",3,1,"self","higher_own_payoff","higher_own_payoff",1,0
"study2_154","study2",4,1,"self","higher_own_payoff","higher_own_payoff",1,0
"study2_154","study2",5,1,"self","lower_own_payoff","higher_own_payoff",1,0
"study2_154","study2",6,1,"self","higher_own_payoff","lower_own_payoff",1,0
"study2_154","study2",7,1,"self","higher_own_payoff","higher_own_payoff",1,0
"study2_154","study2",8,1,"self","higher_own_payoff","lower_own_payoff",1,0
"study2_154","study2",9,1,"self","higher_own_payoff","higher_own_payoff",1,0
"study2_154","study2",10,1,"self","higher_own_payoff","higher_own_payoff",1,0
"study2_154","study2",11,1,"self","higher_own_payoff","higher_own_payoff",1,0
"study2_154","study2",12,1,"self","higher_own_payoff","higher_own_payoff",1,0
"study2_154","study2",13,1,"self","lower_own_payoff","lower_own_payoff",1,0
"study2_154","study2",14,1,"self","higher_own_payoff","lower_own_payoff",1,0
"study2_154","study2",15,1,"self","higher_own_payoff","higher_own_payoff",1,0
"study2_154","study2",16,1,"self","lower_own_payoff","higher_own_payoff",1,0
"study2_154","study2",17,1,"self","higher_own_payoff","higher_own_payoff",1,0
"study2_154","study2",18,1,"self","higher_own_payoff","higher_own_payoff",1,0
"study2_154","study2",19,1,"self","higher_own_payoff","higher_own_payoff",1,0
"study2_154","study2",20,1,"self","higher_own_payoff","higher_own_payoff",1,0
"study2_154","study2",21,1,"self","higher_own_payoff","higher_own_payoff",1,0
"study2_154","study2",22,1,"self","higher_own_payoff","higher_own_payoff",1,0
"study2_154","study2",23,1,"self","higher_own_payoff","higher_own_payoff",1,0
"study2_154","study2",24,1,"self","lower_own_payoff","lower_own_payoff",1,0
"study2_155","study2",1,1,"self","lower_own_payoff","lower_own_payoff",1,0
"study2_155","study2",2,1,"other","higher_own_payoff","higher_own_payoff",1,0
"study2_155","study2",3,1,"self","lower_own_payoff","higher_own_payoff",3,20
"study2_155","study2",4,1,"self","lower_own_payoff","lower_own_payoff",2,10
"study2_155","study2",5,1,"other","lower_own_payoff","lower_own_payoff",1,0
"study2_155","study2",6,1,"other","higher_own_payoff","lower_own_payoff",2,10
"study2_155","study2",7,1,"other","higher_own_payoff","higher_own_payoff",1,0
"study2_155","study2",8,1,"self","higher_own_payoff","higher_own_payoff",1,0
"study2_155","study2",9,1,"other","higher_own_payoff","higher_own_payoff",1,0
"study2_155","study2",10,1,"other","lower_own_payoff","lower_own_payoff",2,10
"study2_155","study2",11,1,"self","lower_own_payoff","lower_own_payoff",1,0
"study2_155","study2",12,1,"other","lower_own_payoff","lower_own_payoff",1,0
"study2_155","study2",13,1,"other","higher_own_payoff","lower_own_payoff",1,0
"study2_155","study2",14,1,"self","lower_own_payoff","higher_own_payoff",2,10
"study2_155","study2",15,1,"self","lower_own_payoff","lower_own_payoff",1,0
"study2_155","study2",16,1,"other","lower_own_payoff","lower_own_payoff",1,0
"study2_155","study2",17,1,"other","higher_own_payoff","higher_own_payoff",1,0
"study2_155","study2",18,1,"self","lower_own_payoff","lower_own_payoff",1,0
"study2_155","study2",19,1,"self","lower_own_payoff","higher_own_payoff",1,0
"study2_155","study2",20,1,"self","lower_own_payoff","lower_own_payoff",1,0
"study2_155","study2",21,1,"self","lower_own_payoff","lower_own_payoff",1,0
"study2_155","study2",22,1,"self","lower_own_payoff","lower_own_payoff",1,0
"study2_155","study2",23,1,"self","lower_own_payoff","lower_own_payoff",1,0
"study2_155","study2",24,1,"other","higher_own_payoff","lower_own_payoff",1,0
"study2_156","study2",1,1,"self","higher_own_payoff","higher_own_payoff",1,0
"study2_156","study2",2,1,"self","higher_own_payoff","higher_own_payoff",1,0
"study2_156","study2",3,1,"self","higher_own_payoff","higher_own_payoff",1,0
"study2_156","study2",4,1,"self","higher_own_payoff","lower_own_payoff",1,0
"study2_156","study2",5,1,"self","higher_own_payoff","lower_own_payoff",1,0
"study2_156","study2",6,1,"self","higher_own_payoff","lower_own_payoff",1,0
"study2_156","study2",7,1,"self","higher_own_payoff","lower_own_payoff",1,0
"study2_156","study2",8,1,"self","higher_own_payoff","higher_own_payoff",1,0
"study2_156","study2",9,1,"self","higher_own_payoff","lower_own_payoff",1,0
"study2_156","study2",10,1,"self","lower_own_payoff","higher_own_payoff",1,0
"study2_156","study2",11,1,"self","higher_own_payoff","higher_own_payoff",1,0
"study2_156","study2",12,1,"self","higher_own_payoff","lower_own_payoff",1,0
"study2_156","study2",13,1,"self","higher_own_payoff","lower_own_payoff",1,0
"study2_156","study2",14,1,"self","higher_own_payoff","higher_own_payoff",1,0
"study2_156","study2",15,1,"self","higher_own_payoff","higher_own_payoff",1,0
"study2_156","study2",16,1,"self","higher_own_payoff","lower_own_payoff",1,0
"study2_156","study2",17,1,"self","higher_own_payoff","lower_own_payoff",1,0
"study2_156","study2",18,1,"self","higher_own_payoff","higher_own_payoff",1,0
"study2_156","study2",19,1,"self","higher_own_payoff","higher_own_payoff",1,0
"study2_156","study2",20,1,"self","higher_own_payoff","higher_own_payoff",1,0
"study2_156","study2",21,1,"self","higher_own_payoff","higher_own_payoff",1,0
"study2_156","study2",22,1,"self","higher_own_payoff","lower_own_payoff",1,0
"study2_156","study2",23,1,"self","higher_own_payoff","lower_own_payoff",1,0
"study2_156","study2",24,1,"self","higher_own_payoff","lower_own_payoff",1,0
"study2_158","study2",1,1,"self","higher_own_payoff","lower_own_payoff",3,20
"study2_158","study2",2,1,"self","higher_own_payoff","higher_own_payoff",2,10
"study2_158","study2",3,1,"self","higher_own_payoff","lower_own_payoff",4,30
"study2_158","study2",4,1,"self","lower_own_payoff","lower_own_payoff",2,10
"study2_158","study2",5,1,"self","higher_own_payoff","higher_own_payoff",2,10
"study2_158","study2",6,1,"self","higher_own_payoff","higher_own_payoff",1,0
"study2_158","study2",7,1,"self","higher_own_payoff","higher_own_payoff",1,0
"study2_158","study2",8,1,"self","higher_own_payoff","lower_own_payoff",1,0
"study2_158","study2",9,1,"self","higher_own_payoff","higher_own_payoff",1,0
"study2_158","study2",10,1,"self","higher_own_payoff","lower_own_payoff",2,10
"study2_158","study2",11,1,"self","higher_own_payoff","higher_own_payoff",1,0
"study2_158","study2",12,1,"self","higher_own_payoff","higher_own_payoff",1,0
"study2_158","study2",13,1,"self","higher_own_payoff","higher_own_payoff",1,0
"study2_158","study2",14,1,"self","higher_own_payoff","higher_own_payoff",1,0
"study2_158","study2",15,1,"self","higher_own_payoff","lower_own_payoff",2,10
"study2_158","study2",16,1,"self","higher_own_payoff","lower_own_payoff",2,10
"study2_158","study2",17,1,"self","higher_own_payoff","higher_own_payoff",2,10
"study2_158","study2",18,1,"self","higher_own_payoff","higher_own_payoff",1,0
"study2_158","study2",19,1,"self","higher_own_payoff","higher_own_payoff",1,0
"study2_158","study2",20,1,"self","higher_own_payoff","lower_own_payoff",1,0
"study2_158","study2",21,1,"self","higher_own_payoff","higher_own_payoff",1,0
"study2_158","study2",22,1,"self","higher_own_payoff","higher_own_payoff",1,0
"study2_158","study2",23,1,"self","higher_own_payoff","higher_own_payoff",1,0
"study2_158","study2",24,1,"self","higher_own_payoff","lower_own_payoff",2,10
"study2_160","study2",1,1,"self","lower_own_payoff","higher_own_payoff",1,0
"study2_160","study2",2,1,"self","higher_own_payoff","lower_own_payoff",2,10
"study2_160","study2",3,1,"self","higher_own_payoff","higher_own_payoff",1,0
"study2_160","study2",4,1,"self","higher_own_payoff","higher_own_payoff",1,0
"study2_160","study2",5,1,"self","higher_own_payoff","lower_own_payoff",2,10
"study2_160","study2",6,1,"self","higher_own_payoff","higher_own_payoff",2,10
"study2_160","study2",7,1,"self","higher_own_payoff","lower_own_payoff",1,0
"study2_160","study2",8,1,"self","higher_own_payoff","higher_own_payoff",1,0
"study2_160","study2",9,1,"self","higher_own_payoff","lower_own_payoff",1,0
"study2_160","study2",10,1,"self","higher_own_payoff","higher_own_payoff",1,0
"study2_160","study2",11,1,"self","higher_own_payoff","lower_own_payoff",2,10
"study2_160","study2",12,1,"other","higher_own_payoff","higher_own_payoff",1,0
"study2_160","study2",13,1,"other","higher_own_payoff","higher_own_payoff",1,0
"study2_160","study2",14,1,"self","higher_own_payoff","higher_own_payoff",1,0
"study2_160","study2",15,1,"self","higher_own_payoff","higher_own_payoff",1,0
"study2_160","study2",16,1,"other","higher_own_payoff","higher_own_payoff",1,0
"study2_160","study2",17,1,"self","higher_own_payoff","higher_own_payoff",1,0
"study2_160","study2",18,1,"self","higher_own_payoff","higher_own_payoff",1,0
"study2_160","study2",19,1,"self","higher_own_payoff","higher_own_payoff",1,0
"study2_160","study2",20,1,"other","higher_own_payoff","higher_own_payoff",1,0
"study2_160","study2",21,1,"self","higher_own_payoff","higher_own_payoff",1,0
"study2_160","study2",22,1,"self","higher_own_payoff","higher_own_payoff",1,0
"study2_160","study2",23,1,"self","higher_own_payoff","higher_own_payoff",1,0
"study2_160","study2",24,1,"self","higher_own_payoff","higher_own_payoff",1,0
"study2_161","study2",1,1,"self","lower_own_payoff","higher_own_payoff",1,0
"study2_161","study2",2,1,"self","lower_own_payoff","higher_own_payoff",1,0
"study2_161","study2",3,1,"self","higher_own_payoff","lower_own_payoff",1,0
"study2_161","study2",4,1,"self","lower_own_payoff","lower_own_payoff",1,0
"study2_161","study2",5,1,"self","higher_own_payoff","lower_own_payoff",1,0
"study2_161","study2",6,1,"self","higher_own_payoff","higher_own_payoff",2,10
"study2_161","study2",7,1,"self","lower_own_payoff","lower_own_payoff",1,0
"study2_161","study2",8,1,"self","higher_own_payoff","higher_own_payoff",2,10
"study2_161","study2",9,1,"self","lower_own_payoff","lower_own_payoff",1,0
"study2_161","study2",10,1,"self","lower_own_payoff","higher_own_payoff",1,0
"study2_161","study2",11,1,"self","lower_own_payoff","lower_own_payoff",1,0
"study2_161","study2",12,1,"self","higher_own_payoff","higher_own_payoff",1,0
"study2_161","study2",13,1,"self","lower_own_payoff","lower_own_payoff",1,0
"study2_161","study2",14,1,"self","higher_own_payoff","lower_own_payoff",1,0
"study2_161","study2",15,1,"self","higher_own_payoff","higher_own_payoff",1,0
"study2_161","study2",16,1,"self","higher_own_payoff","higher_own_payoff",1,0
"study2_161","study2",17,1,"self","higher_own_payoff","higher_own_payoff",1,0
"study2_161","study2",18,1,"self","higher_own_payoff","higher_own_payoff",1,0
"study2_161","study2",19,1,"self","higher_own_payoff","higher_own_payoff",1,0
"study2_161","study2",20,1,"self","higher_own_payoff","higher_own_payoff",1,0
"study2_161","study2",21,1,"self","higher_own_payoff","higher_own_payoff",1,0
"study2_161","study2",22,1,"self","higher_own_payoff","higher_own_payoff",1,0
"study2_161","study2",23,1,"self","higher_own_payoff","lower_own_payoff",1,0
"study2_161","study2",24,1,"self","higher_own_payoff","lower_own_payoff",2,10
"study2_162","study2",1,1,"self","higher_own_payoff","higher_own_payoff",3,20
"study2_162","study2",2,1,"self","higher_own_payoff","higher_own_payoff",4,30
"study2_162","study2",3,1,"self","higher_own_payoff","higher_own_payoff",1,0
"study2_162","study2",4,1,"self","higher_own_payoff","higher_own_payoff",1,0
"study2_162","study2",5,1,"self","higher_own_payoff","higher_own_payoff",1,0
"study2_162","study2",6,1,"self","higher_own_payoff","lower_own_payoff",2,10
"study2_162","study2",7,1,"self","higher_own_payoff","higher_own_payoff",3,20
"study2_162","study2",8,1,"self","higher_own_payoff","higher_own_payoff",2,10
"study2_162","study2",9,1,"self","higher_own_payoff","lower_own_payoff",2,10
"study2_162","study2",10,1,"self","higher_own_payoff","higher_own_payoff",3,20
"study2_162","study2",11,1,"self","higher_own_payoff","lower_own_payoff",2,10
"study2_162","study2",12,1,"self","lower_own_payoff","lower_own_payoff",2,10
"study2_162","study2",13,1,"self","higher_own_payoff","higher_own_payoff",1,0
"study2_162","study2",14,1,"self","higher_own_payoff","higher_own_payoff",1,0
"study2_162","study2",15,1,"self","higher_own_payoff","lower_own_payoff",3,20
"study2_162","study2",16,1,"self","higher_own_payoff","higher_own_payoff",3,20
"study2_162","study2",17,1,"self","higher_own_payoff","higher_own_payoff",4,30
"study2_162","study2",18,1,"self","lower_own_payoff","higher_own_payoff",2,10
"study2_162","study2",19,1,"self","lower_own_payoff","lower_own_payoff",2,10
"study2_162","study2",20,1,"self","higher_own_payoff","lower_own_payoff",2,10
"study2_162","study2",21,1,"self","higher_own_payoff","lower_own_payoff",3,20
"study2_162","study2",22,1,"self","higher_own_payoff","higher_own_payoff",3,20
"study2_162","study2",23,1,"self","higher_own_payoff","higher_own_payoff",3,20
"study2_162","study2",24,1,"self","higher_own_payoff","lower_own_payoff",3,20
"study2_163","study2",1,1,"self","higher_own_payoff","higher_own_payoff",2,10
"study2_163","study2",2,1,"self","higher_own_payoff","higher_own_payoff",2,10
"study2_163","study2",3,1,"self","higher_own_payoff","higher_own_payoff",2,10
"study2_163","study2",4,1,"self","higher_own_payoff","higher_own_payoff",2,10
"study2_163","study2",5,1,"self","higher_own_payoff","higher_own_payoff",2,10
"study2_163","study2",6,1,"self","higher_own_payoff","higher_own_payoff",2,10
"study2_163","study2",7,1,"self","higher_own_payoff","higher_own_payoff",2,10
"study2_163","study2",8,1,"self","higher_own_payoff","higher_own_payoff",2,10
"study2_163","study2",9,1,"self","higher_own_payoff","higher_own_payoff",2,10
"study2_163","study2",10,1,"self","higher_own_payoff","higher_own_payoff",2,10
"study2_163","study2",11,1,"self","higher_own_payoff","higher_own_payoff",2,10
"study2_163","study2",12,1,"self","higher_own_payoff","higher_own_payoff",2,10
"study2_163","study2",13,1,"self","higher_own_payoff","higher_own_payoff",2,10
"study2_163","study2",14,1,"self","higher_own_payoff","higher_own_payoff",2,10
"study2_163","study2",15,1,"self","higher_own_payoff","higher_own_payoff",2,10
"study2_163","study2",16,1,"self","higher_own_payoff","higher_own_payoff",2,10
"study2_163","study2",17,1,"self","higher_own_payoff","higher_own_payoff",2,10
"study2_163","study2",18,1,"self","higher_own_payoff","higher_own_payoff",2,10
"study2_163","study2",19,1,"self","higher_own_payoff","higher_own_payoff",2,10
"study2_163","study2",20,1,"self","higher_own_payoff","higher_own_payoff",2,10
"study2_163","study2",21,1,"self","higher_own_payoff","higher_own_payoff",2,10
"study2_163","study2",22,1,"self","higher_own_payoff","higher_own_payoff",2,10
"study2_163","study2",23,1,"self","higher_own_payoff","higher_own_payoff",2,10
"study2_163","study2",24,1,"self","higher_own_payoff","higher_own_payoff",2,10
"study2_164","study2",1,1,"self","higher_own_payoff","higher_own_payoff",1,0
"study2_164","study2",2,1,"self","higher_own_payoff","lower_own_payoff",1,0
"study2_164","study2",3,1,"self","higher_own_payoff","higher_own_payoff",2,10
"study2_164","study2",4,1,"self","lower_own_payoff","higher_own_payoff",1,0
"study2_164","study2",5,1,"self","lower_own_payoff","higher_own_payoff",1,0
"study2_164","study2",6,1,"self","higher_own_payoff","lower_own_payoff",1,0
"study2_164","study2",7,1,"self","higher_own_payoff","lower_own_payoff",3,20
"study2_164","study2",8,1,"self","lower_own_payoff","lower_own_payoff",2,10
"study2_164","study2",9,1,"self","lower_own_payoff","lower_own_payoff",2,10
"study2_164","study2",10,1,"self","lower_own_payoff","lower_own_payoff",1,0
"study2_164","study2",11,1,"self","higher_own_payoff","higher_own_payoff",2,10
"study2_164","study2",12,1,"self","higher_own_payoff","higher_own_payoff",3,20
"study2_164","study2",13,1,"self","lower_own_payoff","higher_own_payoff",2,10
"study2_164","study2",14,1,"self","higher_own_payoff","higher_own_payoff",1,0
"study2_164","study2",15,1,"self","lower_own_payoff","higher_own_payoff",2,10
"study2_164","study2",16,1,"self","higher_own_payoff","higher_own_payoff",1,0
"study2_164","study2",17,1,"self","lower_own_payoff","lower_own_payoff",1,0
"study2_164","study2",18,1,"self","higher_own_payoff","lower_own_payoff",1,0
"study2_164","study2",19,1,"self","lower_own_payoff","lower_own_payoff",1,0
"study2_164","study2",20,1,"self","higher_own_payoff","lower_own_payoff",1,0
"study2_164","study2",21,1,"self","higher_own_payoff","lower_own_payoff",1,0
"study2_164","study2",22,1,"self","lower_own_payoff","higher_own_payoff",1,0
"study2_164","study2",23,1,"self","higher_own_payoff","higher_own_payoff",1,0
"study2_164","study2",24,1,"self","higher_own_payoff","higher_own_payoff",1,0
"study2_165","study2",1,1,"other","higher_own_payoff","higher_own_payoff",1,0
"study2_165","study2",2,1,"self","lower_own_payoff","lower_own_payoff",2,10
"study2_165","study2",3,1,"self","lower_own_payoff","lower_own_payoff",1,0
"study2_165","study2",4,1,"other","higher_own_payoff","higher_own_payoff",1,0
"study2_165","study2",5,1,"self","higher_own_payoff","lower_own_payoff",2,10
"study2_165","study2",6,1,"self","lower_own_payoff","higher_own_payoff",1,0
"study2_165","study2",7,1,"self","higher_own_payoff","higher_own_payoff",1,0
"study2_165","study2",8,1,"other","higher_own_payoff","higher_own_payoff",1,0
"study2_165","study2",9,1,"self","higher_own_payoff","higher_own_payoff",2,10
"study2_165","study2",10,1,"self","lower_own_payoff","higher_own_payoff",1,0
"study2_165","study2",11,1,"self","lower_own_payoff","lower_own_payoff",1,0
"study2_165","study2",12,1,"other","lower_own_payoff","higher_own_payoff",1,0
"study2_165","study2",13,1,"other","higher_own_payoff","higher_own_payoff",1,0
"study2_165","study2",14,1,"self","lower_own_payoff","lower_own_payoff",1,0
"study2_165","study2",15,1,"self","higher_own_payoff","higher_own_payoff",1,0
"study2_165","study2",16,1,"self","lower_own_payoff","higher_own_payoff",1,0
"study2_165","study2",17,1,"other","higher_own_payoff","higher_own_payoff",1,0
"study2_165","study2",18,1,"other","higher_own_payoff","lower_own_payoff",1,0
"study2_165","study2",19,1,"self","lower_own_payoff","higher_own_payoff",1,0
"study2_165","study2",20,1,"other","higher_own_payoff","lower_own_payoff",1,0
"study2_165","study2",21,1,"self","lower_own_payoff","lower_own_payoff",1,0
"study2_165","study2",22,1,"other","higher_own_payoff","higher_own_payoff",1,0
"study2_165","study2",23,1,"self","higher_own_payoff","higher_own_payoff",2,10
"study2_165","study2",24,1,"other","lower_own_payoff","lower_own_payoff",1,0
"study2_166","study2",1,1,"self","lower_own_payoff","higher_own_payoff",3,20
"study2_166","study2",2,1,"self","higher_own_payoff","higher_own_payoff",1,0
"study2_166","study2",3,1,"self","lower_own_payoff","lower_own_payoff",1,0
"study2_166","study2",4,1,"other","lower_own_payoff","lower_own_payoff",2,10
"study2_166","study2",5,1,"self","higher_own_payoff","higher_own_payoff",1,0
"study2_166","study2",6,1,"self","lower_own_payoff","higher_own_payoff",1,0
"study2_166","study2",7,1,"self","lower_own_payoff","higher_own_payoff",1,0
"study2_166","study2",8,1,"self","lower_own_payoff","higher_own_payoff",1,0
"study2_166","study2",9,1,"self","lower_own_payoff","higher_own_payoff",1,0
"study2_166","study2",10,1,"self","lower_own_payoff","lower_own_payoff",1,0
"study2_166","study2",11,1,"self","lower_own_payoff","higher_own_payoff",1,0
"study2_166","study2",12,1,"self","lower_own_payoff","lower_own_payoff",1,0
"study2_166","study2",13,1,"self","higher_own_payoff","higher_own_payoff",1,0
"study2_166","study2",14,1,"self","lower_own_payoff","higher_own_payoff",1,0
"study2_166","study2",15,1,"self","lower_own_payoff","higher_own_payoff",1,0
"study2_166","study2",16,1,"self","lower_own_payoff","higher_own_payoff",1,0
"study2_166","study2",17,1,"self","lower_own_payoff","higher_own_payoff",1,0
"study2_166","study2",18,1,"self","lower_own_payoff","lower_own_payoff",1,0
"study2_166","study2",19,1,"self","lower_own_payoff","higher_own_payoff",1,0
"study2_166","study2",20,1,"self","lower_own_payoff","lower_own_payoff",1,0
"study2_166","study2",21,1,"self","lower_own_payoff","lower_own_payoff",1,0
"study2_166","study2",22,1,"self","lower_own_payoff","higher_own_payoff",1,0
"study2_166","study2",23,1,"self","lower_own_payoff","higher_own_payoff",1,0
"study2_166","study2",24,1,"self","lower_own_payoff","lower_own_payoff",1,0
"study2_168","study2",1,1,"self","lower_own_payoff","higher_own_payoff",1,0
"study2_168","study2",2,1,"self","lower_own_payoff","higher_own_payoff",1,0
"study2_168","study2",3,1,"self","lower_own_payoff","lower_own_payoff",2,10
"study2_168","study2",4,1,"self","higher_own_payoff","higher_own_payoff",1,0
"study2_168","study2",5,1,"self","higher_own_payoff","higher_own_payoff",1,0
"study2_168","study2",6,1,"self","higher_own_payoff","higher_own_payoff",2,10
"study2_168","study2",7,1,"self","lower_own_payoff","higher_own_payoff",1,0
"study2_168","study2",8,1,"self","higher_own_payoff","higher_own_payoff",1,0
"study2_168","study2",9,1,"self","higher_own_payoff","higher_own_payoff",1,0
"study2_168","study2",10,1,"self","higher_own_payoff","lower_own_payoff",2,10
"study2_168","study2",11,1,"self","higher_own_payoff","higher_own_payoff",1,0
"study2_168","study2",12,1,"self","higher_own_payoff","higher_own_payoff",1,0
"study2_168","study2",13,1,"self","higher_own_payoff","higher_own_payoff",1,0
"study2_168","study2",14,1,"self","higher_own_payoff","higher_own_payoff",1,0
"study2_168","study2",15,1,"self","higher_own_payoff","higher_own_payoff",1,0
"study2_168","study2",16,1,"self","lower_own_payoff","lower_own_payoff",1,0
"study2_168","study2",17,1,"self","higher_own_payoff","higher_own_payoff",1,0
"study2_168","study2",18,1,"self","higher_own_payoff","lower_own_payoff",1,0
"study2_168","study2",19,1,"self","lower_own_payoff","lower_own_payoff",1,0
"study2_168","study2",20,1,"self","higher_own_payoff","lower_own_payoff",1,0
"study2_168","study2",21,1,"self","higher_own_payoff","lower_own_payoff",1,0
"study2_168","study2",22,1,"self","higher_own_payoff","higher_own_payoff",1,0
"study2_168","study2",23,1,"self","lower_own_payoff","higher_own_payoff",1,0
"study2_168","study2",24,1,"self","higher_own_payoff","higher_own_payoff",2,10
"study2_169","study2",1,1,"self","higher_own_payoff","higher_own_payoff",1,0
"study2_169","study2",2,1,"self","higher_own_payoff","higher_own_payoff",1,0
"study2_169","study2",3,1,"self","higher_own_payoff","higher_own_payoff",1,0
"study2_169","study2",4,1,"self","higher_own_payoff","higher_own_payoff",1,0
"study2_169","study2",5,1,"self","higher_own_payoff","higher_own_payoff",1,0
"study2_169","study2",6,1,"self","higher_own_payoff","higher_own_payoff",1,0
"study2_169","study2",7,1,"self","higher_own_payoff","higher_own_payoff",1,0
"study2_169","study2",8,1,"self","lower_own_payoff","lower_own_payoff",1,0
"study2_169","study2",9,1,"self","higher_own_payoff","higher_own_payoff",1,0
"study2_169","study2",10,1,"self","higher_own_payoff","higher_own_payoff",1,0
"study2_169","study2",11,1,"self","higher_own_payoff","higher_own_payoff",1,0
"study2_169","study2",12,1,"other","lower_own_payoff","lower_own_payoff",2,10
"study2_169","study2",13,1,"self","higher_own_payoff","higher_own_payoff",1,0
"study2_169","study2",14,1,"self","higher_own_payoff","higher_own_payoff",1,0
"study2_169","study2",15,1,"self","lower_own_payoff","lower_own_payoff",1,0
"study2_169","study2",16,1,"self","higher_own_payoff","higher_own_payoff",1,0
"study2_169","study2",17,1,"self","higher_own_payoff","higher_own_payoff",1,0
"study2_169","study2",18,1,"self","lower_own_payoff","lower_own_payoff",1,0
"study2_169","study2",19,1,"self","higher_own_payoff","higher_own_payoff",1,0
"study2_169","study2",20,1,"self","higher_own_payoff","lower_own_payoff",2,10
"study2_169","study2",21,1,"self","higher_own_payoff","lower_own_payoff",2,10
"study2_169","study2",22,1,"self","higher_own_payoff","higher_own_payoff",1,0
"study2_169","study2",23,1,"self","lower_own_payoff","higher_own_payoff",2,10
"study2_169","study2",24,1,"self","higher_own_payoff","lower_own_payoff",2,10
"study2_170","study2",1,1,"self","higher_own_payoff","higher_own_payoff",8,70
"study2_170","study2",2,1,"self","lower_own_payoff","lower_own_payoff",5,40
"study2_170","study2",3,1,"self","higher_own_payoff","higher_own_payoff",2,10
"study2_170","study2",4,1,"self","lower_own_payoff","higher_own_payoff",6,50
"study2_170","study2",5,1,"self","higher_own_payoff","lower_own_payoff",8,70
"study2_170","study2",6,1,"other","lower_own_payoff","higher_own_payoff",8,70
"study2_170","study2",7,1,"self","lower_own_payoff","lower_own_payoff",8,70
"study2_170","study2",8,1,"self","lower_own_payoff","higher_own_payoff",8,70
"study2_170","study2",9,1,"self","higher_own_payoff","higher_own_payoff",8,70
"study2_170","study2",10,1,"self","higher_own_payoff","lower_own_payoff",4,30
"study2_170","study2",11,1,"self","higher_own_payoff","higher_own_payoff",8,70
"study2_170","study2",12,1,"self","lower_own_payoff","lower_own_payoff",8,70
"study2_170","study2",13,1,"self","lower_own_payoff","lower_own_payoff",8,70
"study2_170","study2",14,1,"self","lower_own_payoff","higher_own_payoff",8,70
"study2_170","study2",15,1,"self","lower_own_payoff","higher_own_payoff",8,70
"study2_170","study2",16,1,"self","lower_own_payoff","lower_own_payoff",8,70
"study2_170","study2",17,1,"self","higher_own_payoff","higher_own_payoff",8,70
"study2_170","study2",18,1,"self","higher_own_payoff","higher_own_payoff",8,70
"study2_170","study2",19,1,"self","higher_own_payoff","higher_own_payoff",8,70
"study2_170","study2",20,1,"self","lower_own_payoff","higher_own_payoff",8,70
"study2_170","study2",21,1,"self","lower_own_payoff","lower_own_payoff",8,70
"study2_170","study2",22,1,"self","higher_own_payoff","higher_own_payoff",8,70
"study2_170","study2",23,1,"self","lower_own_payoff","lower_own_payoff",8,70
"study2_170","study2",24,1,"self","lower_own_payoff","lower_own_payoff",8,70
"study2_171","study2",1,1,"self","lower_own_payoff","higher_own_payoff",4,30
"study2_171","study2",2,1,"self","higher_own_payoff","higher_own_payoff",2,10
"study2_171","study2",3,1,"self","higher_own_payoff","higher_own_payoff",1,0
"study2_171","study2",4,1,"self","higher_own_payoff","higher_own_payoff",3,20
"study2_171","study2",5,1,"self","higher_own_payoff","lower_own_payoff",2,10
"study2_171","study2",6,1,"self","higher_own_payoff","higher_own_payoff",2,10
"study2_171","study2",7,1,"self","higher_own_payoff","higher_own_payoff",2,10
"study2_171","study2",8,1,"self","higher_own_payoff","higher_own_payoff",2,10
"study2_171","study2",9,1,"self","higher_own_payoff","higher_own_payoff",1,0
"study2_171","study2",10,1,"self","lower_own_payoff","lower_own_payoff",3,20
"study2_171","study2",11,1,"self","higher_own_payoff","higher_own_payoff",3,20
"study2_171","study2",12,1,"self","higher_own_payoff","higher_own_payoff",2,10
"study2_171","study2",13,1,"self","lower_own_payoff","higher_own_payoff",2,10
"study2_171","study2",14,1,"self","higher_own_payoff","lower_own_payoff",4,30
"study2_171","study2",15,1,"self","higher_own_payoff","lower_own_payoff",2,10
"study2_171","study2",16,1,"self","higher_own_payoff","higher_own_payoff",1,0
"study2_171","study2",17,1,"self","higher_own_payoff","higher_own_payoff",2,10
"study2_171","study2",18,1,"self","higher_own_payoff","higher_own_payoff",2,10
"study2_171","study2",19,1,"self","higher_own_payoff","lower_own_payoff",3,20
"study2_171","study2",20,1,"self","higher_own_payoff","higher_own_payoff",3,20
"study2_171","study2",21,1,"self","higher_own_payoff","lower_own_payoff",4,30
"study2_171","study2",22,1,"self","higher_own_payoff","higher_own_payoff",2,10
"study2_171","study2",23,1,"self","higher_own_payoff","higher_own_payoff",2,10
"study2_171","study2",24,1,"self","higher_own_payoff","lower_own_payoff",3,20
"study2_172","study2",1,1,"self","higher_own_payoff","lower_own_payoff",4,30
"study2_172","study2",2,1,"self","higher_own_payoff","higher_own_payoff",1,0
"study2_172","study2",3,1,"self","higher_own_payoff","higher_own_payoff",1,0
"study2_172","study2",4,1,"self","higher_own_payoff","higher_own_payoff",3,20
"study2_172","study2",5,1,"self","higher_own_payoff","higher_own_payoff",2,10
"study2_172","study2",6,1,"self","higher_own_payoff","higher_own_payoff",1,0
"study2_172","study2",7,1,"self","higher_own_payoff","lower_own_payoff",4,30
"study2_172","study2",8,1,"self","higher_own_payoff","lower_own_payoff",1,0
"study2_172","study2",9,1,"self","higher_own_payoff","lower_own_payoff",3,20
"study2_172","study2",10,1,"self","higher_own_payoff","higher_own_payoff",2,10
"study2_172","study2",11,1,"self","higher_own_payoff","higher_own_payoff",1,0
"study2_172","study2",12,1,"self","higher_own_payoff","higher_own_payoff",1,0
"study2_172","study2",13,1,"self","higher_own_payoff","higher_own_payoff",4,30
"study2_172","study2",14,1,"self","higher_own_payoff","higher_own_payoff",1,0
"study2_172","study2",15,1,"self","higher_own_payoff","higher_own_payoff",1,0
"study2_172","study2",16,1,"self","higher_own_payoff","higher_own_payoff",1,0
"study2_172","study2",17,1,"self","higher_own_payoff","higher_own_payoff",4,30
"study2_172","study2",18,1,"self","higher_own_payoff","lower_own_payoff",4,30
"study2_172","study2",19,1,"self","higher_own_payoff","higher_own_payoff",1,0
"study2_172","study2",20,1,"self","higher_own_payoff","higher_own_payoff",1,0
"study2_172","study2",21,1,"self","higher_own_payoff","higher_own_payoff",1,0
"study2_172","study2",22,1,"self","higher_own_payoff","higher_own_payoff",1,0
"study2_172","study2",23,1,"self","higher_own_payoff","higher_own_payoff",1,0
"study2_172","study2",24,1,"self","higher_own_payoff","higher_own_payoff",1,0
"study2_173","study2",1,1,"self","higher_own_payoff","higher_own_payoff",1,0
"study2_173","study2",2,1,"self","higher_own_payoff","higher_own_payoff",2,10
"study2_173","study2",3,1,"self","higher_own_payoff","higher_own_payoff",1,0
"study2_173","study2",4,1,"other","higher_own_payoff","higher_own_payoff",1,0
"study2_173","study2",5,1,"self","higher_own_payoff","higher_own_payoff",2,10
"study2_173","study2",6,1,"self","higher_own_payoff","higher_own_payoff",1,0
"study2_173","study2",7,1,"self","higher_own_payoff","higher_own_payoff",1,0
"study2_173","study2",8,1,"self","higher_own_payoff","higher_own_payoff",1,0
"study2_173","study2",9,1,"self","higher_own_payoff","higher_own_payoff",1,0
"study2_173","study2",10,1,"self","higher_own_payoff","higher_own_payoff",1,0
"study2_173","study2",11,1,"self","lower_own_payoff","higher_own_payoff",2,10
"study2_173","study2",12,1,"self","higher_own_payoff","higher_own_payoff",1,0
"study2_173","study2",13,1,"other","higher_own_payoff","higher_own_payoff",2,10
"study2_173","study2",14,1,"other","higher_own_payoff","higher_own_payoff",1,0
"study2_173","study2",15,1,"self","higher_own_payoff","higher_own_payoff",1,0
"study2_173","study2",16,1,"self","lower_own_payoff","lower_own_payoff",1,0
"study2_173","study2",17,1,"self","higher_own_payoff","higher_own_payoff",1,0
"study2_173","study2",18,1,"self","higher_own_payoff","higher_own_payoff",1,0
"study2_173","study2",19,1,"self","higher_own_payoff","higher_own_payoff",1,0
"study2_173","study2",20,1,"self","higher_own_payoff","higher_own_payoff",1,0
"study2_173","study2",21,1,"self","higher_own_payoff","higher_own_payoff",1,0
"study2_173","study2",22,1,"self","higher_own_payoff","higher_own_payoff",2,10
"study2_173","study2",23,1,"self","higher_own_payoff","higher_own_payoff",1,0
"study2_173","study2",24,1,"self","higher_own_payoff","higher_own_payoff",1,0
"study2_174","study2",1,1,"self","higher_own_payoff","higher_own_payoff",1,0
"study2_174","study2",2,1,"other","higher_own_payoff","higher_own_payoff",1,0
"study2_174","study2",3,1,"self","higher_own_payoff","higher_own_payoff",2,10
"study2_174","study2",4,1,"other","higher_own_payoff","lower_own_payoff",1,0
"study2_174","study2",5,1,"self","higher_own_payoff","lower_own_payoff",1,0
"study2_174","study2",6,1,"other","higher_own_payoff","higher_own_payoff",1,0
"study2_174","study2",7,1,"self","lower_own_payoff","higher_own_payoff",1,0
"study2_174","study2",8,1,"other","higher_own_payoff","higher_own_payoff",1,0
"study2_174","study2",9,1,"other","higher_own_payoff","lower_own_payoff",1,0
"study2_174","study2",10,1,"self","lower_own_payoff","higher_own_payoff",1,0
"study2_174","study2",11,1,"other","higher_own_payoff","higher_own_payoff",1,0
"study2_174","study2",12,1,"self","higher_own_payoff","higher_own_payoff",1,0
"study2_174","study2",13,1,"self","lower_own_payoff","higher_own_payoff",1,0
"study2_174","study2",14,1,"other","higher_own_payoff","higher_own_payoff",1,0
"study2_174","study2",15,1,"other","higher_own_payoff","higher_own_payoff",1,0
"study2_174","study2",16,1,"self","lower_own_payoff","higher_own_payoff",1,0
"study2_174","study2",17,1,"other","lower_own_payoff","higher_own_payoff",1,0
"study2_174","study2",18,1,"self","lower_own_payoff","lower_own_payoff",2,10
"study2_174","study2",19,1,"self","lower_own_payoff","higher_own_payoff",1,0
"study2_174","study2",20,1,"self","lower_own_payoff","higher_own_payoff",1,0
"study2_174","study2",21,1,"self","lower_own_payoff","lower_own_payoff",1,0
"study2_174","study2",22,1,"self","lower_own_payoff","higher_own_payoff",1,0
"study2_174","study2",23,1,"other","higher_own_payoff","lower_own_payoff",1,0
"study2_174","study2",24,1,"self","lower_own_payoff","higher_own_payoff",1,0
"study2_175","study2",1,1,"self","higher_own_payoff","higher_own_payoff",1,0
"study2_175","study2",2,1,"self","higher_own_payoff","higher_own_payoff",2,10
"study2_175","study2",3,1,"self","higher_own_payoff","lower_own_payoff",2,10
"study2_175","study2",4,1,"self","higher_own_payoff","lower_own_payoff",2,10
"study2_175","study2",5,1,"self","higher_own_payoff","lower_own_payoff",2,10
"study2_175","study2",6,1,"self","higher_own_payoff","higher_own_payoff",1,0
"study2_175","study2",7,1,"self","lower_own_payoff","higher_own_payoff",2,10
"study2_175","study2",8,1,"self","higher_own_payoff","lower_own_payoff",2,10
"study2_175","study2",9,1,"self","higher_own_payoff","higher_own_payoff",2,10
"study2_175","study2",10,1,"self","lower_own_payoff","lower_own_payoff",2,10
"study2_175","study2",11,1,"self","higher_own_payoff","lower_own_payoff",2,10
"study2_175","study2",12,1,"self","higher_own_payoff","lower_own_payoff",2,10
"study2_175","study2",13,1,"self","higher_own_payoff","higher_own_payoff",1,0
"study2_175","study2",14,1,"self","higher_own_payoff","higher_own_payoff",3,20
"study2_175","study2",15,1,"self","higher_own_payoff","higher_own_payoff",4,30
"study2_175","study2",16,1,"self","higher_own_payoff","higher_own_payoff",3,20
"study2_175","study2",17,1,"self","higher_own_payoff","lower_own_payoff",2,10
"study2_175","study2",18,1,"self","higher_own_payoff","lower_own_payoff",3,20
"study2_175","study2",19,1,"self","higher_own_payoff","higher_own_payoff",2,10
"study2_175","study2",20,1,"self","higher_own_payoff","higher_own_payoff",1,0
"study2_175","study2",21,1,"self","higher_own_payoff","higher_own_payoff",1,0
"study2_175","study2",22,1,"self","higher_own_payoff","higher_own_payoff",1,0
"study2_175","study2",23,1,"self","higher_own_payoff","higher_own_payoff",2,10
"study2_175","study2",24,1,"self","higher_own_payoff","higher_own_payoff",3,20
"study2_176","study2",1,1,"self","lower_own_payoff","lower_own_payoff",2,10
"study2_176","study2",2,1,"self","lower_own_payoff","higher_own_payoff",2,10
"study2_176","study2",3,1,"self","higher_own_payoff","lower_own_payoff",3,20
"study2_176","study2",4,1,"self","higher_own_payoff","higher_own_payoff",2,10
"study2_176","study2",5,1,"self","higher_own_payoff","lower_own_payoff",2,10
"study2_176","study2",6,1,"self","higher_own_payoff","higher_own_payoff",2,10
"study2_176","study2",7,1,"self","higher_own_payoff","lower_own_payoff",2,10
"study2_176","study2",8,1,"self","higher_own_payoff","lower_own_payoff",3,20
"study2_176","study2",9,1,"self","higher_own_payoff","higher_own_payoff",1,0
"study2_176","study2",10,1,"self","higher_own_payoff","higher_own_payoff",2,10
"study2_176","study2",11,1,"self","higher_own_payoff","higher_own_payoff",1,0
"study2_176","study2",12,1,"self","lower_own_payoff","higher_own_payoff",2,10
"study2_176","study2",13,1,"self","higher_own_payoff","lower_own_payoff",3,20
"study2_176","study2",14,1,"self","lower_own_payoff","lower_own_payoff",4,30
"study2_176","study2",15,1,"self","higher_own_payoff","lower_own_payoff",3,20
"study2_176","study2",16,1,"self","higher_own_payoff","higher_own_payoff",2,10
"study2_176","study2",17,1,"self","higher_own_payoff","higher_own_payoff",4,30
"study2_176","study2",18,1,"self","lower_own_payoff","higher_own_payoff",3,20
"study2_176","study2",19,1,"self","higher_own_payoff","lower_own_payoff",4,30
"study2_176","study2",20,1,"self","higher_own_payoff","higher_own_payoff",4,30
"study2_176","study2",21,1,"self","higher_own_payoff","lower_own_payoff",3,20
"study2_176","study2",22,1,"self","lower_own_payoff","higher_own_payoff",2,10
"study2_176","study2",23,1,"self","lower_own_payoff","higher_own_payoff",2,10
"study2_176","study2",24,1,"self","higher_own_payoff","higher_own_payoff",1,0
"study2_178","study2",1,1,"self","lower_own_payoff","higher_own_payoff",1,0
"study2_178","study2",2,1,"self","higher_own_payoff","lower_own_payoff",2,10
"study2_178","study2",3,1,"self","lower_own_payoff","lower_own_payoff",4,30
"study2_178","study2",4,1,"self","higher_own_payoff","higher_own_payoff",4,30
"study2_178","study2",5,1,"self","lower_own_payoff","lower_own_payoff",6,50
"study2_178","study2",6,1,"self","higher_own_payoff","higher_own_payoff",2,10
"study2_178","study2",7,1,"self","higher_own_payoff","lower_own_payoff",2,10
"study2_178","study2",8,1,"self","lower_own_payoff","higher_own_payoff",2,10
"study2_178","study2",9,1,"self","lower_own_payoff","higher_own_payoff",4,30
"study2_178","study2",10,1,"self","higher_own_payoff","lower_own_payoff",4,30
"study2_178","study2",11,1,"self","lower_own_payoff","higher_own_payoff",5,40
"study2_178","study2",12,1,"self","higher_own_payoff","higher_own_payoff",4,30
"study2_178","study2",13,1,"self","lower_own_payoff","lower_own_payoff",4,30
"study2_178","study2",14,1,"self","higher_own_payoff","higher_own_payoff",4,30
"study2_178","study2",15,1,"self","higher_own_payoff","higher_own_payoff",1,0
"study2_178","study2",16,1,"self","lower_own_payoff","higher_own_payoff",1,0
"study2_178","study2",17,1,"self","lower_own_payoff","lower_own_payoff",1,0
"study2_178","study2",18,1,"self","lower_own_payoff","lower_own_payoff",1,0
"study2_178","study2",19,1,"self","higher_own_payoff","higher_own_payoff",1,0
"study2_178","study2",20,1,"self","higher_own_payoff","higher_own_payoff",1,0
"study2_178","study2",21,1,"self","higher_own_payoff","higher_own_payoff",1,0
"study2_178","study2",22,1,"self","higher_own_payoff","higher_own_payoff",1,0
"study2_178","study2",23,1,"self","higher_own_payoff","higher_own_payoff",1,0
"study2_178","study2",24,1,"self","higher_own_payoff","higher_own_payoff",1,0
"study2_179","study2",1,1,"self","higher_own_payoff","higher_own_payoff",1,0
"study2_179","study2",2,1,"self","higher_own_payoff","higher_own_payoff",1,0
"study2_179","study2",3,1,"self","lower_own_payoff","lower_own_payoff",1,0
"study2_179","study2",4,1,"self","higher_own_payoff","lower_own_payoff",2,10
"study2_179","study2",5,1,"self","higher_own_payoff","lower_own_payoff",1,0
"study2_179","study2",6,1,"self","higher_own_payoff","lower_own_payoff",2,10
"study2_179","study2",7,1,"self","higher_own_payoff","lower_own_payoff",1,0
"study2_179","study2",8,1,"self","lower_own_payoff","higher_own_payoff",1,0
"study2_179","study2",9,1,"self","higher_own_payoff","lower_own_payoff",2,10
"study2_179","study2",10,1,"self","higher_own_payoff","lower_own_payoff",1,0
"study2_179","study2",11,1,"self","lower_own_payoff","higher_own_payoff",2,10
"study2_179","study2",12,1,"self","lower_own_payoff","higher_own_payoff",1,0
"study2_179","study2",13,1,"self","higher_own_payoff","higher_own_payoff",1,0
"study2_179","study2",14,1,"self","higher_own_payoff","higher_own_payoff",1,0
"study2_179","study2",15,1,"self","higher_own_payoff","higher_own_payoff",1,0
"study2_179","study2",16,1,"self","lower_own_payoff","higher_own_payoff",1,0
"study2_179","study2",17,1,"self","higher_own_payoff","higher_own_payoff",1,0
"study2_179","study2",18,1,"self","lower_own_payoff","higher_own_payoff",1,0
"study2_179","study2",19,1,"self","lower_own_payoff","higher_own_payoff",1,0
"study2_179","study2",20,1,"self","lower_own_payoff","higher_own_payoff",1,0
"study2_179","study2",21,1,"self","lower_own_payoff","lower_own_payoff",2,10
"study2_179","study2",22,1,"self","higher_own_payoff","higher_own_payoff",1,0
"study2_179","study2",23,1,"self","higher_own_payoff","higher_own_payoff",2,10
"study2_179","study2",24,1,"self","higher_own_payoff","higher_own_payoff",1,0
"study2_180","study2",1,1,"self","higher_own_payoff","lower_own_payoff",1,0
"study2_180","study2",2,1,"self","higher_own_payoff","lower_own_payoff",2,10
"study2_180","study2",3,1,"self","higher_own_payoff","higher_own_payoff",1,0
"study2_180","study2",4,1,"self","higher_own_payoff","higher_own_payoff",2,10
"study2_180","study2",5,1,"self","higher_own_payoff","higher_own_payoff",1,0
"study2_180","study2",6,1,"self","higher_own_payoff","lower_own_payoff",1,0
"study2_180","study2",7,1,"self","higher_own_payoff","higher_own_payoff",1,0
"study2_180","study2",8,1,"self","higher_own_payoff","higher_own_payoff",2,10
"study2_180","study2",9,1,"self","higher_own_payoff","higher_own_payoff",1,0
"study2_180","study2",10,1,"self","higher_own_payoff","lower_own_payoff",2,10
"study2_180","study2",11,1,"self","higher_own_payoff","higher_own_payoff",1,0
"study2_180","study2",12,1,"self","higher_own_payoff","higher_own_payoff",2,10
"study2_180","study2",13,1,"self","higher_own_payoff","higher_own_payoff",1,0
"study2_180","study2",14,1,"self","lower_own_payoff","lower_own_payoff",1,0
"study2_180","study2",15,1,"self","higher_own_payoff","higher_own_payoff",1,0
"study2_180","study2",16,1,"self","lower_own_payoff","lower_own_payoff",1,0
"study2_180","study2",17,1,"self","higher_own_payoff","higher_own_payoff",2,10
"study2_180","study2",18,1,"self","higher_own_payoff","higher_own_payoff",1,0
"study2_180","study2",19,1,"self","higher_own_payoff","lower_own_payoff",2,10
"study2_180","study2",20,1,"self","higher_own_payoff","lower_own_payoff",2,10
"study2_180","study2",21,1,"self","higher_own_payoff","lower_own_payoff",2,10
"study2_180","study2",22,1,"self","higher_own_payoff","higher_own_payoff",1,0
"study2_180","study2",23,1,"self","higher_own_payoff","higher_own_payoff",1,0
"study2_180","study2",24,1,"self","higher_own_payoff","higher_own_payoff",1,0
"study2_181","study2",1,1,"other","lower_own_payoff","lower_own_payoff",2,10
"study2_181","study2",2,1,"other","lower_own_payoff","lower_own_payoff",3,20
"study2_181","study2",3,1,"other","higher_own_payoff","higher_own_payoff",4,30
"study2_181","study2",4,1,"other","lower_own_payoff","lower_own_payoff",4,30
"study2_181","study2",5,1,"other","lower_own_payoff","lower_own_payoff",4,30
"study2_181","study2",6,1,"other","lower_own_payoff","higher_own_payoff",4,30
"study2_181","study2",7,1,"other","higher_own_payoff","higher_own_payoff",2,10
"study2_181","study2",8,1,"self","higher_own_payoff","higher_own_payoff",2,10
"study2_181","study2",9,1,"self","lower_own_payoff","higher_own_payoff",4,30
"study2_181","study2",10,1,"other","higher_own_payoff","higher_own_payoff",2,10
"study2_181","study2",11,1,"self","lower_own_payoff","lower_own_payoff",4,30
"study2_181","study2",12,1,"other","lower_own_payoff","lower_own_payoff",2,10
"study2_181","study2",13,1,"other","lower_own_payoff","lower_own_payoff",2,10
"study2_181","study2",14,1,"self","lower_own_payoff","lower_own_payoff",2,10
"study2_181","study2",15,1,"self","lower_own_payoff","lower_own_payoff",2,10
"study2_181","study2",16,1,"self","lower_own_payoff","higher_own_payoff",4,30
"study2_181","study2",17,1,"self","lower_own_payoff","lower_own_payoff",2,10
"study2_181","study2",18,1,"self","higher_own_payoff","higher_own_payoff",2,10
"study2_181","study2",19,1,"other","higher_own_payoff","higher_own_payoff",2,10
"study2_181","study2",20,1,"other","higher_own_payoff","higher_own_payoff",2,10
"study2_181","study2",21,1,"other","lower_own_payoff","lower_own_payoff",4,30
"study2_181","study2",22,1,"self","lower_own_payoff","lower_own_payoff",2,10
"study2_181","study2",23,1,"other","higher_own_payoff","higher_own_payoff",2,10
"study2_181","study2",24,1,"other","lower_own_payoff","lower_own_payoff",2,10
"study2_182","study2",1,1,"self","lower_own_payoff","higher_own_payoff",1,0
"study2_182","study2",2,1,"self","lower_own_payoff","higher_own_payoff",1,0
"study2_182","study2",3,1,"self","lower_own_payoff","lower_own_payoff",1,0
"study2_182","study2",4,1,"self","higher_own_payoff","higher_own_payoff",1,0
"study2_182","study2",5,1,"self","lower_own_payoff","lower_own_payoff",1,0
"study2_182","study2",6,1,"self","lower_own_payoff","lower_own_payoff",1,0
"study2_182","study2",7,1,"self","lower_own_payoff","lower_own_payoff",1,0
"study2_182","study2",8,1,"self","lower_own_payoff","lower_own_payoff",1,0
"study2_182","study2",9,1,"self","lower_own_payoff","higher_own_payoff",1,0
"study2_182","study2",10,1,"self","lower_own_payoff","lower_own_payoff",1,0
"study2_182","study2",11,1,"self","lower_own_payoff","higher_own_payoff",1,0
"study2_182","study2",12,1,"self","lower_own_payoff","lower_own_payoff",1,0
"study2_182","study2",13,1,"self","lower_own_payoff","higher_own_payoff",1,0
"study2_182","study2",14,1,"self","lower_own_payoff","lower_own_payoff",1,0
"study2_182","study2",15,1,"self","lower_own_payoff","higher_own_payoff",1,0
"study2_182","study2",16,1,"self","lower_own_payoff","lower_own_payoff",1,0
"study2_182","study2",17,1,"self","lower_own_payoff","lower_own_payoff",1,0
"study2_182","study2",18,1,"self","lower_own_payoff","higher_own_payoff",1,0
"study2_182","study2",19,1,"self","lower_own_payoff","higher_own_payoff",1,0
"study2_182","study2",20,1,"self","lower_own_payoff","higher_own_payoff",1,0
"study2_182","study2",21,1,"self","lower_own_payoff","higher_own_payoff",1,0
"study2_182","study2",22,1,"self","lower_own_payoff","higher_own_payoff",1,0
"study2_182","study2",23,1,"self","lower_own_payoff","lower_own_payoff",1,0
"study2_182","study2",24,1,"self","lower_own_payoff","lower_own_payoff",1,0
"study2_183","study2",1,1,"self","higher_own_payoff","lower_own_payoff",1,0
"study2_183","study2",2,1,"self","higher_own_payoff","lower_own_payoff",2,10
"study2_183","study2",3,1,"self","lower_own_payoff","lower_own_payoff",1,0
"study2_183","study2",4,1,"self","lower_own_payoff","lower_own_payoff",1,0
"study2_183","study2",5,1,"self","lower_own_payoff","higher_own_payoff",1,0
"study2_183","study2",6,1,"self","lower_own_payoff","lower_own_payoff",2,10
"study2_183","study2",7,1,"self","lower_own_payoff","lower_own_payoff",2,10
"study2_183","study2",8,1,"self","lower_own_payoff","lower_own_payoff",4,30
"study2_183","study2",9,1,"self","lower_own_payoff","higher_own_payoff",1,0
"study2_183","study2",10,1,"self","lower_own_payoff","higher_own_payoff",2,10
"study2_183","study2",11,1,"other","lower_own_payoff","higher_own_payoff",2,10
"study2_183","study2",12,1,"self","lower_own_payoff","higher_own_payoff",1,0
"study2_183","study2",13,1,"self","lower_own_payoff","higher_own_payoff",2,10
"study2_183","study2",14,1,"self","lower_own_payoff","lower_own_payoff",1,0
"study2_183","study2",15,1,"other","higher_own_payoff","higher_own_payoff",1,0
"study2_183","study2",16,1,"self","higher_own_payoff","higher_own_payoff",1,0
"study2_183","study2",17,1,"other","higher_own_payoff","lower_own_payoff",2,10
"study2_183","study2",18,1,"self","lower_own_payoff","lower_own_payoff",1,0
"study2_183","study2",19,1,"self","higher_own_payoff","lower_own_payoff",4,30
"study2_183","study2",20,1,"other","lower_own_payoff","lower_own_payoff",1,0
"study2_183","study2",21,1,"self","lower_own_payoff","higher_own_payoff",2,10
"study2_183","study2",22,1,"self","lower_own_payoff","higher_own_payoff",1,0
"study2_183","study2",23,1,"self","higher_own_payoff","higher_own_payoff",1,0
"study2_183","study2",24,1,"self","lower_own_payoff","lower_own_payoff",2,10
"study2_184","study2",1,1,"self","higher_own_payoff","lower_own_payoff",1,0
"study2_184","study2",2,1,"self","higher_own_payoff","higher_own_payoff",2,10
"study2_184","study2",3,1,"self","higher_own_payoff","lower_own_payoff",1,0
"study2_184","study2",4,1,"other","lower_own_payoff","lower_own_payoff",2,10
"study2_184","study2",5,1,"self","higher_own_payoff","lower_own_payoff",1,0
"study2_184","study2",6,1,"self","higher_own_payoff","higher_own_payoff",1,0
"study2_184","study2",7,1,"self","higher_own_payoff","higher_own_payoff",1,0
"study2_184","study2",8,1,"self","higher_own_payoff","higher_own_payoff",1,0
"study2_184","study2",9,1,"self","lower_own_payoff","lower_own_payoff",1,0
"study2_184","study2",10,1,"self","lower_own_payoff","higher_own_payoff",1,0
"study2_184","study2",11,1,"self","higher_own_payoff","higher_own_payoff",2,10
"study2_184","study2",12,1,"other","lower_own_payoff","higher_own_payoff",1,0
"study2_184","study2",13,1,"self","higher_own_payoff","higher_own_payoff",1,0
"study2_184","study2",14,1,"other","lower_own_payoff","higher_own_payoff",1,0
"study2_184","study2",15,1,"self","higher_own_payoff","higher_own_payoff",2,10
"study2_184","study2",16,1,"self","higher_own_payoff","lower_own_payoff",1,0
"study2_184","study2",17,1,"self","higher_own_payoff","higher_own_payoff",1,0
"study2_184","study2",18,1,"self","higher_own_payoff","higher_own_payoff",1,0
"study2_184","study2",19,1,"self","higher_own_payoff","lower_own_payoff",1,0
"study2_184","study2",20,1,"other","lower_own_payoff","higher_own_payoff",1,0
"study2_184","study2",21,1,"self","higher_own_payoff","lower_own_payoff",1,0
"study2_184","study2",22,1,"self","higher_own_payoff","higher_own_payoff",1,0
"study2_184","study2",23,1,"self","lower_own_payoff","higher_own_payoff",1,0
"study2_184","study2",24,1,"self","higher_own_payoff","higher_own_payoff",1,0
"study2_185","study2",1,1,"self","lower_own_payoff","lower_own_payoff",2,10
"study2_185","study2",2,1,"self","lower_own_payoff","higher_own_payoff",1,0
"study2_185","study2",3,1,"self","lower_own_payoff","lower_own_payoff",2,10
"study2_185","study2",4,1,"self","lower_own_payoff","higher_own_payoff",1,0
"study2_185","study2",5,1,"self","lower_own_payoff","higher_own_payoff",2,10
"study2_185","study2",6,1,"self","higher_own_payoff","higher_own_payoff",1,0
"study2_185","study2",7,1,"self","higher_own_payoff","lower_own_payoff",2,10
"study2_185","study2",8,1,"self","lower_own_payoff","lower_own_payoff",2,10
"study2_185","study2",9,1,"self","lower_own_payoff","lower_own_payoff",1,0
"study2_185","study2",10,1,"self","lower_own_payoff","higher_own_payoff",2,10
"study2_185","study2",11,1,"self","lower_own_payoff","lower_own_payoff",1,0
"study2_185","study2",12,1,"self","higher_own_payoff","higher_own_payoff",1,0
"study2_185","study2",13,1,"self","lower_own_payoff","higher_own_payoff",2,10
"study2_185","study2",14,1,"self","higher_own_payoff","higher_own_payoff",1,0
"study2_185","study2",15,1,"self","lower_own_payoff","higher_own_payoff",2,10
"study2_185","study2",16,1,"self","higher_own_payoff","higher_own_payoff",1,0
"study2_185","study2",17,1,"self","higher_own_payoff","higher_own_payoff",1,0
"study2_185","study2",18,1,"self","higher_own_payoff","higher_own_payoff",1,0
"study2_185","study2",19,1,"self","higher_own_payoff","higher_own_payoff",1,0
"study2_185","study2",20,1,"self","higher_own_payoff","higher_own_payoff",1,0
"study2_185","study2",21,1,"self","lower_own_payoff","higher_own_payoff",2,10
"study2_185","study2",22,1,"self","higher_own_payoff","higher_own_payoff",1,0
"study2_185","study2",23,1,"self","higher_own_payoff","higher_own_payoff",1,0
"study2_185","study2",24,1,"self","lower_own_payoff","lower_own_payoff",1,0
"study2_186","study2",1,1,"self","higher_own_payoff","higher_own_payoff",1,0
"study2_186","study2",2,1,"self","higher_own_payoff","higher_own_payoff",1,0
"study2_186","study2",3,1,"self","higher_own_payoff","higher_own_payoff",1,0
"study2_186","study2",4,1,"self","higher_own_payoff","higher_own_payoff",1,0
"study2_186","study2",5,1,"self","higher_own_payoff","higher_own_payoff",1,0
"study2_186","study2",6,1,"self","higher_own_payoff","higher_own_payoff",1,0
"study2_186","study2",7,1,"self","higher_own_payoff","higher_own_payoff",1,0
"study2_186","study2",8,1,"self","higher_own_payoff","higher_own_payoff",1,0
"study2_186","study2",9,1,"self","higher_own_payoff","higher_own_payoff",1,0
"study2_186","study2",10,1,"self","higher_own_payoff","higher_own_payoff",1,0
"study2_186","study2",11,1,"self","higher_own_payoff","higher_own_payoff",1,0
"study2_186","study2",12,1,"self","higher_own_payoff","higher_own_payoff",1,0
"study2_186","study2",13,1,"self","higher_own_payoff","higher_own_payoff",1,0
"study2_186","study2",14,1,"self","higher_own_payoff","higher_own_payoff",1,0
"study2_186","study2",15,1,"self","lower_own_payoff","lower_own_payoff",2,10
"study2_186","study2",16,1,"self","higher_own_payoff","higher_own_payoff",1,0
"study2_186","study2",17,1,"self","higher_own_payoff","higher_own_payoff",1,0
"study2_186","study2",18,1,"self","higher_own_payoff","higher_own_payoff",1,0
"study2_186","study2",19,1,"self","higher_own_payoff","higher_own_payoff",1,0
"study2_186","study2",20,1,"self","higher_own_payoff","higher_own_payoff",1,0
"study2_186","study2",21,1,"self","higher_own_payoff","higher_own_payoff",1,0
"study2_186","study2",22,1,"self","higher_own_payoff","higher_own_payoff",1,0
"study2_186","study2",23,1,"self","higher_own_payoff","higher_own_payoff",1,0
"study2_186","study2",24,1,"self","higher_own_payoff","higher_own_payoff",1,0
"study2_187","study2",1,1,"self","higher_own_payoff","lower_own_payoff",3,20
"study2_187","study2",2,1,"self","higher_own_payoff","higher_own_payoff",2,10
"study2_187","study2",3,1,"other","lower_own_payoff","lower_own_payoff",2,10
"study2_187","study2",4,1,"self","lower_own_payoff","lower_own_payoff",3,20
"study2_187","study2",5,1,"self","lower_own_payoff","higher_own_payoff",1,0
"study2_187","study2",6,1,"self","higher_own_payoff","higher_own_payoff",1,0
"study2_187","study2",7,1,"other","higher_own_payoff","higher_own_payoff",1,0
"study2_187","study2",8,1,"self","higher_own_payoff","higher_own_payoff",2,10
"study2_187","study2",9,1,"self","higher_own_payoff","lower_own_payoff",2,10
"study2_187","study2",10,1,"self","higher_own_payoff","higher_own_payoff",2,10
"study2_187","study2",11,1,"self","higher_own_payoff","higher_own_payoff",1,0
"study2_187","study2",12,1,"self","higher_own_payoff","lower_own_payoff",2,10
"study2_187","study2",13,1,"self","higher_own_payoff","higher_own_payoff",1,0
"study2_187","study2",14,1,"self","lower_own_payoff","higher_own_payoff",3,20
"study2_187","study2",15,1,"self","higher_own_payoff","higher_own_payoff",2,10
"study2_187","study2",16,1,"self","lower_own_payoff","lower_own_payoff",2,10
"study2_187","study2",17,1,"self","higher_own_payoff","higher_own_payoff",1,0
"study2_187","study2",18,1,"self","lower_own_payoff","lower_own_payoff",1,0
"study2_187","study2",19,1,"self","higher_own_payoff","higher_own_payoff",2,10
"study2_187","study2",20,1,"self","higher_own_payoff","higher_own_payoff",2,10
"study2_187","study2",21,1,"self","higher_own_payoff","higher_own_payoff",1,0
"study2_187","study2",22,1,"self","higher_own_payoff","higher_own_payoff",1,0
"study2_187","study2",23,1,"self","higher_own_payoff","higher_own_payoff",1,0
"study2_187","study2",24,1,"other","lower_own_payoff","higher_own_payoff",3,20
"study2_188","study2",1,1,"self","higher_own_payoff","higher_own_payoff",1,0
"study2_188","study2",2,1,"self","higher_own_payoff","higher_own_payoff",2,10
"study2_188","study2",3,1,"other","lower_own_payoff","lower_own_payoff",1,0
"study2_188","study2",4,1,"self","higher_own_payoff","higher_own_payoff",1,0
"study2_188","study2",5,1,"other","lower_own_payoff","lower_own_payoff",1,0
"study2_188","study2",6,1,"self","higher_own_payoff","higher_own_payoff",1,0
"study2_188","study2",7,1,"self","higher_own_payoff","higher_own_payoff",1,0
"study2_188","study2",8,1,"other","lower_own_payoff","higher_own_payoff",1,0
"study2_188","study2",9,1,"self","higher_own_payoff","higher_own_payoff",1,0
"study2_188","study2",10,1,"self","higher_own_payoff","higher_own_payoff",1,0
"study2_188","study2",11,1,"self","higher_own_payoff","higher_own_payoff",1,0
"study2_188","study2",12,1,"self","higher_own_payoff","higher_own_payoff",1,0
"study2_188","study2",13,1,"self","higher_own_payoff","higher_own_payoff",1,0
"study2_188","study2",14,1,"self","lower_own_payoff","lower_own_payoff",1,0
"study2_188","study2",15,1,"other","lower_own_payoff","lower_own_payoff",1,0
"study2_188","study2",16,1,"other","lower_own_payoff","lower_own_payoff",1,0
"study2_188","study2",17,1,"self","higher_own_payoff","higher_own_payoff",1,0
"study2_188","study2",18,1,"self","higher_own_payoff","higher_own_payoff",1,0
"study2_188","study2",19,1,"self","higher_own_payoff","higher_own_payoff",1,0
"study2_188","study2",20,1,"self","higher_own_payoff","higher_own_payoff",1,0
"study2_188","study2",21,1,"self","higher_own_payoff","lower_own_payoff",1,0
"study2_188","study2",22,1,"self","higher_own_payoff","higher_own_payoff",1,0
"study2_188","study2",23,1,"self","lower_own_payoff","lower_own_payoff",1,0
"study2_188","study2",24,1,"self","higher_own_payoff","higher_own_payoff",1,0
"study2_189","study2",1,1,"self","higher_own_payoff","higher_own_payoff",4,30
"study2_189","study2",2,1,"self","higher_own_payoff","lower_own_payoff",6,50
"study2_189","study2",3,1,"self","higher_own_payoff","higher_own_payoff",3,20
"study2_189","study2",4,1,"self","higher_own_payoff","higher_own_payoff",2,10
"study2_189","study2",5,1,"self","higher_own_payoff","higher_own_payoff",4,30
"study2_189","study2",6,1,"self","lower_own_payoff","higher_own_payoff",4,30
"study2_189","study2",7,1,"other","lower_own_payoff","lower_own_payoff",4,30
"study2_189","study2",8,1,"self","higher_own_payoff","higher_own_payoff",2,10
"study2_189","study2",9,1,"self","lower_own_payoff","lower_own_payoff",6,50
"study2_189","study2",10,1,"self","higher_own_payoff","lower_own_payoff",4,30
"study2_189","study2",11,1,"self","higher_own_payoff","higher_own_payoff",2,10
"study2_189","study2",12,1,"self","higher_own_payoff","higher_own_payoff",8,70
"study2_189","study2",13,1,"self","higher_own_payoff","higher_own_payoff",4,30
"study2_189","study2",14,1,"self","lower_own_payoff","lower_own_payoff",1,0
"study2_189","study2",15,1,"other","higher_own_payoff","higher_own_payoff",1,0
"study2_189","study2",16,1,"self","higher_own_payoff","higher_own_payoff",1,0
"study2_189","study2",17,1,"self","higher_own_payoff","higher_own_payoff",1,0
"study2_189","study2",18,1,"self","higher_own_payoff","higher_own_payoff",1,0
"study2_189","study2",19,1,"self","higher_own_payoff","higher_own_payoff",1,0
"study2_189","study2",20,1,"self","higher_own_payoff","lower_own_payoff",2,10
"study2_189","study2",21,1,"self","lower_own_payoff","higher_own_payoff",2,10
"study2_189","study2",22,1,"self","higher_own_payoff","higher_own_payoff",1,0
"study2_189","study2",23,1,"self","higher_own_payoff","lower_own_payoff",2,10
"study2_189","study2",24,1,"self","higher_own_payoff","higher_own_payoff",2,10
"study2_190","study2",1,1,"self","lower_own_payoff","higher_own_payoff",1,0
"study2_190","study2",2,1,"self","higher_own_payoff","lower_own_payoff",1,0
"study2_190","study2",3,1,"self","higher_own_payoff","lower_own_payoff",1,0
"study2_190","study2",4,1,"self","lower_own_payoff","lower_own_payoff",1,0
"study2_190","study2",5,1,"self","lower_own_payoff","higher_own_payoff",1,0
"study2_190","study2",6,1,"self","lower_own_payoff","lower_own_payoff",1,0
"study2_190","study2",7,1,"self","lower_own_payoff","lower_own_payoff",1,0
"study2_190","study2",8,1,"self","lower_own_payoff","higher_own_payoff",1,0
"study2_190","study2",9,1,"self","higher_own_payoff","lower_own_payoff",1,0
"study2_190","study2",10,1,"self","higher_own_payoff","higher_own_payoff",1,0
"study2_190","study2",11,1,"self","lower_own_payoff","higher_own_payoff",1,0
"study2_190","study2",12,1,"self","higher_own_payoff","higher_own_payoff",1,0
"study2_190","study2",13,1,"self","higher_own_payoff","lower_own_payoff",1,0
"study2_190","study2",14,1,"self","lower_own_payoff","lower_own_payoff",1,0
"study2_190","study2",15,1,"self","lower_own_payoff","higher_own_payoff",1,0
"study2_190","study2",16,1,"self","lower_own_payoff","higher_own_payoff",1,0
"study2_190","study2",17,1,"self","lower_own_payoff","lower_own_payoff",1,0
"study2_190","study2",18,1,"self","lower_own_payoff","lower_own_payoff",1,0
"study2_190","study2",19,1,"self","lower_own_payoff","lower_own_payoff",1,0
"study2_190","study2",20,1,"self","higher_own_payoff","higher_own_payoff",1,0
"study2_190","study2",21,1,"self","higher_own_payoff","higher_own_payoff",1,0
"study2_190","study2",22,1,"self","lower_own_payoff","higher_own_payoff",1,0
"study2_190","study2",23,1,"self","lower_own_payoff","lower_own_payoff",1,0
"study2_190","study2",24,1,"self","lower_own_payoff","lower_own_payoff",1,0
"study2_191","study2",1,1,"self","higher_own_payoff","higher_own_payoff",2,10
"study2_191","study2",2,1,"self","higher_own_payoff","higher_own_payoff",2,10
"study2_191","study2",3,1,"self","higher_own_payoff","higher_own_payoff",1,0
"study2_191","study2",4,1,"self","higher_own_payoff","higher_own_payoff",2,10
"study2_191","study2",5,1,"self","higher_own_payoff","higher_own_payoff",1,0
"study2_191","study2",6,1,"self","higher_own_payoff","higher_own_payoff",1,0
"study2_191","study2",7,1,"self","higher_own_payoff","higher_own_payoff",2,10
"study2_191","study2",8,1,"self","higher_own_payoff","higher_own_payoff",2,10
"study2_191","study2",9,1,"self","higher_own_payoff","higher_own_payoff",1,0
"study2_191","study2",10,1,"self","higher_own_payoff","higher_own_payoff",1,0
"study2_191","study2",11,1,"self","lower_own_payoff","lower_own_payoff",1,0
"study2_191","study2",12,1,"self","higher_own_payoff","higher_own_payoff",1,0
"study2_191","study2",13,1,"self","higher_own_payoff","higher_own_payoff",1,0
"study2_191","study2",14,1,"self","higher_own_payoff","higher_own_payoff",3,20
"study2_191","study2",15,1,"self","higher_own_payoff","higher_own_payoff",1,0
"study2_191","study2",16,1,"self","higher_own_payoff","lower_own_payoff",2,10
"study2_191","study2",17,1,"self","higher_own_payoff","higher_own_payoff",1,0
"study2_191","study2",18,1,"self","higher_own_payoff","lower_own_payoff",2,10
"study2_191","study2",19,1,"self","higher_own_payoff","lower_own_payoff",2,10
"study2_191","study2",20,1,"self","lower_own_payoff","lower_own_payoff",1,0
"study2_191","study2",21,1,"self","higher_own_payoff","higher_own_payoff",1,0
"study2_191","study2",22,1,"self","higher_own_payoff","higher_own_payoff",2,10
"study2_191","study2",23,1,"self","higher_own_payoff","higher_own_payoff",1,0
"study2_191","study2",24,1,"self","higher_own_payoff","higher_own_payoff",1,0
"study2_192","study2",1,1,"self","higher_own_payoff","higher_own_payoff",1,0
"study2_192","study2",2,1,"other","higher_own_payoff","higher_own_payoff",1,0
"study2_192","study2",3,1,"other","lower_own_payoff","lower_own_payoff",1,0
"study2_192","study2",4,1,"self","lower_own_payoff","lower_own_payoff",1,0
"study2_192","study2",5,1,"self","higher_own_payoff","higher_own_payoff",1,0
"study2_192","study2",6,1,"other","lower_own_payoff","higher_own_payoff",4,30
"study2_192","study2",7,1,"self","lower_own_payoff","lower_own_payoff",1,0
"study2_192","study2",8,1,"self","lower_own_payoff","lower_own_payoff",2,10
"study2_192","study2",9,1,"other","lower_own_payoff","higher_own_payoff",1,0
"study2_192","study2",10,1,"self","lower_own_payoff","lower_own_payoff",1,0
"study2_192","study2",11,1,"other","higher_own_payoff","higher_own_payoff",1,0
"study2_192","study2",12,1,"other","higher_own_payoff","higher_own_payoff",1,0
"study2_192","study2",13,1,"other","lower_own_payoff","lower_own_payoff",1,0
"study2_192","study2",14,1,"self","lower_own_payoff","higher_own_payoff",1,0
"study2_192","study2",15,1,"self","lower_own_payoff","higher_own_payoff",1,0
"study2_192","study2",16,1,"other","higher_own_payoff","higher_own_payoff",1,0
"study2_192","study2",17,1,"other","higher_own_payoff","lower_own_payoff",1,0
"study2_192","study2",18,1,"other","lower_own_payoff","higher_own_payoff",1,0
"study2_192","study2",19,1,"self","lower_own_payoff","lower_own_payoff",1,0
"study2_192","study2",20,1,"self","higher_own_payoff","higher_own_payoff",1,0
"study2_192","study2",21,1,"self","lower_own_payoff","lower_own_payoff",1,0
"study2_192","study2",22,1,"other","higher_own_payoff","lower_own_payoff",1,0
"study2_192","study2",23,1,"other","higher_own_payoff","higher_own_payoff",1,0
"study2_192","study2",24,1,"other","higher_own_payoff","lower_own_payoff",1,0
"study2_193","study2",1,1,"self","higher_own_payoff","lower_own_payoff",1,0
"study2_193","study2",2,1,"self","higher_own_payoff","lower_own_payoff",3,20
"study2_193","study2",3,1,"self","lower_own_payoff","lower_own_payoff",2,10
"study2_193","study2",4,1,"self","lower_own_payoff","lower_own_payoff",2,10
"study2_193","study2",5,1,"self","lower_own_payoff","higher_own_payoff",2,10
"study2_193","study2",6,1,"self","lower_own_payoff","higher_own_payoff",2,10
"study2_193","study2",7,1,"self","lower_own_payoff","higher_own_payoff",2,10
"study2_193","study2",8,1,"self","higher_own_payoff","higher_own_payoff",2,10
"study2_193","study2",9,1,"self","lower_own_payoff","higher_own_payoff",3,20
"study2_193","study2",10,1,"self","higher_own_payoff","higher_own_payoff",1,0
"study2_193","study2",11,1,"self","lower_own_payoff","lower_own_payoff",1,0
"study2_193","study2",12,1,"self","higher_own_payoff","lower_own_payoff",3,20
"study2_193","study2",13,1,"self","higher_own_payoff","higher_own_payoff",1,0
"study2_193","study2",14,1,"self","lower_own_payoff","lower_own_payoff",2,10
"study2_193","study2",15,1,"self","higher_own_payoff","higher_own_payoff",2,10
"study2_193","study2",16,1,"self","lower_own_payoff","lower_own_payoff",4,30
"study2_193","study2",17,1,"self","lower_own_payoff","higher_own_payoff",2,10
"study2_193","study2",18,1,"self","lower_own_payoff","lower_own_payoff",2,10
"study2_193","study2",19,1,"self","lower_own_payoff","higher_own_payoff",6,50
"study2_193","study2",20,1,"self","higher_own_payoff","lower_own_payoff",4,30
"study2_193","study2",21,1,"other","lower_own_payoff","higher_own_payoff",3,20
"study2_193","study2",22,1,"self","higher_own_payoff","higher_own_payoff",1,0
"study2_193","study2",23,1,"self","higher_own_payoff","higher_own_payoff",2,10
"study2_193","study2",24,1,"self","lower_own_payoff","higher_own_payoff",4,30
"study2_194","study2",1,1,"self","lower_own_payoff","higher_own_payoff",2,10
"study2_194","study2",2,1,"self","lower_own_payoff","lower_own_payoff",2,10
"study2_194","study2",3,1,"self","lower_own_payoff","higher_own_payoff",8,70
"study2_194","study2",4,1,"self","lower_own_payoff","lower_own_payoff",2,10
"study2_194","study2",5,1,"self","higher_own_payoff","higher_own_payoff",2,10
"study2_194","study2",6,1,"self","lower_own_payoff","lower_own_payoff",1,0
"study2_194","study2",7,1,"self","lower_own_payoff","lower_own_payoff",2,10
"study2_194","study2",8,1,"self","higher_own_payoff","higher_own_payoff",1,0
"study2_194","study2",9,1,"self","higher_own_payoff","higher_own_payoff",1,0
"study2_194","study2",10,1,"self","higher_own_payoff","higher_own_payoff",1,0
"study2_194","study2",11,1,"self","lower_own_payoff","lower_own_payoff",1,0
"study2_194","study2",12,1,"self","lower_own_payoff","lower_own_payoff",2,10
"study2_194","study2",13,1,"self","higher_own_payoff","higher_own_payoff",1,0
"study2_194","study2",14,1,"self","higher_own_payoff","higher_own_payoff",1,0
"study2_194","study2",15,1,"self","higher_own_payoff","higher_own_payoff",1,0
"study2_194","study2",16,1,"self","higher_own_payoff","higher_own_payoff",1,0
"study2_194","study2",17,1,"self","lower_own_payoff","lower_own_payoff",1,0
"study2_194","study2",18,1,"self","higher_own_payoff","higher_own_payoff",1,0
"study2_194","study2",19,1,"self","higher_own_payoff","higher_own_payoff",1,0
"study2_194","study2",20,1,"self","higher_own_payoff","higher_own_payoff",1,0
"study2_194","study2",21,1,"self","lower_own_payoff","lower_own_payoff",1,0
"study2_194","study2",22,1,"self","lower_own_payoff","higher_own_payoff",1,0
"study2_194","study2",23,1,"self","higher_own_payoff","higher_own_payoff",1,0
"study2_194","study2",24,1,"self","higher_own_payoff","higher_own_payoff",1,0
"study2_195","study2",1,1,"self","higher_own_payoff","higher_own_payoff",2,10
"study2_195","study2",2,1,"self","higher_own_payoff","higher_own_payoff",2,10
"study2_195","study2",3,1,"self","higher_own_payoff","higher_own_payoff",1,0
"study2_195","study2",4,1,"self","higher_own_payoff","higher_own_payoff",1,0
"study2_195","study2",5,1,"self","higher_own_payoff","higher_own_payoff",1,0
"study2_195","study2",6,1,"self","higher_own_payoff","lower_own_payoff",2,10
"study2_195","study2",7,1,"self","higher_own_payoff","higher_own_payoff",1,0
"study2_195","study2",8,1,"self","higher_own_payoff","higher_own_payoff",1,0
"study2_195","study2",9,1,"self","higher_own_payoff","lower_own_payoff",2,10
"study2_195","study2",10,1,"self","higher_own_payoff","higher_own_payoff",1,0
"study2_195","study2",11,1,"self","higher_own_payoff","higher_own_payoff",1,0
"study2_195","study2",12,1,"self","higher_own_payoff","higher_own_payoff",1,0
"study2_195","study2",13,1,"self","higher_own_payoff","higher_own_payoff",2,10
"study2_195","study2",14,1,"self","higher_own_payoff","higher_own_payoff",2,10
"study2_195","study2",15,1,"self","higher_own_payoff","higher_own_payoff",1,0
"study2_195","study2",16,1,"self","higher_own_payoff","higher_own_payoff",1,0
"study2_195","study2",17,1,"self","higher_own_payoff","higher_own_payoff",1,0
"study2_195","study2",18,1,"self","higher_own_payoff","lower_own_payoff",2,10
"study2_195","study2",19,1,"self","higher_own_payoff","higher_own_payoff",1,0
"study2_195","study2",20,1,"self","higher_own_payoff","higher_own_payoff",1,0
"study2_195","study2",21,1,"self","higher_own_payoff","lower_own_payoff",2,10
"study2_195","study2",22,1,"self","higher_own_payoff","higher_own_payoff",1,0
"study2_195","study2",23,1,"self","higher_own_payoff","lower_own_payoff",2,10
"study2_195","study2",24,1,"self","higher_own_payoff","higher_own_payoff",1,0
"study2_196","study2",1,1,"self","higher_own_payoff","lower_own_payoff",2,10
"study2_196","study2",2,1,"self","higher_own_payoff","higher_own_payoff",1,0
"study2_196","study2",3,1,"self","higher_own_payoff","higher_own_payoff",1,0
"study2_196","study2",4,1,"self","lower_own_payoff","higher_own_payoff",2,10
"study2_196","study2",5,1,"self","higher_own_payoff","higher_own_payoff",2,10
"study2_196","study2",6,1,"self","higher_own_payoff","lower_own_payoff",1,0
"study2_196","study2",7,1,"self","higher_own_payoff","higher_own_payoff",2,10
"study2_196","study2",8,1,"self","higher_own_payoff","higher_own_payoff",1,0
"study2_196","study2",9,1,"self","higher_own_payoff","higher_own_payoff",2,10
"study2_196","study2",10,1,"self","higher_own_payoff","higher_own_payoff",1,0
"study2_196","study2",11,1,"self","higher_own_payoff","higher_own_payoff",1,0
"study2_196","study2",12,1,"self","higher_own_payoff","lower_own_payoff",2,10
"study2_196","study2",13,1,"self","higher_own_payoff","higher_own_payoff",1,0
"study2_196","study2",14,1,"self","higher_own_payoff","higher_own_payoff",1,0
"study2_196","study2",15,1,"self","higher_own_payoff","higher_own_payoff",1,0
"study2_196","study2",16,1,"self","higher_own_payoff","lower_own_payoff",2,10
"study2_196","study2",17,1,"self","higher_own_payoff","higher_own_payoff",1,0
"study2_196","study2",18,1,"self","higher_own_payoff","lower_own_payoff",2,10
"study2_196","study2",19,1,"self","higher_own_payoff","higher_own_payoff",1,0
"study2_196","study2",20,1,"self","higher_own_payoff","higher_own_payoff",1,0
"study2_196","study2",21,1,"self","higher_own_payoff","higher_own_payoff",1,0
"study2_196","study2",22,1,"self","higher_own_payoff","higher_own_payoff",1,0
"study2_196","study2",23,1,"self","higher_own_payoff","lower_own_payoff",2,10
"study2_196","study2",24,1,"self","lower_own_payoff","higher_own_payoff",2,10
"study2_197","study2",1,1,"self","higher_own_payoff","lower_own_payoff",1,0
"study2_197","study2",2,1,"self","lower_own_payoff","higher_own_payoff",1,0
"study2_197","study2",3,1,"self","lower_own_payoff","higher_own_payoff",1,0
"study2_197","study2",4,1,"self","lower_own_payoff","higher_own_payoff",1,0
"study2_197","study2",5,1,"self","higher_own_payoff","higher_own_payoff",1,0
"study2_197","study2",6,1,"self","higher_own_payoff","higher_own_payoff",2,10
"study2_197","study2",7,1,"self","higher_own_payoff","higher_own_payoff",1,0
"study2_197","study2",8,1,"self","lower_own_payoff","higher_own_payoff",2,10
"study2_197","study2",9,1,"self","lower_own_payoff","lower_own_payoff",1,0
"study2_197","study2",10,1,"self","higher_own_payoff","lower_own_payoff",1,0
"study2_197","study2",11,1,"self","lower_own_payoff","lower_own_payoff",1,0
"study2_197","study2",12,1,"self","lower_own_payoff","lower_own_payoff",2,10
"study2_197","study2",13,1,"self","lower_own_payoff","higher_own_payoff",1,0
"study2_197","study2",14,1,"other","higher_own_payoff","higher_own_payoff",1,0
"study2_197","study2",15,1,"self","higher_own_payoff","higher_own_payoff",1,0
"study2_197","study2",16,1,"other","higher_own_payoff","higher_own_payoff",1,0
"study2_197","study2",17,1,"self","higher_own_payoff","higher_own_payoff",1,0
"study2_197","study2",18,1,"self","lower_own_payoff","lower_own_payoff",1,0
"study2_197","study2",19,1,"self","lower_own_payoff","higher_own_payoff",1,0
"study2_197","study2",20,1,"self","higher_own_payoff","higher_own_payoff",1,0
"study2_197","study2",21,1,"self","lower_own_payoff","higher_own_payoff",1,0
"study2_197","study2",22,1,"self","lower_own_payoff","lower_own_payoff",2,10
"study2_197","study2",23,1,"self","higher_own_payoff","higher_own_payoff",1,0
"study2_197","study2",24,1,"self","lower_own_payoff","lower_own_payoff",1,0
"study2_198","study2",1,1,"self","higher_own_payoff","lower_own_payoff",2,10
"study2_198","study2",2,1,"self","higher_own_payoff","higher_own_payoff",1,0
"study2_198","study2",3,1,"self","higher_own_payoff","higher_own_payoff",1,0
"study2_198","study2",4,1,"self","higher_own_payoff","lower_own_payoff",2,10
"study2_198","study2",5,1,"self","higher_own_payoff","higher_own_payoff",1,0
"study2_198","study2",6,1,"self","lower_own_payoff","higher_own_payoff",1,0
"study2_198","study2",7,1,"self","lower_own_payoff","higher_own_payoff",1,0
"study2_198","study2",8,1,"self","higher_own_payoff","higher_own_payoff",1,0
"study2_198","study2",9,1,"self","lower_own_payoff","lower_own_payoff",1,0
"study2_198","study2",10,1,"self","higher_own_payoff","higher_own_payoff",1,0
"study2_198","study2",11,1,"self","higher_own_payoff","higher_own_payoff",1,0
"study2_198","study2",12,1,"self","lower_own_payoff","lower_own_payoff",1,0
"study2_198","study2",13,1,"self","higher_own_payoff","higher_own_payoff",1,0
"study2_198","study2",14,1,"self","lower_own_payoff","lower_own_payoff",1,0
"study2_198","study2",15,1,"self","lower_own_payoff","lower_own_payoff",1,0
"study2_198","study2",16,1,"self","higher_own_payoff","higher_own_payoff",1,0
"study2_198","study2",17,1,"self","lower_own_payoff","lower_own_payoff",1,0
"study2_198","study2",18,1,"self","higher_own_payoff","higher_own_payoff",1,0
"study2_198","study2",19,1,"self","higher_own_payoff","lower_own_payoff",2,10
"study2_198","study2",20,1,"self","lower_own_payoff","higher_own_payoff",1,0
"study2_198","study2",21,1,"self","lower_own_payoff","higher_own_payoff",1,0
"study2_198","study2",22,1,"self","lower_own_payoff","higher_own_payoff",1,0
"study2_198","study2",23,1,"self","higher_own_payoff","higher_own_payoff",1,0
"study2_198","study2",24,1,"self","higher_own_payoff","higher_own_payoff",1,0
"study2_199","study2",1,1,"self","higher_own_payoff","higher_own_payoff",2,10
"study2_199","study2",2,1,"self","higher_own_payoff","higher_own_payoff",2,10
"study2_199","study2",3,1,"self","higher_own_payoff","lower_own_payoff",2,10
"study2_199","study2",4,1,"self","higher_own_payoff","higher_own_payoff",1,0
"study2_199","study2",5,1,"self","higher_own_payoff","higher_own_payoff",1,0
"study2_199","study2",6,1,"self","higher_own_payoff","lower_own_payoff",1,0
"study2_199","study2",7,1,"self","higher_own_payoff","higher_own_payoff",1,0
"study2_199","study2",8,1,"self","lower_own_payoff","lower_own_payoff",1,0
"study2_199","study2",9,1,"self","lower_own_payoff","lower_own_payoff",1,0
"study2_199","study2",10,1,"self","higher_own_payoff","lower_own_payoff",1,0
"study2_199","study2",11,1,"self","lower_own_payoff","higher_own_payoff",1,0
"study2_199","study2",12,1,"self","lower_own_payoff","higher_own_payoff",1,0
"study2_199","study2",13,1,"self","lower_own_payoff","higher_own_payoff",1,0
"study2_199","study2",14,1,"self","higher_own_payoff","higher_own_payoff",1,0
"study2_199","study2",15,1,"self","lower_own_payoff","higher_own_payoff",1,0
"study2_199","study2",16,1,"self","lower_own_payoff","lower_own_payoff",1,0
"study2_199","study2",17,1,"self","higher_own_payoff","higher_own_payoff",1,0
"study2_199","study2",18,1,"self","lower_own_payoff","higher_own_payoff",1,0
"study2_199","study2",19,1,"self","lower_own_payoff","higher_own_payoff",1,0
"study2_199","study2",20,1,"self","lower_own_payoff","higher_own_payoff",1,0
"study2_199","study2",21,1,"self","lower_own_payoff","higher_own_payoff",1,0
"study2_199","study2",22,1,"self","lower_own_payoff","higher_own_payoff",1,0
"study2_199","study2",23,1,"self","lower_own_payoff","higher_own_payoff",1,0
"study2_199","study2",24,1,"self","lower_own_payoff","higher_own_payoff",1,0
"study2_201","study2",1,1,"self","higher_own_payoff","higher_own_payoff",2,10
"study2_201","study2",2,1,"self","higher_own_payoff","higher_own_payoff",1,0
"study2_201","study2",3,1,"other","lower_own_payoff","higher_own_payoff",2,10
"study2_201","study2",4,1,"other","higher_own_payoff","higher_own_payoff",2,10
"study2_201","study2",5,1,"self","lower_own_payoff","lower_own_payoff",1,0
"study2_201","study2",6,1,"self","lower_own_payoff","lower_own_payoff",1,0
"study2_201","study2",7,1,"self","higher_own_payoff","higher_own_payoff",2,10
"study2_201","study2",8,1,"self","lower_own_payoff","lower_own_payoff",1,0
"study2_201","study2",9,1,"self","lower_own_payoff","higher_own_payoff",2,10
"study2_201","study2",10,1,"self","lower_own_payoff","higher_own_payoff",3,20
"study2_201","study2",11,1,"self","lower_own_payoff","lower_own_payoff",2,10
"study2_201","study2",12,1,"self","higher_own_payoff","lower_own_payoff",2,10
"study2_201","study2",13,1,"self","higher_own_payoff","higher_own_payoff",1,0
"study2_201","study2",14,1,"self","higher_own_payoff","higher_own_payoff",2,10
"study2_201","study2",15,1,"self","lower_own_payoff","higher_own_payoff",2,10
"study2_201","study2",16,1,"self","higher_own_payoff","higher_own_payoff",3,20
"study2_201","study2",17,1,"self","higher_own_payoff","higher_own_payoff",2,10
"study2_201","study2",18,1,"self","higher_own_payoff","lower_own_payoff",2,10
"study2_201","study2",19,1,"self","higher_own_payoff","higher_own_payoff",1,0
"study2_201","study2",20,1,"self","lower_own_payoff","higher_own_payoff",2,10
"study2_201","study2",21,1,"self","higher_own_payoff","lower_own_payoff",2,10
"study2_201","study2",22,1,"self","lower_own_payoff","higher_own_payoff",2,10
"study2_201","study2",23,1,"self","higher_own_payoff","lower_own_payoff",2,10
"study2_201","study2",24,1,"self","higher_own_payoff","higher_own_payoff",2,10
"study2_202","study2",1,1,"self","lower_own_payoff","lower_own_payoff",1,0
"study2_202","study2",2,1,"self","higher_own_payoff","lower_own_payoff",1,0
"study2_202","study2",3,1,"self","higher_own_payoff","higher_own_payoff",1,0
"study2_202","study2",4,1,"self","lower_own_payoff","lower_own_payoff",1,0
"study2_202","study2",5,1,"self","lower_own_payoff","lower_own_payoff",1,0
"study2_202","study2",6,1,"self","higher_own_payoff","higher_own_payoff",1,0
"study2_202","study2",7,1,"self","lower_own_payoff","lower_own_payoff",1,0
"study2_202","study2",8,1,"self","higher_own_payoff","lower_own_payoff",1,0
"study2_202","study2",9,1,"self","higher_own_payoff","higher_own_payoff",1,0
"study2_202","study2",10,1,"self","lower_own_payoff","higher_own_payoff",1,0
"study2_202","study2",11,1,"self","higher_own_payoff","higher_own_payoff",1,0
"study2_202","study2",12,1,"self","higher_own_payoff","higher_own_payoff",1,0
"study2_202","study2",13,1,"self","higher_own_payoff","higher_own_payoff",1,0
"study2_202","study2",14,1,"self","higher_own_payoff","lower_own_payoff",1,0
"study2_202","study2",15,1,"self","higher_own_payoff","higher_own_payoff",1,0
"study2_202","study2",16,1,"self","higher_own_payoff","higher_own_payoff",1,0
"study2_202","study2",17,1,"self","higher_own_payoff","higher_own_payoff",1,0
"study2_202","study2",18,1,"self","higher_own_payoff","higher_own_payoff",1,0
"study2_202","study2",19,1,"self","higher_own_payoff","lower_own_payoff",1,0
"study2_202","study2",20,1,"self","lower_own_payoff","lower_own_payoff",1,0
"study2_202","study2",21,1,"self","higher_own_payoff","higher_own_payoff",1,0
"study2_202","study2",22,1,"self","higher_own_payoff","higher_own_payoff",1,0
"study2_202","study2",23,1,"self","lower_own_payoff","higher_own_payoff",1,0
"study2_202","study2",24,1,"self","higher_own_payoff","higher_own_payoff",1,0
"study2_203","study2",1,1,"self","higher_own_payoff","higher_own_payoff",4,30
"study2_203","study2",2,1,"self","higher_own_payoff","lower_own_payoff",4,30
"study2_203","study2",3,1,"self","higher_own_payoff","higher_own_payoff",4,30
"study2_203","study2",4,1,"self","lower_own_payoff","lower_own_payoff",4,30
"study2_203","study2",5,1,"self","higher_own_payoff","lower_own_payoff",4,30
"study2_203","study2",6,1,"self","higher_own_payoff","higher_own_payoff",4,30
"study2_203","study2",7,1,"self","higher_own_payoff","lower_own_payoff",4,30
"study2_203","study2",8,1,"self","higher_own_payoff","higher_own_payoff",4,30
"study2_203","study2",9,1,"self","lower_own_payoff","higher_own_payoff",4,30
"study2_203","study2",10,1,"self","higher_own_payoff","higher_own_payoff",4,30
"study2_203","study2",11,1,"self","higher_own_payoff","higher_own_payoff",1,0
"study2_203","study2",12,1,"self","higher_own_payoff","lower_own_payoff",4,30
"study2_203","study2",13,1,"self","higher_own_payoff","lower_own_payoff",4,30
"study2_203","study2",14,1,"self","lower_own_payoff","lower_own_payoff",4,30
"study2_203","study2",15,1,"self","higher_own_payoff","lower_own_payoff",4,30
"study2_203","study2",16,1,"self","higher_own_payoff","higher_own_payoff",4,30
"study2_203","study2",17,1,"self","higher_own_payoff","lower_own_payoff",4,30
"study2_203","study2",18,1,"self","lower_own_payoff","higher_own_payoff",4,30
"study2_203","study2",19,1,"self","higher_own_payoff","higher_own_payoff",4,30
"study2_203","study2",20,1,"self","higher_own_payoff","lower_own_payoff",4,30
"study2_203","study2",21,1,"self","lower_own_payoff","lower_own_payoff",4,30
"study2_203","study2",22,1,"self","lower_own_payoff","higher_own_payoff",4,30
"study2_203","study2",23,1,"self","lower_own_payoff","higher_own_payoff",4,30
"study2_203","study2",24,1,"self","higher_own_payoff","higher_own_payoff",4,30
"study2_204","study2",1,1,"self","higher_own_payoff","higher_own_payoff",2,10
"study2_204","study2",2,1,"self","higher_own_payoff","higher_own_payoff",1,0
"study2_204","study2",3,1,"self","higher_own_payoff","higher_own_payoff",2,10
"study2_204","study2",4,1,"self","higher_own_payoff","higher_own_payoff",1,0
"study2_204","study2",5,1,"self","higher_own_payoff","higher_own_payoff",1,0
"study2_204","study2",6,1,"self","higher_own_payoff","higher_own_payoff",1,0
"study2_204","study2",7,1,"self","higher_own_payoff","higher_own_payoff",1,0
"study2_204","study2",8,1,"self","higher_own_payoff","higher_own_payoff",1,0
"study2_204","study2",9,1,"self","lower_own_payoff","lower_own_payoff",1,0
"study2_204","study2",10,1,"self","lower_own_payoff","lower_own_payoff",1,0
"study2_204","study2",11,1,"self","higher_own_payoff","higher_own_payoff",1,0
"study2_204","study2",12,1,"other","higher_own_payoff","higher_own_payoff",1,0
"study2_204","study2",13,1,"self","higher_own_payoff","higher_own_payoff",1,0
"study2_204","study2",14,1,"self","higher_own_payoff","higher_own_payoff",1,0
"study2_204","study2",15,1,"other","higher_own_payoff","higher_own_payoff",1,0
"study2_204","study2",16,1,"other","higher_own_payoff","higher_own_payoff",1,0
"study2_204","study2",17,1,"self","lower_own_payoff","lower_own_payoff",1,0
"study2_204","study2",18,1,"other","lower_own_payoff","lower_own_payoff",1,0
"study2_204","study2",19,1,"self","higher_own_payoff","lower_own_payoff",2,10
"study2_204","study2",20,1,"self","lower_own_payoff","lower_own_payoff",1,0
"study2_204","study2",21,1,"self","higher_own_payoff","higher_own_payoff",1,0
"study2_204","study2",22,1,"other","lower_own_payoff","lower_own_payoff",1,0
"study2_204","study2",23,1,"self","lower_own_payoff","lower_own_payoff",1,0
"study2_204","study2",24,1,"other","higher_own_payoff","higher_own_payoff",1,0
"study2_205","study2",1,1,"self","higher_own_payoff","higher_own_payoff",1,0
"study2_205","study2",2,1,"other","higher_own_payoff","higher_own_payoff",1,0
"study2_205","study2",3,1,"self","higher_own_payoff","higher_own_payoff",1,0
"study2_205","study2",4,1,"self","higher_own_payoff","higher_own_payoff",1,0
"study2_205","study2",5,1,"other","higher_own_payoff","lower_own_payoff",1,0
"study2_205","study2",6,1,"other","higher_own_payoff","higher_own_payoff",1,0
"study2_205","study2",7,1,"self","higher_own_payoff","higher_own_payoff",1,0
"study2_205","study2",8,1,"other","higher_own_payoff","higher_own_payoff",1,0
"study2_205","study2",9,1,"other","higher_own_payoff","higher_own_payoff",1,0
"study2_205","study2",10,1,"self","higher_own_payoff","lower_own_payoff",1,0
"study2_205","study2",11,1,"self","higher_own_payoff","higher_own_payoff",1,0
"study2_205","study2",12,1,"other","higher_own_payoff","higher_own_payoff",1,0
"study2_205","study2",13,1,"other","higher_own_payoff","higher_own_payoff",1,0
"study2_205","study2",14,1,"other","higher_own_payoff","higher_own_payoff",1,0
"study2_205","study2",15,1,"self","higher_own_payoff","higher_own_payoff",1,0
"study2_205","study2",16,1,"other","higher_own_payoff","higher_own_payoff",1,0
"study2_205","study2",17,1,"other","higher_own_payoff","lower_own_payoff",1,0
"study2_205","study2",18,1,"other","higher_own_payoff","higher_own_payoff",1,0
"study2_205","study2",19,1,"other","higher_own_payoff","higher_own_payoff",1,0
"study2_205","study2",20,1,"other","higher_own_payoff","lower_own_payoff",1,0
"study2_205","study2",21,1,"self","higher_own_payoff","higher_own_payoff",1,0
"study2_205","study2",22,1,"self","higher_own_payoff","higher_own_payoff",1,0
"study2_205","study2",23,1,"self","higher_own_payoff","higher_own_payoff",1,0
"study2_205","study2",24,1,"other","higher_own_payoff","higher_own_payoff",1,0
"study2_206","study2",1,1,"self","lower_own_payoff","higher_own_payoff",1,0
"study2_206","study2",2,1,"self","higher_own_payoff","lower_own_payoff",1,0
"study2_206","study2",3,1,"self","lower_own_payoff","higher_own_payoff",1,0
"study2_206","study2",4,1,"self","lower_own_payoff","higher_own_payoff",2,10
"study2_206","study2",5,1,"self","lower_own_payoff","higher_own_payoff",1,0
"study2_206","study2",6,1,"self","lower_own_payoff","lower_own_payoff",2,10
"study2_206","study2",7,1,"self","lower_own_payoff","higher_own_payoff",1,0
"study2_206","study2",8,1,"self","lower_own_payoff","higher_own_payoff",2,10
"study2_206","study2",9,1,"self","lower_own_payoff","higher_own_payoff",1,0
"study2_206","study2",10,1,"self","lower_own_payoff","higher_own_payoff",1,0
"study2_206","study2",11,1,"self","lower_own_payoff","higher_own_payoff",1,0
"study2_206","study2",12,1,"self","lower_own_payoff","lower_own_payoff",1,0
"study2_206","study2",13,1,"self","higher_own_payoff","higher_own_payoff",1,0
"study2_206","study2",14,1,"self","higher_own_payoff","higher_own_payoff",1,0
"study2_206","study2",15,1,"self","lower_own_payoff","lower_own_payoff",1,0
"study2_206","study2",16,1,"self","higher_own_payoff","higher_own_payoff",2,10
"study2_206","study2",17,1,"self","lower_own_payoff","higher_own_payoff",1,0
"study2_206","study2",18,1,"self","higher_own_payoff","higher_own_payoff",1,0
"study2_206","study2",19,1,"self","higher_own_payoff","higher_own_payoff",1,0
"study2_206","study2",20,1,"self","lower_own_payoff","higher_own_payoff",1,0
"study2_206","study2",21,1,"self","lower_own_payoff","higher_own_payoff",1,0
"study2_206","study2",22,1,"self","lower_own_payoff","higher_own_payoff",1,0
"study2_206","study2",23,1,"self","lower_own_payoff","higher_own_payoff",1,0
"study2_206","study2",24,1,"self","lower_own_payoff","higher_own_payoff",1,0
"study2_207","study2",1,1,"self","higher_own_payoff","higher_own_payoff",1,0
"study2_207","study2",2,1,"self","higher_own_payoff","higher_own_payoff",1,0
"study2_207","study2",3,1,"self","higher_own_payoff","higher_own_payoff",1,0
"study2_207","study2",4,1,"self","higher_own_payoff","higher_own_payoff",1,0
"study2_207","study2",5,1,"self","lower_own_payoff","lower_own_payoff",1,0
"study2_207","study2",6,1,"self","lower_own_payoff","lower_own_payoff",1,0
"study2_207","study2",7,1,"self","lower_own_payoff","lower_own_payoff",1,0
"study2_207","study2",8,1,"self","higher_own_payoff","higher_own_payoff",1,0
"study2_207","study2",9,1,"self","higher_own_payoff","higher_own_payoff",1,0
"study2_207","study2",10,1,"self","higher_own_payoff","higher_own_payoff",1,0
"study2_207","study2",11,1,"self","higher_own_payoff","higher_own_payoff",1,0
"study2_207","study2",12,1,"self","higher_own_payoff","higher_own_payoff",1,0
"study2_207","study2",13,1,"self","lower_own_payoff","higher_own_payoff",1,0
"study2_207","study2",14,1,"self","higher_own_payoff","higher_own_payoff",1,0
"study2_207","study2",15,1,"self","lower_own_payoff","higher_own_payoff",1,0
"study2_207","study2",16,1,"self","lower_own_payoff","higher_own_payoff",1,0
"study2_207","study2",17,1,"self","higher_own_payoff","higher_own_payoff",1,0
"study2_207","study2",18,1,"self","higher_own_payoff","higher_own_payoff",1,0
"study2_207","study2",19,1,"self","higher_own_payoff","lower_own_payoff",1,0
"study2_207","study2",20,1,"self","higher_own_payoff","higher_own_payoff",1,0
"study2_207","study2",21,1,"self","higher_own_payoff","higher_own_payoff",1,0
"study2_207","study2",22,1,"self","lower_own_payoff","higher_own_payoff",2,10
"study2_207","study2",23,1,"self","higher_own_payoff","higher_own_payoff",1,0
"study2_207","study2",24,1,"self","lower_own_payoff","lower_own_payoff",1,0
"study2_208","study2",1,1,"self","higher_own_payoff","lower_own_payoff",3,20
"study2_208","study2",2,1,"self","lower_own_payoff","higher_own_payoff",1,0
"study2_208","study2",3,1,"self","lower_own_payoff","higher_own_payoff",1,0
"study2_208","study2",4,1,"self","lower_own_payoff","higher_own_payoff",1,0
"study2_208","study2",5,1,"self","lower_own_payoff","higher_own_payoff",1,0
"study2_208","study2",6,1,"self","higher_own_payoff","higher_own_payoff",1,0
"study2_208","study2",7,1,"self","lower_own_payoff","higher_own_payoff",1,0
"study2_208","study2",8,1,"self","lower_own_payoff","lower_own_payoff",1,0
"study2_208","study2",9,1,"self","lower_own_payoff","lower_own_payoff",1,0
"study2_208","study2",10,1,"self","higher_own_payoff","higher_own_payoff",1,0
"study2_208","study2",11,1,"self","higher_own_payoff","higher_own_payoff",1,0
"study2_208","study2",12,1,"self","higher_own_payoff","higher_own_payoff",1,0
"study2_208","study2",13,1,"self","higher_own_payoff","higher_own_payoff",1,0
"study2_208","study2",14,1,"self","higher_own_payoff","higher_own_payoff",2,10
"study2_208","study2",15,1,"self","higher_own_payoff","higher_own_payoff",1,0
"study2_208","study2",16,1,"self","higher_own_payoff","higher_own_payoff",1,0
"study2_208","study2",17,1,"self","higher_own_payoff","higher_own_payoff",1,0
"study2_208","study2",18,1,"self","higher_own_payoff","higher_own_payoff",1,0
"study2_208","study2",19,1,"self","higher_own_payoff","higher_own_payoff",1,0
"study2_208","study2",20,1,"self","higher_own_payoff","higher_own_payoff",1,0
"study2_208","study2",21,1,"self","higher_own_payoff","higher_own_payoff",2,10
"study2_208","study2",22,1,"self","higher_own_payoff","higher_own_payoff",1,0
"study2_208","study2",23,1,"self","higher_own_payoff","higher_own_payoff",1,0
"study2_208","study2",24,1,"self","higher_own_payoff","higher_own_payoff",1,0
"study2_209","study2",1,1,"self","lower_own_payoff","lower_own_payoff",1,0
"study2_209","study2",2,1,"self","higher_own_payoff","higher_own_payoff",1,0
"study2_209","study2",3,1,"self","lower_own_payoff","lower_own_payoff",1,0
"study2_209","study2",4,1,"self","higher_own_payoff","higher_own_payoff",1,0
"study2_209","study2",5,1,"self","lower_own_payoff","lower_own_payoff",1,0
"study2_209","study2",6,1,"self","higher_own_payoff","lower_own_payoff",1,0
"study2_209","study2",7,1,"self","higher_own_payoff","higher_own_payoff",1,0
"study2_209","study2",8,1,"self","lower_own_payoff","higher_own_payoff",1,0
"study2_209","study2",9,1,"self","lower_own_payoff","higher_own_payoff",1,0
"study2_209","study2",10,1,"self","lower_own_payoff","higher_own_payoff",1,0
"study2_209","study2",11,1,"self","lower_own_payoff","lower_own_payoff",1,0
"study2_209","study2",12,1,"self","lower_own_payoff","higher_own_payoff",1,0
"study2_209","study2",13,1,"self","lower_own_payoff","lower_own_payoff",1,0
"study2_209","study2",14,1,"self","lower_own_payoff","lower_own_payoff",1,0
"study2_209","study2",15,1,"self","lower_own_payoff","lower_own_payoff",1,0
"study2_209","study2",16,1,"self","higher_own_payoff","higher_own_payoff",1,0
"study2_209","study2",17,1,"self","higher_own_payoff","higher_own_payoff",1,0
"study2_209","study2",18,1,"self","lower_own_payoff","lower_own_payoff",1,0
"study2_209","study2",19,1,"self","higher_own_payoff","higher_own_payoff",1,0
"study2_209","study2",20,1,"self","higher_own_payoff","higher_own_payoff",1,0
"study2_209","study2",21,1,"self","higher_own_payoff","higher_own_payoff",1,0
"study2_209","study2",22,1,"self","higher_own_payoff","lower_own_payoff",1,0
"study2_209","study2",23,1,"self","higher_own_payoff","higher_own_payoff",1,0
"study2_209","study2",24,1,"self","higher_own_payoff","higher_own_payoff",1,0
"study2_210","study2",1,1,"self","higher_own_payoff","higher_own_payoff",2,10
"study2_210","study2",2,1,"self","lower_own_payoff","lower_own_payoff",2,10
"study2_210","study2",3,1,"self","lower_own_payoff","lower_own_payoff",2,10
"study2_210","study2",4,1,"self","lower_own_payoff","higher_own_payoff",2,10
"study2_210","study2",5,1,"self","lower_own_payoff","higher_own_payoff",2,10
"study2_210","study2",6,1,"self","higher_own_payoff","lower_own_payoff",2,10
"study2_210","study2",7,1,"self","lower_own_payoff","lower_own_payoff",4,30
"study2_210","study2",8,1,"self","higher_own_payoff","higher_own_payoff",2,10
"study2_210","study2",9,1,"self","lower_own_payoff","lower_own_payoff",2,10
"study2_210","study2",10,1,"self","higher_own_payoff","lower_own_payoff",2,10
"study2_210","study2",11,1,"self","higher_own_payoff","higher_own_payoff",2,10
"study2_210","study2",12,1,"self","lower_own_payoff","higher_own_payoff",2,10
"study2_210","study2",13,1,"self","lower_own_payoff","higher_own_payoff",2,10
"study2_210","study2",14,1,"self","higher_own_payoff","higher_own_payoff",2,10
"study2_210","study2",15,1,"self","higher_own_payoff","higher_own_payoff",2,10
"study2_210","study2",16,1,"self","higher_own_payoff","higher_own_payoff",2,10
"study2_210","study2",17,1,"self","lower_own_payoff","higher_own_payoff",2,10
"study2_210","study2",18,1,"self","lower_own_payoff","higher_own_payoff",2,10
"study2_210","study2",19,1,"self","higher_own_payoff","higher_own_payoff",2,10
"study2_210","study2",20,1,"self","higher_own_payoff","higher_own_payoff",2,10
"study2_210","study2",21,1,"self","higher_own_payoff","higher_own_payoff",2,10
"study2_210","study2",22,1,"self","higher_own_payoff","lower_own_payoff",2,10
"study2_210","study2",23,1,"self","higher_own_payoff","lower_own_payoff",2,10
"study2_210","study2",24,1,"self","lower_own_payoff","higher_own_payoff",1,0
"study2_211","study2",1,1,"self","lower_own_payoff","lower_own_payoff",1,0
"study2_211","study2",2,1,"self","lower_own_payoff","lower_own_payoff",2,10
"study2_211","study2",3,1,"self","lower_own_payoff","higher_own_payoff",1,0
"study2_211","study2",4,1,"self","higher_own_payoff","higher_own_payoff",1,0
"study2_211","study2",5,1,"self","higher_own_payoff","higher_own_payoff",1,0
"study2_211","study2",6,1,"self","lower_own_payoff","higher_own_payoff",1,0
"study2_211","study2",7,1,"self","lower_own_payoff","higher_own_payoff",1,0
"study2_211","study2",8,1,"self","lower_own_payoff","lower_own_payoff",2,10
"study2_211","study2",9,1,"self","lower_own_payoff","higher_own_payoff",1,0
"study2_211","study2",10,1,"self","lower_own_payoff","lower_own_payoff",2,10
"study2_211","study2",11,1,"self","lower_own_payoff","higher_own_payoff",4,30
"study2_211","study2",12,1,"self","lower_own_payoff","higher_own_payoff",2,10
"study2_211","study2",13,1,"self","lower_own_payoff","lower_own_payoff",1,0
"study2_211","study2",14,1,"self","higher_own_payoff","higher_own_payoff",2,10
"study2_211","study2",15,1,"self","lower_own_payoff","higher_own_payoff",2,10
"study2_211","study2",16,1,"self","lower_own_payoff","higher_own_payoff",2,10
"study2_211","study2",17,1,"self","higher_own_payoff","higher_own_payoff",4,30
"study2_211","study2",18,1,"self","higher_own_payoff","higher_own_payoff",2,10
"study2_211","study2",19,1,"self","higher_own_payoff","higher_own_payoff",1,0
"study2_211","study2",20,1,"self","higher_own_payoff","higher_own_payoff",1,0
"study2_211","study2",21,1,"self","lower_own_payoff","higher_own_payoff",2,10
"study2_211","study2",22,1,"self","lower_own_payoff","higher_own_payoff",2,10
"study2_211","study2",23,1,"self","lower_own_payoff","lower_own_payoff",1,0
"study2_211","study2",24,1,"self","lower_own_payoff","lower_own_payoff",4,30
"study2_212","study2",1,1,"self","lower_own_payoff","lower_own_payoff",2,10
"study2_212","study2",2,1,"self","lower_own_payoff","higher_own_payoff",2,10
"study2_212","study2",3,1,"self","higher_own_payoff","higher_own_payoff",3,20
"study2_212","study2",4,1,"self","lower_own_payoff","lower_own_payoff",2,10
"study2_212","study2",5,1,"self","higher_own_payoff","lower_own_payoff",2,10
"study2_212","study2",6,1,"self","higher_own_payoff","higher_own_payoff",2,10
"study2_212","study2",7,1,"self","lower_own_payoff","lower_own_payoff",2,10
"study2_212","study2",8,1,"self","higher_own_payoff","higher_own_payoff",2,10
"study2_212","study2",9,1,"self","higher_own_payoff","higher_own_payoff",2,10
"study2_212","study2",10,1,"self","higher_own_payoff","lower_own_payoff",2,10
"study2_212","study2",11,1,"self","higher_own_payoff","higher_own_payoff",2,10
"study2_212","study2",12,1,"other","higher_own_payoff","lower_own_payoff",2,10
"study2_212","study2",13,1,"self","lower_own_payoff","higher_own_payoff",2,10
"study2_212","study2",14,1,"other","higher_own_payoff","lower_own_payoff",2,10
"study2_212","study2",15,1,"self","higher_own_payoff","higher_own_payoff",2,10
"study2_212","study2",16,1,"other","higher_own_payoff","lower_own_payoff",2,10
"study2_212","study2",17,1,"self","lower_own_payoff","lower_own_payoff",2,10
"study2_212","study2",18,1,"self","lower_own_payoff","higher_own_payoff",2,10
"study2_212","study2",19,1,"self","higher_own_payoff","higher_own_payoff",2,10
"study2_212","study2",20,1,"self","lower_own_payoff","lower_own_payoff",2,10
"study2_212","study2",21,1,"self","lower_own_payoff","lower_own_payoff",1,0
"study2_212","study2",22,1,"self","higher_own_payoff","lower_own_payoff",2,10
"study2_212","study2",23,1,"other","higher_own_payoff","higher_own_payoff",2,10
"study2_212","study2",24,1,"self","higher_own_payoff","higher_own_payoff",1,0
"study2_213","study2",1,1,"self","higher_own_payoff","higher_own_payoff",4,30
"study2_213","study2",2,1,"self","lower_own_payoff","higher_own_payoff",4,30
"study2_213","study2",3,1,"self","lower_own_payoff","higher_own_payoff",4,30
"study2_213","study2",4,1,"self","lower_own_payoff","lower_own_payoff",4,30
"study2_213","study2",5,1,"self","higher_own_payoff","higher_own_payoff",4,30
"study2_213","study2",6,1,"self","lower_own_payoff","higher_own_payoff",4,30
"study2_213","study2",7,1,"self","lower_own_payoff","higher_own_payoff",4,30
"study2_213","study2",8,1,"self","higher_own_payoff","lower_own_payoff",4,30
"study2_213","study2",9,1,"self","higher_own_payoff","lower_own_payoff",4,30
"study2_213","study2",10,1,"self","higher_own_payoff","higher_own_payoff",4,30
"study2_213","study2",11,1,"self","higher_own_payoff","higher_own_payoff",4,30
"study2_213","study2",12,1,"self","lower_own_payoff","lower_own_payoff",4,30
"study2_213","study2",13,1,"self","higher_own_payoff","lower_own_payoff",4,30
"study2_213","study2",14,1,"self","lower_own_payoff","higher_own_payoff",4,30
"study2_213","study2",15,1,"self","lower_own_payoff","lower_own_payoff",4,30
"study2_213","study2",16,1,"self","lower_own_payoff","higher_own_payoff",4,30
"study2_213","study2",17,1,"self","higher_own_payoff","lower_own_payoff",4,30
"study2_213","study2",18,1,"self","lower_own_payoff","lower_own_payoff",4,30
"study2_213","study2",19,1,"self","lower_own_payoff","lower_own_payoff",4,30
"study2_213","study2",20,1,"self","higher_own_payoff","higher_own_payoff",4,30
"study2_213","study2",21,1,"self","higher_own_payoff","higher_own_payoff",4,30
"study2_213","study2",22,1,"self","higher_own_payoff","lower_own_payoff",4,30
"study2_213","study2",23,1,"self","lower_own_payoff","lower_own_payoff",4,30
"study2_213","study2",24,1,"self","higher_own_payoff","lower_own_payoff",4,30
"study2_214","study2",1,1,"self","higher_own_payoff","higher_own_payoff",1,0
"study2_214","study2",2,1,"self","higher_own_payoff","higher_own_payoff",1,0
"study2_214","study2",3,1,"self","higher_own_payoff","higher_own_payoff",1,0
"study2_214","study2",4,1,"self","higher_own_payoff","higher_own_payoff",1,0
"study2_214","study2",5,1,"self","higher_own_payoff","higher_own_payoff",1,0
"study2_214","study2",6,1,"self","higher_own_payoff","higher_own_payoff",1,0
"study2_214","study2",7,1,"self","higher_own_payoff","higher_own_payoff",1,0
"study2_214","study2",8,1,"self","higher_own_payoff","higher_own_payoff",1,0
"study2_214","study2",9,1,"self","higher_own_payoff","higher_own_payoff",1,0
"study2_214","study2",10,1,"self","higher_own_payoff","higher_own_payoff",1,0
"study2_214","study2",11,1,"self","higher_own_payoff","higher_own_payoff",1,0
"study2_214","study2",12,1,"self","higher_own_payoff","higher_own_payoff",1,0
"study2_214","study2",13,1,"self","higher_own_payoff","higher_own_payoff",1,0
"study2_214","study2",14,1,"self","higher_own_payoff","higher_own_payoff",1,0
"study2_214","study2",15,1,"self","higher_own_payoff","higher_own_payoff",1,0
"study2_214","study2",16,1,"self","higher_own_payoff","higher_own_payoff",1,0
"study2_214","study2",17,1,"self","higher_own_payoff","higher_own_payoff",1,0
"study2_214","study2",18,1,"self","higher_own_payoff","higher_own_payoff",1,0
"study2_214","study2",19,1,"self","higher_own_payoff","higher_own_payoff",1,0
"study2_214","study2",20,1,"self","higher_own_payoff","higher_own_payoff",1,0
"study2_214","study2",21,1,"self","higher_own_payoff","higher_own_payoff",1,0
"study2_214","study2",22,1,"self","higher_own_payoff","higher_own_payoff",1,0
"study2_214","study2",23,1,"self","higher_own_payoff","higher_own_payoff",1,0
"study2_214","study2",24,1,"self","higher_own_payoff","higher_own_payoff",1,0
"study2_215","study2",1,1,"self","lower_own_payoff","higher_own_payoff",2,10
"study2_215","study2",2,1,"self","lower_own_payoff","lower_own_payoff",2,10
"study2_215","study2",3,1,"self","higher_own_payoff","higher_own_payoff",1,0
"study2_215","study2",4,1,"other","higher_own_payoff","higher_own_payoff",1,0
"study2_215","study2",5,1,"self","higher_own_payoff","higher_own_payoff",2,10
"study2_215","study2",6,1,"other","higher_own_payoff","higher_own_payoff",1,0
"study2_215","study2",7,1,"self","higher_own_payoff","higher_own_payoff",1,0
"study2_215","study2",8,1,"other","higher_own_payoff","higher_own_payoff",1,0
"study2_215","study2",9,1,"other","lower_own_payoff","lower_own_payoff",1,0
"study2_215","study2",10,1,"self","lower_own_payoff","lower_own_payoff",1,0
"study2_215","study2",11,1,"self","lower_own_payoff","higher_own_payoff",1,0
"study2_215","study2",12,1,"other","higher_own_payoff","higher_own_payoff",1,0
"study2_215","study2",13,1,"self","higher_own_payoff","higher_own_payoff",1,0
"study2_215","study2",14,1,"other","lower_own_payoff","lower_own_payoff",1,0
"study2_215","study2",15,1,"other","higher_own_payoff","higher_own_payoff",2,10
"study2_215","study2",16,1,"other","higher_own_payoff","higher_own_payoff",2,10
"study2_215","study2",17,1,"other","lower_own_payoff","higher_own_payoff",1,0
"study2_215","study2",18,1,"self","lower_own_payoff","lower_own_payoff",1,0
"study2_215","study2",19,1,"other","higher_own_payoff","higher_own_payoff",1,0
"study2_215","study2",20,1,"other","higher_own_payoff","higher_own_payoff",2,10
"study2_215","study2",21,1,"self","lower_own_payoff","lower_own_payoff",1,0
"study2_215","study2",22,1,"self","lower_own_payoff","lower_own_payoff",3,20
"study2_215","study2",23,1,"self","higher_own_payoff","lower_own_payoff",2,10
"study2_215","study2",24,1,"other","lower_own_payoff","lower_own_payoff",1,0
"study2_216","study2",1,1,"self","lower_own_payoff","lower_own_payoff",1,0
"study2_216","study2",2,1,"self","higher_own_payoff","higher_own_payoff",1,0
"study2_216","study2",3,1,"self","higher_own_payoff","higher_own_payoff",1,0
"study2_216","study2",4,1,"other","lower_own_payoff","lower_own_payoff",1,0
"study2_216","study2",5,1,"self","higher_own_payoff","higher_own_payoff",1,0
"study2_216","study2",6,1,"other","higher_own_payoff","higher_own_payoff",1,0
"study2_216","study2",7,1,"self","higher_own_payoff","higher_own_payoff",1,0
"study2_216","study2",8,1,"self","higher_own_payoff","higher_own_payoff",1,0
"study2_216","study2",9,1,"self","lower_own_payoff","lower_own_payoff",1,0
"study2_216","study2",10,1,"self","lower_own_payoff","lower_own_payoff",1,0
"study2_216","study2",11,1,"other","lower_own_payoff","lower_own_payoff",1,0
"study2_216","study2",12,1,"self","higher_own_payoff","higher_own_payoff",1,0
"study2_216","study2",13,1,"self","higher_own_payoff","higher_own_payoff",1,0
"study2_216","study2",14,1,"other","lower_own_payoff","lower_own_payoff",1,0
"study2_216","study2",15,1,"self","higher_own_payoff","higher_own_payoff",1,0
"study2_216","study2",16,1,"self","higher_own_payoff","higher_own_payoff",1,0
"study2_216","study2",17,1,"self","higher_own_payoff","higher_own_payoff",1,0
"study2_216","study2",18,1,"self","higher_own_payoff","higher_own_payoff",1,0
"study2_216","study2",19,1,"self","higher_own_payoff","higher_own_payoff",1,0
"study2_216","study2",20,1,"self","lower_own_payoff","lower_own_payoff",1,0
"study2_216","study2",21,1,"self","lower_own_payoff","lower_own_payoff",1,0
"study2_216","study2",22,1,"self","lower_own_payoff","lower_own_payoff",1,0
"study2_216","study2",23,1,"self","higher_own_payoff","higher_own_payoff",1,0
"study2_216","study2",24,1,"self","lower_own_payoff","lower_own_payoff",1,0
"study2_217","study2",1,1,"self","higher_own_payoff","lower_own_payoff",1,0
"study2_217","study2",2,1,"self","higher_own_payoff","higher_own_payoff",1,0
"study2_217","study2",3,1,"self","lower_own_payoff","higher_own_payoff",2,10
"study2_217","study2",4,1,"self","higher_own_payoff","higher_own_payoff",1,0
"study2_217","study2",5,1,"self","higher_own_payoff","lower_own_payoff",2,10
"study2_217","study2",6,1,"self","lower_own_payoff","higher_own_payoff",2,10
"study2_217","study2",7,1,"self","higher_own_payoff","lower_own_payoff",2,10
"study2_217","study2",8,1,"self","higher_own_payoff","higher_own_payoff",2,10
"study2_217","study2",9,1,"self","higher_own_payoff","higher_own_payoff",1,0
"study2_217","study2",10,1,"self","higher_own_payoff","higher_own_payoff",2,10
"study2_217","study2",11,1,"self","higher_own_payoff","higher_own_payoff",1,0
"study2_217","study2",12,1,"self","higher_own_payoff","lower_own_payoff",2,10
"study2_217","study2",13,1,"self","higher_own_payoff","higher_own_payoff",2,10
"study2_217","study2",14,1,"self","higher_own_payoff","higher_own_payoff",1,0
"study2_217","study2",15,1,"self","higher_own_payoff","higher_own_payoff",1,0
"study2_217","study2",16,1,"self","higher_own_payoff","higher_own_payoff",1,0
"study2_217","study2",17,1,"self","higher_own_payoff","higher_own_payoff",1,0
"study2_217","study2",18,1,"self","higher_own_payoff","higher_own_payoff",2,10
"study2_217","study2",19,1,"self","higher_own_payoff","higher_own_payoff",1,0
"study2_217","study2",20,1,"self","higher_own_payoff","higher_own_payoff",1,0
"study2_217","study2",21,1,"self","higher_own_payoff","higher_own_payoff",1,0
"study2_217","study2",22,1,"self","higher_own_payoff","higher_own_payoff",1,0
"study2_217","study2",23,1,"self","higher_own_payoff","higher_own_payoff",2,10
"study2_217","study2",24,1,"self","higher_own_payoff","higher_own_payoff",1,0
"study2_218","study2",1,1,"self","higher_own_payoff","lower_own_payoff",2,10
"study2_218","study2",2,1,"self","higher_own_payoff","lower_own_payoff",1,0
"study2_218","study2",3,1,"self","higher_own_payoff","higher_own_payoff",2,10
"study2_218","study2",4,1,"self","higher_own_payoff","higher_own_payoff",1,0
"study2_218","study2",5,1,"self","higher_own_payoff","higher_own_payoff",1,0
"study2_218","study2",6,1,"self","higher_own_payoff","higher_own_payoff",1,0
"study2_218","study2",7,1,"self","higher_own_payoff","higher_own_payoff",1,0
"study2_218","study2",8,1,"self","higher_own_payoff","higher_own_payoff",1,0
"study2_218","study2",9,1,"self","higher_own_payoff","higher_own_payoff",1,0
"study2_218","study2",10,1,"self","higher_own_payoff","higher_own_payoff",1,0
"study2_218","study2",11,1,"self","higher_own_payoff","higher_own_payoff",1,0
"study2_218","study2",12,1,"self","higher_own_payoff","lower_own_payoff",1,0
"study2_218","study2",13,1,"self","lower_own_payoff","lower_own_payoff",1,0
"study2_218","study2",14,1,"self","higher_own_payoff","higher_own_payoff",1,0
"study2_218","study2",15,1,"self","higher_own_payoff","higher_own_payoff",1,0
"study2_218","study2",16,1,"self","higher_own_payoff","higher_own_payoff",1,0
"study2_218","study2",17,1,"self","higher_own_payoff","higher_own_payoff",1,0
"study2_218","study2",18,1,"self","higher_own_payoff","higher_own_payoff",1,0
"study2_218","study2",19,1,"self","higher_own_payoff","higher_own_payoff",1,0
"study2_218","study2",20,1,"self","higher_own_payoff","higher_own_payoff",1,0
"study2_218","study2",21,1,"self","higher_own_payoff","higher_own_payoff",1,0
"study2_218","study2",22,1,"self","higher_own_payoff","higher_own_payoff",1,0
"study2_218","study2",23,1,"self","higher_own_payoff","higher_own_payoff",1,0
"study2_218","study2",24,1,"self","higher_own_payoff","higher_own_payoff",1,0
"study2_219","study2",1,1,"self","higher_own_payoff","higher_own_payoff",1,0
"study2_219","study2",2,1,"self","higher_own_payoff","higher_own_payoff",1,0
"study2_219","study2",3,1,"self","higher_own_payoff","higher_own_payoff",1,0
"study2_219","study2",4,1,"self","higher_own_payoff","higher_own_payoff",1,0
"study2_219","study2",5,1,"self","higher_own_payoff","lower_own_payoff",1,0
"study2_219","study2",6,1,"self","higher_own_payoff","higher_own_payoff",1,0
"study2_219","study2",7,1,"self","higher_own_payoff","higher_own_payoff",1,0
"study2_219","study2",8,1,"self","higher_own_payoff","higher_own_payoff",1,0
"study2_219","study2",9,1,"self","higher_own_payoff","higher_own_payoff",1,0
"study2_219","study2",10,1,"self","higher_own_payoff","higher_own_payoff",1,0
"study2_219","study2",11,1,"other","lower_own_payoff","higher_own_payoff",1,0
"study2_219","study2",12,1,"self","higher_own_payoff","higher_own_payoff",1,0
"study2_219","study2",13,1,"self","higher_own_payoff","higher_own_payoff",1,0
"study2_219","study2",14,1,"self","higher_own_payoff","higher_own_payoff",1,0
"study2_219","study2",15,1,"self","higher_own_payoff","higher_own_payoff",1,0
"study2_219","study2",16,1,"self","higher_own_payoff","higher_own_payoff",1,0
"study2_219","study2",17,1,"self","higher_own_payoff","higher_own_payoff",1,0
"study2_219","study2",18,1,"self","higher_own_payoff","higher_own_payoff",1,0
"study2_219","study2",19,1,"self","higher_own_payoff","higher_own_payoff",1,0
"study2_219","study2",20,1,"self","higher_own_payoff","higher_own_payoff",1,0
"study2_219","study2",21,1,"self","higher_own_payoff","higher_own_payoff",1,0
"study2_219","study2",22,1,"self","higher_own_payoff","higher_own_payoff",1,0
"study2_219","study2",23,1,"self","higher_own_payoff","higher_own_payoff",1,0
"study2_219","study2",24,1,"self","higher_own_payoff","higher_own_payoff",1,0
"study2_220","study2",1,1,"self","lower_own_payoff","lower_own_payoff",1,0
"study2_220","study2",2,1,"self","lower_own_payoff","lower_own_payoff",1,0
"study2_220","study2",3,1,"self","lower_own_payoff","higher_own_payoff",1,0
"study2_220","study2",4,1,"self","higher_own_payoff","higher_own_payoff",1,0
"study2_220","study2",5,1,"self","higher_own_payoff","higher_own_payoff",1,0
"study2_220","study2",6,1,"self","higher_own_payoff","higher_own_payoff",1,0
"study2_220","study2",7,1,"self","lower_own_payoff","lower_own_payoff",1,0
"study2_220","study2",8,1,"self","higher_own_payoff","higher_own_payoff",1,0
"study2_220","study2",9,1,"self","higher_own_payoff","higher_own_payoff",1,0
"study2_220","study2",10,1,"self","lower_own_payoff","higher_own_payoff",1,0
"study2_220","study2",11,1,"self","lower_own_payoff","lower_own_payoff",1,0
"study2_220","study2",12,1,"self","lower_own_payoff","lower_own_payoff",1,0
"study2_220","study2",13,1,"self","higher_own_payoff","lower_own_payoff",1,0
"study2_220","study2",14,1,"self","higher_own_payoff","higher_own_payoff",1,0
"study2_220","study2",15,1,"self","higher_own_payoff","lower_own_payoff",1,0
"study2_220","study2",16,1,"self","lower_own_payoff","lower_own_payoff",1,0
"study2_220","study2",17,1,"self","lower_own_payoff","lower_own_payoff",1,0
"study2_220","study2",18,1,"other","higher_own_payoff","higher_own_payoff",1,0
"study2_220","study2",19,1,"other","lower_own_payoff","lower_own_payoff",1,0
"study2_220","study2",20,1,"self","higher_own_payoff","higher_own_payoff",1,0
"study2_220","study2",21,1,"self","higher_own_payoff","higher_own_payoff",1,0
"study2_220","study2",22,1,"self","lower_own_payoff","higher_own_payoff",1,0
"study2_220","study2",23,1,"self","higher_own_payoff","higher_own_payoff",1,0
"study2_220","study2",24,1,"self","higher_own_payoff","higher_own_payoff",1,0
"study2_221","study2",1,1,"self","higher_own_payoff","higher_own_payoff",1,0
"study2_221","study2",2,1,"self","higher_own_payoff","higher_own_payoff",2,10
"study2_221","study2",3,1,"self","lower_own_payoff","higher_own_payoff",1,0
"study2_221","study2",4,1,"self","higher_own_payoff","higher_own_payoff",1,0
"study2_221","study2",5,1,"self","higher_own_payoff","higher_own_payoff",1,0
"study2_221","study2",6,1,"self","higher_own_payoff","higher_own_payoff",1,0
"study2_221","study2",7,1,"self","higher_own_payoff","higher_own_payoff",1,0
"study2_221","study2",8,1,"self","lower_own_payoff","lower_own_payoff",1,0
"study2_221","study2",9,1,"self","higher_own_payoff","higher_own_payoff",1,0
"study2_221","study2",10,1,"self","higher_own_payoff","higher_own_payoff",1,0
"study2_221","study2",11,1,"self","higher_own_payoff","higher_own_payoff",1,0
"study2_221","study2",12,1,"self","higher_own_payoff","higher_own_payoff",1,0
"study2_221","study2",13,1,"self","lower_own_payoff","higher_own_payoff",1,0
"study2_221","study2",14,1,"self","higher_own_payoff","higher_own_payoff",1,0
"study2_221","study2",15,1,"self","higher_own_payoff","higher_own_payoff",1,0
"study2_221","study2",16,1,"self","higher_own_payoff","higher_own_payoff",1,0
"study2_221","study2",17,1,"self","higher_own_payoff","lower_own_payoff",1,0
"study2_221","study2",18,1,"self","higher_own_payoff","higher_own_payoff",1,0
"study2_221","study2",19,1,"self","higher_own_payoff","higher_own_payoff",1,0
"study2_221","study2",20,1,"self","higher_own_payoff","higher_own_payoff",1,0
"study2_221","study2",21,1,"self","lower_own_payoff","higher_own_payoff",1,0
"study2_221","study2",22,1,"self","lower_own_payoff","lower_own_payoff",1,0
"study2_221","study2",23,1,"self","higher_own_payoff","higher_own_payoff",1,0
"study2_221","study2",24,1,"self","higher_own_payoff","higher_own_payoff",1,0
"study2_223","study2",1,1,"self","higher_own_payoff","higher_own_payoff",1,0
"study2_223","study2",2,1,"self","higher_own_payoff","higher_own_payoff",1,0
"study2_223","study2",3,1,"self","higher_own_payoff","higher_own_payoff",1,0
"study2_223","study2",4,1,"self","lower_own_payoff","lower_own_payoff",1,0
"study2_223","study2",5,1,"self","higher_own_payoff","higher_own_payoff",1,0
"study2_223","study2",6,1,"self","higher_own_payoff","higher_own_payoff",1,0
"study2_223","study2",7,1,"self","lower_own_payoff","lower_own_payoff",1,0
"study2_223","study2",8,1,"self","higher_own_payoff","higher_own_payoff",1,0
"study2_223","study2",9,1,"self","lower_own_payoff","lower_own_payoff",1,0
"study2_223","study2",10,1,"self","lower_own_payoff","higher_own_payoff",1,0
"study2_223","study2",11,1,"self","higher_own_payoff","higher_own_payoff",1,0
"study2_223","study2",12,1,"self","higher_own_payoff","higher_own_payoff",1,0
"study2_223","study2",13,1,"self","lower_own_payoff","lower_own_payoff",1,0
"study2_223","study2",14,1,"self","lower_own_payoff","lower_own_payoff",1,0
"study2_223","study2",15,1,"self","lower_own_payoff","lower_own_payoff",1,0
"study2_223","study2",16,1,"self","higher_own_payoff","higher_own_payoff",1,0
"study2_223","study2",17,1,"self","higher_own_payoff","lower_own_payoff",1,0
"study2_223","study2",18,1,"self","higher_own_payoff","higher_own_payoff",1,0
"study2_223","study2",19,1,"self","higher_own_payoff","higher_own_payoff",1,0
"study2_223","study2",20,1,"self","higher_own_payoff","higher_own_payoff",1,0
"study2_223","study2",21,1,"self","lower_own_payoff","higher_own_payoff",1,0
"study2_223","study2",22,1,"self","lower_own_payoff","lower_own_payoff",1,0
"study2_223","study2",23,1,"self","higher_own_payoff","higher_own_payoff",1,0
"study2_223","study2",24,1,"self","lower_own_payoff","higher_own_payoff",1,0
"study2_224","study2",1,1,"other","higher_own_payoff","lower_own_payoff",1,0
"study2_224","study2",2,1,"self","lower_own_payoff","higher_own_payoff",1,0
"study2_224","study2",3,1,"other","higher_own_payoff","higher_own_payoff",1,0
"study2_224","study2",4,1,"other","higher_own_payoff","higher_own_payoff",1,0
"study2_224","study2",5,1,"self","lower_own_payoff","higher_own_payoff",1,0
"study2_224","study2",6,1,"self","lower_own_payoff","lower_own_payoff",1,0
"study2_224","study2",7,1,"other","higher_own_payoff","higher_own_payoff",1,0
"study2_224","study2",8,1,"other","higher_own_payoff","higher_own_payoff",1,0
"study2_224","study2",9,1,"self","lower_own_payoff","lower_own_payoff",1,0
"study2_224","study2",10,1,"other","higher_own_payoff","higher_own_payoff",1,0
"study2_224","study2",11,1,"other","higher_own_payoff","higher_own_payoff",1,0
"study2_224","study2",12,1,"self","lower_own_payoff","lower_own_payoff",1,0
"study2_224","study2",13,1,"self","lower_own_payoff","higher_own_payoff",1,0
"study2_224","study2",14,1,"other","higher_own_payoff","higher_own_payoff",1,0
"study2_224","study2",15,1,"self","higher_own_payoff","higher_own_payoff",1,0
"study2_224","study2",16,1,"self","lower_own_payoff","lower_own_payoff",1,0
"study2_224","study2",17,1,"self","lower_own_payoff","lower_own_payoff",1,0
"study2_224","study2",18,1,"other","higher_own_payoff","higher_own_payoff",1,0
"study2_224","study2",19,1,"self","lower_own_payoff","lower_own_payoff",1,0
"study2_224","study2",20,1,"other","higher_own_payoff","higher_own_payoff",1,0
"study2_224","study2",21,1,"other","higher_own_payoff","higher_own_payoff",1,0
"study2_224","study2",22,1,"self","lower_own_payoff","higher_own_payoff",1,0
"study2_224","study2",23,1,"self","lower_own_payoff","lower_own_payoff",1,0
"study2_224","study2",24,1,"self","lower_own_payoff","lower_own_payoff",1,0
"study2_228","study2",1,1,"self","lower_own_payoff","lower_own_payoff",1,0
"study2_228","study2",2,1,"self","higher_own_payoff","lower_own_payoff",1,0
"study2_228","study2",3,1,"self","lower_own_payoff","lower_own_payoff",1,0
"study2_228","study2",4,1,"self","higher_own_payoff","higher_own_payoff",1,0
"study2_228","study2",5,1,"self","higher_own_payoff","higher_own_payoff",1,0
"study2_228","study2",6,1,"self","lower_own_payoff","higher_own_payoff",1,0
"study2_228","study2",7,1,"self","lower_own_payoff","higher_own_payoff",1,0
"study2_228","study2",8,1,"self","higher_own_payoff","higher_own_payoff",1,0
"study2_228","study2",9,1,"self","higher_own_payoff","higher_own_payoff",1,0
"study2_228","study2",10,1,"self","higher_own_payoff","lower_own_payoff",1,0
"study2_228","study2",11,1,"self","lower_own_payoff","higher_own_payoff",1,0
"study2_228","study2",12,1,"self","higher_own_payoff","higher_own_payoff",1,0
"study2_228","study2",13,1,"self","higher_own_payoff","higher_own_payoff",1,0
"study2_228","study2",14,1,"self","higher_own_payoff","higher_own_payoff",1,0
"study2_228","study2",15,1,"self","higher_own_payoff","higher_own_payoff",1,0
"study2_228","study2",16,1,"self","higher_own_payoff","higher_own_payoff",1,0
"study2_228","study2",17,1,"self","higher_own_payoff","higher_own_payoff",1,0
"study2_228","study2",18,1,"self","higher_own_payoff","lower_own_payoff",1,0
"study2_228","study2",19,1,"self","higher_own_payoff","higher_own_payoff",1,0
"study2_228","study2",20,1,"self","higher_own_payoff","higher_own_payoff",1,0
"study2_228","study2",21,1,"self","higher_own_payoff","higher_own_payoff",1,0
"study2_228","study2",22,1,"other","higher_own_payoff","higher_own_payoff",1,0
"study2_228","study2",23,1,"self","higher_own_payoff","higher_own_payoff",1,0
"study2_228","study2",24,1,"self","higher_own_payoff","higher_own_payoff",2,10
"study2_229","study2",1,1,"self","higher_own_payoff","higher_own_payoff",4,30
"study2_229","study2",2,1,"self","lower_own_payoff","higher_own_payoff",3,20
"study2_229","study2",3,1,"self","lower_own_payoff","lower_own_payoff",3,20
"study2_229","study2",4,1,"self","lower_own_payoff","lower_own_payoff",4,30
"study2_229","study2",5,1,"self","higher_own_payoff","higher_own_payoff",4,30
"study2_229","study2",6,1,"self","lower_own_payoff","lower_own_payoff",4,30
"study2_229","study2",7,1,"self","lower_own_payoff","higher_own_payoff",4,30
"study2_229","study2",8,1,"self","higher_own_payoff","higher_own_payoff",3,20
"study2_229","study2",9,1,"self","higher_own_payoff","higher_own_payoff",4,30
"study2_229","study2",10,1,"self","higher_own_payoff","lower_own_payoff",4,30
"study2_229","study2",11,1,"self","higher_own_payoff","higher_own_payoff",4,30
"study2_229","study2",12,1,"self","higher_own_payoff","higher_own_payoff",4,30
"study2_229","study2",13,1,"self","lower_own_payoff","lower_own_payoff",4,30
"study2_229","study2",14,1,"self","lower_own_payoff","higher_own_payoff",4,30
"study2_229","study2",15,1,"self","lower_own_payoff","higher_own_payoff",3,20
"study2_229","study2",16,1,"self","lower_own_payoff","lower_own_payoff",4,30
"study2_229","study2",17,1,"self","lower_own_payoff","higher_own_payoff",2,10
"study2_229","study2",18,1,"self","higher_own_payoff","higher_own_payoff",4,30
"study2_229","study2",19,1,"self","lower_own_payoff","lower_own_payoff",4,30
"study2_229","study2",20,1,"self","higher_own_payoff","lower_own_payoff",3,20
"study2_229","study2",21,1,"self","higher_own_payoff","higher_own_payoff",4,30
"study2_229","study2",22,1,"self","lower_own_payoff","lower_own_payoff",4,30
"study2_229","study2",23,1,"self","higher_own_payoff","lower_own_payoff",4,30
"study2_229","study2",24,1,"self","higher_own_payoff","lower_own_payoff",4,30
"study2_230","study2",1,1,"self","lower_own_payoff","higher_own_payoff",2,10
"study2_230","study2",2,1,"self","higher_own_payoff","higher_own_payoff",1,0
"study2_230","study2",3,1,"self","lower_own_payoff","higher_own_payoff",2,10
"study2_230","study2",4,1,"self","higher_own_payoff","higher_own_payoff",1,0
"study2_230","study2",5,1,"self","higher_own_payoff","higher_own_payoff",1,0
"study2_230","study2",6,1,"self","higher_own_payoff","higher_own_payoff",2,10
"study2_230","study2",7,1,"self","higher_own_payoff","higher_own_payoff",1,0
"study2_230","study2",8,1,"self","higher_own_payoff","higher_own_payoff",1,0
"study2_230","study2",9,1,"self","higher_own_payoff","higher_own_payoff",1,0
"study2_230","study2",10,1,"self","higher_own_payoff","higher_own_payoff",1,0
"study2_230","study2",11,1,"self","higher_own_payoff","higher_own_payoff",1,0
"study2_230","study2",12,1,"self","higher_own_payoff","lower_own_payoff",2,10
"study2_230","study2",13,1,"self","higher_own_payoff","higher_own_payoff",1,0
"study2_230","study2",14,1,"self","higher_own_payoff","higher_own_payoff",1,0
"study2_230","study2",15,1,"self","higher_own_payoff","higher_own_payoff",1,0
"study2_230","study2",16,1,"self","higher_own_payoff","lower_own_payoff",2,10
"study2_230","study2",17,1,"self","higher_own_payoff","higher_own_payoff",1,0
"study2_230","study2",18,1,"self","higher_own_payoff","higher_own_payoff",1,0
"study2_230","study2",19,1,"self","higher_own_payoff","higher_own_payoff",1,0
"study2_230","study2",20,1,"self","higher_own_payoff","higher_own_payoff",1,0
"study2_230","study2",21,1,"self","higher_own_payoff","higher_own_payoff",1,0
"study2_230","study2",22,1,"self","higher_own_payoff","higher_own_payoff",1,0
"study2_230","study2",23,1,"self","higher_own_payoff","higher_own_payoff",1,0
"study2_230","study2",24,1,"self","higher_own_payoff","higher_own_payoff",1,0
"study2_231","study2",1,1,"self","higher_own_payoff","higher_own_payoff",1,0
"study2_231","study2",2,1,"other","lower_own_payoff","lower_own_payoff",1,0
"study2_231","study2",3,1,"self","higher_own_payoff","higher_own_payoff",1,0
"study2_231","study2",4,1,"self","higher_own_payoff","higher_own_payoff",2,10
"study2_231","study2",5,1,"other","lower_own_payoff","lower_own_payoff",1,0
"study2_231","study2",6,1,"self","higher_own_payoff","lower_own_payoff",2,10
"study2_231","study2",7,1,"self","higher_own_payoff","higher_own_payoff",1,0
"study2_231","study2",8,1,"self","higher_own_payoff","higher_own_payoff",1,0
"study2_231","study2",9,1,"self","higher_own_payoff","higher_own_payoff",2,10
"study2_231","study2",10,1,"self","higher_own_payoff","higher_own_payoff",1,0
"study2_231","study2",11,1,"other","lower_own_payoff","lower_own_payoff",2,10
"study2_231","study2",12,1,"self","higher_own_payoff","higher_own_payoff",1,0
"study2_231","study2",13,1,"self","higher_own_payoff","higher_own_payoff",1,0
"study2_231","study2",14,1,"self","higher_own_payoff","higher_own_payoff",1,0
"study2_231","study2",15,1,"self","higher_own_payoff","higher_own_payoff",1,0
"study2_231","study2",16,1,"self","higher_own_payoff","higher_own_payoff",1,0
"study2_231","study2",17,1,"self","higher_own_payoff","higher_own_payoff",1,0
"study2_231","study2",18,1,"self","higher_own_payoff","higher_own_payoff",1,0
"study2_231","study2",19,1,"other","higher_own_payoff","higher_own_payoff",3,20
"study2_231","study2",20,1,"self","higher_own_payoff","higher_own_payoff",1,0
"study2_231","study2",21,1,"self","higher_own_payoff","higher_own_payoff",1,0
"study2_231","study2",22,1,"self","higher_own_payoff","higher_own_payoff",2,10
"study2_231","study2",23,1,"other","lower_own_payoff","higher_own_payoff",2,10
"study2_231","study2",24,1,"self","higher_own_payoff","higher_own_payoff",1,0
"study2_232","study2",1,1,"self","higher_own_payoff","higher_own_payoff",1,0
"study2_232","study2",2,1,"self","higher_own_payoff","higher_own_payoff",1,0
"study2_232","study2",3,1,"self","higher_own_payoff","higher_own_payoff",1,0
"study2_232","study2",4,1,"self","lower_own_payoff","lower_own_payoff",1,0
"study2_232","study2",5,1,"self","lower_own_payoff","higher_own_payoff",1,0
"study2_232","study2",6,1,"self","higher_own_payoff","higher_own_payoff",1,0
"study2_232","study2",7,1,"self","higher_own_payoff","lower_own_payoff",2,10
"study2_232","study2",8,1,"self","lower_own_payoff","higher_own_payoff",2,10
"study2_232","study2",9,1,"self","higher_own_payoff","lower_own_payoff",2,10
"study2_232","study2",10,1,"self","higher_own_payoff","lower_own_payoff",2,10
"study2_232","study2",11,1,"self","lower_own_payoff","lower_own_payoff",1,0
"study2_232","study2",12,1,"self","lower_own_payoff","higher_own_payoff",1,0
"study2_232","study2",13,1,"self","lower_own_payoff","lower_own_payoff",1,0
"study2_232","study2",14,1,"self","higher_own_payoff","higher_own_payoff",1,0
"study2_232","study2",15,1,"self","lower_own_payoff","higher_own_payoff",2,10
"study2_232","study2",16,1,"self","higher_own_payoff","lower_own_payoff",1,0
"study2_232","study2",17,1,"self","lower_own_payoff","higher_own_payoff",2,10
"study2_232","study2",18,1,"self","lower_own_payoff","higher_own_payoff",2,10
"study2_232","study2",19,1,"self","higher_own_payoff","lower_own_payoff",2,10
"study2_232","study2",20,1,"self","lower_own_payoff","higher_own_payoff",2,10
"study2_232","study2",21,1,"self","lower_own_payoff","higher_own_payoff",2,10
"study2_232","study2",22,1,"self","lower_own_payoff","lower_own_payoff",1,0
"study2_232","study2",23,1,"self","higher_own_payoff","lower_own_payoff",1,0
"study2_232","study2",24,1,"self","lower_own_payoff","higher_own_payoff",1,0
"study2_234","study2",1,1,"self","higher_own_payoff","lower_own_payoff",4,30
"study2_234","study2",2,1,"self","higher_own_payoff","lower_own_payoff",3,20
"study2_234","study2",3,1,"self","lower_own_payoff","higher_own_payoff",3,20
"study2_234","study2",4,1,"self","higher_own_payoff","higher_own_payoff",3,20
"study2_234","study2",5,1,"self","higher_own_payoff","higher_own_payoff",3,20
"study2_234","study2",6,1,"self","lower_own_payoff","higher_own_payoff",2,10
"study2_234","study2",7,1,"self","lower_own_payoff","lower_own_payoff",4,30
"study2_234","study2",8,1,"self","lower_own_payoff","higher_own_payoff",2,10
"study2_234","study2",9,1,"self","lower_own_payoff","lower_own_payoff",4,30
"study2_234","study2",10,1,"self","lower_own_payoff","lower_own_payoff",3,20
"study2_234","study2",11,1,"self","lower_own_payoff","higher_own_payoff",2,10
"study2_234","study2",12,1,"self","lower_own_payoff","lower_own_payoff",3,20
"study2_234","study2",13,1,"self","lower_own_payoff","higher_own_payoff",2,10
"study2_234","study2",14,1,"self","lower_own_payoff","higher_own_payoff",2,10
"study2_234","study2",15,1,"self","lower_own_payoff","higher_own_payoff",2,10
"study2_234","study2",16,1,"self","lower_own_payoff","higher_own_payoff",2,10
"study2_234","study2",17,1,"self","lower_own_payoff","higher_own_payoff",2,10
"study2_234","study2",18,1,"self","lower_own_payoff","higher_own_payoff",2,10
"study2_234","study2",19,1,"self","lower_own_payoff","lower_own_payoff",3,20
"study2_234","study2",20,1,"self","lower_own_payoff","higher_own_payoff",2,10
"study2_234","study2",21,1,"self","lower_own_payoff","lower_own_payoff",3,20
"study2_234","study2",22,1,"self","lower_own_payoff","higher_own_payoff",2,10
"study2_234","study2",23,1,"self","lower_own_payoff","higher_own_payoff",2,10
"study2_234","study2",24,1,"self","lower_own_payoff","lower_own_payoff",3,20
"study2_235","study2",1,1,"self","higher_own_payoff","higher_own_payoff",4,30
"study2_235","study2",2,1,"self","higher_own_payoff","lower_own_payoff",4,30
"study2_235","study2",3,1,"self","higher_own_payoff","higher_own_payoff",1,0
"study2_235","study2",4,1,"self","higher_own_payoff","higher_own_payoff",1,0
"study2_235","study2",5,1,"self","higher_own_payoff","higher_own_payoff",1,0
"study2_235","study2",6,1,"self","higher_own_payoff","lower_own_payoff",4,30
"study2_235","study2",7,1,"self","higher_own_payoff","higher_own_payoff",3,20
"study2_235","study2",8,1,"self","higher_own_payoff","lower_own_payoff",4,30
"study2_235","study2",9,1,"self","higher_own_payoff","lower_own_payoff",4,30
"study2_235","study2",10,1,"self","higher_own_payoff","higher_own_payoff",1,0
"study2_235","study2",11,1,"self","higher_own_payoff","higher_own_payoff",4,30
"study2_235","study2",12,1,"self","higher_own_payoff","higher_own_payoff",1,0
"study2_235","study2",13,1,"self","higher_own_payoff","higher_own_payoff",1,0
"study2_235","study2",14,1,"self","higher_own_payoff","higher_own_payoff",2,10
"study2_235","study2",15,1,"self","higher_own_payoff","lower_own_payoff",4,30
"study2_235","study2",16,1,"self","higher_own_payoff","lower_own_payoff",4,30
"study2_235","study2",17,1,"self","higher_own_payoff","lower_own_payoff",4,30
"study2_235","study2",18,1,"self","higher_own_payoff","higher_own_payoff",4,30
"study2_235","study2",19,1,"self","higher_own_payoff","lower_own_payoff",4,30
"study2_235","study2",20,1,"self","higher_own_payoff","lower_own_payoff",4,30
"study2_235","study2",21,1,"self","higher_own_payoff","higher_own_payoff",4,30
"study2_235","study2",22,1,"self","higher_own_payoff","higher_own_payoff",4,30
"study2_235","study2",23,1,"self","higher_own_payoff","higher_own_payoff",2,10
"study2_235","study2",24,1,"self","higher_own_payoff","lower_own_payoff",4,30
"study2_236","study2",1,1,"self","higher_own_payoff","higher_own_payoff",2,10
"study2_236","study2",2,1,"self","higher_own_payoff","higher_own_payoff",1,0
"study2_236","study2",3,1,"self","higher_own_payoff","higher_own_payoff",1,0
"study2_236","study2",4,1,"self","higher_own_payoff","lower_own_payoff",2,10
"study2_236","study2",5,1,"self","higher_own_payoff","higher_own_payoff",1,0
"study2_236","study2",6,1,"self","higher_own_payoff","higher_own_payoff",3,20
"study2_236","study2",7,1,"self","lower_own_payoff","higher_own_payoff",1,0
"study2_236","study2",8,1,"self","higher_own_payoff","higher_own_payoff",1,0
"study2_236","study2",9,1,"self","higher_own_payoff","higher_own_payoff",2,10
"study2_236","study2",10,1,"self","higher_own_payoff","lower_own_payoff",1,0
"study2_236","study2",11,1,"self","higher_own_payoff","lower_own_payoff",2,10
"study2_236","study2",12,1,"self","higher_own_payoff","lower_own_payoff",2,10
"study2_236","study2",13,1,"self","lower_own_payoff","higher_own_payoff",1,0
"study2_236","study2",14,1,"self","lower_own_payoff","higher_own_payoff",1,0
"study2_236","study2",15,1,"self","higher_own_payoff","higher_own_payoff",2,10
"study2_236","study2",16,1,"self","lower_own_payoff","higher_own_payoff",1,0
"study2_236","study2",17,1,"self","higher_own_payoff","higher_own_payoff",1,0
"study2_236","study2",18,1,"self","higher_own_payoff","higher_own_payoff",1,0
"study2_236","study2",19,1,"self","lower_own_payoff","higher_own_payoff",2,10
"study2_236","study2",20,1,"self","higher_own_payoff","lower_own_payoff",2,10
"study2_236","study2",21,1,"self","lower_own_payoff","lower_own_payoff",2,10
"study2_236","study2",22,1,"self","higher_own_payoff","lower_own_payoff",2,10
"study2_236","study2",23,1,"self","higher_own_payoff","higher_own_payoff",2,10
"study2_236","study2",24,1,"self","lower_own_payoff","lower_own_payoff",2,10
"study2_237","study2",1,1,"self","lower_own_payoff","higher_own_payoff",1,0
"study2_237","study2",2,1,"self","lower_own_payoff","lower_own_payoff",2,10
"study2_237","study2",3,1,"self","higher_own_payoff","higher_own_payoff",2,10
"study2_237","study2",4,1,"self","lower_own_payoff","lower_own_payoff",2,10
"study2_237","study2",5,1,"self","higher_own_payoff","higher_own_payoff",2,10
"study2_237","study2",6,1,"self","higher_own_payoff","lower_own_payoff",2,10
"study2_237","study2",7,1,"self","higher_own_payoff","higher_own_payoff",2,10
"study2_237","study2",8,1,"self","lower_own_payoff","higher_own_payoff",2,10
"study2_237","study2",9,1,"self","higher_own_payoff","higher_own_payoff",2,10
"study2_237","study2",10,1,"self","higher_own_payoff","higher_own_payoff",2,10
"study2_237","study2",11,1,"self","lower_own_payoff","higher_own_payoff",2,10
"study2_237","study2",12,1,"self","higher_own_payoff","higher_own_payoff",2,10
"study2_237","study2",13,1,"self","higher_own_payoff","lower_own_payoff",2,10
"study2_237","study2",14,1,"self","higher_own_payoff","higher_own_payoff",2,10
"study2_237","study2",15,1,"self","lower_own_payoff","higher_own_payoff",4,30
"study2_237","study2",16,1,"self","lower_own_payoff","lower_own_payoff",2,10
"study2_237","study2",17,1,"self","lower_own_payoff","lower_own_payoff",3,20
"study2_237","study2",18,1,"self","lower_own_payoff","higher_own_payoff",2,10
"study2_237","study2",19,1,"self","higher_own_payoff","lower_own_payoff",2,10
"study2_237","study2",20,1,"self","higher_own_payoff","lower_own_payoff",2,10
"study2_237","study2",21,1,"self","lower_own_payoff","higher_own_payoff",2,10
"study2_237","study2",22,1,"self","lower_own_payoff","higher_own_payoff",2,10
"study2_237","study2",23,1,"self","lower_own_payoff","lower_own_payoff",2,10
"study2_237","study2",24,1,"self","higher_own_payoff","higher_own_payoff",2,10
"study2_238","study2",1,1,"self","lower_own_payoff","lower_own_payoff",1,0
"study2_238","study2",2,1,"self","higher_own_payoff","higher_own_payoff",1,0
"study2_238","study2",3,1,"self","lower_own_payoff","lower_own_payoff",1,0
"study2_238","study2",4,1,"self","lower_own_payoff","lower_own_payoff",1,0
"study2_238","study2",5,1,"self","higher_own_payoff","higher_own_payoff",1,0
"study2_238","study2",6,1,"self","higher_own_payoff","higher_own_payoff",1,0
"study2_238","study2",7,1,"self","lower_own_payoff","higher_own_payoff",1,0
"study2_238","study2",8,1,"self","lower_own_payoff","higher_own_payoff",2,10
"study2_238","study2",9,1,"self","lower_own_payoff","lower_own_payoff",2,10
"study2_238","study2",10,1,"self","higher_own_payoff","higher_own_payoff",1,0
"study2_238","study2",11,1,"self","higher_own_payoff","higher_own_payoff",1,0
"study2_238","study2",12,1,"self","higher_own_payoff","lower_own_payoff",2,10
"study2_238","study2",13,1,"self","lower_own_payoff","higher_own_payoff",2,10
"study2_238","study2",14,1,"self","higher_own_payoff","higher_own_payoff",1,0
"study2_238","study2",15,1,"self","higher_own_payoff","higher_own_payoff",2,10
"study2_238","study2",16,1,"self","higher_own_payoff","higher_own_payoff",1,0
"study2_238","study2",17,1,"self","higher_own_payoff","higher_own_payoff",2,10
"study2_238","study2",18,1,"self","higher_own_payoff","higher_own_payoff",1,0
"study2_238","study2",19,1,"self","lower_own_payoff","lower_own_payoff",2,10
"study2_238","study2",20,1,"self","higher_own_payoff","higher_own_payoff",2,10
"study2_238","study2",21,1,"self","higher_own_payoff","higher_own_payoff",1,0
"study2_238","study2",22,1,"self","higher_own_payoff","higher_own_payoff",1,0
"study2_238","study2",23,1,"self","higher_own_payoff","higher_own_payoff",1,0
"study2_238","study2",24,1,"self","lower_own_payoff","higher_own_payoff",2,10
"study2_239","study2",1,1,"self","higher_own_payoff","lower_own_payoff",1,0
"study2_239","study2",2,1,"self","higher_own_payoff","higher_own_payoff",1,0
"study2_239","study2",3,1,"self","higher_own_payoff","higher_own_payoff",1,0
"study2_239","study2",4,1,"self","higher_own_payoff","higher_own_payoff",1,0
"study2_239","study2",5,1,"self","higher_own_payoff","higher_own_payoff",1,0
"study2_239","study2",6,1,"self","higher_own_payoff","higher_own_payoff",1,0
"study2_239","study2",7,1,"self","higher_own_payoff","higher_own_payoff",1,0
"study2_239","study2",8,1,"self","higher_own_payoff","higher_own_payoff",1,0
"study2_239","study2",9,1,"self","higher_own_payoff","higher_own_payoff",1,0
"study2_239","study2",10,1,"self","higher_own_payoff","higher_own_payoff",1,0
"study2_239","study2",11,1,"self","higher_own_payoff","lower_own_payoff",2,10
"study2_239","study2",12,1,"self","higher_own_payoff","higher_own_payoff",1,0
"study2_239","study2",13,1,"self","higher_own_payoff","higher_own_payoff",1,0
"study2_239","study2",14,1,"self","higher_own_payoff","lower_own_payoff",2,10
"study2_239","study2",15,1,"self","higher_own_payoff","higher_own_payoff",1,0
"study2_239","study2",16,1,"self","higher_own_payoff","lower_own_payoff",2,10
"study2_239","study2",17,1,"self","higher_own_payoff","higher_own_payoff",1,0
"study2_239","study2",18,1,"self","higher_own_payoff","higher_own_payoff",2,10
"study2_239","study2",19,1,"self","higher_own_payoff","higher_own_payoff",1,0
"study2_239","study2",20,1,"self","higher_own_payoff","lower_own_payoff",2,10
"study2_239","study2",21,1,"self","higher_own_payoff","higher_own_payoff",1,0
"study2_239","study2",22,1,"self","higher_own_payoff","higher_own_payoff",2,10
"study2_239","study2",23,1,"self","higher_own_payoff","lower_own_payoff",2,10
"study2_239","study2",24,1,"self","higher_own_payoff","lower_own_payoff",2,10
"study2_240","study2",1,1,"self","higher_own_payoff","higher_own_payoff",1,0
"study2_240","study2",2,1,"self","higher_own_payoff","higher_own_payoff",1,0
"study2_240","study2",3,1,"self","higher_own_payoff","higher_own_payoff",2,10
"study2_240","study2",4,1,"self","higher_own_payoff","higher_own_payoff",1,0
"study2_240","study2",5,1,"self","higher_own_payoff","higher_own_payoff",1,0
"study2_240","study2",6,1,"self","higher_own_payoff","higher_own_payoff",1,0
"study2_240","study2",7,1,"self","higher_own_payoff","higher_own_payoff",1,0
"study2_240","study2",8,1,"self","higher_own_payoff","higher_own_payoff",1,0
"study2_240","study2",9,1,"self","higher_own_payoff","higher_own_payoff",1,0
"study2_240","study2",10,1,"self","higher_own_payoff","higher_own_payoff",1,0
"study2_240","study2",11,1,"self","higher_own_payoff","lower_own_payoff",2,10
"study2_240","study2",12,1,"self","higher_own_payoff","lower_own_payoff",2,10
"study2_240","study2",13,1,"self","higher_own_payoff","higher_own_payoff",2,10
"study2_240","study2",14,1,"self","higher_own_payoff","higher_own_payoff",1,0
"study2_240","study2",15,1,"self","higher_own_payoff","higher_own_payoff",2,10
"study2_240","study2",16,1,"self","higher_own_payoff","higher_own_payoff",1,0
"study2_240","study2",17,1,"self","higher_own_payoff","lower_own_payoff",2,10
"study2_240","study2",18,1,"self","higher_own_payoff","higher_own_payoff",1,0
"study2_240","study2",19,1,"self","higher_own_payoff","higher_own_payoff",1,0
"study2_240","study2",20,1,"self","higher_own_payoff","lower_own_payoff",2,10
"study2_240","study2",21,1,"self","higher_own_payoff","higher_own_payoff",1,0
"study2_240","study2",22,1,"self","higher_own_payoff","higher_own_payoff",1,0
"study2_240","study2",23,1,"self","higher_own_payoff","lower_own_payoff",2,10
"study2_240","study2",24,1,"self","higher_own_payoff","higher_own_payoff",1,0
"study2_241","study2",1,1,"self","higher_own_payoff","higher_own_payoff",8,70
"study2_241","study2",2,1,"self","higher_own_payoff","higher_own_payoff",8,70
"study2_241","study2",3,1,"self","lower_own_payoff","higher_own_payoff",4,30
"study2_241","study2",4,1,"other","lower_own_payoff","higher_own_payoff",4,30
"study2_241","study2",5,1,"other","lower_own_payoff","higher_own_payoff",3,20
"study2_241","study2",6,1,"self","lower_own_payoff","higher_own_payoff",4,30
"study2_241","study2",7,1,"self","lower_own_payoff","lower_own_payoff",8,70
"study2_241","study2",8,1,"self","lower_own_payoff","lower_own_payoff",7,60
"study2_241","study2",9,1,"self","lower_own_payoff","higher_own_payoff",8,70
"study2_241","study2",10,1,"self","higher_own_payoff","higher_own_payoff",8,70
"study2_241","study2",11,1,"self","higher_own_payoff","lower_own_payoff",8,70
"study2_241","study2",12,1,"self","lower_own_payoff","higher_own_payoff",8,70
"study2_241","study2",13,1,"self","higher_own_payoff","lower_own_payoff",2,10
"study2_241","study2",14,1,"self","higher_own_payoff","higher_own_payoff",8,70
"study2_241","study2",15,1,"self","higher_own_payoff","lower_own_payoff",6,50
"study2_241","study2",16,1,"self","higher_own_payoff","higher_own_payoff",5,40
"study2_241","study2",17,1,"self","higher_own_payoff","higher_own_payoff",1,0
"study2_241","study2",18,1,"self","lower_own_payoff","higher_own_payoff",1,0
"study2_241","study2",19,1,"self","higher_own_payoff","higher_own_payoff",1,0
"study2_241","study2",20,1,"self","lower_own_payoff","lower_own_payoff",1,0
"study2_241","study2",21,1,"self","higher_own_payoff","lower_own_payoff",1,0
"study2_241","study2",22,1,"self","lower_own_payoff","lower_own_payoff",1,0
"study2_241","study2",23,1,"self","lower_own_payoff","lower_own_payoff",1,0
"study2_241","study2",24,1,"other","higher_own_payoff","higher_own_payoff",2,10
"study2_242","study2",1,1,"self","higher_own_payoff","higher_own_payoff",1,0
"study2_242","study2",2,1,"self","lower_own_payoff","higher_own_payoff",1,0
"study2_242","study2",3,1,"self","higher_own_payoff","higher_own_payoff",1,0
"study2_242","study2",4,1,"self","lower_own_payoff","higher_own_payoff",1,0
"study2_242","study2",5,1,"self","lower_own_payoff","higher_own_payoff",1,0
"study2_242","study2",6,1,"self","lower_own_payoff","higher_own_payoff",1,0
"study2_242","study2",7,1,"self","lower_own_payoff","higher_own_payoff",1,0
"study2_242","study2",8,1,"self","higher_own_payoff","higher_own_payoff",1,0
"study2_242","study2",9,1,"self","higher_own_payoff","higher_own_payoff",1,0
"study2_242","study2",10,1,"self","lower_own_payoff","lower_own_payoff",1,0
"study2_242","study2",11,1,"self","lower_own_payoff","lower_own_payoff",1,0
"study2_242","study2",12,1,"self","lower_own_payoff","higher_own_payoff",1,0
"study2_242","study2",13,1,"self","higher_own_payoff","higher_own_payoff",1,0
"study2_242","study2",14,1,"self","higher_own_payoff","higher_own_payoff",1,0
"study2_242","study2",15,1,"self","higher_own_payoff","higher_own_payoff",1,0
"study2_242","study2",16,1,"self","higher_own_payoff","higher_own_payoff",1,0
"study2_242","study2",17,1,"self","higher_own_payoff","higher_own_payoff",1,0
"study2_242","study2",18,1,"self","lower_own_payoff","lower_own_payoff",2,10
"study2_242","study2",19,1,"self","higher_own_payoff","higher_own_payoff",2,10
"study2_242","study2",20,1,"self","higher_own_payoff","lower_own_payoff",2,10
"study2_242","study2",21,1,"self","higher_own_payoff","higher_own_payoff",2,10
"study2_242","study2",22,1,"self","lower_own_payoff","lower_own_payoff",1,0
"study2_242","study2",23,1,"self","lower_own_payoff","lower_own_payoff",1,0
"study2_242","study2",24,1,"self","lower_own_payoff","higher_own_payoff",2,10
