"participant_id","trial","study","search_step","search_target","search_option","chose_option","total_reveals_in_trial","search_cost_eur"
"study2_1",1,"study2",1,"self","higher_own_payoff","higher_own_payoff",1,0
"study2_1",2,"study2",1,"self","higher_own_payoff","higher_own_payoff",2,10
"study2_1",2,"study2",2,"self","lower_own_payoff","higher_own_payoff",2,10
"study2_1",3,"study2",1,"self","higher_own_payoff","higher_own_payoff",1,0
"study2_1",4,"study2",1,"self","higher_own_payoff","higher_own_payoff",1,0
"study2_1",5,"study2",1,"self","lower_own_payoff","higher_own_payoff",1,0
"study2_1",6,"study2",1,"self","lower_own_payoff","higher_own_payoff",1,0
"study2_1",7,"study2",1,"self","lower_own_payoff","lower_own_payoff",1,0
"study2_1",8,"study2",1,"self","lower_own_payoff","lower_own_payoff",2,10
"study2_1",8,"study2",2,"self","higher_own_payoff","lower_own_payoff",2,10
"study2_1",9,"study2",1,"self","lower_own_payoff","lower_own_payoff",1,0
"study2_1",10,"study2",1,"self","lower_own_payoff","higher_own_payoff",2,10
"study2_1",10,"study2",2,"self","higher_own_payoff","higher_own_payoff",2,10
"study2_1",11,"study2",1,"self","higher_own_payoff","higher_own_payoff",1,0
"study2_1",12,"study2",1,"self","higher_own_payoff","higher_own_payoff",1,0
"study2_1",13,"study2",1,"self","lower_own_payoff","lower_own_payoff",2,10
"study2_1",13,"study2",2,"self","higher_own_payoff","lower_own_payoff",2,10
"study2_1",14,"study2",1,"self","higher_own_payoff","lower_own_payoff",1,0
"study2_1",15,"study2",1,"self","higher_own_payoff","higher_own_payoff",1,0
"study2_1",16,"study2",1,"self","higher_own_payoff","higher_own_payoff",1,0
"study2_1",17,"study2",1,"self","lower_own_payoff","higher_own_payoff",1,0
"study2_1",18,"study2",1,"self","higher_own_payoff","lower_own_payoff",2,10
"study2_1",18,"study2",2,"self","lower_own_payoff","lower_own_payoff",2,10
"study2_1",19,"study2",1,"self","higher_own_payoff","higher_own_payoff",2,10
"study2_1",19,"study2",2,"self","lower_own_payoff","higher_own_payoff",2,10
"study2_1",20,"study2",1,"self","higher_own_payoff","higher_own_payoff",2,10
"study2_1",20,"study2",2,"self","lower_own_payoff","higher_own_payoff",2,10
"study2_1",21,"study2",1,"self","higher_own_payoff","higher_own_payoff",1,0
"study2_1",22,"study2",1,"self","lower_own_payoff","lower_own_payoff",1,0
"study2_1",23,"study2",1,"self","lower_own_payoff","higher_own_payoff",1,0
"study2_1",24,"study2",1,"self","lower_own_payoff","higher_own_payoff",1,0
"study2_100",1,"study2",1,"self","lower_own_payoff","lower_own_payoff",2,10
"study2_100",1,"study2",2,"self","higher_own_payoff","lower_own_payoff",2,10
"study2_100",2,"study2",1,"self","higher_own_payoff","lower_own_payoff",2,10
"study2_100",2,"study2",2,"self","lower_own_payoff","lower_own_payoff",2,10
"study2_100",3,"study2",1,"self","lower_own_payoff","higher_own_payoff",1,0
"study2_100",4,"study2",1,"self","higher_own_payoff","higher_own_payoff",2,10
"study2_100",4,"study2",2,"self","lower_own_payoff","higher_own_payoff",2,10
"study2_100",5,"study2",1,"self","higher_own_payoff","higher_own_payoff",2,10
"study2_100",5,"study2",2,"self","lower_own_payoff","higher_own_payoff",2,10
"study2_100",6,"study2",1,"self","lower_own_payoff","higher_own_payoff",1,0
"study2_100",7,"study2",1,"self","higher_own_payoff","higher_own_payoff",2,10
"study2_100",7,"study2",2,"self","lower_own_payoff","higher_own_payoff",2,10
"study2_100",8,"study2",1,"self","higher_own_payoff","lower_own_payoff",2,10
"study2_100",8,"study2",2,"self","lower_own_payoff","lower_own_payoff",2,10
"study2_100",9,"study2",1,"self","higher_own_payoff","higher_own_payoff",2,10
"study2_100",9,"study2",2,"self","lower_own_payoff","higher_own_payoff",2,10
"study2_100",10,"study2",1,"self","higher_own_payoff","higher_own_payoff",1,0
"study2_100",11,"study2",1,"self","lower_own_payoff","lower_own_payoff",1,0
"study2_100",12,"study2",1,"self","higher_own_payoff","higher_own_payoff",1,0
"study2_100",13,"study2",1,"self","lower_own_payoff","higher_own_payoff",1,0
"study2_100",14,"study2",1,"self","higher_own_payoff","higher_own_payoff",1,0
"study2_100",15,"study2",1,"self","higher_own_payoff","higher_own_payoff",1,0
"study2_100",16,"study2",1,"self","lower_own_payoff","higher_own_payoff",2,10
"study2_100",16,"study2",2,"self","higher_own_payoff","higher_own_payoff",2,10
"study2_100",17,"study2",1,"self","lower_own_payoff","lower_own_payoff",2,10
"study2_100",17,"study2",2,"self","higher_own_payoff","lower_own_payoff",2,10
"study2_100",18,"study2",1,"self","lower_own_payoff","higher_own_payoff",1,0
"study2_100",19,"study2",1,"self","lower_own_payoff","lower_own_payoff",2,10
"study2_100",19,"study2",2,"self","higher_own_payoff","lower_own_payoff",2,10
"study2_100",20,"study2",1,"self","higher_own_payoff","higher_own_payoff",2,10
"study2_100",20,"study2",2,"self","lower_own_payoff","higher_own_payoff",2,10
"study2_100",21,"study2",1,"self","lower_own_payoff","lower_own_payoff",1,0
"study2_100",22,"study2",1,"self","higher_own_payoff","higher_own_payoff",1,0
"study2_100",23,"study2",1,"self","higher_own_payoff","higher_own_payoff",1,0
"study2_100",24,"study2",1,"self","lower_own_payoff","lower_own_payoff",2,10
"study2_100",24,"study2",2,"self","higher_own_payoff","lower_own_payoff",2,10
"study2_101",1,"study2",1,"self","higher_own_payoff","higher_own_payoff",1,0
"study2_101",2,"study2",1,"self","lower_own_payoff","lower_own_payoff",1,0
"study2_101",3,"study2",1,"self","higher_own_payoff","lower_own_payoff",1,0
"study2_101",4,"study2",1,"self","higher_own_payoff","higher_own_payoff",1,0
"study2_101",5,"study2",1,"self","higher_own_payoff","higher_own_payoff",1,0
"study2_101",6,"study2",1,"self","higher_own_payoff","higher_own_payoff",1,0
"study2_101",7,"study2",1,"self","lower_own_payoff","higher_own_payoff",1,0
"study2_101",8,"study2",1,"other","higher_own_payoff","higher_own_payoff",1,0
"study2_101",9,"study2",1,"other","lower_own_payoff","higher_own_payoff",1,0
"study2_101",10,"study2",1,"self","higher_own_payoff","higher_own_payoff",1,0
"study2_101",11,"study2",1,"self","higher_own_payoff","higher_own_payoff",1,0
"study2_101",12,"study2",1,"self","higher_own_payoff","lower_own_payoff",1,0
"study2_101",13,"study2",1,"self","higher_own_payoff","lower_own_payoff",1,0
"study2_101",14,"study2",1,"self","higher_own_payoff","higher_own_payoff",1,0
"study2_101",15,"study2",1,"other","lower_own_payoff","higher_own_payoff",1,0
"study2_101",16,"study2",1,"self","lower_own_payoff","higher_own_payoff",1,0
"study2_101",17,"study2",1,"other","higher_own_payoff","higher_own_payoff",1,0
"study2_101",18,"study2",1,"self","higher_own_payoff","higher_own_payoff",1,0
"study2_101",19,"study2",1,"self","higher_own_payoff","higher_own_payoff",1,0
"study2_101",20,"study2",1,"self","higher_own_payoff","higher_own_payoff",1,0
"study2_101",21,"study2",1,"self","lower_own_payoff","higher_own_payoff",1,0
"study2_101",22,"study2",1,"other","lower_own_payoff","higher_own_payoff",1,0
"study2_101",23,"study2",1,"other","lower_own_payoff","higher_own_payoff",1,0
"study2_101",24,"study2",1,"other","higher_own_payoff","higher_own_payoff",1,0
"study2_102",1,"study2",1,"self","higher_own_payoff","higher_own_payoff",1,0
"study2_102",2,"study2",1,"self","higher_own_payoff","higher_own_payoff",1,0
"study2_102",3,"study2",1,"self","higher_own_payoff","higher_own_payoff",1,0
"study2_102",4,"study2",1,"self","higher_own_payoff","higher_own_payoff",1,0
"study2_102",5,"study2",1,"self","higher_own_payoff","higher_own_payoff",1,0
"study2_102",6,"study2",1,"self","higher_own_payoff","higher_own_payoff",1,0
"study2_102",7,"study2",1,"self","higher_own_payoff","higher_own_payoff",1,0
"study2_102",8,"study2",1,"self","higher_own_payoff","higher_own_payoff",1,0
"study2_102",9,"study2",1,"self","higher_own_payoff","higher_own_payoff",1,0
"study2_102",10,"study2",1,"self","higher_own_payoff","higher_own_payoff",1,0
"study2_102",11,"study2",1,"self","higher_own_payoff","higher_own_payoff",1,0
"study2_102",12,"study2",1,"self","higher_own_payoff","higher_own_payoff",1,0
"study2_102",13,"study2",1,"self","higher_own_payoff","higher_own_payoff",1,0
"study2_102",14,"study2",1,"self","higher_own_payoff","higher_own_payoff",1,0
"study2_102",15,"study2",1,"self","higher_own_payoff","higher_own_payoff",1,0
"study2_102",16,"study2",1,"self","higher_own_payoff","higher_own_payoff",1,0
"study2_102",17,"study2",1,"self","higher_own_payoff","higher_own_payoff",1,0
"study2_102",18,"study2",1,"self","higher_own_payoff","higher_own_payoff",1,0
"study2_102",19,"study2",1,"self","higher_own_payoff","higher_own_payoff",1,0
"study2_102",20,"study2",1,"self","higher_own_payoff","higher_own_payoff",1,0
"study2_102",21,"study2",1,"self","higher_own_payoff","higher_own_payoff",1,0
"study2_102",22,"study2",1,"self","higher_own_payoff","higher_own_payoff",1,0
"study2_102",23,"study2",1,"self","higher_own_payoff","higher_own_payoff",1,0
"study2_102",24,"study2",1,"self","higher_own_payoff","higher_own_payoff",1,0
"study2_104",1,"study2",1,"self","higher_own_payoff","higher_own_payoff",4,30
"study2_104",1,"study2",2,"self","higher_own_payoff","higher_own_payoff",4,30
"study2_104",1,"study2",3,"self","lower_own_payoff","higher_own_payoff",4,30
"study2_104",1,"study2",4,"self","lower_own_payoff","higher_own_payoff",4,30
"study2_104",2,"study2",1,"self","higher_own_payoff","higher_own_payoff",1,0
"study2_104",3,"study2",1,"self","higher_own_payoff","higher_own_payoff",2,10
"study2_104",3,"study2",2,"self","lower_own_payoff","higher_own_payoff",2,10
"study2_104",4,"study2",1,"self","higher_own_payoff","lower_own_payoff",4,30
"study2_104",4,"study2",2,"self","lower_own_payoff","lower_own_payoff",4,30
"study2_104",4,"study2",3,"self","lower_own_payoff","lower_own_payoff",4,30
"study2_104",4,"study2",4,"self","higher_own_payoff","lower_own_payoff",4,30
"study2_104",5,"study2",1,"self","higher_own_payoff","higher_own_payoff",1,0
"study2_104",6,"study2",1,"self","higher_own_payoff","higher_own_payoff",1,0
"study2_104",7,"study2",1,"self","higher_own_payoff","higher_own_payoff",1,0
"study2_104",8,"study2",1,"self","higher_own_payoff","higher_own_payoff",1,0
"study2_104",9,"study2",1,"self","higher_own_payoff","higher_own_payoff",1,0
"study2_104",10,"study2",1,"self","lower_own_payoff","higher_own_payoff",2,10
"study2_104",10,"study2",2,"self","higher_own_payoff","higher_own_payoff",2,10
"study2_104",11,"study2",1,"self","higher_own_payoff","lower_own_payoff",4,30
"study2_104",11,"study2",2,"self","lower_own_payoff","lower_own_payoff",4,30
"study2_104",11,"study2",3,"self","lower_own_payoff","lower_own_payoff",4,30
"study2_104",11,"study2",4,"self","higher_own_payoff","lower_own_payoff",4,30
"study2_104",12,"study2",1,"self","lower_own_payoff","lower_own_payoff",4,30
"study2_104",12,"study2",2,"self","lower_own_payoff","lower_own_payoff",4,30
"study2_104",12,"study2",3,"self","higher_own_payoff","lower_own_payoff",4,30
"study2_104",12,"study2",4,"self","higher_own_payoff","lower_own_payoff",4,30
"study2_104",13,"study2",1,"self","higher_own_payoff","higher_own_payoff",1,0
"study2_104",14,"study2",1,"self","higher_own_payoff","lower_own_payoff",4,30
"study2_104",14,"study2",2,"self","lower_own_payoff","lower_own_payoff",4,30
"study2_104",14,"study2",3,"self","lower_own_payoff","lower_own_payoff",4,30
"study2_104",14,"study2",4,"self","higher_own_payoff","lower_own_payoff",4,30
"study2_104",15,"study2",1,"self","higher_own_payoff","lower_own_payoff",4,30
"study2_104",15,"study2",2,"self","higher_own_payoff","lower_own_payoff",4,30
"study2_104",15,"study2",3,"self","lower_own_payoff","lower_own_payoff",4,30
"study2_104",15,"study2",4,"self","lower_own_payoff","lower_own_payoff",4,30
"study2_104",16,"study2",1,"self","higher_own_payoff","lower_own_payoff",4,30
"study2_104",16,"study2",2,"self","higher_own_payoff","lower_own_payoff",4,30
"study2_104",16,"study2",3,"self","lower_own_payoff","lower_own_payoff",4,30
"study2_104",16,"study2",4,"self","lower_own_payoff","lower_own_payoff",4,30
"study2_104",17,"study2",1,"self","lower_own_payoff","lower_own_payoff",4,30
"study2_104",17,"study2",2,"self","lower_own_payoff","lower_own_payoff",4,30
"study2_104",17,"study2",3,"self","higher_own_payoff","lower_own_payoff",4,30
"study2_104",17,"study2",4,"self","higher_own_payoff","lower_own_payoff",4,30
"study2_104",18,"study2",1,"self","lower_own_payoff","lower_own_payoff",4,30
"study2_104",18,"study2",2,"self","lower_own_payoff","lower_own_payoff",4,30
"study2_104",18,"study2",3,"self","higher_own_payoff","lower_own_payoff",4,30
"study2_104",18,"study2",4,"self","higher_own_payoff","lower_own_payoff",4,30
"study2_104",19,"study2",1,"self","lower_own_payoff","higher_own_payoff",4,30
"study2_104",19,"study2",2,"self","lower_own_payoff","higher_own_payoff",4,30
"study2_104",19,"study2",3,"self","higher_own_payoff","higher_own_payoff",4,30
"study2_104",19,"study2",4,"self","higher_own_payoff","higher_own_payoff",4,30
"study2_104",20,"study2",1,"self","higher_own_payoff","lower_own_payoff",4,30
"study2_104",20,"study2",2,"self","higher_own_payoff","lower_own_payoff",4,30
"study2_104",20,"study2",3,"self","lower_own_payoff","lower_own_payoff",4,30
"study2_104",20,"study2",4,"self","lower_own_payoff","lower_own_payoff",4,30
"study2_104",21,"study2",1,"self","lower_own_payoff","higher_own_payoff",4,30
"study2_104",21,"study2",2,"self","lower_own_payoff","higher_own_payoff",4,30
"study2_104",21,"study2",3,"self","higher_own_payoff","higher_own_payoff",4,30
"study2_104",21,"study2",4,"self","higher_own_payoff","higher_own_payoff",4,30
"study2_104",22,"study2",1,"self","lower_own_payoff","higher_own_payoff",4,30
"study2_104",22,"study2",2,"self","lower_own_payoff","higher_own_payoff",4,30
"study2_104",22,"study2",3,"self","higher_own_payoff","higher_own_payoff",4,30
"study2_104",22,"study2",4,"self","higher_own_payoff","higher_own_payoff",4,30
"study2_104",23,"study2",1,"self","higher_own_payoff","higher_own_payoff",4,30
"study2_104",23,"study2",2,"self","higher_own_payoff","higher_own_payoff",4,30
"study2_104",23,"study2",3,"self","lower_own_payoff","higher_own_payoff",4,30
"study2_104",23,"study2",4,"self","lower_own_payoff","higher_own_payoff",4,30
"study2_104",24,"study2",1,"self","higher_own_payoff","higher_own_payoff",4,30
"study2_104",24,"study2",2,"self","higher_own_payoff","higher_own_payoff",4,30
"study2_104",24,"study2",3,"self","lower_own_payoff","higher_own_payoff",4,30
"study2_104",24,"study2",4,"self","lower_own_payoff","higher_own_payoff",4,30
"study2_105",1,"study2",1,"self","higher_own_payoff","lower_own_payoff",4,30
"study2_105",1,"study2",2,"self","lower_own_payoff","lower_own_payoff",4,30
"study2_105",1,"study2",3,"self","higher_own_payoff","lower_own_payoff",4,30
"study2_105",1,"study2",4,"self","lower_own_payoff","lower_own_payoff",4,30
"study2_105",2,"study2",1,"self","lower_own_payoff","higher_own_payoff",4,30
"study2_105",2,"study2",2,"self","higher_own_payoff","higher_own_payoff",4,30
"study2_105",2,"study2",3,"self","higher_own_payoff","higher_own_payoff",4,30
"study2_105",2,"study2",4,"self","lower_own_payoff","higher_own_payoff",4,30
"study2_105",3,"study2",1,"self","lower_own_payoff","higher_own_payoff",4,30
"study2_105",3,"study2",2,"self","lower_own_payoff","higher_own_payoff",4,30
"study2_105",3,"study2",3,"self","higher_own_payoff","higher_own_payoff",4,30
"study2_105",3,"study2",4,"self","higher_own_payoff","higher_own_payoff",4,30
"study2_105",4,"study2",1,"self","higher_own_payoff","higher_own_payoff",4,30
"study2_105",4,"study2",2,"self","higher_own_payoff","higher_own_payoff",4,30
"study2_105",4,"study2",3,"self","lower_own_payoff","higher_own_payoff",4,30
"study2_105",4,"study2",4,"self","lower_own_payoff","higher_own_payoff",4,30
"study2_105",5,"study2",1,"self","higher_own_payoff","higher_own_payoff",4,30
"study2_105",5,"study2",2,"self","higher_own_payoff","higher_own_payoff",4,30
"study2_105",5,"study2",3,"self","lower_own_payoff","higher_own_payoff",4,30
"study2_105",5,"study2",4,"self","lower_own_payoff","higher_own_payoff",4,30
"study2_105",6,"study2",1,"self","higher_own_payoff","lower_own_payoff",4,30
"study2_105",6,"study2",2,"self","higher_own_payoff","lower_own_payoff",4,30
"study2_105",6,"study2",3,"self","lower_own_payoff","lower_own_payoff",4,30
"study2_105",6,"study2",4,"self","lower_own_payoff","lower_own_payoff",4,30
"study2_105",7,"study2",1,"self","lower_own_payoff","lower_own_payoff",4,30
"study2_105",7,"study2",2,"self","lower_own_payoff","lower_own_payoff",4,30
"study2_105",7,"study2",3,"self","higher_own_payoff","lower_own_payoff",4,30
"study2_105",7,"study2",4,"self","higher_own_payoff","lower_own_payoff",4,30
"study2_105",8,"study2",1,"self","higher_own_payoff","higher_own_payoff",4,30
"study2_105",8,"study2",2,"self","higher_own_payoff","higher_own_payoff",4,30
"study2_105",8,"study2",3,"self","lower_own_payoff","higher_own_payoff",4,30
"study2_105",8,"study2",4,"self","lower_own_payoff","higher_own_payoff",4,30
"study2_105",9,"study2",1,"self","higher_own_payoff","lower_own_payoff",4,30
"study2_105",9,"study2",2,"self","higher_own_payoff","lower_own_payoff",4,30
"study2_105",9,"study2",3,"self","lower_own_payoff","lower_own_payoff",4,30
"study2_105",9,"study2",4,"self","lower_own_payoff","lower_own_payoff",4,30
"study2_105",10,"study2",1,"self","lower_own_payoff","higher_own_payoff",4,30
"study2_105",10,"study2",2,"self","lower_own_payoff","higher_own_payoff",4,30
"study2_105",10,"study2",3,"self","higher_own_payoff","higher_own_payoff",4,30
"study2_105",10,"study2",4,"self","higher_own_payoff","higher_own_payoff",4,30
"study2_105",11,"study2",1,"self","higher_own_payoff","lower_own_payoff",4,30
"study2_105",11,"study2",2,"self","higher_own_payoff","lower_own_payoff",4,30
"study2_105",11,"study2",3,"self","lower_own_payoff","lower_own_payoff",4,30
"study2_105",11,"study2",4,"self","lower_own_payoff","lower_own_payoff",4,30
"study2_105",12,"study2",1,"self","higher_own_payoff","lower_own_payoff",4,30
"study2_105",12,"study2",2,"self","higher_own_payoff","lower_own_payoff",4,30
"study2_105",12,"study2",3,"self","lower_own_payoff","lower_own_payoff",4,30
"study2_105",12,"study2",4,"self","lower_own_payoff","lower_own_payoff",4,30
"study2_105",13,"study2",1,"self","higher_own_payoff","lower_own_payoff",4,30
"study2_105",13,"study2",2,"self","higher_own_payoff","lower_own_payoff",4,30
"study2_105",13,"study2",3,"self","lower_own_payoff","lower_own_payoff",4,30
"study2_105",13,"study2",4,"self","lower_own_payoff","lower_own_payoff",4,30
"study2_105",14,"study2",1,"other","higher_own_payoff","higher_own_payoff",3,20
"study2_105",14,"study2",2,"self","higher_own_payoff","higher_own_payoff",3,20
"study2_105",14,"study2",3,"self","higher_own_payoff","higher_own_payoff",3,20
"study2_105",15,"study2",1,"self","lower_own_payoff","lower_own_payoff",4,30
"study2_105",15,"study2",2,"self","lower_own_payoff","lower_own_payoff",4,30
"study2_105",15,"study2",3,"self","higher_own_payoff","lower_own_payoff",4,30
"study2_105",15,"study2",4,"self","higher_own_payoff","lower_own_payoff",4,30
"study2_105",16,"study2",1,"self","higher_own_payoff","higher_own_payoff",4,30
"study2_105",16,"study2",2,"self","higher_own_payoff","higher_own_payoff",4,30
"study2_105",16,"study2",3,"self","lower_own_payoff","higher_own_payoff",4,30
"study2_105",16,"study2",4,"self","lower_own_payoff","higher_own_payoff",4,30
"study2_105",17,"study2",1,"self","lower_own_payoff","higher_own_payoff",4,30
"study2_105",17,"study2",2,"self","lower_own_payoff","higher_own_payoff",4,30
"study2_105",17,"study2",3,"self","higher_own_payoff","higher_own_payoff",4,30
"study2_105",17,"study2",4,"self","higher_own_payoff","higher_own_payoff",4,30
"study2_105",18,"study2",1,"self","higher_own_payoff","higher_own_payoff",4,30
"study2_105",18,"study2",2,"self","higher_own_payoff","higher_own_payoff",4,30
"study2_105",18,"study2",3,"self","lower_own_payoff","higher_own_payoff",4,30
"study2_105",18,"study2",4,"self","lower_own_payoff","higher_own_payoff",4,30
"study2_105",19,"study2",1,"self","higher_own_payoff","higher_own_payoff",4,30
"study2_105",19,"study2",2,"self","higher_own_payoff","higher_own_payoff",4,30
"study2_105",19,"study2",3,"self","lower_own_payoff","higher_own_payoff",4,30
"study2_105",19,"study2",4,"self","lower_own_payoff","higher_own_payoff",4,30
"study2_105",20,"study2",1,"self","lower_own_payoff","higher_own_payoff",4,30
"study2_105",20,"study2",2,"self","lower_own_payoff","higher_own_payoff",4,30
"study2_105",20,"study2",3,"self","higher_own_payoff","higher_own_payoff",4,30
"study2_105",20,"study2",4,"self","higher_own_payoff","higher_own_payoff",4,30
"study2_105",21,"study2",1,"self","higher_own_payoff","lower_own_payoff",4,30
"study2_105",21,"study2",2,"self","higher_own_payoff","lower_own_payoff",4,30
"study2_105",21,"study2",3,"self","lower_own_payoff","lower_own_payoff",4,30
"study2_105",21,"study2",4,"self","lower_own_payoff","lower_own_payoff",4,30
"study2_105",22,"study2",1,"self","higher_own_payoff","lower_own_payoff",4,30
"study2_105",22,"study2",2,"self","higher_own_payoff","lower_own_payoff",4,30
"study2_105",22,"study2",3,"self","lower_own_payoff","lower_own_payoff",4,30
"study2_105",22,"study2",4,"self","lower_own_payoff","lower_own_payoff",4,30
"study2_105",23,"study2",1,"self","lower_own_payoff","higher_own_payoff",4,30
"study2_105",23,"study2",2,"self","lower_own_payoff","higher_own_payoff",4,30
"study2_105",23,"study2",3,"self","higher_own_payoff","higher_own_payoff",4,30
"study2_105",23,"study2",4,"self","higher_own_payoff","higher_own_payoff",4,30
"study2_105",24,"study2",1,"self","lower_own_payoff","higher_own_payoff",4,30
"study2_105",24,"study2",2,"self","lower_own_payoff","higher_own_payoff",4,30
"study2_105",24,"study2",3,"self","higher_own_payoff","higher_own_payoff",4,30
"study2_105",24,"study2",4,"self","higher_own_payoff","higher_own_payoff",4,30
"study2_107",1,"study2",1,"self","higher_own_payoff","higher_own_payoff",2,10
"study2_107",1,"study2",2,"self","lower_own_payoff","higher_own_payoff",2,10
"study2_107",2,"study2",1,"self","lower_own_payoff","higher_own_payoff",2,10
"study2_107",2,"study2",2,"self","higher_own_payoff","higher_own_payoff",2,10
"study2_107",3,"study2",1,"self","higher_own_payoff","higher_own_payoff",1,0
"study2_107",4,"study2",1,"self","higher_own_payoff","lower_own_payoff",2,10
"study2_107",4,"study2",2,"self","lower_own_payoff","lower_own_payoff",2,10
"study2_107",5,"study2",1,"self","higher_own_payoff","higher_own_payoff",1,0
"study2_107",6,"study2",1,"self","lower_own_payoff","lower_own_payoff",1,0
"study2_107",7,"study2",1,"self","lower_own_payoff","lower_own_payoff",1,0
"study2_107",8,"study2",1,"self","lower_own_payoff","higher_own_payoff",1,0
"study2_107",9,"study2",1,"self","lower_own_payoff","higher_own_payoff",1,0
"study2_107",10,"study2",1,"self","lower_own_payoff","lower_own_payoff",2,10
"study2_107",10,"study2",2,"self","higher_own_payoff","lower_own_payoff",2,10
"study2_107",11,"study2",1,"self","lower_own_payoff","lower_own_payoff",1,0
"study2_107",12,"study2",1,"self","lower_own_payoff","higher_own_payoff",2,10
"study2_107",12,"study2",2,"self","lower_own_payoff","higher_own_payoff",2,10
"study2_107",13,"study2",1,"self","lower_own_payoff","higher_own_payoff",1,0
"study2_107",14,"study2",1,"self","lower_own_payoff","higher_own_payoff",1,0
"study2_107",15,"study2",1,"self","lower_own_payoff","higher_own_payoff",2,10
"study2_107",15,"study2",2,"self","lower_own_payoff","higher_own_payoff",2,10
"study2_107",16,"study2",1,"self","lower_own_payoff","lower_own_payoff",1,0
"study2_107",17,"study2",1,"self","lower_own_payoff","lower_own_payoff",1,0
"study2_107",18,"study2",1,"self","lower_own_payoff","higher_own_payoff",1,0
"study2_107",19,"study2",1,"self","lower_own_payoff","lower_own_payoff",2,10
"study2_107",19,"study2",2,"self","lower_own_payoff","lower_own_payoff",2,10
"study2_107",20,"study2",1,"self","lower_own_payoff","higher_own_payoff",1,0
"study2_107",21,"study2",1,"self","lower_own_payoff","higher_own_payoff",2,10
"study2_107",21,"study2",2,"self","lower_own_payoff","higher_own_payoff",2,10
"study2_107",22,"study2",1,"self","lower_own_payoff","higher_own_payoff",1,0
"study2_107",23,"study2",1,"self","lower_own_payoff","lower_own_payoff",2,10
"study2_107",23,"study2",2,"self","higher_own_payoff","lower_own_payoff",2,10
"study2_107",24,"study2",1,"self","lower_own_payoff","higher_own_payoff",1,0
"study2_108",1,"study2",1,"self","lower_own_payoff","lower_own_payoff",3,20
"study2_108",1,"study2",2,"self","lower_own_payoff","lower_own_payoff",3,20
"study2_108",1,"study2",3,"self","higher_own_payoff","lower_own_payoff",3,20
"study2_108",2,"study2",1,"self","higher_own_payoff","higher_own_payoff",1,0
"study2_108",3,"study2",1,"self","lower_own_payoff","higher_own_payoff",1,0
"study2_108",4,"study2",1,"self","lower_own_payoff","higher_own_payoff",3,20
"study2_108",4,"study2",2,"self","higher_own_payoff","higher_own_payoff",3,20
"study2_108",4,"study2",3,"self","higher_own_payoff","higher_own_payoff",3,20
"study2_108",5,"study2",1,"self","lower_own_payoff","higher_own_payoff",2,10
"study2_108",5,"study2",2,"self","lower_own_payoff","higher_own_payoff",2,10
"study2_108",6,"study2",1,"self","higher_own_payoff","higher_own_payoff",2,10
"study2_108",6,"study2",2,"self","lower_own_payoff","higher_own_payoff",2,10
"study2_108",7,"study2",1,"self","higher_own_payoff","lower_own_payoff",2,10
"study2_108",7,"study2",2,"self","lower_own_payoff","lower_own_payoff",2,10
"study2_108",8,"study2",1,"self","higher_own_payoff","higher_own_payoff",2,10
"study2_108",8,"study2",2,"self","lower_own_payoff","higher_own_payoff",2,10
"study2_108",9,"study2",1,"self","higher_own_payoff","higher_own_payoff",2,10
"study2_108",9,"study2",2,"self","lower_own_payoff","higher_own_payoff",2,10
"study2_108",10,"study2",1,"self","higher_own_payoff","lower_own_payoff",2,10
"study2_108",10,"study2",2,"self","lower_own_payoff","lower_own_payoff",2,10
"study2_108",11,"study2",1,"self","lower_own_payoff","lower_own_payoff",1,0
"study2_108",12,"study2",1,"self","lower_own_payoff","lower_own_payoff",1,0
"study2_108",13,"study2",1,"self","lower_own_payoff","lower_own_payoff",3,20
"study2_108",13,"study2",2,"self","higher_own_payoff","lower_own_payoff",3,20
"study2_108",13,"study2",3,"self","lower_own_payoff","lower_own_payoff",3,20
"study2_108",14,"study2",1,"self","higher_own_payoff","lower_own_payoff",2,10
"study2_108",14,"study2",2,"self","higher_own_payoff","lower_own_payoff",2,10
"study2_108",15,"study2",1,"self","higher_own_payoff","lower_own_payoff",2,10
"study2_108",15,"study2",2,"self","higher_own_payoff","lower_own_payoff",2,10
"study2_108",16,"study2",1,"self","higher_own_payoff","higher_own_payoff",4,30
"study2_108",16,"study2",2,"self","higher_own_payoff","higher_own_payoff",4,30
"study2_108",16,"study2",3,"self","lower_own_payoff","higher_own_payoff",4,30
"study2_108",16,"study2",4,"self","lower_own_payoff","higher_own_payoff",4,30
"study2_108",17,"study2",1,"self","higher_own_payoff","lower_own_payoff",4,30
"study2_108",17,"study2",2,"self","higher_own_payoff","lower_own_payoff",4,30
"study2_108",17,"study2",3,"self","lower_own_payoff","lower_own_payoff",4,30
"study2_108",17,"study2",4,"self","lower_own_payoff","lower_own_payoff",4,30
"study2_108",18,"study2",1,"self","higher_own_payoff","higher_own_payoff",2,10
"study2_108",18,"study2",2,"self","lower_own_payoff","higher_own_payoff",2,10
"study2_108",19,"study2",1,"self","higher_own_payoff","higher_own_payoff",2,10
"study2_108",19,"study2",2,"self","lower_own_payoff","higher_own_payoff",2,10
"study2_108",20,"study2",1,"self","higher_own_payoff","higher_own_payoff",2,10
"study2_108",20,"study2",2,"self","lower_own_payoff","higher_own_payoff",2,10
"study2_108",21,"study2",1,"self","lower_own_payoff","lower_own_payoff",4,30
"study2_108",21,"study2",2,"self","higher_own_payoff","lower_own_payoff",4,30
"study2_108",21,"study2",3,"self","higher_own_payoff","lower_own_payoff",4,30
"study2_108",21,"study2",4,"self","lower_own_payoff","lower_own_payoff",4,30
"study2_108",22,"study2",1,"self","lower_own_payoff","higher_own_payoff",2,10
"study2_108",22,"study2",2,"self","higher_own_payoff","higher_own_payoff",2,10
"study2_108",23,"study2",1,"self","lower_own_payoff","higher_own_payoff",1,0
"study2_108",24,"study2",1,"self","higher_own_payoff","lower_own_payoff",1,0
"study2_109",1,"study2",1,"self","higher_own_payoff","higher_own_payoff",4,30
"study2_109",1,"study2",2,"self","higher_own_payoff","higher_own_payoff",4,30
"study2_109",1,"study2",3,"self","lower_own_payoff","higher_own_payoff",4,30
"study2_109",1,"study2",4,"self","lower_own_payoff","higher_own_payoff",4,30
"study2_109",2,"study2",1,"self","higher_own_payoff","higher_own_payoff",2,10
"study2_109",2,"study2",2,"self","lower_own_payoff","higher_own_payoff",2,10
"study2_109",3,"study2",1,"self","higher_own_payoff","higher_own_payoff",2,10
"study2_109",3,"study2",2,"self","lower_own_payoff","higher_own_payoff",2,10
"study2_109",4,"study2",1,"self","lower_own_payoff","higher_own_payoff",2,10
"study2_109",4,"study2",2,"self","higher_own_payoff","higher_own_payoff",2,10
"study2_109",5,"study2",1,"self","higher_own_payoff","lower_own_payoff",2,10
"study2_109",5,"study2",2,"self","lower_own_payoff","lower_own_payoff",2,10
"study2_109",6,"study2",1,"self","higher_own_payoff","higher_own_payoff",2,10
"study2_109",6,"study2",2,"self","lower_own_payoff","higher_own_payoff",2,10
"study2_109",7,"study2",1,"self","lower_own_payoff","lower_own_payoff",2,10
"study2_109",7,"study2",2,"self","higher_own_payoff","lower_own_payoff",2,10
"study2_109",8,"study2",1,"self","higher_own_payoff","lower_own_payoff",2,10
"study2_109",8,"study2",2,"self","lower_own_payoff","lower_own_payoff",2,10
"study2_109",9,"study2",1,"self","higher_own_payoff","lower_own_payoff",2,10
"study2_109",9,"study2",2,"self","lower_own_payoff","lower_own_payoff",2,10
"study2_109",10,"study2",1,"self","higher_own_payoff","lower_own_payoff",2,10
"study2_109",10,"study2",2,"self","lower_own_payoff","lower_own_payoff",2,10
"study2_109",11,"study2",1,"self","lower_own_payoff","higher_own_payoff",2,10
"study2_109",11,"study2",2,"self","higher_own_payoff","higher_own_payoff",2,10
"study2_109",12,"study2",1,"self","lower_own_payoff","higher_own_payoff",2,10
"study2_109",12,"study2",2,"self","higher_own_payoff","higher_own_payoff",2,10
"study2_109",13,"study2",1,"self","lower_own_payoff","higher_own_payoff",2,10
"study2_109",13,"study2",2,"self","higher_own_payoff","higher_own_payoff",2,10
"study2_109",14,"study2",1,"self","higher_own_payoff","higher_own_payoff",2,10
"study2_109",14,"study2",2,"self","lower_own_payoff","higher_own_payoff",2,10
"study2_109",15,"study2",1,"self","lower_own_payoff","lower_own_payoff",2,10
"study2_109",15,"study2",2,"self","higher_own_payoff","lower_own_payoff",2,10
"study2_109",16,"study2",1,"self","higher_own_payoff","higher_own_payoff",2,10
"study2_109",16,"study2",2,"self","lower_own_payoff","higher_own_payoff",2,10
"study2_109",17,"study2",1,"self","higher_own_payoff","higher_own_payoff",2,10
"study2_109",17,"study2",2,"self","lower_own_payoff","higher_own_payoff",2,10
"study2_109",18,"study2",1,"self","lower_own_payoff","higher_own_payoff",2,10
"study2_109",18,"study2",2,"self","higher_own_payoff","higher_own_payoff",2,10
"study2_109",19,"study2",1,"self","higher_own_payoff","lower_own_payoff",2,10
"study2_109",19,"study2",2,"self","lower_own_payoff","lower_own_payoff",2,10
"study2_109",20,"study2",1,"self","higher_own_payoff","higher_own_payoff",2,10
"study2_109",20,"study2",2,"self","lower_own_payoff","higher_own_payoff",2,10
"study2_109",21,"study2",1,"self","lower_own_payoff","higher_own_payoff",2,10
"study2_109",21,"study2",2,"self","higher_own_payoff","higher_own_payoff",2,10
"study2_109",22,"study2",1,"self","higher_own_payoff","lower_own_payoff",2,10
"study2_109",22,"study2",2,"self","lower_own_payoff","lower_own_payoff",2,10
"study2_109",23,"study2",1,"self","lower_own_payoff","higher_own_payoff",2,10
"study2_109",23,"study2",2,"self","higher_own_payoff","higher_own_payoff",2,10
"study2_109",24,"study2",1,"self","higher_own_payoff","higher_own_payoff",2,10
"study2_109",24,"study2",2,"self","lower_own_payoff","higher_own_payoff",2,10
"study2_11",1,"study2",1,"self","higher_own_payoff","higher_own_payoff",2,10
"study2_11",1,"study2",2,"self","higher_own_payoff","higher_own_payoff",2,10
"study2_11",2,"study2",1,"self","higher_own_payoff","higher_own_payoff",2,10
"study2_11",2,"study2",2,"self","higher_own_payoff","higher_own_payoff",2,10
"study2_11",3,"study2",1,"self","higher_own_payoff","higher_own_payoff",2,10
"study2_11",3,"study2",2,"self","higher_own_payoff","higher_own_payoff",2,10
"study2_11",4,"study2",1,"self","higher_own_payoff","higher_own_payoff",2,10
"study2_11",4,"study2",2,"self","higher_own_payoff","higher_own_payoff",2,10
"study2_11",5,"study2",1,"self","higher_own_payoff","higher_own_payoff",2,10
"study2_11",5,"study2",2,"self","higher_own_payoff","higher_own_payoff",2,10
"study2_11",6,"study2",1,"self","higher_own_payoff","higher_own_payoff",2,10
"study2_11",6,"study2",2,"self","higher_own_payoff","higher_own_payoff",2,10
"study2_11",7,"study2",1,"self","lower_own_payoff","lower_own_payoff",2,10
"study2_11",7,"study2",2,"self","lower_own_payoff","lower_own_payoff",2,10
"study2_11",8,"study2",1,"self","lower_own_payoff","lower_own_payoff",2,10
"study2_11",8,"study2",2,"self","lower_own_payoff","lower_own_payoff",2,10
"study2_11",9,"study2",1,"self","higher_own_payoff","higher_own_payoff",4,30
"study2_11",9,"study2",2,"self","higher_own_payoff","higher_own_payoff",4,30
"study2_11",9,"study2",3,"self","lower_own_payoff","higher_own_payoff",4,30
"study2_11",9,"study2",4,"self","lower_own_payoff","higher_own_payoff",4,30
"study2_11",10,"study2",1,"self","higher_own_payoff","higher_own_payoff",4,30
"study2_11",10,"study2",2,"self","higher_own_payoff","higher_own_payoff",4,30
"study2_11",10,"study2",3,"self","lower_own_payoff","higher_own_payoff",4,30
"study2_11",10,"study2",4,"self","lower_own_payoff","higher_own_payoff",4,30
"study2_11",11,"study2",1,"self","higher_own_payoff","higher_own_payoff",2,10
"study2_11",11,"study2",2,"self","higher_own_payoff","higher_own_payoff",2,10
"study2_11",12,"study2",1,"self","higher_own_payoff","higher_own_payoff",2,10
"study2_11",12,"study2",2,"self","higher_own_payoff","higher_own_payoff",2,10
"study2_11",13,"study2",1,"self","higher_own_payoff","higher_own_payoff",2,10
"study2_11",13,"study2",2,"self","higher_own_payoff","higher_own_payoff",2,10
"study2_11",14,"study2",1,"self","higher_own_payoff","lower_own_payoff",4,30
"study2_11",14,"study2",2,"self","higher_own_payoff","lower_own_payoff",4,30
"study2_11",14,"study2",3,"self","lower_own_payoff","lower_own_payoff",4,30
"study2_11",14,"study2",4,"self","lower_own_payoff","lower_own_payoff",4,30
"study2_11",15,"study2",1,"self","higher_own_payoff","higher_own_payoff",4,30
"study2_11",15,"study2",2,"self","higher_own_payoff","higher_own_payoff",4,30
"study2_11",15,"study2",3,"self","lower_own_payoff","higher_own_payoff",4,30
"study2_11",15,"study2",4,"self","lower_own_payoff","higher_own_payoff",4,30
"study2_11",16,"study2",1,"self","higher_own_payoff","lower_own_payoff",4,30
"study2_11",16,"study2",2,"self","higher_own_payoff","lower_own_payoff",4,30
"study2_11",16,"study2",3,"self","lower_own_payoff","lower_own_payoff",4,30
"study2_11",16,"study2",4,"self","lower_own_payoff","lower_own_payoff",4,30
"study2_11",17,"study2",1,"self","higher_own_payoff","lower_own_payoff",4,30
"study2_11",17,"study2",2,"self","higher_own_payoff","lower_own_payoff",4,30
"study2_11",17,"study2",3,"self","lower_own_payoff","lower_own_payoff",4,30
"study2_11",17,"study2",4,"self","lower_own_payoff","lower_own_payoff",4,30
"study2_11",18,"study2",1,"self","higher_own_payoff","lower_own_payoff",4,30
"study2_11",18,"study2",2,"self","higher_own_payoff","lower_own_payoff",4,30
"study2_11",18,"study2",3,"self","lower_own_payoff","lower_own_payoff",4,30
"study2_11",18,"study2",4,"self","lower_own_payoff","lower_own_payoff",4,30
"study2_11",19,"study2",1,"self","higher_own_payoff","higher_own_payoff",4,30
"study2_11",19,"study2",2,"self","higher_own_payoff","higher_own_payoff",4,30
"study2_11",19,"study2",3,"self","lower_own_payoff","higher_own_payoff",4,30
"study2_11",19,"study2",4,"self","lower_own_payoff","higher_own_payoff",4,30
"study2_11",20,"study2",1,"self","higher_own_payoff","lower_own_payoff",4,30
"study2_11",20,"study2",2,"self","higher_own_payoff","lower_own_payoff",4,30
"study2_11",20,"study2",3,"self","lower_own_payoff","lower_own_payoff",4,30
"study2_11",20,"study2",4,"self","lower_own_payoff","lower_own_payoff",4,30
"study2_11",21,"study2",1,"self","higher_own_payoff","lower_own_payoff",4,30
"study2_11",21,"study2",2,"self","higher_own_payoff","lower_own_payoff",4,30
"study2_11",21,"study2",3,"self","lower_own_payoff","lower_own_payoff",4,30
"study2_11",21,"study2",4,"self","lower_own_payoff","lower_own_payoff",4,30
"study2_11",22,"study2",1,"self","higher_own_payoff","lower_own_payoff",4,30
"study2_11",22,"study2",2,"self","higher_own_payoff","lower_own_payoff",4,30
"study2_11",22,"study2",3,"self","lower_own_payoff","lower_own_payoff",4,30
"study2_11",22,"study2",4,"self","lower_own_payoff","lower_own_payoff",4,30
"study2_11",23,"study2",1,"self","higher_own_payoff","lower_own_payoff",4,30
"study2_11",23,"study2",2,"self","higher_own_payoff","lower_own_payoff",4,30
"study2_11",23,"study2",3,"self","lower_own_payoff","lower_own_payoff",4,30
"study2_11",23,"study2",4,"self","lower_own_payoff","lower_own_payoff",4,30
"study2_11",24,"study2",1,"self","higher_own_payoff","lower_own_payoff",2,10
"study2_11",24,"study2",2,"self","higher_own_payoff","lower_own_payoff",2,10
"study2_110",1,"study2",1,"self","lower_own_payoff","higher_own_payoff",1,0
"study2_110",2,"study2",1,"self","lower_own_payoff","lower_own_payoff",1,0
"study2_110",3,"study2",1,"other","higher_own_payoff","higher_own_payoff",1,0
"study2_110",4,"study2",1,"other","higher_own_payoff","higher_own_payoff",1,0
"study2_110",5,"study2",1,"other","higher_own_payoff","higher_own_payoff",1,0
"study2_110",6,"study2",1,"other","lower_own_payoff","lower_own_payoff",1,0
"study2_110",7,"study2",1,"other","higher_own_payoff","higher_own_payoff",1,0
"study2_110",8,"study2",1,"other","higher_own_payoff","higher_own_payoff",1,0
"study2_110",9,"study2",1,"other","lower_own_payoff","lower_own_payoff",1,0
"study2_110",10,"study2",1,"other","higher_own_payoff","higher_own_payoff",1,0
"study2_110",11,"study2",1,"other","lower_own_payoff","lower_own_payoff",1,0
"study2_110",12,"study2",1,"other","lower_own_payoff","lower_own_payoff",1,0
"study2_110",13,"study2",1,"other","lower_own_payoff","lower_own_payoff",1,0
"study2_110",14,"study2",1,"self","higher_own_payoff","higher_own_payoff",1,0
"study2_110",15,"study2",1,"other","higher_own_payoff","higher_own_payoff",1,0
"study2_110",16,"study2",1,"self","lower_own_payoff","lower_own_payoff",1,0
"study2_110",17,"study2",1,"other","higher_own_payoff","higher_own_payoff",1,0
"study2_110",18,"study2",1,"other","lower_own_payoff","lower_own_payoff",1,0
"study2_110",19,"study2",1,"self","lower_own_payoff","lower_own_payoff",1,0
"study2_110",20,"study2",1,"self","lower_own_payoff","higher_own_payoff",1,0
"study2_110",21,"study2",1,"other","higher_own_payoff","higher_own_payoff",1,0
"study2_110",22,"study2",1,"self","lower_own_payoff","higher_own_payoff",1,0
"study2_110",23,"study2",1,"other","higher_own_payoff","higher_own_payoff",1,0
"study2_110",24,"study2",1,"other","higher_own_payoff","higher_own_payoff",1,0
"study2_111",1,"study2",1,"self","higher_own_payoff","higher_own_payoff",8,70
"study2_111",1,"study2",2,"other","higher_own_payoff","higher_own_payoff",8,70
"study2_111",1,"study2",3,"self","lower_own_payoff","higher_own_payoff",8,70
"study2_111",1,"study2",4,"other","lower_own_payoff","higher_own_payoff",8,70
"study2_111",1,"study2",5,"self","higher_own_payoff","higher_own_payoff",8,70
"study2_111",1,"study2",6,"other","higher_own_payoff","higher_own_payoff",8,70
"study2_111",1,"study2",7,"self","lower_own_payoff","higher_own_payoff",8,70
"study2_111",1,"study2",8,"other","lower_own_payoff","higher_own_payoff",8,70
"study2_111",2,"study2",1,"self","lower_own_payoff","lower_own_payoff",8,70
"study2_111",2,"study2",2,"self","higher_own_payoff","lower_own_payoff",8,70
"study2_111",2,"study2",3,"other","higher_own_payoff","lower_own_payoff",8,70
"study2_111",2,"study2",4,"other","lower_own_payoff","lower_own_payoff",8,70
"study2_111",2,"study2",5,"self","lower_own_payoff","lower_own_payoff",8,70
"study2_111",2,"study2",6,"other","lower_own_payoff","lower_own_payoff",8,70
"study2_111",2,"study2",7,"self","higher_own_payoff","lower_own_payoff",8,70
"study2_111",2,"study2",8,"other","higher_own_payoff","lower_own_payoff",8,70
"study2_111",3,"study2",1,"self","lower_own_payoff","lower_own_payoff",4,30
"study2_111",3,"study2",2,"self","higher_own_payoff","lower_own_payoff",4,30
"study2_111",3,"study2",3,"other","lower_own_payoff","lower_own_payoff",4,30
"study2_111",3,"study2",4,"other","higher_own_payoff","lower_own_payoff",4,30
"study2_111",4,"study2",1,"self","lower_own_payoff","lower_own_payoff",4,30
"study2_111",4,"study2",2,"self","higher_own_payoff","lower_own_payoff",4,30
"study2_111",4,"study2",3,"other","higher_own_payoff","lower_own_payoff",4,30
"study2_111",4,"study2",4,"other","lower_own_payoff","lower_own_payoff",4,30
"study2_111",5,"study2",1,"self","higher_own_payoff","lower_own_payoff",8,70
"study2_111",5,"study2",2,"other","higher_own_payoff","lower_own_payoff",8,70
"study2_111",5,"study2",3,"self","lower_own_payoff","lower_own_payoff",8,70
"study2_111",5,"study2",4,"other","lower_own_payoff","lower_own_payoff",8,70
"study2_111",5,"study2",5,"self","lower_own_payoff","lower_own_payoff",8,70
"study2_111",5,"study2",6,"other","lower_own_payoff","lower_own_payoff",8,70
"study2_111",5,"study2",7,"self","higher_own_payoff","lower_own_payoff",8,70
"study2_111",5,"study2",8,"other","higher_own_payoff","lower_own_payoff",8,70
"study2_111",6,"study2",1,"self","higher_own_payoff","higher_own_payoff",4,30
"study2_111",6,"study2",2,"self","lower_own_payoff","higher_own_payoff",4,30
"study2_111",6,"study2",3,"other","lower_own_payoff","higher_own_payoff",4,30
"study2_111",6,"study2",4,"other","higher_own_payoff","higher_own_payoff",4,30
"study2_111",7,"study2",1,"self","higher_own_payoff","higher_own_payoff",4,30
"study2_111",7,"study2",2,"self","lower_own_payoff","higher_own_payoff",4,30
"study2_111",7,"study2",3,"other","lower_own_payoff","higher_own_payoff",4,30
"study2_111",7,"study2",4,"other","higher_own_payoff","higher_own_payoff",4,30
"study2_111",8,"study2",1,"self","lower_own_payoff","lower_own_payoff",8,70
"study2_111",8,"study2",2,"other","lower_own_payoff","lower_own_payoff",8,70
"study2_111",8,"study2",3,"other","higher_own_payoff","lower_own_payoff",8,70
"study2_111",8,"study2",4,"self","higher_own_payoff","lower_own_payoff",8,70
"study2_111",8,"study2",5,"self","higher_own_payoff","lower_own_payoff",8,70
"study2_111",8,"study2",6,"other","higher_own_payoff","lower_own_payoff",8,70
"study2_111",8,"study2",7,"self","lower_own_payoff","lower_own_payoff",8,70
"study2_111",8,"study2",8,"other","lower_own_payoff","lower_own_payoff",8,70
"study2_111",9,"study2",1,"self","higher_own_payoff","lower_own_payoff",4,30
"study2_111",9,"study2",2,"other","higher_own_payoff","lower_own_payoff",4,30
"study2_111",9,"study2",3,"self","lower_own_payoff","lower_own_payoff",4,30
"study2_111",9,"study2",4,"other","lower_own_payoff","lower_own_payoff",4,30
"study2_111",10,"study2",1,"self","higher_own_payoff","lower_own_payoff",4,30
"study2_111",10,"study2",2,"other","higher_own_payoff","lower_own_payoff",4,30
"study2_111",10,"study2",3,"self","lower_own_payoff","lower_own_payoff",4,30
"study2_111",10,"study2",4,"other","lower_own_payoff","lower_own_payoff",4,30
"study2_111",11,"study2",1,"self","lower_own_payoff","higher_own_payoff",4,30
"study2_111",11,"study2",2,"other","lower_own_payoff","higher_own_payoff",4,30
"study2_111",11,"study2",3,"self","higher_own_payoff","higher_own_payoff",4,30
"study2_111",11,"study2",4,"other","higher_own_payoff","higher_own_payoff",4,30
"study2_111",12,"study2",1,"self","lower_own_payoff","lower_own_payoff",4,30
"study2_111",12,"study2",2,"other","lower_own_payoff","lower_own_payoff",4,30
"study2_111",12,"study2",3,"self","higher_own_payoff","lower_own_payoff",4,30
"study2_111",12,"study2",4,"other","higher_own_payoff","lower_own_payoff",4,30
"study2_111",13,"study2",1,"self","lower_own_payoff","higher_own_payoff",4,30
"study2_111",13,"study2",2,"other","lower_own_payoff","higher_own_payoff",4,30
"study2_111",13,"study2",3,"self","higher_own_payoff","higher_own_payoff",4,30
"study2_111",13,"study2",4,"other","higher_own_payoff","higher_own_payoff",4,30
"study2_111",14,"study2",1,"self","lower_own_payoff","higher_own_payoff",4,30
"study2_111",14,"study2",2,"other","lower_own_payoff","higher_own_payoff",4,30
"study2_111",14,"study2",3,"self","higher_own_payoff","higher_own_payoff",4,30
"study2_111",14,"study2",4,"other","higher_own_payoff","higher_own_payoff",4,30
"study2_111",15,"study2",1,"self","higher_own_payoff","lower_own_payoff",8,70
"study2_111",15,"study2",2,"other","higher_own_payoff","lower_own_payoff",8,70
"study2_111",15,"study2",3,"self","lower_own_payoff","lower_own_payoff",8,70
"study2_111",15,"study2",4,"other","lower_own_payoff","lower_own_payoff",8,70
"study2_111",15,"study2",5,"self","lower_own_payoff","lower_own_payoff",8,70
"study2_111",15,"study2",6,"other","lower_own_payoff","lower_own_payoff",8,70
"study2_111",15,"study2",7,"self","higher_own_payoff","lower_own_payoff",8,70
"study2_111",15,"study2",8,"other","higher_own_payoff","lower_own_payoff",8,70
"study2_111",16,"study2",1,"self","lower_own_payoff","higher_own_payoff",4,30
"study2_111",16,"study2",2,"other","lower_own_payoff","higher_own_payoff",4,30
"study2_111",16,"study2",3,"self","higher_own_payoff","higher_own_payoff",4,30
"study2_111",16,"study2",4,"other","higher_own_payoff","higher_own_payoff",4,30
"study2_111",17,"study2",1,"self","higher_own_payoff","lower_own_payoff",4,30
"study2_111",17,"study2",2,"other","higher_own_payoff","lower_own_payoff",4,30
"study2_111",17,"study2",3,"self","lower_own_payoff","lower_own_payoff",4,30
"study2_111",17,"study2",4,"other","lower_own_payoff","lower_own_payoff",4,30
"study2_111",18,"study2",1,"self","higher_own_payoff","higher_own_payoff",4,30
"study2_111",18,"study2",2,"other","higher_own_payoff","higher_own_payoff",4,30
"study2_111",18,"study2",3,"self","lower_own_payoff","higher_own_payoff",4,30
"study2_111",18,"study2",4,"other","lower_own_payoff","higher_own_payoff",4,30
"study2_111",19,"study2",1,"self","higher_own_payoff","higher_own_payoff",4,30
"study2_111",19,"study2",2,"other","higher_own_payoff","higher_own_payoff",4,30
"study2_111",19,"study2",3,"self","lower_own_payoff","higher_own_payoff",4,30
"study2_111",19,"study2",4,"other","lower_own_payoff","higher_own_payoff",4,30
"study2_111",20,"study2",1,"self","higher_own_payoff","higher_own_payoff",4,30
"study2_111",20,"study2",2,"other","higher_own_payoff","higher_own_payoff",4,30
"study2_111",20,"study2",3,"self","lower_own_payoff","higher_own_payoff",4,30
"study2_111",20,"study2",4,"other","lower_own_payoff","higher_own_payoff",4,30
"study2_111",21,"study2",1,"self","higher_own_payoff","lower_own_payoff",4,30
"study2_111",21,"study2",2,"other","higher_own_payoff","lower_own_payoff",4,30
"study2_111",21,"study2",3,"self","lower_own_payoff","lower_own_payoff",4,30
"study2_111",21,"study2",4,"other","lower_own_payoff","lower_own_payoff",4,30
"study2_111",22,"study2",1,"self","lower_own_payoff","lower_own_payoff",4,30
"study2_111",22,"study2",2,"other","lower_own_payoff","lower_own_payoff",4,30
"study2_111",22,"study2",3,"self","higher_own_payoff","lower_own_payoff",4,30
"study2_111",22,"study2",4,"other","higher_own_payoff","lower_own_payoff",4,30
"study2_111",23,"study2",1,"self","higher_own_payoff","higher_own_payoff",4,30
"study2_111",23,"study2",2,"other","higher_own_payoff","higher_own_payoff",4,30
"study2_111",23,"study2",3,"self","lower_own_payoff","higher_own_payoff",4,30
"study2_111",23,"study2",4,"other","lower_own_payoff","higher_own_payoff",4,30
"study2_111",24,"study2",1,"self","higher_own_payoff","lower_own_payoff",4,30
"study2_111",24,"study2",2,"other","higher_own_payoff","lower_own_payoff",4,30
"study2_111",24,"study2",3,"self","lower_own_payoff","lower_own_payoff",4,30
"study2_111",24,"study2",4,"other","lower_own_payoff","lower_own_payoff",4,30
"study2_112",1,"study2",1,"self","higher_own_payoff","higher_own_payoff",1,0
"study2_112",2,"study2",1,"self","lower_own_payoff","lower_own_payoff",1,0
"study2_112",3,"study2",1,"self","lower_own_payoff","lower_own_payoff",1,0
"study2_112",4,"study2",1,"self","higher_own_payoff","higher_own_payoff",2,10
"study2_112",4,"study2",2,"self","higher_own_payoff","higher_own_payoff",2,10
"study2_112",5,"study2",1,"self","higher_own_payoff","higher_own_payoff",1,0
"study2_112",6,"study2",1,"self","higher_own_payoff","higher_own_payoff",1,0
"study2_112",7,"study2",1,"self","lower_own_payoff","lower_own_payoff",2,10
"study2_112",7,"study2",2,"self","higher_own_payoff","lower_own_payoff",2,10
"study2_112",8,"study2",1,"self","lower_own_payoff","lower_own_payoff",2,10
"study2_112",8,"study2",2,"self","higher_own_payoff","lower_own_payoff",2,10
"study2_112",9,"study2",1,"self","lower_own_payoff","lower_own_payoff",4,30
"study2_112",9,"study2",2,"self","lower_own_payoff","lower_own_payoff",4,30
"study2_112",9,"study2",3,"self","higher_own_payoff","lower_own_payoff",4,30
"study2_112",9,"study2",4,"self","higher_own_payoff","lower_own_payoff",4,30
"study2_112",10,"study2",1,"self","lower_own_payoff","higher_own_payoff",4,30
"study2_112",10,"study2",2,"self","higher_own_payoff","higher_own_payoff",4,30
"study2_112",10,"study2",3,"self","higher_own_payoff","higher_own_payoff",4,30
"study2_112",10,"study2",4,"self","lower_own_payoff","higher_own_payoff",4,30
"study2_112",11,"study2",1,"self","lower_own_payoff","higher_own_payoff",2,10
"study2_112",11,"study2",2,"self","higher_own_payoff","higher_own_payoff",2,10
"study2_112",12,"study2",1,"self","lower_own_payoff","higher_own_payoff",4,30
"study2_112",12,"study2",2,"self","higher_own_payoff","higher_own_payoff",4,30
"study2_112",12,"study2",3,"self","higher_own_payoff","higher_own_payoff",4,30
"study2_112",12,"study2",4,"self","lower_own_payoff","higher_own_payoff",4,30
"study2_112",13,"study2",1,"self","lower_own_payoff","lower_own_payoff",1,0
"study2_112",14,"study2",1,"self","higher_own_payoff","lower_own_payoff",3,20
"study2_112",14,"study2",2,"self","lower_own_payoff","lower_own_payoff",3,20
"study2_112",14,"study2",3,"self","lower_own_payoff","lower_own_payoff",3,20
"study2_112",15,"study2",1,"self","higher_own_payoff","higher_own_payoff",1,0
"study2_112",16,"study2",1,"self","higher_own_payoff","higher_own_payoff",3,20
"study2_112",16,"study2",2,"self","higher_own_payoff","higher_own_payoff",3,20
"study2_112",16,"study2",3,"self","lower_own_payoff","higher_own_payoff",3,20
"study2_112",17,"study2",1,"self","higher_own_payoff","higher_own_payoff",4,30
"study2_112",17,"study2",2,"self","higher_own_payoff","higher_own_payoff",4,30
"study2_112",17,"study2",3,"self","lower_own_payoff","higher_own_payoff",4,30
"study2_112",17,"study2",4,"self","lower_own_payoff","higher_own_payoff",4,30
"study2_112",18,"study2",1,"self","higher_own_payoff","higher_own_payoff",4,30
"study2_112",18,"study2",2,"self","lower_own_payoff","higher_own_payoff",4,30
"study2_112",18,"study2",3,"self","higher_own_payoff","higher_own_payoff",4,30
"study2_112",18,"study2",4,"self","lower_own_payoff","higher_own_payoff",4,30
"study2_112",19,"study2",1,"self","higher_own_payoff","higher_own_payoff",1,0
"study2_112",20,"study2",1,"self","higher_own_payoff","lower_own_payoff",4,30
"study2_112",20,"study2",2,"self","lower_own_payoff","lower_own_payoff",4,30
"study2_112",20,"study2",3,"self","lower_own_payoff","lower_own_payoff",4,30
"study2_112",20,"study2",4,"self","higher_own_payoff","lower_own_payoff",4,30
"study2_112",21,"study2",1,"self","higher_own_payoff","lower_own_payoff",4,30
"study2_112",21,"study2",2,"self","lower_own_payoff","lower_own_payoff",4,30
"study2_112",21,"study2",3,"self","higher_own_payoff","lower_own_payoff",4,30
"study2_112",21,"study2",4,"self","lower_own_payoff","lower_own_payoff",4,30
"study2_112",22,"study2",1,"self","higher_own_payoff","higher_own_payoff",2,10
"study2_112",22,"study2",2,"self","lower_own_payoff","higher_own_payoff",2,10
"study2_112",23,"study2",1,"self","lower_own_payoff","lower_own_payoff",4,30
"study2_112",23,"study2",2,"self","lower_own_payoff","lower_own_payoff",4,30
"study2_112",23,"study2",3,"self","higher_own_payoff","lower_own_payoff",4,30
"study2_112",23,"study2",4,"self","higher_own_payoff","lower_own_payoff",4,30
"study2_112",24,"study2",1,"self","higher_own_payoff","higher_own_payoff",1,0
"study2_113",1,"study2",1,"self","higher_own_payoff","higher_own_payoff",1,0
"study2_113",2,"study2",1,"self","higher_own_payoff","higher_own_payoff",1,0
"study2_113",3,"study2",1,"self","higher_own_payoff","higher_own_payoff",2,10
"study2_113",3,"study2",2,"self","higher_own_payoff","higher_own_payoff",2,10
"study2_113",4,"study2",1,"self","higher_own_payoff","higher_own_payoff",2,10
"study2_113",4,"study2",2,"self","higher_own_payoff","higher_own_payoff",2,10
"study2_113",5,"study2",1,"self","higher_own_payoff","higher_own_payoff",2,10
"study2_113",5,"study2",2,"self","higher_own_payoff","higher_own_payoff",2,10
"study2_113",6,"study2",1,"self","higher_own_payoff","lower_own_payoff",2,10
"study2_113",6,"study2",2,"self","higher_own_payoff","lower_own_payoff",2,10
"study2_113",7,"study2",1,"self","higher_own_payoff","higher_own_payoff",2,10
"study2_113",7,"study2",2,"self","higher_own_payoff","higher_own_payoff",2,10
"study2_113",8,"study2",1,"self","higher_own_payoff","higher_own_payoff",2,10
"study2_113",8,"study2",2,"self","higher_own_payoff","higher_own_payoff",2,10
"study2_113",9,"study2",1,"self","higher_own_payoff","higher_own_payoff",1,0
"study2_113",10,"study2",1,"self","higher_own_payoff","higher_own_payoff",1,0
"study2_113",11,"study2",1,"self","higher_own_payoff","higher_own_payoff",1,0
"study2_113",12,"study2",1,"self","higher_own_payoff","higher_own_payoff",2,10
"study2_113",12,"study2",2,"self","higher_own_payoff","higher_own_payoff",2,10
"study2_113",13,"study2",1,"self","higher_own_payoff","lower_own_payoff",2,10
"study2_113",13,"study2",2,"self","higher_own_payoff","lower_own_payoff",2,10
"study2_113",14,"study2",1,"self","higher_own_payoff","higher_own_payoff",1,0
"study2_113",15,"study2",1,"self","higher_own_payoff","higher_own_payoff",1,0
"study2_113",16,"study2",1,"self","higher_own_payoff","lower_own_payoff",2,10
"study2_113",16,"study2",2,"self","lower_own_payoff","lower_own_payoff",2,10
"study2_113",17,"study2",1,"self","higher_own_payoff","higher_own_payoff",1,0
"study2_113",18,"study2",1,"self","higher_own_payoff","higher_own_payoff",1,0
"study2_113",19,"study2",1,"self","higher_own_payoff","higher_own_payoff",2,10
"study2_113",19,"study2",2,"self","lower_own_payoff","higher_own_payoff",2,10
"study2_113",20,"study2",1,"self","higher_own_payoff","higher_own_payoff",1,0
"study2_113",21,"study2",1,"self","higher_own_payoff","higher_own_payoff",1,0
"study2_113",22,"study2",1,"self","higher_own_payoff","higher_own_payoff",1,0
"study2_113",23,"study2",1,"self","higher_own_payoff","lower_own_payoff",2,10
"study2_113",23,"study2",2,"self","lower_own_payoff","lower_own_payoff",2,10
"study2_113",24,"study2",1,"self","higher_own_payoff","higher_own_payoff",1,0
"study2_114",1,"study2",1,"self","lower_own_payoff","lower_own_payoff",1,0
"study2_114",2,"study2",1,"self","lower_own_payoff","higher_own_payoff",1,0
"study2_114",3,"study2",1,"self","higher_own_payoff","higher_own_payoff",1,0
"study2_114",4,"study2",1,"self","higher_own_payoff","higher_own_payoff",1,0
"study2_114",5,"study2",1,"self","higher_own_payoff","higher_own_payoff",1,0
"study2_114",6,"study2",1,"self","higher_own_payoff","higher_own_payoff",1,0
"study2_114",7,"study2",1,"self","higher_own_payoff","higher_own_payoff",1,0
"study2_114",8,"study2",1,"self","higher_own_payoff","higher_own_payoff",1,0
"study2_114",9,"study2",1,"self","higher_own_payoff","higher_own_payoff",1,0
"study2_114",10,"study2",1,"self","higher_own_payoff","higher_own_payoff",1,0
"study2_114",11,"study2",1,"self","higher_own_payoff","higher_own_payoff",1,0
"study2_114",12,"study2",1,"self","higher_own_payoff","higher_own_payoff",1,0
"study2_114",13,"study2",1,"self","higher_own_payoff","higher_own_payoff",1,0
"study2_114",14,"study2",1,"self","higher_own_payoff","higher_own_payoff",1,0
"study2_114",15,"study2",1,"self","higher_own_payoff","higher_own_payoff",1,0
"study2_114",16,"study2",1,"self","higher_own_payoff","higher_own_payoff",1,0
"study2_114",17,"study2",1,"self","higher_own_payoff","higher_own_payoff",1,0
"study2_114",18,"study2",1,"self","higher_own_payoff","higher_own_payoff",1,0
"study2_114",19,"study2",1,"self","higher_own_payoff","higher_own_payoff",1,0
"study2_114",20,"study2",1,"self","higher_own_payoff","higher_own_payoff",1,0
"study2_114",21,"study2",1,"self","higher_own_payoff","higher_own_payoff",1,0
"study2_114",22,"study2",1,"self","higher_own_payoff","higher_own_payoff",1,0
"study2_114",23,"study2",1,"self","higher_own_payoff","higher_own_payoff",1,0
"study2_114",24,"study2",1,"self","higher_own_payoff","higher_own_payoff",1,0
"study2_115",1,"study2",1,"self","higher_own_payoff","higher_own_payoff",2,10
"study2_115",1,"study2",2,"self","lower_own_payoff","higher_own_payoff",2,10
"study2_115",2,"study2",1,"other","lower_own_payoff","lower_own_payoff",2,10
"study2_115",2,"study2",2,"self","lower_own_payoff","lower_own_payoff",2,10
"study2_115",3,"study2",1,"self","lower_own_payoff","higher_own_payoff",2,10
"study2_115",3,"study2",2,"self","higher_own_payoff","higher_own_payoff",2,10
"study2_115",4,"study2",1,"self","higher_own_payoff","higher_own_payoff",2,10
"study2_115",4,"study2",2,"other","lower_own_payoff","higher_own_payoff",2,10
"study2_115",5,"study2",1,"self","lower_own_payoff","lower_own_payoff",2,10
"study2_115",5,"study2",2,"other","lower_own_payoff","lower_own_payoff",2,10
"study2_115",6,"study2",1,"self","lower_own_payoff","higher_own_payoff",7,60
"study2_115",6,"study2",2,"other","lower_own_payoff","higher_own_payoff",7,60
"study2_115",6,"study2",3,"other","lower_own_payoff","higher_own_payoff",7,60
"study2_115",6,"study2",4,"self","lower_own_payoff","higher_own_payoff",7,60
"study2_115",6,"study2",5,"other","higher_own_payoff","higher_own_payoff",7,60
"study2_115",6,"study2",6,"self","higher_own_payoff","higher_own_payoff",7,60
"study2_115",6,"study2",7,"self","higher_own_payoff","higher_own_payoff",7,60
"study2_115",7,"study2",1,"other","higher_own_payoff","higher_own_payoff",2,10
"study2_115",7,"study2",2,"self","higher_own_payoff","higher_own_payoff",2,10
"study2_115",8,"study2",1,"other","higher_own_payoff","higher_own_payoff",2,10
"study2_115",8,"study2",2,"self","higher_own_payoff","higher_own_payoff",2,10
"study2_115",9,"study2",1,"other","higher_own_payoff","higher_own_payoff",2,10
"study2_115",9,"study2",2,"self","higher_own_payoff","higher_own_payoff",2,10
"study2_115",10,"study2",1,"self","lower_own_payoff","lower_own_payoff",2,10
"study2_115",10,"study2",2,"self","higher_own_payoff","lower_own_payoff",2,10
"study2_115",11,"study2",1,"self","higher_own_payoff","higher_own_payoff",2,10
"study2_115",11,"study2",2,"self","lower_own_payoff","higher_own_payoff",2,10
"study2_115",12,"study2",1,"other","lower_own_payoff","lower_own_payoff",3,20
"study2_115",12,"study2",2,"other","higher_own_payoff","lower_own_payoff",3,20
"study2_115",12,"study2",3,"self","higher_own_payoff","lower_own_payoff",3,20
"study2_115",13,"study2",1,"self","lower_own_payoff","higher_own_payoff",2,10
"study2_115",13,"study2",2,"self","lower_own_payoff","higher_own_payoff",2,10
"study2_115",14,"study2",1,"self","higher_own_payoff","higher_own_payoff",1,0
"study2_115",15,"study2",1,"self","higher_own_payoff","higher_own_payoff",1,0
"study2_115",16,"study2",1,"other","lower_own_payoff","lower_own_payoff",1,0
"study2_115",17,"study2",1,"self","lower_own_payoff","higher_own_payoff",2,10
"study2_115",17,"study2",2,"self","higher_own_payoff","higher_own_payoff",2,10
"study2_115",18,"study2",1,"other","lower_own_payoff","higher_own_payoff",4,30
"study2_115",18,"study2",2,"self","lower_own_payoff","higher_own_payoff",4,30
"study2_115",18,"study2",3,"other","higher_own_payoff","higher_own_payoff",4,30
"study2_115",18,"study2",4,"self","higher_own_payoff","higher_own_payoff",4,30
"study2_115",19,"study2",1,"self","lower_own_payoff","lower_own_payoff",2,10
"study2_115",19,"study2",2,"self","higher_own_payoff","lower_own_payoff",2,10
"study2_115",20,"study2",1,"self","higher_own_payoff","higher_own_payoff",1,0
"study2_115",21,"study2",1,"self","lower_own_payoff","lower_own_payoff",1,0
"study2_115",22,"study2",1,"self","higher_own_payoff","lower_own_payoff",2,10
"study2_115",22,"study2",2,"self","lower_own_payoff","lower_own_payoff",2,10
"study2_115",23,"study2",1,"self","higher_own_payoff","higher_own_payoff",1,0
"study2_115",24,"study2",1,"other","higher_own_payoff","higher_own_payoff",2,10
"study2_115",24,"study2",2,"self","higher_own_payoff","higher_own_payoff",2,10
"study2_116",1,"study2",1,"self","higher_own_payoff","higher_own_payoff",2,10
"study2_116",1,"study2",2,"self","lower_own_payoff","higher_own_payoff",2,10
"study2_116",2,"study2",1,"self","higher_own_payoff","higher_own_payoff",1,0
"study2_116",3,"study2",1,"self","higher_own_payoff","higher_own_payoff",2,10
"study2_116",3,"study2",2,"self","lower_own_payoff","higher_own_payoff",2,10
"study2_116",4,"study2",1,"self","higher_own_payoff","higher_own_payoff",1,0
"study2_116",5,"study2",1,"self","higher_own_payoff","higher_own_payoff",1,0
"study2_116",6,"study2",1,"self","higher_own_payoff","higher_own_payoff",1,0
"study2_116",7,"study2",1,"self","higher_own_payoff","higher_own_payoff",1,0
"study2_116",8,"study2",1,"self","higher_own_payoff","higher_own_payoff",2,10
"study2_116",8,"study2",2,"self","higher_own_payoff","higher_own_payoff",2,10
"study2_116",9,"study2",1,"self","higher_own_payoff","lower_own_payoff",1,0
"study2_116",10,"study2",1,"self","higher_own_payoff","higher_own_payoff",2,10
"study2_116",10,"study2",2,"self","lower_own_payoff","higher_own_payoff",2,10
"study2_116",11,"study2",1,"self","lower_own_payoff","lower_own_payoff",2,10
"study2_116",11,"study2",2,"self","higher_own_payoff","lower_own_payoff",2,10
"study2_116",12,"study2",1,"self","higher_own_payoff","lower_own_payoff",2,10
"study2_116",12,"study2",2,"self","lower_own_payoff","lower_own_payoff",2,10
"study2_116",13,"study2",1,"self","higher_own_payoff","lower_own_payoff",2,10
"study2_116",13,"study2",2,"self","lower_own_payoff","lower_own_payoff",2,10
"study2_116",14,"study2",1,"self","higher_own_payoff","higher_own_payoff",2,10
"study2_116",14,"study2",2,"self","lower_own_payoff","higher_own_payoff",2,10
"study2_116",15,"study2",1,"self","higher_own_payoff","higher_own_payoff",2,10
"study2_116",15,"study2",2,"self","lower_own_payoff","higher_own_payoff",2,10
"study2_116",16,"study2",1,"self","higher_own_payoff","higher_own_payoff",2,10
"study2_116",16,"study2",2,"self","lower_own_payoff","higher_own_payoff",2,10
"study2_116",17,"study2",1,"self","higher_own_payoff","lower_own_payoff",1,0
"study2_116",18,"study2",1,"self","higher_own_payoff","higher_own_payoff",2,10
"study2_116",18,"study2",2,"self","lower_own_payoff","higher_own_payoff",2,10
"study2_116",19,"study2",1,"self","lower_own_payoff","lower_own_payoff",2,10
"study2_116",19,"study2",2,"self","lower_own_payoff","lower_own_payoff",2,10
"study2_116",20,"study2",1,"self","higher_own_payoff","lower_own_payoff",2,10
"study2_116",20,"study2",2,"self","lower_own_payoff","lower_own_payoff",2,10
"study2_116",21,"study2",1,"self","higher_own_payoff","lower_own_payoff",2,10
"study2_116",21,"study2",2,"self","higher_own_payoff","lower_own_payoff",2,10
"study2_116",22,"study2",1,"self","higher_own_payoff","higher_own_payoff",2,10
"study2_116",22,"study2",2,"self","lower_own_payoff","higher_own_payoff",2,10
"study2_116",23,"study2",1,"self","higher_own_payoff","higher_own_payoff",2,10
"study2_116",23,"study2",2,"self","lower_own_payoff","higher_own_payoff",2,10
"study2_116",24,"study2",1,"self","higher_own_payoff","higher_own_payoff",1,0
"study2_118",1,"study2",1,"self","higher_own_payoff","higher_own_payoff",4,30
"study2_118",1,"study2",2,"self","higher_own_payoff","higher_own_payoff",4,30
"study2_118",1,"study2",3,"self","lower_own_payoff","higher_own_payoff",4,30
"study2_118",1,"study2",4,"self","lower_own_payoff","higher_own_payoff",4,30
"study2_118",2,"study2",1,"self","higher_own_payoff","lower_own_payoff",3,20
"study2_118",2,"study2",2,"self","lower_own_payoff","lower_own_payoff",3,20
"study2_118",2,"study2",3,"self","higher_own_payoff","lower_own_payoff",3,20
"study2_118",3,"study2",1,"self","higher_own_payoff","higher_own_payoff",3,20
"study2_118",3,"study2",2,"self","lower_own_payoff","higher_own_payoff",3,20
"study2_118",3,"study2",3,"self","lower_own_payoff","higher_own_payoff",3,20
"study2_118",4,"study2",1,"self","higher_own_payoff","lower_own_payoff",4,30
"study2_118",4,"study2",2,"self","lower_own_payoff","lower_own_payoff",4,30
"study2_118",4,"study2",3,"self","lower_own_payoff","lower_own_payoff",4,30
"study2_118",4,"study2",4,"self","higher_own_payoff","lower_own_payoff",4,30
"study2_118",5,"study2",1,"self","lower_own_payoff","lower_own_payoff",4,30
"study2_118",5,"study2",2,"self","lower_own_payoff","lower_own_payoff",4,30
"study2_118",5,"study2",3,"self","higher_own_payoff","lower_own_payoff",4,30
"study2_118",5,"study2",4,"self","higher_own_payoff","lower_own_payoff",4,30
"study2_118",6,"study2",1,"self","higher_own_payoff","higher_own_payoff",4,30
"study2_118",6,"study2",2,"self","higher_own_payoff","higher_own_payoff",4,30
"study2_118",6,"study2",3,"self","lower_own_payoff","higher_own_payoff",4,30
"study2_118",6,"study2",4,"self","lower_own_payoff","higher_own_payoff",4,30
"study2_118",7,"study2",1,"self","lower_own_payoff","higher_own_payoff",3,20
"study2_118",7,"study2",2,"self","lower_own_payoff","higher_own_payoff",3,20
"study2_118",7,"study2",3,"self","higher_own_payoff","higher_own_payoff",3,20
"study2_118",8,"study2",1,"self","higher_own_payoff","higher_own_payoff",4,30
"study2_118",8,"study2",2,"self","higher_own_payoff","higher_own_payoff",4,30
"study2_118",8,"study2",3,"self","lower_own_payoff","higher_own_payoff",4,30
"study2_118",8,"study2",4,"self","lower_own_payoff","higher_own_payoff",4,30
"study2_118",9,"study2",1,"self","higher_own_payoff","higher_own_payoff",4,30
"study2_118",9,"study2",2,"self","higher_own_payoff","higher_own_payoff",4,30
"study2_118",9,"study2",3,"self","lower_own_payoff","higher_own_payoff",4,30
"study2_118",9,"study2",4,"self","lower_own_payoff","higher_own_payoff",4,30
"study2_118",10,"study2",1,"self","higher_own_payoff","higher_own_payoff",2,10
"study2_118",10,"study2",2,"self","lower_own_payoff","higher_own_payoff",2,10
"study2_118",11,"study2",1,"self","higher_own_payoff","lower_own_payoff",3,20
"study2_118",11,"study2",2,"self","higher_own_payoff","lower_own_payoff",3,20
"study2_118",11,"study2",3,"self","lower_own_payoff","lower_own_payoff",3,20
"study2_118",12,"study2",1,"self","higher_own_payoff","higher_own_payoff",4,30
"study2_118",12,"study2",2,"self","higher_own_payoff","higher_own_payoff",4,30
"study2_118",12,"study2",3,"self","lower_own_payoff","higher_own_payoff",4,30
"study2_118",12,"study2",4,"self","lower_own_payoff","higher_own_payoff",4,30
"study2_118",13,"study2",1,"self","higher_own_payoff","higher_own_payoff",4,30
"study2_118",13,"study2",2,"self","higher_own_payoff","higher_own_payoff",4,30
"study2_118",13,"study2",3,"self","lower_own_payoff","higher_own_payoff",4,30
"study2_118",13,"study2",4,"self","lower_own_payoff","higher_own_payoff",4,30
"study2_118",14,"study2",1,"self","higher_own_payoff","lower_own_payoff",4,30
"study2_118",14,"study2",2,"self","lower_own_payoff","lower_own_payoff",4,30
"study2_118",14,"study2",3,"self","higher_own_payoff","lower_own_payoff",4,30
"study2_118",14,"study2",4,"self","lower_own_payoff","lower_own_payoff",4,30
"study2_118",15,"study2",1,"self","higher_own_payoff","lower_own_payoff",4,30
"study2_118",15,"study2",2,"self","lower_own_payoff","lower_own_payoff",4,30
"study2_118",15,"study2",3,"self","lower_own_payoff","lower_own_payoff",4,30
"study2_118",15,"study2",4,"self","higher_own_payoff","lower_own_payoff",4,30
"study2_118",16,"study2",1,"self","lower_own_payoff","higher_own_payoff",2,10
"study2_118",16,"study2",2,"self","lower_own_payoff","higher_own_payoff",2,10
"study2_118",17,"study2",1,"self","lower_own_payoff","higher_own_payoff",2,10
"study2_118",17,"study2",2,"self","lower_own_payoff","higher_own_payoff",2,10
"study2_118",18,"study2",1,"self","lower_own_payoff","higher_own_payoff",2,10
"study2_118",18,"study2",2,"self","lower_own_payoff","higher_own_payoff",2,10
"study2_118",19,"study2",1,"self","lower_own_payoff","lower_own_payoff",4,30
"study2_118",19,"study2",2,"self","lower_own_payoff","lower_own_payoff",4,30
"study2_118",19,"study2",3,"self","higher_own_payoff","lower_own_payoff",4,30
"study2_118",19,"study2",4,"self","higher_own_payoff","lower_own_payoff",4,30
"study2_118",20,"study2",1,"self","higher_own_payoff","lower_own_payoff",4,30
"study2_118",20,"study2",2,"self","higher_own_payoff","lower_own_payoff",4,30
"study2_118",20,"study2",3,"self","lower_own_payoff","lower_own_payoff",4,30
"study2_118",20,"study2",4,"self","lower_own_payoff","lower_own_payoff",4,30
"study2_118",21,"study2",1,"self","lower_own_payoff","higher_own_payoff",2,10
"study2_118",21,"study2",2,"self","lower_own_payoff","higher_own_payoff",2,10
"study2_118",22,"study2",1,"self","lower_own_payoff","lower_own_payoff",4,30
"study2_118",22,"study2",2,"self","lower_own_payoff","lower_own_payoff",4,30
"study2_118",22,"study2",3,"self","higher_own_payoff","lower_own_payoff",4,30
"study2_118",22,"study2",4,"self","higher_own_payoff","lower_own_payoff",4,30
"study2_118",23,"study2",1,"self","lower_own_payoff","lower_own_payoff",4,30
"study2_118",23,"study2",2,"self","lower_own_payoff","lower_own_payoff",4,30
"study2_118",23,"study2",3,"self","higher_own_payoff","lower_own_payoff",4,30
"study2_118",23,"study2",4,"self","higher_own_payoff","lower_own_payoff",4,30
"study2_118",24,"study2",1,"self","higher_own_payoff","lower_own_payoff",3,20
"study2_118",24,"study2",2,"self","higher_own_payoff","lower_own_payoff",3,20
"study2_118",24,"study2",3,"self","lower_own_payoff","lower_own_payoff",3,20
"study2_119",1,"study2",1,"self","higher_own_payoff","higher_own_payoff",2,10
"study2_119",1,"study2",2,"self","higher_own_payoff","higher_own_payoff",2,10
"study2_119",2,"study2",1,"self","higher_own_payoff","higher_own_payoff",1,0
"study2_119",3,"study2",1,"other","higher_own_payoff","lower_own_payoff",2,10
"study2_119",3,"study2",2,"self","lower_own_payoff","lower_own_payoff",2,10
"study2_119",4,"study2",1,"self","lower_own_payoff","lower_own_payoff",2,10
"study2_119",4,"study2",2,"self","higher_own_payoff","lower_own_payoff",2,10
"study2_119",5,"study2",1,"other","higher_own_payoff","higher_own_payoff",1,0
"study2_119",6,"study2",1,"self","higher_own_payoff","higher_own_payoff",1,0
"study2_119",7,"study2",1,"other","higher_own_payoff","higher_own_payoff",1,0
"study2_119",8,"study2",1,"other","higher_own_payoff","lower_own_payoff",3,20
"study2_119",8,"study2",2,"self","lower_own_payoff","lower_own_payoff",3,20
"study2_119",8,"study2",3,"other","lower_own_payoff","lower_own_payoff",3,20
"study2_119",9,"study2",1,"self","lower_own_payoff","lower_own_payoff",1,0
"study2_119",10,"study2",1,"self","lower_own_payoff","lower_own_payoff",1,0
"study2_119",11,"study2",1,"other","lower_own_payoff","higher_own_payoff",2,10
"study2_119",11,"study2",2,"other","higher_own_payoff","higher_own_payoff",2,10
"study2_119",12,"study2",1,"other","higher_own_payoff","lower_own_payoff",2,10
"study2_119",12,"study2",2,"self","lower_own_payoff","lower_own_payoff",2,10
"study2_119",13,"study2",1,"self","lower_own_payoff","higher_own_payoff",2,10
"study2_119",13,"study2",2,"self","lower_own_payoff","higher_own_payoff",2,10
"study2_119",14,"study2",1,"other","higher_own_payoff","higher_own_payoff",1,0
"study2_119",15,"study2",1,"self","lower_own_payoff","lower_own_payoff",1,0
"study2_119",16,"study2",1,"self","lower_own_payoff","lower_own_payoff",1,0
"study2_119",17,"study2",1,"self","lower_own_payoff","higher_own_payoff",2,10
"study2_119",17,"study2",2,"self","higher_own_payoff","higher_own_payoff",2,10
"study2_119",18,"study2",1,"self","lower_own_payoff","higher_own_payoff",1,0
"study2_119",19,"study2",1,"other","higher_own_payoff","higher_own_payoff",4,30
"study2_119",19,"study2",2,"self","lower_own_payoff","higher_own_payoff",4,30
"study2_119",19,"study2",3,"other","lower_own_payoff","higher_own_payoff",4,30
"study2_119",19,"study2",4,"self","higher_own_payoff","higher_own_payoff",4,30
"study2_119",20,"study2",1,"other","higher_own_payoff","lower_own_payoff",2,10
"study2_119",20,"study2",2,"self","lower_own_payoff","lower_own_payoff",2,10
"study2_119",21,"study2",1,"self","lower_own_payoff","lower_own_payoff",1,0
"study2_119",22,"study2",1,"other","higher_own_payoff","lower_own_payoff",3,20
"study2_119",22,"study2",2,"other","lower_own_payoff","lower_own_payoff",3,20
"study2_119",22,"study2",3,"self","lower_own_payoff","lower_own_payoff",3,20
"study2_119",23,"study2",1,"other","higher_own_payoff","lower_own_payoff",2,10
"study2_119",23,"study2",2,"self","lower_own_payoff","lower_own_payoff",2,10
"study2_119",24,"study2",1,"other","higher_own_payoff","higher_own_payoff",2,10
"study2_119",24,"study2",2,"self","lower_own_payoff","higher_own_payoff",2,10
"study2_12",1,"study2",1,"self","higher_own_payoff","higher_own_payoff",1,0
"study2_12",2,"study2",1,"self","higher_own_payoff","higher_own_payoff",1,0
"study2_12",3,"study2",1,"self","higher_own_payoff","higher_own_payoff",1,0
"study2_12",4,"study2",1,"self","higher_own_payoff","higher_own_payoff",1,0
"study2_12",5,"study2",1,"self","lower_own_payoff","lower_own_payoff",1,0
"study2_12",6,"study2",1,"self","lower_own_payoff","lower_own_payoff",1,0
"study2_12",7,"study2",1,"self","higher_own_payoff","higher_own_payoff",1,0
"study2_12",8,"study2",1,"self","lower_own_payoff","lower_own_payoff",1,0
"study2_12",9,"study2",1,"self","higher_own_payoff","higher_own_payoff",2,10
"study2_12",9,"study2",2,"self","lower_own_payoff","higher_own_payoff",2,10
"study2_12",10,"study2",1,"self","higher_own_payoff","higher_own_payoff",1,0
"study2_12",11,"study2",1,"self","higher_own_payoff","higher_own_payoff",1,0
"study2_12",12,"study2",1,"self","lower_own_payoff","lower_own_payoff",1,0
"study2_12",13,"study2",1,"self","higher_own_payoff","higher_own_payoff",1,0
"study2_12",14,"study2",1,"self","lower_own_payoff","lower_own_payoff",1,0
"study2_12",15,"study2",1,"self","higher_own_payoff","higher_own_payoff",1,0
"study2_12",16,"study2",1,"self","higher_own_payoff","higher_own_payoff",1,0
"study2_12",17,"study2",1,"self","lower_own_payoff","lower_own_payoff",1,0
"study2_12",18,"study2",1,"self","lower_own_payoff","lower_own_payoff",1,0
"study2_12",19,"study2",1,"self","higher_own_payoff","higher_own_payoff",1,0
"study2_12",20,"study2",1,"self","lower_own_payoff","lower_own_payoff",2,10
"study2_12",20,"study2",2,"self","higher_own_payoff","lower_own_payoff",2,10
"study2_12",21,"study2",1,"self","higher_own_payoff","lower_own_payoff",2,10
"study2_12",21,"study2",2,"self","lower_own_payoff","lower_own_payoff",2,10
"study2_12",22,"study2",1,"self","lower_own_payoff","higher_own_payoff",2,10
"study2_12",22,"study2",2,"self","higher_own_payoff","higher_own_payoff",2,10
"study2_12",23,"study2",1,"self","lower_own_payoff","higher_own_payoff",2,10
"study2_12",23,"study2",2,"self","higher_own_payoff","higher_own_payoff",2,10
"study2_12",24,"study2",1,"self","higher_own_payoff","lower_own_payoff",2,10
"study2_12",24,"study2",2,"self","lower_own_payoff","lower_own_payoff",2,10
"study2_120",1,"study2",1,"self","lower_own_payoff","lower_own_payoff",1,0
"study2_120",2,"study2",1,"self","higher_own_payoff","higher_own_payoff",1,0
"study2_120",3,"study2",1,"self","lower_own_payoff","lower_own_payoff",1,0
"study2_120",4,"study2",1,"self","lower_own_payoff","lower_own_payoff",1,0
"study2_120",5,"study2",1,"self","higher_own_payoff","higher_own_payoff",1,0
"study2_120",6,"study2",1,"self","higher_own_payoff","higher_own_payoff",1,0
"study2_120",7,"study2",1,"self","lower_own_payoff","lower_own_payoff",1,0
"study2_120",8,"study2",1,"self","higher_own_payoff","higher_own_payoff",2,10
"study2_120",8,"study2",2,"self","lower_own_payoff","higher_own_payoff",2,10
"study2_120",9,"study2",1,"self","higher_own_payoff","higher_own_payoff",1,0
"study2_120",10,"study2",1,"self","higher_own_payoff","higher_own_payoff",1,0
"study2_120",11,"study2",1,"self","lower_own_payoff","lower_own_payoff",1,0
"study2_120",12,"study2",1,"self","lower_own_payoff","lower_own_payoff",1,0
"study2_120",13,"study2",1,"self","higher_own_payoff","lower_own_payoff",1,0
"study2_120",14,"study2",1,"self","lower_own_payoff","higher_own_payoff",1,0
"study2_120",15,"study2",1,"self","higher_own_payoff","higher_own_payoff",2,10
"study2_120",15,"study2",2,"self","lower_own_payoff","higher_own_payoff",2,10
"study2_120",16,"study2",1,"self","lower_own_payoff","lower_own_payoff",1,0
"study2_120",17,"study2",1,"self","higher_own_payoff","lower_own_payoff",2,10
"study2_120",17,"study2",2,"self","lower_own_payoff","lower_own_payoff",2,10
"study2_120",18,"study2",1,"self","lower_own_payoff","higher_own_payoff",1,0
"study2_120",19,"study2",1,"self","higher_own_payoff","higher_own_payoff",1,0
"study2_120",20,"study2",1,"self","lower_own_payoff","lower_own_payoff",1,0
"study2_120",21,"study2",1,"self","higher_own_payoff","higher_own_payoff",1,0
"study2_120",22,"study2",1,"self","higher_own_payoff","higher_own_payoff",1,0
"study2_120",23,"study2",1,"self","higher_own_payoff","higher_own_payoff",2,10
"study2_120",23,"study2",2,"self","higher_own_payoff","higher_own_payoff",2,10
"study2_120",24,"study2",1,"self","higher_own_payoff","higher_own_payoff",1,0
"study2_121",1,"study2",1,"self","lower_own_payoff","higher_own_payoff",1,0
"study2_121",2,"study2",1,"self","lower_own_payoff","lower_own_payoff",1,0
"study2_121",3,"study2",1,"self","lower_own_payoff","lower_own_payoff",1,0
"study2_121",4,"study2",1,"self","lower_own_payoff","higher_own_payoff",1,0
"study2_121",5,"study2",1,"self","higher_own_payoff","higher_own_payoff",1,0
"study2_121",6,"study2",1,"self","higher_own_payoff","higher_own_payoff",1,0
"study2_121",7,"study2",1,"self","higher_own_payoff","higher_own_payoff",1,0
"study2_121",8,"study2",1,"self","lower_own_payoff","lower_own_payoff",1,0
"study2_121",9,"study2",1,"self","lower_own_payoff","lower_own_payoff",1,0
"study2_121",10,"study2",1,"self","higher_own_payoff","lower_own_payoff",1,0
"study2_121",11,"study2",1,"self","higher_own_payoff","lower_own_payoff",1,0
"study2_121",12,"study2",1,"self","lower_own_payoff","higher_own_payoff",1,0
"study2_121",13,"study2",1,"self","lower_own_payoff","lower_own_payoff",1,0
"study2_121",14,"study2",1,"self","lower_own_payoff","higher_own_payoff",1,0
"study2_121",15,"study2",1,"self","lower_own_payoff","lower_own_payoff",1,0
"study2_121",16,"study2",1,"self","lower_own_payoff","higher_own_payoff",1,0
"study2_121",17,"study2",1,"self","lower_own_payoff","lower_own_payoff",1,0
"study2_121",18,"study2",1,"self","lower_own_payoff","higher_own_payoff",1,0
"study2_121",19,"study2",1,"self","lower_own_payoff","higher_own_payoff",1,0
"study2_121",20,"study2",1,"self","lower_own_payoff","higher_own_payoff",1,0
"study2_121",21,"study2",1,"self","lower_own_payoff","lower_own_payoff",1,0
"study2_121",22,"study2",1,"self","lower_own_payoff","higher_own_payoff",1,0
"study2_121",23,"study2",1,"self","lower_own_payoff","higher_own_payoff",1,0
"study2_121",24,"study2",1,"self","lower_own_payoff","higher_own_payoff",1,0
"study2_122",1,"study2",1,"self","higher_own_payoff","higher_own_payoff",1,0
"study2_122",2,"study2",1,"self","higher_own_payoff","higher_own_payoff",1,0
"study2_122",3,"study2",1,"self","higher_own_payoff","higher_own_payoff",1,0
"study2_122",4,"study2",1,"self","higher_own_payoff","higher_own_payoff",1,0
"study2_122",5,"study2",1,"self","lower_own_payoff","lower_own_payoff",1,0
"study2_122",6,"study2",1,"self","lower_own_payoff","higher_own_payoff",1,0
"study2_122",7,"study2",1,"self","higher_own_payoff","higher_own_payoff",1,0
"study2_122",8,"study2",1,"self","lower_own_payoff","higher_own_payoff",1,0
"study2_122",9,"study2",1,"self","lower_own_payoff","higher_own_payoff",1,0
"study2_122",10,"study2",1,"self","lower_own_payoff","higher_own_payoff",1,0
"study2_122",11,"study2",1,"self","lower_own_payoff","higher_own_payoff",1,0
"study2_122",12,"study2",1,"self","lower_own_payoff","higher_own_payoff",1,0
"study2_122",13,"study2",1,"self","lower_own_payoff","higher_own_payoff",1,0
"study2_122",14,"study2",1,"self","lower_own_payoff","higher_own_payoff",1,0
"study2_122",15,"study2",1,"self","lower_own_payoff","higher_own_payoff",1,0
"study2_122",16,"study2",1,"self","lower_own_payoff","higher_own_payoff",1,0
"study2_122",17,"study2",1,"self","lower_own_payoff","higher_own_payoff",1,0
"study2_122",18,"study2",1,"self","lower_own_payoff","higher_own_payoff",1,0
"study2_122",19,"study2",1,"self","lower_own_payoff","higher_own_payoff",1,0
"study2_122",20,"study2",1,"self","lower_own_payoff","higher_own_payoff",1,0
"study2_122",21,"study2",1,"self","lower_own_payoff","higher_own_payoff",1,0
"study2_122",22,"study2",1,"self","lower_own_payoff","higher_own_payoff",1,0
"study2_122",23,"study2",1,"self","lower_own_payoff","higher_own_payoff",1,0
"study2_122",24,"study2",1,"self","lower_own_payoff","higher_own_payoff",1,0
"study2_123",1,"study2",1,"self","higher_own_payoff","higher_own_payoff",2,10
"study2_123",1,"study2",2,"self","lower_own_payoff","higher_own_payoff",2,10
"study2_123",2,"study2",1,"self","higher_own_payoff","higher_own_payoff",3,20
"study2_123",2,"study2",2,"self","lower_own_payoff","higher_own_payoff",3,20
"study2_123",2,"study2",3,"self","higher_own_payoff","higher_own_payoff",3,20
"study2_123",3,"study2",1,"self","higher_own_payoff","higher_own_payoff",2,10
"study2_123",3,"study2",2,"self","higher_own_payoff","higher_own_payoff",2,10
"study2_123",4,"study2",1,"self","higher_own_payoff","higher_own_payoff",2,10
"study2_123",4,"study2",2,"self","lower_own_payoff","higher_own_payoff",2,10
"study2_123",5,"study2",1,"self","lower_own_payoff","higher_own_payoff",2,10
"study2_123",5,"study2",2,"self","lower_own_payoff","higher_own_payoff",2,10
"study2_123",6,"study2",1,"self","lower_own_payoff","lower_own_payoff",2,10
"study2_123",6,"study2",2,"self","lower_own_payoff","lower_own_payoff",2,10
"study2_123",7,"study2",1,"self","higher_own_payoff","higher_own_payoff",1,0
"study2_123",8,"study2",1,"self","lower_own_payoff","lower_own_payoff",2,10
"study2_123",8,"study2",2,"self","higher_own_payoff","lower_own_payoff",2,10
"study2_123",9,"study2",1,"self","higher_own_payoff","higher_own_payoff",3,20
"study2_123",9,"study2",2,"self","higher_own_payoff","higher_own_payoff",3,20
"study2_123",9,"study2",3,"self","lower_own_payoff","higher_own_payoff",3,20
"study2_123",10,"study2",1,"self","lower_own_payoff","lower_own_payoff",1,0
"study2_123",11,"study2",1,"self","higher_own_payoff","lower_own_payoff",2,10
"study2_123",11,"study2",2,"self","higher_own_payoff","lower_own_payoff",2,10
"study2_123",12,"study2",1,"self","higher_own_payoff","higher_own_payoff",2,10
"study2_123",12,"study2",2,"self","higher_own_payoff","higher_own_payoff",2,10
"study2_123",13,"study2",1,"self","higher_own_payoff","higher_own_payoff",1,0
"study2_123",14,"study2",1,"self","higher_own_payoff","lower_own_payoff",2,10
"study2_123",14,"study2",2,"self","lower_own_payoff","lower_own_payoff",2,10
"study2_123",15,"study2",1,"self","higher_own_payoff","higher_own_payoff",2,10
"study2_123",15,"study2",2,"self","higher_own_payoff","higher_own_payoff",2,10
"study2_123",16,"study2",1,"self","lower_own_payoff","higher_own_payoff",2,10
"study2_123",16,"study2",2,"self","higher_own_payoff","higher_own_payoff",2,10
"study2_123",17,"study2",1,"self","higher_own_payoff","higher_own_payoff",2,10
"study2_123",17,"study2",2,"self","higher_own_payoff","higher_own_payoff",2,10
"study2_123",18,"study2",1,"self","higher_own_payoff","higher_own_payoff",1,0
"study2_123",19,"study2",1,"self","higher_own_payoff","higher_own_payoff",3,20
"study2_123",19,"study2",2,"self","lower_own_payoff","higher_own_payoff",3,20
"study2_123",19,"study2",3,"self","lower_own_payoff","higher_own_payoff",3,20
"study2_123",20,"study2",1,"self","higher_own_payoff","higher_own_payoff",1,0
"study2_123",21,"study2",1,"self","higher_own_payoff","higher_own_payoff",2,10
"study2_123",21,"study2",2,"self","lower_own_payoff","higher_own_payoff",2,10
"study2_123",22,"study2",1,"self","higher_own_payoff","higher_own_payoff",2,10
"study2_123",22,"study2",2,"self","lower_own_payoff","higher_own_payoff",2,10
"study2_123",23,"study2",1,"self","higher_own_payoff","higher_own_payoff",1,0
"study2_123",24,"study2",1,"self","higher_own_payoff","lower_own_payoff",3,20
"study2_123",24,"study2",2,"self","lower_own_payoff","lower_own_payoff",3,20
"study2_123",24,"study2",3,"self","lower_own_payoff","lower_own_payoff",3,20
"study2_124",1,"study2",1,"self","lower_own_payoff","higher_own_payoff",2,10
"study2_124",1,"study2",2,"self","higher_own_payoff","higher_own_payoff",2,10
"study2_124",2,"study2",1,"self","higher_own_payoff","higher_own_payoff",1,0
"study2_124",3,"study2",1,"other","higher_own_payoff","higher_own_payoff",1,0
"study2_124",4,"study2",1,"other","higher_own_payoff","higher_own_payoff",1,0
"study2_124",5,"study2",1,"other","higher_own_payoff","higher_own_payoff",1,0
"study2_124",6,"study2",1,"self","lower_own_payoff","lower_own_payoff",1,0
"study2_124",7,"study2",1,"other","higher_own_payoff","higher_own_payoff",1,0
"study2_124",8,"study2",1,"self","lower_own_payoff","higher_own_payoff",1,0
"study2_124",9,"study2",1,"other","higher_own_payoff","lower_own_payoff",1,0
"study2_124",10,"study2",1,"self","higher_own_payoff","higher_own_payoff",1,0
"study2_124",11,"study2",1,"other","higher_own_payoff","lower_own_payoff",1,0
"study2_124",12,"study2",1,"other","higher_own_payoff","lower_own_payoff",1,0
"study2_124",13,"study2",1,"self","lower_own_payoff","higher_own_payoff",1,0
"study2_124",14,"study2",1,"self","lower_own_payoff","higher_own_payoff",1,0
"study2_124",15,"study2",1,"self","lower_own_payoff","higher_own_payoff",1,0
"study2_124",16,"study2",1,"self","lower_own_payoff","higher_own_payoff",2,10
"study2_124",16,"study2",2,"self","higher_own_payoff","higher_own_payoff",2,10
"study2_124",17,"study2",1,"self","lower_own_payoff","higher_own_payoff",1,0
"study2_124",18,"study2",1,"self","lower_own_payoff","higher_own_payoff",1,0
"study2_124",19,"study2",1,"self","higher_own_payoff","higher_own_payoff",2,10
"study2_124",19,"study2",2,"other","higher_own_payoff","higher_own_payoff",2,10
"study2_124",20,"study2",1,"self","lower_own_payoff","lower_own_payoff",1,0
"study2_124",21,"study2",1,"self","lower_own_payoff","lower_own_payoff",2,10
"study2_124",21,"study2",2,"other","lower_own_payoff","lower_own_payoff",2,10
"study2_124",22,"study2",1,"self","lower_own_payoff","lower_own_payoff",1,0
"study2_124",23,"study2",1,"self","lower_own_payoff","lower_own_payoff",1,0
"study2_124",24,"study2",1,"self","lower_own_payoff","lower_own_payoff",1,0
"study2_125",1,"study2",1,"self","lower_own_payoff","lower_own_payoff",1,0
"study2_125",2,"study2",1,"self","higher_own_payoff","higher_own_payoff",2,10
"study2_125",2,"study2",2,"other","lower_own_payoff","higher_own_payoff",2,10
"study2_125",3,"study2",1,"self","higher_own_payoff","higher_own_payoff",3,20
"study2_125",3,"study2",2,"other","lower_own_payoff","higher_own_payoff",3,20
"study2_125",3,"study2",3,"other","higher_own_payoff","higher_own_payoff",3,20
"study2_125",4,"study2",1,"self","lower_own_payoff","lower_own_payoff",3,20
"study2_125",4,"study2",2,"other","lower_own_payoff","lower_own_payoff",3,20
"study2_125",4,"study2",3,"self","higher_own_payoff","lower_own_payoff",3,20
"study2_125",5,"study2",1,"other","higher_own_payoff","higher_own_payoff",2,10
"study2_125",5,"study2",2,"self","higher_own_payoff","higher_own_payoff",2,10
"study2_125",6,"study2",1,"self","lower_own_payoff","lower_own_payoff",1,0
"study2_125",7,"study2",1,"self","higher_own_payoff","higher_own_payoff",3,20
"study2_125",7,"study2",2,"other","higher_own_payoff","higher_own_payoff",3,20
"study2_125",7,"study2",3,"self","lower_own_payoff","higher_own_payoff",3,20
"study2_125",8,"study2",1,"self","lower_own_payoff","lower_own_payoff",2,10
"study2_125",8,"study2",2,"other","lower_own_payoff","lower_own_payoff",2,10
"study2_125",9,"study2",1,"self","lower_own_payoff","higher_own_payoff",4,30
"study2_125",9,"study2",2,"self","higher_own_payoff","higher_own_payoff",4,30
"study2_125",9,"study2",3,"other","higher_own_payoff","higher_own_payoff",4,30
"study2_125",9,"study2",4,"other","lower_own_payoff","higher_own_payoff",4,30
"study2_125",10,"study2",1,"other","higher_own_payoff","lower_own_payoff",4,30
"study2_125",10,"study2",2,"other","lower_own_payoff","lower_own_payoff",4,30
"study2_125",10,"study2",3,"self","lower_own_payoff","lower_own_payoff",4,30
"study2_125",10,"study2",4,"self","higher_own_payoff","lower_own_payoff",4,30
"study2_125",11,"study2",1,"other","higher_own_payoff","lower_own_payoff",2,10
"study2_125",11,"study2",2,"self","lower_own_payoff","lower_own_payoff",2,10
"study2_125",12,"study2",1,"self","lower_own_payoff","higher_own_payoff",4,30
"study2_125",12,"study2",2,"self","higher_own_payoff","higher_own_payoff",4,30
"study2_125",12,"study2",3,"other","higher_own_payoff","higher_own_payoff",4,30
"study2_125",12,"study2",4,"other","lower_own_payoff","higher_own_payoff",4,30
"study2_125",13,"study2",1,"self","lower_own_payoff","higher_own_payoff",4,30
"study2_125",13,"study2",2,"other","higher_own_payoff","higher_own_payoff",4,30
"study2_125",13,"study2",3,"self","higher_own_payoff","higher_own_payoff",4,30
"study2_125",13,"study2",4,"other","lower_own_payoff","higher_own_payoff",4,30
"study2_125",14,"study2",1,"self","higher_own_payoff","higher_own_payoff",2,10
"study2_125",14,"study2",2,"self","lower_own_payoff","higher_own_payoff",2,10
"study2_125",15,"study2",1,"self","lower_own_payoff","lower_own_payoff",2,10
"study2_125",15,"study2",2,"self","higher_own_payoff","lower_own_payoff",2,10
"study2_125",16,"study2",1,"other","higher_own_payoff","higher_own_payoff",4,30
"study2_125",16,"study2",2,"other","lower_own_payoff","higher_own_payoff",4,30
"study2_125",16,"study2",3,"self","lower_own_payoff","higher_own_payoff",4,30
"study2_125",16,"study2",4,"self","higher_own_payoff","higher_own_payoff",4,30
"study2_125",17,"study2",1,"self","lower_own_payoff","higher_own_payoff",1,0
"study2_125",18,"study2",1,"self","lower_own_payoff","lower_own_payoff",1,0
"study2_125",19,"study2",1,"self","lower_own_payoff","lower_own_payoff",1,0
"study2_125",20,"study2",1,"self","lower_own_payoff","lower_own_payoff",1,0
"study2_125",21,"study2",1,"other","lower_own_payoff","lower_own_payoff",2,10
"study2_125",21,"study2",2,"self","lower_own_payoff","lower_own_payoff",2,10
"study2_125",22,"study2",1,"other","lower_own_payoff","lower_own_payoff",1,0
"study2_125",23,"study2",1,"self","lower_own_payoff","lower_own_payoff",1,0
"study2_125",24,"study2",1,"self","lower_own_payoff","lower_own_payoff",1,0
"study2_126",1,"study2",1,"self","lower_own_payoff","lower_own_payoff",1,0
"study2_126",2,"study2",1,"self","higher_own_payoff","higher_own_payoff",1,0
"study2_126",3,"study2",1,"self","higher_own_payoff","higher_own_payoff",1,0
"study2_126",4,"study2",1,"self","higher_own_payoff","higher_own_payoff",1,0
"study2_126",5,"study2",1,"self","higher_own_payoff","higher_own_payoff",1,0
"study2_126",6,"study2",1,"self","higher_own_payoff","higher_own_payoff",1,0
"study2_126",7,"study2",1,"self","higher_own_payoff","higher_own_payoff",1,0
"study2_126",8,"study2",1,"self","higher_own_payoff","higher_own_payoff",1,0
"study2_126",9,"study2",1,"self","higher_own_payoff","lower_own_payoff",3,20
"study2_126",9,"study2",2,"self","higher_own_payoff","lower_own_payoff",3,20
"study2_126",9,"study2",3,"self","lower_own_payoff","lower_own_payoff",3,20
"study2_126",10,"study2",1,"self","higher_own_payoff","higher_own_payoff",1,0
"study2_126",11,"study2",1,"self","higher_own_payoff","higher_own_payoff",1,0
"study2_126",12,"study2",1,"self","higher_own_payoff","higher_own_payoff",1,0
"study2_126",13,"study2",1,"self","lower_own_payoff","lower_own_payoff",1,0
"study2_126",14,"study2",1,"self","lower_own_payoff","lower_own_payoff",1,0
"study2_126",15,"study2",1,"self","higher_own_payoff","higher_own_payoff",1,0
"study2_126",16,"study2",1,"self","higher_own_payoff","higher_own_payoff",1,0
"study2_126",17,"study2",1,"self","higher_own_payoff","higher_own_payoff",1,0
"study2_126",18,"study2",1,"self","higher_own_payoff","higher_own_payoff",1,0
"study2_126",19,"study2",1,"self","higher_own_payoff","higher_own_payoff",1,0
"study2_126",20,"study2",1,"self","higher_own_payoff","higher_own_payoff",2,10
"study2_126",20,"study2",2,"self","lower_own_payoff","higher_own_payoff",2,10
"study2_126",21,"study2",1,"self","higher_own_payoff","lower_own_payoff",2,10
"study2_126",21,"study2",2,"self","lower_own_payoff","lower_own_payoff",2,10
"study2_126",22,"study2",1,"self","higher_own_payoff","lower_own_payoff",2,10
"study2_126",22,"study2",2,"self","lower_own_payoff","lower_own_payoff",2,10
"study2_126",23,"study2",1,"self","higher_own_payoff","lower_own_payoff",2,10
"study2_126",23,"study2",2,"self","lower_own_payoff","lower_own_payoff",2,10
"study2_126",24,"study2",1,"self","higher_own_payoff","higher_own_payoff",1,0
"study2_127",1,"study2",1,"self","higher_own_payoff","higher_own_payoff",1,0
"study2_127",2,"study2",1,"self","higher_own_payoff","higher_own_payoff",1,0
"study2_127",3,"study2",1,"self","higher_own_payoff","higher_own_payoff",1,0
"study2_127",4,"study2",1,"self","higher_own_payoff","higher_own_payoff",1,0
"study2_127",5,"study2",1,"self","lower_own_payoff","lower_own_payoff",1,0
"study2_127",6,"study2",1,"self","higher_own_payoff","higher_own_payoff",1,0
"study2_127",7,"study2",1,"self","higher_own_payoff","higher_own_payoff",1,0
"study2_127",8,"study2",1,"self","higher_own_payoff","higher_own_payoff",1,0
"study2_127",9,"study2",1,"self","higher_own_payoff","higher_own_payoff",1,0
"study2_127",10,"study2",1,"self","higher_own_payoff","higher_own_payoff",1,0
"study2_127",11,"study2",1,"self","higher_own_payoff","higher_own_payoff",1,0
"study2_127",12,"study2",1,"self","higher_own_payoff","higher_own_payoff",1,0
"study2_127",13,"study2",1,"self","higher_own_payoff","higher_own_payoff",1,0
"study2_127",14,"study2",1,"self","higher_own_payoff","higher_own_payoff",1,0
"study2_127",15,"study2",1,"self","lower_own_payoff","lower_own_payoff",1,0
"study2_127",16,"study2",1,"self","higher_own_payoff","higher_own_payoff",1,0
"study2_127",17,"study2",1,"self","higher_own_payoff","lower_own_payoff",1,0
"study2_127",18,"study2",1,"self","higher_own_payoff","higher_own_payoff",1,0
"study2_127",19,"study2",1,"self","higher_own_payoff","higher_own_payoff",1,0
"study2_127",20,"study2",1,"self","higher_own_payoff","lower_own_payoff",2,10
"study2_127",20,"study2",2,"self","lower_own_payoff","lower_own_payoff",2,10
"study2_127",21,"study2",1,"self","higher_own_payoff","higher_own_payoff",1,0
"study2_127",22,"study2",1,"self","higher_own_payoff","lower_own_payoff",1,0
"study2_127",23,"study2",1,"self","lower_own_payoff","lower_own_payoff",1,0
"study2_127",24,"study2",1,"self","higher_own_payoff","higher_own_payoff",1,0
"study2_128",1,"study2",1,"self","lower_own_payoff","higher_own_payoff",1,0
"study2_128",2,"study2",1,"self","higher_own_payoff","higher_own_payoff",2,10
"study2_128",2,"study2",2,"self","lower_own_payoff","higher_own_payoff",2,10
"study2_128",3,"study2",1,"self","lower_own_payoff","lower_own_payoff",1,0
"study2_128",4,"study2",1,"self","higher_own_payoff","higher_own_payoff",1,0
"study2_128",5,"study2",1,"other","lower_own_payoff","higher_own_payoff",2,10
"study2_128",5,"study2",2,"self","higher_own_payoff","higher_own_payoff",2,10
"study2_128",6,"study2",1,"self","lower_own_payoff","lower_own_payoff",1,0
"study2_128",7,"study2",1,"self","lower_own_payoff","higher_own_payoff",1,0
"study2_128",8,"study2",1,"self","higher_own_payoff","higher_own_payoff",1,0
"study2_128",9,"study2",1,"self","higher_own_payoff","higher_own_payoff",1,0
"study2_128",10,"study2",1,"self","higher_own_payoff","higher_own_payoff",1,0
"study2_128",11,"study2",1,"self","higher_own_payoff","higher_own_payoff",2,10
"study2_128",11,"study2",2,"self","lower_own_payoff","higher_own_payoff",2,10
"study2_128",12,"study2",1,"self","higher_own_payoff","higher_own_payoff",1,0
"study2_128",13,"study2",1,"self","higher_own_payoff","higher_own_payoff",1,0
"study2_128",14,"study2",1,"self","higher_own_payoff","lower_own_payoff",2,10
"study2_128",14,"study2",2,"self","lower_own_payoff","lower_own_payoff",2,10
"study2_128",15,"study2",1,"self","higher_own_payoff","higher_own_payoff",1,0
"study2_128",16,"study2",1,"self","higher_own_payoff","higher_own_payoff",2,10
"study2_128",16,"study2",2,"self","lower_own_payoff","higher_own_payoff",2,10
"study2_128",17,"study2",1,"self","higher_own_payoff","higher_own_payoff",1,0
"study2_128",18,"study2",1,"self","higher_own_payoff","higher_own_payoff",1,0
"study2_128",19,"study2",1,"self","higher_own_payoff","lower_own_payoff",2,10
"study2_128",19,"study2",2,"self","lower_own_payoff","lower_own_payoff",2,10
"study2_128",20,"study2",1,"self","higher_own_payoff","higher_own_payoff",1,0
"study2_128",21,"study2",1,"self","higher_own_payoff","higher_own_payoff",1,0
"study2_128",22,"study2",1,"self","higher_own_payoff","higher_own_payoff",1,0
"study2_128",23,"study2",1,"self","higher_own_payoff","higher_own_payoff",2,10
"study2_128",23,"study2",2,"self","lower_own_payoff","higher_own_payoff",2,10
"study2_128",24,"study2",1,"self","higher_own_payoff","lower_own_payoff",2,10
"study2_128",24,"study2",2,"self","lower_own_payoff","lower_own_payoff",2,10
"study2_129",1,"study2",1,"self","higher_own_payoff","lower_own_payoff",1,0
"study2_129",2,"study2",1,"self","higher_own_payoff","higher_own_payoff",1,0
"study2_129",3,"study2",1,"self","lower_own_payoff","lower_own_payoff",1,0
"study2_129",4,"study2",1,"self","higher_own_payoff","higher_own_payoff",1,0
"study2_129",5,"study2",1,"self","higher_own_payoff","higher_own_payoff",2,10
"study2_129",5,"study2",2,"self","lower_own_payoff","higher_own_payoff",2,10
"study2_129",6,"study2",1,"self","higher_own_payoff","lower_own_payoff",1,0
"study2_129",7,"study2",1,"self","higher_own_payoff","higher_own_payoff",1,0
"study2_129",8,"study2",1,"self","higher_own_payoff","higher_own_payoff",1,0
"study2_129",9,"study2",1,"self","higher_own_payoff","higher_own_payoff",1,0
"study2_129",10,"study2",1,"self","lower_own_payoff","higher_own_payoff",1,0
"study2_129",11,"study2",1,"self","higher_own_payoff","higher_own_payoff",1,0
"study2_129",12,"study2",1,"self","higher_own_payoff","higher_own_payoff",1,0
"study2_129",13,"study2",1,"self","higher_own_payoff","higher_own_payoff",1,0
"study2_129",14,"study2",1,"self","higher_own_payoff","higher_own_payoff",1,0
"study2_129",15,"study2",1,"self","lower_own_payoff","higher_own_payoff",1,0
"study2_129",16,"study2",1,"self","lower_own_payoff","lower_own_payoff",1,0
"study2_129",17,"study2",1,"self","higher_own_payoff","higher_own_payoff",1,0
"study2_129",18,"study2",1,"self","higher_own_payoff","higher_own_payoff",1,0
"study2_129",19,"study2",1,"self","higher_own_payoff","higher_own_payoff",1,0
"study2_129",20,"study2",1,"self","higher_own_payoff","higher_own_payoff",1,0
"study2_129",21,"study2",1,"self","higher_own_payoff","higher_own_payoff",1,0
"study2_129",22,"study2",1,"self","higher_own_payoff","higher_own_payoff",1,0
"study2_129",23,"study2",1,"self","higher_own_payoff","lower_own_payoff",1,0
"study2_129",24,"study2",1,"self","higher_own_payoff","higher_own_payoff",1,0
"study2_130",1,"study2",1,"self","higher_own_payoff","lower_own_payoff",2,10
"study2_130",1,"study2",2,"self","lower_own_payoff","lower_own_payoff",2,10
"study2_130",2,"study2",1,"self","higher_own_payoff","higher_own_payoff",2,10
"study2_130",2,"study2",2,"self","lower_own_payoff","higher_own_payoff",2,10
"study2_130",3,"study2",1,"self","higher_own_payoff","lower_own_payoff",2,10
"study2_130",3,"study2",2,"self","lower_own_payoff","lower_own_payoff",2,10
"study2_130",4,"study2",1,"self","higher_own_payoff","lower_own_payoff",2,10
"study2_130",4,"study2",2,"self","lower_own_payoff","lower_own_payoff",2,10
"study2_130",5,"study2",1,"self","higher_own_payoff","higher_own_payoff",2,10
"study2_130",5,"study2",2,"self","higher_own_payoff","higher_own_payoff",2,10
"study2_130",6,"study2",1,"self","lower_own_payoff","lower_own_payoff",1,0
"study2_130",7,"study2",1,"self","higher_own_payoff","higher_own_payoff",2,10
"study2_130",7,"study2",2,"self","lower_own_payoff","higher_own_payoff",2,10
"study2_130",8,"study2",1,"self","higher_own_payoff","higher_own_payoff",2,10
"study2_130",8,"study2",2,"self","higher_own_payoff","higher_own_payoff",2,10
"study2_130",9,"study2",1,"self","higher_own_payoff","higher_own_payoff",2,10
"study2_130",9,"study2",2,"self","higher_own_payoff","higher_own_payoff",2,10
"study2_130",10,"study2",1,"self","higher_own_payoff","higher_own_payoff",1,0
"study2_130",11,"study2",1,"self","higher_own_payoff","higher_own_payoff",1,0
"study2_130",12,"study2",1,"self","higher_own_payoff","higher_own_payoff",1,0
"study2_130",13,"study2",1,"self","higher_own_payoff","higher_own_payoff",2,10
"study2_130",13,"study2",2,"self","higher_own_payoff","higher_own_payoff",2,10
"study2_130",14,"study2",1,"self","higher_own_payoff","higher_own_payoff",2,10
"study2_130",14,"study2",2,"self","lower_own_payoff","higher_own_payoff",2,10
"study2_130",15,"study2",1,"self","higher_own_payoff","higher_own_payoff",1,0
"study2_130",16,"study2",1,"self","higher_own_payoff","lower_own_payoff",3,20
"study2_130",16,"study2",2,"self","lower_own_payoff","lower_own_payoff",3,20
"study2_130",16,"study2",3,"self","higher_own_payoff","lower_own_payoff",3,20
"study2_130",17,"study2",1,"self","lower_own_payoff","higher_own_payoff",2,10
"study2_130",17,"study2",2,"self","higher_own_payoff","higher_own_payoff",2,10
"study2_130",18,"study2",1,"self","higher_own_payoff","lower_own_payoff",2,10
"study2_130",18,"study2",2,"self","lower_own_payoff","lower_own_payoff",2,10
"study2_130",19,"study2",1,"self","higher_own_payoff","higher_own_payoff",1,0
"study2_130",20,"study2",1,"self","higher_own_payoff","lower_own_payoff",2,10
"study2_130",20,"study2",2,"self","lower_own_payoff","lower_own_payoff",2,10
"study2_130",21,"study2",1,"self","higher_own_payoff","higher_own_payoff",2,10
"study2_130",21,"study2",2,"self","lower_own_payoff","higher_own_payoff",2,10
"study2_130",22,"study2",1,"self","higher_own_payoff","lower_own_payoff",1,0
"study2_130",23,"study2",1,"other","lower_own_payoff","higher_own_payoff",1,0
"study2_130",24,"study2",1,"self","higher_own_payoff","higher_own_payoff",2,10
"study2_130",24,"study2",2,"self","lower_own_payoff","higher_own_payoff",2,10
"study2_131",1,"study2",1,"self","higher_own_payoff","higher_own_payoff",1,0
"study2_131",2,"study2",1,"self","higher_own_payoff","higher_own_payoff",1,0
"study2_131",3,"study2",1,"self","higher_own_payoff","higher_own_payoff",1,0
"study2_131",4,"study2",1,"self","higher_own_payoff","higher_own_payoff",1,0
"study2_131",5,"study2",1,"self","higher_own_payoff","higher_own_payoff",1,0
"study2_131",6,"study2",1,"self","higher_own_payoff","higher_own_payoff",1,0
"study2_131",7,"study2",1,"self","higher_own_payoff","higher_own_payoff",1,0
"study2_131",8,"study2",1,"self","higher_own_payoff","higher_own_payoff",1,0
"study2_131",9,"study2",1,"self","higher_own_payoff","higher_own_payoff",1,0
"study2_131",10,"study2",1,"self","higher_own_payoff","higher_own_payoff",1,0
"study2_131",11,"study2",1,"self","higher_own_payoff","higher_own_payoff",1,0
"study2_131",12,"study2",1,"self","higher_own_payoff","lower_own_payoff",1,0
"study2_131",13,"study2",1,"self","higher_own_payoff","higher_own_payoff",1,0
"study2_131",14,"study2",1,"self","higher_own_payoff","higher_own_payoff",1,0
"study2_131",15,"study2",1,"self","higher_own_payoff","higher_own_payoff",1,0
"study2_131",16,"study2",1,"self","higher_own_payoff","higher_own_payoff",1,0
"study2_131",17,"study2",1,"self","higher_own_payoff","higher_own_payoff",1,0
"study2_131",18,"study2",1,"self","higher_own_payoff","higher_own_payoff",1,0
"study2_131",19,"study2",1,"self","higher_own_payoff","higher_own_payoff",1,0
"study2_131",20,"study2",1,"self","higher_own_payoff","higher_own_payoff",1,0
"study2_131",21,"study2",1,"self","higher_own_payoff","higher_own_payoff",1,0
"study2_131",22,"study2",1,"self","higher_own_payoff","lower_own_payoff",1,0
"study2_131",23,"study2",1,"self","higher_own_payoff","higher_own_payoff",1,0
"study2_131",24,"study2",1,"self","higher_own_payoff","higher_own_payoff",1,0
"study2_132",1,"study2",1,"self","higher_own_payoff","higher_own_payoff",1,0
"study2_132",2,"study2",1,"self","higher_own_payoff","higher_own_payoff",1,0
"study2_132",3,"study2",1,"self","higher_own_payoff","higher_own_payoff",1,0
"study2_132",4,"study2",1,"self","higher_own_payoff","higher_own_payoff",1,0
"study2_132",5,"study2",1,"self","higher_own_payoff","higher_own_payoff",1,0
"study2_132",6,"study2",1,"self","higher_own_payoff","higher_own_payoff",1,0
"study2_132",7,"study2",1,"self","higher_own_payoff","higher_own_payoff",1,0
"study2_132",8,"study2",1,"self","higher_own_payoff","higher_own_payoff",1,0
"study2_132",9,"study2",1,"self","higher_own_payoff","higher_own_payoff",1,0
"study2_132",10,"study2",1,"self","higher_own_payoff","higher_own_payoff",1,0
"study2_132",11,"study2",1,"self","higher_own_payoff","higher_own_payoff",1,0
"study2_132",12,"study2",1,"self","higher_own_payoff","higher_own_payoff",1,0
"study2_132",13,"study2",1,"self","higher_own_payoff","higher_own_payoff",1,0
"study2_132",14,"study2",1,"self","higher_own_payoff","higher_own_payoff",1,0
"study2_132",15,"study2",1,"self","higher_own_payoff","higher_own_payoff",1,0
"study2_132",16,"study2",1,"self","higher_own_payoff","higher_own_payoff",1,0
"study2_132",17,"study2",1,"self","higher_own_payoff","higher_own_payoff",1,0
"study2_132",18,"study2",1,"self","higher_own_payoff","higher_own_payoff",1,0
"study2_132",19,"study2",1,"self","higher_own_payoff","higher_own_payoff",1,0
"study2_132",20,"study2",1,"self","higher_own_payoff","higher_own_payoff",1,0
"study2_132",21,"study2",1,"self","higher_own_payoff","higher_own_payoff",1,0
"study2_132",22,"study2",1,"self","higher_own_payoff","higher_own_payoff",1,0
"study2_132",23,"study2",1,"self","higher_own_payoff","higher_own_payoff",1,0
"study2_132",24,"study2",1,"self","higher_own_payoff","higher_own_payoff",1,0
"study2_133",1,"study2",1,"self","higher_own_payoff","higher_own_payoff",1,0
"study2_133",2,"study2",1,"self","higher_own_payoff","higher_own_payoff",1,0
"study2_133",3,"study2",1,"self","higher_own_payoff","higher_own_payoff",1,0
"study2_133",4,"study2",1,"self","higher_own_payoff","higher_own_payoff",1,0
"study2_133",5,"study2",1,"self","higher_own_payoff","lower_own_payoff",2,10
"study2_133",5,"study2",2,"self","lower_own_payoff","lower_own_payoff",2,10
"study2_133",6,"study2",1,"self","higher_own_payoff","lower_own_payoff",2,10
"study2_133",6,"study2",2,"self","lower_own_payoff","lower_own_payoff",2,10
"study2_133",7,"study2",1,"self","higher_own_payoff","higher_own_payoff",1,0
"study2_133",8,"study2",1,"self","higher_own_payoff","higher_own_payoff",1,0
"study2_133",9,"study2",1,"self","higher_own_payoff","higher_own_payoff",1,0
"study2_133",10,"study2",1,"self","higher_own_payoff","higher_own_payoff",2,10
"study2_133",10,"study2",2,"self","lower_own_payoff","higher_own_payoff",2,10
"study2_133",11,"study2",1,"self","higher_own_payoff","higher_own_payoff",1,0
"study2_133",12,"study2",1,"self","lower_own_payoff","lower_own_payoff",1,0
"study2_133",13,"study2",1,"self","higher_own_payoff","higher_own_payoff",1,0
"study2_133",14,"study2",1,"self","higher_own_payoff","higher_own_payoff",1,0
"study2_133",15,"study2",1,"self","higher_own_payoff","lower_own_payoff",2,10
"study2_133",15,"study2",2,"self","lower_own_payoff","lower_own_payoff",2,10
"study2_133",16,"study2",1,"self","higher_own_payoff","higher_own_payoff",1,0
"study2_133",17,"study2",1,"self","higher_own_payoff","higher_own_payoff",1,0
"study2_133",18,"study2",1,"self","higher_own_payoff","higher_own_payoff",1,0
"study2_133",19,"study2",1,"self","higher_own_payoff","higher_own_payoff",1,0
"study2_133",20,"study2",1,"self","higher_own_payoff","higher_own_payoff",1,0
"study2_133",21,"study2",1,"self","higher_own_payoff","higher_own_payoff",1,0
"study2_133",22,"study2",1,"self","higher_own_payoff","higher_own_payoff",1,0
"study2_133",23,"study2",1,"self","higher_own_payoff","lower_own_payoff",2,10
"study2_133",23,"study2",2,"self","lower_own_payoff","lower_own_payoff",2,10
"study2_133",24,"study2",1,"self","lower_own_payoff","higher_own_payoff",2,10
"study2_133",24,"study2",2,"self","higher_own_payoff","higher_own_payoff",2,10
"study2_134",1,"study2",1,"self","higher_own_payoff","higher_own_payoff",1,0
"study2_134",2,"study2",1,"self","lower_own_payoff","lower_own_payoff",1,0
"study2_134",3,"study2",1,"self","lower_own_payoff","higher_own_payoff",2,10
"study2_134",3,"study2",2,"self","higher_own_payoff","higher_own_payoff",2,10
"study2_134",4,"study2",1,"other","higher_own_payoff","higher_own_payoff",2,10
"study2_134",4,"study2",2,"self","lower_own_payoff","higher_own_payoff",2,10
"study2_134",5,"study2",1,"self","lower_own_payoff","higher_own_payoff",2,10
"study2_134",5,"study2",2,"self","higher_own_payoff","higher_own_payoff",2,10
"study2_134",6,"study2",1,"self","higher_own_payoff","higher_own_payoff",1,0
"study2_134",7,"study2",1,"self","higher_own_payoff","lower_own_payoff",1,0
"study2_134",8,"study2",1,"self","lower_own_payoff","higher_own_payoff",1,0
"study2_134",9,"study2",1,"self","higher_own_payoff","higher_own_payoff",1,0
"study2_134",10,"study2",1,"self","lower_own_payoff","lower_own_payoff",1,0
"study2_134",11,"study2",1,"self","lower_own_payoff","lower_own_payoff",2,10
"study2_134",11,"study2",2,"self","higher_own_payoff","lower_own_payoff",2,10
"study2_134",12,"study2",1,"self","lower_own_payoff","lower_own_payoff",1,0
"study2_134",13,"study2",1,"self","higher_own_payoff","higher_own_payoff",1,0
"study2_134",14,"study2",1,"other","higher_own_payoff","higher_own_payoff",1,0
"study2_134",15,"study2",1,"self","lower_own_payoff","lower_own_payoff",1,0
"study2_134",16,"study2",1,"self","higher_own_payoff","lower_own_payoff",2,10
"study2_134",16,"study2",2,"self","lower_own_payoff","lower_own_payoff",2,10
"study2_134",17,"study2",1,"self","lower_own_payoff","higher_own_payoff",2,10
"study2_134",17,"study2",2,"other","higher_own_payoff","higher_own_payoff",2,10
"study2_134",18,"study2",1,"self","lower_own_payoff","higher_own_payoff",2,10
"study2_134",18,"study2",2,"self","higher_own_payoff","higher_own_payoff",2,10
"study2_134",19,"study2",1,"self","lower_own_payoff","lower_own_payoff",1,0
"study2_134",20,"study2",1,"other","higher_own_payoff","higher_own_payoff",1,0
"study2_134",21,"study2",1,"self","lower_own_payoff","lower_own_payoff",1,0
"study2_134",22,"study2",1,"self","lower_own_payoff","higher_own_payoff",1,0
"study2_134",23,"study2",1,"self","higher_own_payoff","higher_own_payoff",1,0
"study2_134",24,"study2",1,"self","lower_own_payoff","lower_own_payoff",1,0
"study2_137",1,"study2",1,"self","higher_own_payoff","higher_own_payoff",1,0
"study2_137",2,"study2",1,"self","higher_own_payoff","lower_own_payoff",2,10
"study2_137",2,"study2",2,"self","lower_own_payoff","lower_own_payoff",2,10
"study2_137",3,"study2",1,"self","higher_own_payoff","higher_own_payoff",1,0
"study2_137",4,"study2",1,"self","lower_own_payoff","lower_own_payoff",1,0
"study2_137",5,"study2",1,"self","higher_own_payoff","higher_own_payoff",1,0
"study2_137",6,"study2",1,"self","higher_own_payoff","higher_own_payoff",1,0
"study2_137",7,"study2",1,"self","higher_own_payoff","higher_own_payoff",2,10
"study2_137",7,"study2",2,"self","higher_own_payoff","higher_own_payoff",2,10
"study2_137",8,"study2",1,"self","higher_own_payoff","lower_own_payoff",3,20
"study2_137",8,"study2",2,"self","higher_own_payoff","lower_own_payoff",3,20
"study2_137",8,"study2",3,"self","lower_own_payoff","lower_own_payoff",3,20
"study2_137",9,"study2",1,"self","lower_own_payoff","lower_own_payoff",2,10
"study2_137",9,"study2",2,"self","lower_own_payoff","lower_own_payoff",2,10
"study2_137",10,"study2",1,"self","higher_own_payoff","higher_own_payoff",2,10
"study2_137",10,"study2",2,"self","higher_own_payoff","higher_own_payoff",2,10
"study2_137",11,"study2",1,"self","lower_own_payoff","higher_own_payoff",4,30
"study2_137",11,"study2",2,"self","lower_own_payoff","higher_own_payoff",4,30
"study2_137",11,"study2",3,"self","higher_own_payoff","higher_own_payoff",4,30
"study2_137",11,"study2",4,"self","higher_own_payoff","higher_own_payoff",4,30
"study2_137",12,"study2",1,"self","higher_own_payoff","higher_own_payoff",1,0
"study2_137",13,"study2",1,"self","higher_own_payoff","lower_own_payoff",4,30
"study2_137",13,"study2",2,"self","higher_own_payoff","lower_own_payoff",4,30
"study2_137",13,"study2",3,"self","lower_own_payoff","lower_own_payoff",4,30
"study2_137",13,"study2",4,"self","lower_own_payoff","lower_own_payoff",4,30
"study2_137",14,"study2",1,"self","lower_own_payoff","higher_own_payoff",2,10
"study2_137",14,"study2",2,"self","lower_own_payoff","higher_own_payoff",2,10
"study2_137",15,"study2",1,"self","higher_own_payoff","higher_own_payoff",1,0
"study2_137",16,"study2",1,"self","higher_own_payoff","lower_own_payoff",4,30
"study2_137",16,"study2",2,"self","higher_own_payoff","lower_own_payoff",4,30
"study2_137",16,"study2",3,"self","lower_own_payoff","lower_own_payoff",4,30
"study2_137",16,"study2",4,"self","lower_own_payoff","lower_own_payoff",4,30
"study2_137",17,"study2",1,"self","higher_own_payoff","lower_own_payoff",4,30
"study2_137",17,"study2",2,"self","higher_own_payoff","lower_own_payoff",4,30
"study2_137",17,"study2",3,"self","lower_own_payoff","lower_own_payoff",4,30
"study2_137",17,"study2",4,"self","lower_own_payoff","lower_own_payoff",4,30
"study2_137",18,"study2",1,"self","higher_own_payoff","higher_own_payoff",1,0
"study2_137",19,"study2",1,"self","higher_own_payoff","lower_own_payoff",4,30
"study2_137",19,"study2",2,"self","higher_own_payoff","lower_own_payoff",4,30
"study2_137",19,"study2",3,"self","lower_own_payoff","lower_own_payoff",4,30
"study2_137",19,"study2",4,"self","lower_own_payoff","lower_own_payoff",4,30
"study2_137",20,"study2",1,"self","higher_own_payoff","lower_own_payoff",4,30
"study2_137",20,"study2",2,"self","higher_own_payoff","lower_own_payoff",4,30
"study2_137",20,"study2",3,"self","lower_own_payoff","lower_own_payoff",4,30
"study2_137",20,"study2",4,"self","lower_own_payoff","lower_own_payoff",4,30
"study2_137",21,"study2",1,"self","lower_own_payoff","higher_own_payoff",2,10
"study2_137",21,"study2",2,"self","lower_own_payoff","higher_own_payoff",2,10
"study2_137",22,"study2",1,"self","higher_own_payoff","higher_own_payoff",4,30
"study2_137",22,"study2",2,"self","higher_own_payoff","higher_own_payoff",4,30
"study2_137",22,"study2",3,"self","lower_own_payoff","higher_own_payoff",4,30
"study2_137",22,"study2",4,"self","lower_own_payoff","higher_own_payoff",4,30
"study2_137",23,"study2",1,"self","higher_own_payoff","higher_own_payoff",4,30
"study2_137",23,"study2",2,"self","higher_own_payoff","higher_own_payoff",4,30
"study2_137",23,"study2",3,"self","lower_own_payoff","higher_own_payoff",4,30
"study2_137",23,"study2",4,"self","lower_own_payoff","higher_own_payoff",4,30
"study2_137",24,"study2",1,"self","higher_own_payoff","lower_own_payoff",2,10
"study2_137",24,"study2",2,"self","lower_own_payoff","lower_own_payoff",2,10
"study2_139",1,"study2",1,"self","lower_own_payoff","higher_own_payoff",1,0
"study2_139",2,"study2",1,"self","lower_own_payoff","lower_own_payoff",2,10
"study2_139",2,"study2",2,"self","higher_own_payoff","lower_own_payoff",2,10
"study2_139",3,"study2",1,"self","higher_own_payoff","higher_own_payoff",2,10
"study2_139",3,"study2",2,"self","lower_own_payoff","higher_own_payoff",2,10
"study2_139",4,"study2",1,"self","higher_own_payoff","higher_own_payoff",2,10
"study2_139",4,"study2",2,"self","lower_own_payoff","higher_own_payoff",2,10
"study2_139",5,"study2",1,"self","higher_own_payoff","higher_own_payoff",2,10
"study2_139",5,"study2",2,"self","lower_own_payoff","higher_own_payoff",2,10
"study2_139",6,"study2",1,"self","higher_own_payoff","lower_own_payoff",2,10
"study2_139",6,"study2",2,"self","lower_own_payoff","lower_own_payoff",2,10
"study2_139",7,"study2",1,"self","higher_own_payoff","higher_own_payoff",2,10
"study2_139",7,"study2",2,"self","lower_own_payoff","higher_own_payoff",2,10
"study2_139",8,"study2",1,"self","higher_own_payoff","higher_own_payoff",2,10
"study2_139",8,"study2",2,"self","lower_own_payoff","higher_own_payoff",2,10
"study2_139",9,"study2",1,"self","higher_own_payoff","lower_own_payoff",2,10
"study2_139",9,"study2",2,"self","lower_own_payoff","lower_own_payoff",2,10
"study2_139",10,"study2",1,"self","lower_own_payoff","lower_own_payoff",1,0
"study2_139",11,"study2",1,"self","higher_own_payoff","lower_own_payoff",2,10
"study2_139",11,"study2",2,"self","lower_own_payoff","lower_own_payoff",2,10
"study2_139",12,"study2",1,"self","higher_own_payoff","higher_own_payoff",2,10
"study2_139",12,"study2",2,"self","lower_own_payoff","higher_own_payoff",2,10
"study2_139",13,"study2",1,"self","lower_own_payoff","lower_own_payoff",2,10
"study2_139",13,"study2",2,"self","higher_own_payoff","lower_own_payoff",2,10
"study2_139",14,"study2",1,"self","higher_own_payoff","lower_own_payoff",2,10
"study2_139",14,"study2",2,"self","higher_own_payoff","lower_own_payoff",2,10
"study2_139",15,"study2",1,"self","higher_own_payoff","lower_own_payoff",2,10
"study2_139",15,"study2",2,"self","lower_own_payoff","lower_own_payoff",2,10
"study2_139",16,"study2",1,"self","higher_own_payoff","higher_own_payoff",2,10
"study2_139",16,"study2",2,"self","lower_own_payoff","higher_own_payoff",2,10
"study2_139",17,"study2",1,"self","higher_own_payoff","lower_own_payoff",2,10
"study2_139",17,"study2",2,"self","lower_own_payoff","lower_own_payoff",2,10
"study2_139",18,"study2",1,"self","higher_own_payoff","higher_own_payoff",2,10
"study2_139",18,"study2",2,"self","lower_own_payoff","higher_own_payoff",2,10
"study2_139",19,"study2",1,"self","lower_own_payoff","higher_own_payoff",2,10
"study2_139",19,"study2",2,"self","higher_own_payoff","higher_own_payoff",2,10
"study2_139",20,"study2",1,"self","lower_own_payoff","higher_own_payoff",2,10
"study2_139",20,"study2",2,"self","higher_own_payoff","higher_own_payoff",2,10
"study2_139",21,"study2",1,"self","higher_own_payoff","higher_own_payoff",2,10
"study2_139",21,"study2",2,"self","lower_own_payoff","higher_own_payoff",2,10
"study2_139",22,"study2",1,"self","higher_own_payoff","higher_own_payoff",2,10
"study2_139",22,"study2",2,"self","lower_own_payoff","higher_own_payoff",2,10
"study2_139",23,"study2",1,"self","lower_own_payoff","higher_own_payoff",2,10
"study2_139",23,"study2",2,"self","higher_own_payoff","higher_own_payoff",2,10
"study2_139",24,"study2",1,"self","higher_own_payoff","lower_own_payoff",2,10
"study2_139",24,"study2",2,"self","lower_own_payoff","lower_own_payoff",2,10
"study2_14",1,"study2",1,"self","higher_own_payoff","higher_own_payoff",1,0
"study2_14",2,"study2",1,"self","lower_own_payoff","higher_own_payoff",1,0
"study2_14",3,"study2",1,"self","lower_own_payoff","higher_own_payoff",1,0
"study2_14",4,"study2",1,"self","lower_own_payoff","lower_own_payoff",1,0
"study2_14",5,"study2",1,"self","lower_own_payoff","higher_own_payoff",1,0
"study2_14",6,"study2",1,"self","lower_own_payoff","higher_own_payoff",1,0
"study2_14",7,"study2",1,"self","lower_own_payoff","higher_own_payoff",1,0
"study2_14",8,"study2",1,"self","lower_own_payoff","higher_own_payoff",1,0
"study2_14",9,"study2",1,"self","lower_own_payoff","higher_own_payoff",1,0
"study2_14",10,"study2",1,"self","lower_own_payoff","higher_own_payoff",1,0
"study2_14",11,"study2",1,"self","lower_own_payoff","higher_own_payoff",1,0
"study2_14",12,"study2",1,"self","lower_own_payoff","higher_own_payoff",1,0
"study2_14",13,"study2",1,"self","lower_own_payoff","lower_own_payoff",1,0
"study2_14",14,"study2",1,"self","lower_own_payoff","higher_own_payoff",1,0
"study2_14",15,"study2",1,"self","lower_own_payoff","higher_own_payoff",1,0
"study2_14",16,"study2",1,"self","lower_own_payoff","higher_own_payoff",1,0
"study2_14",17,"study2",1,"self","lower_own_payoff","higher_own_payoff",1,0
"study2_14",18,"study2",1,"self","lower_own_payoff","higher_own_payoff",1,0
"study2_14",19,"study2",1,"self","lower_own_payoff","higher_own_payoff",1,0
"study2_14",20,"study2",1,"self","lower_own_payoff","higher_own_payoff",1,0
"study2_14",21,"study2",1,"self","lower_own_payoff","lower_own_payoff",1,0
"study2_14",22,"study2",1,"self","lower_own_payoff","higher_own_payoff",1,0
"study2_14",23,"study2",1,"self","lower_own_payoff","higher_own_payoff",1,0
"study2_14",24,"study2",1,"self","lower_own_payoff","higher_own_payoff",1,0
"study2_140",1,"study2",1,"self","higher_own_payoff","higher_own_payoff",3,20
"study2_140",1,"study2",2,"other","higher_own_payoff","higher_own_payoff",3,20
"study2_140",1,"study2",3,"self","lower_own_payoff","higher_own_payoff",3,20
"study2_140",2,"study2",1,"self","lower_own_payoff","lower_own_payoff",2,10
"study2_140",2,"study2",2,"other","lower_own_payoff","lower_own_payoff",2,10
"study2_140",3,"study2",1,"self","higher_own_payoff","higher_own_payoff",6,50
"study2_140",3,"study2",2,"other","lower_own_payoff","higher_own_payoff",6,50
"study2_140",3,"study2",3,"self","higher_own_payoff","higher_own_payoff",6,50
"study2_140",3,"study2",4,"self","lower_own_payoff","higher_own_payoff",6,50
"study2_140",3,"study2",5,"self","lower_own_payoff","higher_own_payoff",6,50
"study2_140",3,"study2",6,"other","higher_own_payoff","higher_own_payoff",6,50
"study2_140",4,"study2",1,"self","lower_own_payoff","lower_own_payoff",1,0
"study2_140",5,"study2",1,"self","lower_own_payoff","higher_own_payoff",2,10
"study2_140",5,"study2",2,"self","higher_own_payoff","higher_own_payoff",2,10
"study2_140",6,"study2",1,"self","higher_own_payoff","higher_own_payoff",3,20
"study2_140",6,"study2",2,"other","lower_own_payoff","higher_own_payoff",3,20
"study2_140",6,"study2",3,"self","lower_own_payoff","higher_own_payoff",3,20
"study2_140",7,"study2",1,"other","lower_own_payoff","higher_own_payoff",3,20
"study2_140",7,"study2",2,"self","higher_own_payoff","higher_own_payoff",3,20
"study2_140",7,"study2",3,"other","higher_own_payoff","higher_own_payoff",3,20
"study2_140",8,"study2",1,"self","higher_own_payoff","lower_own_payoff",2,10
"study2_140",8,"study2",2,"self","lower_own_payoff","lower_own_payoff",2,10
"study2_140",9,"study2",1,"self","higher_own_payoff","higher_own_payoff",3,20
"study2_140",9,"study2",2,"self","lower_own_payoff","higher_own_payoff",3,20
"study2_140",9,"study2",3,"other","higher_own_payoff","higher_own_payoff",3,20
"study2_140",10,"study2",1,"self","higher_own_payoff","lower_own_payoff",4,30
"study2_140",10,"study2",2,"other","lower_own_payoff","lower_own_payoff",4,30
"study2_140",10,"study2",3,"other","higher_own_payoff","lower_own_payoff",4,30
"study2_140",10,"study2",4,"self","lower_own_payoff","lower_own_payoff",4,30
"study2_140",11,"study2",1,"self","lower_own_payoff","higher_own_payoff",8,70
"study2_140",11,"study2",2,"self","higher_own_payoff","higher_own_payoff",8,70
"study2_140",11,"study2",3,"other","higher_own_payoff","higher_own_payoff",8,70
"study2_140",11,"study2",4,"other","lower_own_payoff","higher_own_payoff",8,70
"study2_140",11,"study2",5,"other","higher_own_payoff","higher_own_payoff",8,70
"study2_140",11,"study2",6,"self","higher_own_payoff","higher_own_payoff",8,70
"study2_140",11,"study2",7,"other","lower_own_payoff","higher_own_payoff",8,70
"study2_140",11,"study2",8,"self","lower_own_payoff","higher_own_payoff",8,70
"study2_140",12,"study2",1,"self","higher_own_payoff","higher_own_payoff",4,30
"study2_140",12,"study2",2,"self","lower_own_payoff","higher_own_payoff",4,30
"study2_140",12,"study2",3,"other","lower_own_payoff","higher_own_payoff",4,30
"study2_140",12,"study2",4,"other","higher_own_payoff","higher_own_payoff",4,30
"study2_140",13,"study2",1,"self","higher_own_payoff","higher_own_payoff",2,10
"study2_140",13,"study2",2,"self","lower_own_payoff","higher_own_payoff",2,10
"study2_140",14,"study2",1,"other","lower_own_payoff","higher_own_payoff",2,10
"study2_140",14,"study2",2,"other","higher_own_payoff","higher_own_payoff",2,10
"study2_140",15,"study2",1,"self","lower_own_payoff","lower_own_payoff",4,30
"study2_140",15,"study2",2,"self","higher_own_payoff","lower_own_payoff",4,30
"study2_140",15,"study2",3,"other","higher_own_payoff","lower_own_payoff",4,30
"study2_140",15,"study2",4,"other","lower_own_payoff","lower_own_payoff",4,30
"study2_140",16,"study2",1,"other","lower_own_payoff","higher_own_payoff",4,30
"study2_140",16,"study2",2,"self","lower_own_payoff","higher_own_payoff",4,30
"study2_140",16,"study2",3,"self","higher_own_payoff","higher_own_payoff",4,30
"study2_140",16,"study2",4,"other","higher_own_payoff","higher_own_payoff",4,30
"study2_140",17,"study2",1,"self","higher_own_payoff","lower_own_payoff",4,30
"study2_140",17,"study2",2,"other","higher_own_payoff","lower_own_payoff",4,30
"study2_140",17,"study2",3,"other","lower_own_payoff","lower_own_payoff",4,30
"study2_140",17,"study2",4,"self","lower_own_payoff","lower_own_payoff",4,30
"study2_140",18,"study2",1,"self","higher_own_payoff","higher_own_payoff",2,10
"study2_140",18,"study2",2,"self","lower_own_payoff","higher_own_payoff",2,10
"study2_140",19,"study2",1,"other","lower_own_payoff","higher_own_payoff",3,20
"study2_140",19,"study2",2,"other","higher_own_payoff","higher_own_payoff",3,20
"study2_140",19,"study2",3,"self","higher_own_payoff","higher_own_payoff",3,20
"study2_140",20,"study2",1,"other","lower_own_payoff","higher_own_payoff",3,20
"study2_140",20,"study2",2,"other","higher_own_payoff","higher_own_payoff",3,20
"study2_140",20,"study2",3,"self","higher_own_payoff","higher_own_payoff",3,20
"study2_140",21,"study2",1,"other","higher_own_payoff","lower_own_payoff",3,20
"study2_140",21,"study2",2,"other","lower_own_payoff","lower_own_payoff",3,20
"study2_140",21,"study2",3,"self","lower_own_payoff","lower_own_payoff",3,20
"study2_140",22,"study2",1,"other","lower_own_payoff","lower_own_payoff",4,30
"study2_140",22,"study2",2,"other","higher_own_payoff","lower_own_payoff",4,30
"study2_140",22,"study2",3,"self","higher_own_payoff","lower_own_payoff",4,30
"study2_140",22,"study2",4,"self","lower_own_payoff","lower_own_payoff",4,30
"study2_140",23,"study2",1,"other","lower_own_payoff","lower_own_payoff",6,50
"study2_140",23,"study2",2,"other","higher_own_payoff","lower_own_payoff",6,50
"study2_140",23,"study2",3,"self","higher_own_payoff","lower_own_payoff",6,50
"study2_140",23,"study2",4,"self","higher_own_payoff","lower_own_payoff",6,50
"study2_140",23,"study2",5,"self","lower_own_payoff","lower_own_payoff",6,50
"study2_140",23,"study2",6,"self","lower_own_payoff","lower_own_payoff",6,50
"study2_140",24,"study2",1,"other","lower_own_payoff","lower_own_payoff",6,50
"study2_140",24,"study2",2,"other","higher_own_payoff","lower_own_payoff",6,50
"study2_140",24,"study2",3,"self","higher_own_payoff","lower_own_payoff",6,50
"study2_140",24,"study2",4,"self","lower_own_payoff","lower_own_payoff",6,50
"study2_140",24,"study2",5,"self","lower_own_payoff","lower_own_payoff",6,50
"study2_140",24,"study2",6,"self","higher_own_payoff","lower_own_payoff",6,50
"study2_141",1,"study2",1,"self","higher_own_payoff","higher_own_payoff",3,20
"study2_141",1,"study2",2,"other","higher_own_payoff","higher_own_payoff",3,20
"study2_141",1,"study2",3,"self","higher_own_payoff","higher_own_payoff",3,20
"study2_141",2,"study2",1,"self","higher_own_payoff","higher_own_payoff",2,10
"study2_141",2,"study2",2,"self","higher_own_payoff","higher_own_payoff",2,10
"study2_141",3,"study2",1,"self","higher_own_payoff","higher_own_payoff",2,10
"study2_141",3,"study2",2,"self","higher_own_payoff","higher_own_payoff",2,10
"study2_141",4,"study2",1,"other","lower_own_payoff","lower_own_payoff",2,10
"study2_141",4,"study2",2,"other","lower_own_payoff","lower_own_payoff",2,10
"study2_141",5,"study2",1,"other","lower_own_payoff","lower_own_payoff",2,10
"study2_141",5,"study2",2,"other","lower_own_payoff","lower_own_payoff",2,10
"study2_141",6,"study2",1,"self","higher_own_payoff","higher_own_payoff",2,10
"study2_141",6,"study2",2,"self","higher_own_payoff","higher_own_payoff",2,10
"study2_141",7,"study2",1,"self","higher_own_payoff","higher_own_payoff",1,0
"study2_141",8,"study2",1,"self","higher_own_payoff","higher_own_payoff",1,0
"study2_141",9,"study2",1,"self","higher_own_payoff","higher_own_payoff",2,10
"study2_141",9,"study2",2,"self","higher_own_payoff","higher_own_payoff",2,10
"study2_141",10,"study2",1,"self","higher_own_payoff","higher_own_payoff",2,10
"study2_141",10,"study2",2,"self","higher_own_payoff","higher_own_payoff",2,10
"study2_141",11,"study2",1,"self","higher_own_payoff","higher_own_payoff",1,0
"study2_141",12,"study2",1,"self","higher_own_payoff","higher_own_payoff",1,0
"study2_141",13,"study2",1,"other","higher_own_payoff","higher_own_payoff",1,0
"study2_141",14,"study2",1,"other","lower_own_payoff","lower_own_payoff",2,10
"study2_141",14,"study2",2,"other","lower_own_payoff","lower_own_payoff",2,10
"study2_141",15,"study2",1,"self","higher_own_payoff","higher_own_payoff",2,10
"study2_141",15,"study2",2,"self","lower_own_payoff","higher_own_payoff",2,10
"study2_141",16,"study2",1,"self","higher_own_payoff","higher_own_payoff",2,10
"study2_141",16,"study2",2,"self","higher_own_payoff","higher_own_payoff",2,10
"study2_141",17,"study2",1,"other","lower_own_payoff","lower_own_payoff",2,10
"study2_141",17,"study2",2,"other","lower_own_payoff","lower_own_payoff",2,10
"study2_141",18,"study2",1,"other","lower_own_payoff","lower_own_payoff",2,10
"study2_141",18,"study2",2,"other","lower_own_payoff","lower_own_payoff",2,10
"study2_141",19,"study2",1,"self","higher_own_payoff","higher_own_payoff",2,10
"study2_141",19,"study2",2,"self","higher_own_payoff","higher_own_payoff",2,10
"study2_141",20,"study2",1,"self","higher_own_payoff","higher_own_payoff",2,10
"study2_141",20,"study2",2,"self","higher_own_payoff","higher_own_payoff",2,10
"study2_141",21,"study2",1,"other","lower_own_payoff","lower_own_payoff",2,10
"study2_141",21,"study2",2,"other","lower_own_payoff","lower_own_payoff",2,10
"study2_141",22,"study2",1,"self","higher_own_payoff","higher_own_payoff",2,10
"study2_141",22,"study2",2,"self","higher_own_payoff","higher_own_payoff",2,10
"study2_141",23,"study2",1,"self","higher_own_payoff","higher_own_payoff",1,0
"study2_141",24,"study2",1,"self","higher_own_payoff","higher_own_payoff",2,10
"study2_141",24,"study2",2,"self","higher_own_payoff","higher_own_payoff",2,10
"study2_142",1,"study2",1,"self","higher_own_payoff","higher_own_payoff",1,0
"study2_142",2,"study2",1,"self","higher_own_payoff","higher_own_payoff",2,10
"study2_142",2,"study2",2,"self","lower_own_payoff","higher_own_payoff",2,10
"study2_142",3,"study2",1,"other","lower_own_payoff","higher_own_payoff",2,10
"study2_142",3,"study2",2,"self","higher_own_payoff","higher_own_payoff",2,10
"study2_142",4,"study2",1,"self","lower_own_payoff","lower_own_payoff",2,10
"study2_142",4,"study2",2,"other","lower_own_payoff","lower_own_payoff",2,10
"study2_142",5,"study2",1,"self","lower_own_payoff","lower_own_payoff",1,0
"study2_142",6,"study2",1,"self","higher_own_payoff","higher_own_payoff",1,0
"study2_142",7,"study2",1,"other","lower_own_payoff","lower_own_payoff",3,20
"study2_142",7,"study2",2,"self","higher_own_payoff","lower_own_payoff",3,20
"study2_142",7,"study2",3,"self","lower_own_payoff","lower_own_payoff",3,20
"study2_142",8,"study2",1,"self","higher_own_payoff","lower_own_payoff",5,40
"study2_142",8,"study2",2,"other","lower_own_payoff","lower_own_payoff",5,40
"study2_142",8,"study2",3,"self","lower_own_payoff","lower_own_payoff",5,40
"study2_142",8,"study2",4,"other","higher_own_payoff","lower_own_payoff",5,40
"study2_142",8,"study2",5,"other","higher_own_payoff","lower_own_payoff",5,40
"study2_142",9,"study2",1,"self","lower_own_payoff","lower_own_payoff",2,10
"study2_142",9,"study2",2,"other","lower_own_payoff","lower_own_payoff",2,10
"study2_142",10,"study2",1,"self","higher_own_payoff","higher_own_payoff",2,10
"study2_142",10,"study2",2,"other","higher_own_payoff","higher_own_payoff",2,10
"study2_142",11,"study2",1,"self","higher_own_payoff","higher_own_payoff",3,20
"study2_142",11,"study2",2,"other","higher_own_payoff","higher_own_payoff",3,20
"study2_142",11,"study2",3,"self","higher_own_payoff","higher_own_payoff",3,20
"study2_142",12,"study2",1,"self","lower_own_payoff","lower_own_payoff",1,0
"study2_142",13,"study2",1,"self","lower_own_payoff","higher_own_payoff",2,10
"study2_142",13,"study2",2,"self","higher_own_payoff","higher_own_payoff",2,10
"study2_142",14,"study2",1,"other","higher_own_payoff","lower_own_payoff",2,10
"study2_142",14,"study2",2,"self","lower_own_payoff","lower_own_payoff",2,10
"study2_142",15,"study2",1,"self","higher_own_payoff","higher_own_payoff",2,10
"study2_142",15,"study2",2,"other","higher_own_payoff","higher_own_payoff",2,10
"study2_142",16,"study2",1,"self","higher_own_payoff","higher_own_payoff",4,30
"study2_142",16,"study2",2,"other","higher_own_payoff","higher_own_payoff",4,30
"study2_142",16,"study2",3,"self","lower_own_payoff","higher_own_payoff",4,30
"study2_142",16,"study2",4,"other","lower_own_payoff","higher_own_payoff",4,30
"study2_142",17,"study2",1,"self","higher_own_payoff","higher_own_payoff",2,10
"study2_142",17,"study2",2,"other","higher_own_payoff","higher_own_payoff",2,10
"study2_142",18,"study2",1,"self","lower_own_payoff","lower_own_payoff",2,10
"study2_142",18,"study2",2,"self","higher_own_payoff","lower_own_payoff",2,10
"study2_142",19,"study2",1,"self","higher_own_payoff","higher_own_payoff",2,10
"study2_142",19,"study2",2,"other","higher_own_payoff","higher_own_payoff",2,10
"study2_142",20,"study2",1,"self","higher_own_payoff","higher_own_payoff",3,20
"study2_142",20,"study2",2,"other","higher_own_payoff","higher_own_payoff",3,20
"study2_142",20,"study2",3,"other","lower_own_payoff","higher_own_payoff",3,20
"study2_142",21,"study2",1,"self","higher_own_payoff","higher_own_payoff",1,0
"study2_142",22,"study2",1,"self","higher_own_payoff","higher_own_payoff",2,10
"study2_142",22,"study2",2,"other","higher_own_payoff","higher_own_payoff",2,10
"study2_142",23,"study2",1,"self","lower_own_payoff","higher_own_payoff",4,30
"study2_142",23,"study2",2,"other","lower_own_payoff","higher_own_payoff",4,30
"study2_142",23,"study2",3,"other","higher_own_payoff","higher_own_payoff",4,30
"study2_142",23,"study2",4,"self","higher_own_payoff","higher_own_payoff",4,30
"study2_142",24,"study2",1,"other","higher_own_payoff","lower_own_payoff",3,20
"study2_142",24,"study2",2,"self","lower_own_payoff","lower_own_payoff",3,20
"study2_142",24,"study2",3,"other","lower_own_payoff","lower_own_payoff",3,20
"study2_143",1,"study2",1,"self","higher_own_payoff","higher_own_payoff",2,10
"study2_143",1,"study2",2,"self","lower_own_payoff","higher_own_payoff",2,10
"study2_143",2,"study2",1,"self","higher_own_payoff","higher_own_payoff",2,10
"study2_143",2,"study2",2,"self","lower_own_payoff","higher_own_payoff",2,10
"study2_143",3,"study2",1,"self","higher_own_payoff","higher_own_payoff",1,0
"study2_143",4,"study2",1,"self","higher_own_payoff","lower_own_payoff",1,0
"study2_143",5,"study2",1,"self","higher_own_payoff","higher_own_payoff",1,0
"study2_143",6,"study2",1,"self","higher_own_payoff","higher_own_payoff",1,0
"study2_143",7,"study2",1,"self","higher_own_payoff","lower_own_payoff",2,10
"study2_143",7,"study2",2,"self","lower_own_payoff","lower_own_payoff",2,10
"study2_143",8,"study2",1,"self","lower_own_payoff","lower_own_payoff",2,10
"study2_143",8,"study2",2,"other","higher_own_payoff","lower_own_payoff",2,10
"study2_143",9,"study2",1,"self","higher_own_payoff","higher_own_payoff",1,0
"study2_143",10,"study2",1,"self","lower_own_payoff","higher_own_payoff",1,0
"study2_143",11,"study2",1,"self","lower_own_payoff","higher_own_payoff",1,0
"study2_143",12,"study2",1,"self","lower_own_payoff","lower_own_payoff",1,0
"study2_143",13,"study2",1,"self","higher_own_payoff","higher_own_payoff",1,0
"study2_143",14,"study2",1,"self","lower_own_payoff","higher_own_payoff",1,0
"study2_143",15,"study2",1,"self","higher_own_payoff","higher_own_payoff",1,0
"study2_143",16,"study2",1,"self","lower_own_payoff","higher_own_payoff",1,0
"study2_143",17,"study2",1,"self","higher_own_payoff","higher_own_payoff",1,0
"study2_143",18,"study2",1,"self","higher_own_payoff","lower_own_payoff",2,10
"study2_143",18,"study2",2,"self","lower_own_payoff","lower_own_payoff",2,10
"study2_143",19,"study2",1,"self","lower_own_payoff","higher_own_payoff",1,0
"study2_143",20,"study2",1,"self","lower_own_payoff","lower_own_payoff",1,0
"study2_143",21,"study2",1,"self","lower_own_payoff","higher_own_payoff",1,0
"study2_143",22,"study2",1,"self","higher_own_payoff","higher_own_payoff",2,10
"study2_143",22,"study2",2,"self","lower_own_payoff","higher_own_payoff",2,10
"study2_143",23,"study2",1,"self","higher_own_payoff","lower_own_payoff",1,0
"study2_143",24,"study2",1,"self","higher_own_payoff","higher_own_payoff",1,0
"study2_144",1,"study2",1,"self","higher_own_payoff","higher_own_payoff",2,10
"study2_144",1,"study2",2,"self","lower_own_payoff","higher_own_payoff",2,10
"study2_144",2,"study2",1,"self","higher_own_payoff","lower_own_payoff",2,10
"study2_144",2,"study2",2,"self","lower_own_payoff","lower_own_payoff",2,10
"study2_144",3,"study2",1,"self","higher_own_payoff","higher_own_payoff",1,0
"study2_144",4,"study2",1,"self","higher_own_payoff","higher_own_payoff",2,10
"study2_144",4,"study2",2,"self","lower_own_payoff","higher_own_payoff",2,10
"study2_144",5,"study2",1,"self","lower_own_payoff","higher_own_payoff",2,10
"study2_144",5,"study2",2,"self","higher_own_payoff","higher_own_payoff",2,10
"study2_144",6,"study2",1,"self","higher_own_payoff","lower_own_payoff",2,10
"study2_144",6,"study2",2,"self","lower_own_payoff","lower_own_payoff",2,10
"study2_144",7,"study2",1,"self","higher_own_payoff","higher_own_payoff",2,10
"study2_144",7,"study2",2,"self","lower_own_payoff","higher_own_payoff",2,10
"study2_144",8,"study2",1,"self","higher_own_payoff","higher_own_payoff",2,10
"study2_144",8,"study2",2,"self","lower_own_payoff","higher_own_payoff",2,10
"study2_144",9,"study2",1,"self","lower_own_payoff","lower_own_payoff",2,10
"study2_144",9,"study2",2,"self","higher_own_payoff","lower_own_payoff",2,10
"study2_144",10,"study2",1,"self","lower_own_payoff","higher_own_payoff",2,10
"study2_144",10,"study2",2,"self","higher_own_payoff","higher_own_payoff",2,10
"study2_144",11,"study2",1,"self","higher_own_payoff","lower_own_payoff",2,10
"study2_144",11,"study2",2,"self","lower_own_payoff","lower_own_payoff",2,10
"study2_144",12,"study2",1,"self","higher_own_payoff","higher_own_payoff",2,10
"study2_144",12,"study2",2,"self","lower_own_payoff","higher_own_payoff",2,10
"study2_144",13,"study2",1,"self","higher_own_payoff","lower_own_payoff",2,10
"study2_144",13,"study2",2,"self","lower_own_payoff","lower_own_payoff",2,10
"study2_144",14,"study2",1,"self","lower_own_payoff","higher_own_payoff",2,10
"study2_144",14,"study2",2,"self","higher_own_payoff","higher_own_payoff",2,10
"study2_144",15,"study2",1,"self","lower_own_payoff","lower_own_payoff",2,10
"study2_144",15,"study2",2,"self","higher_own_payoff","lower_own_payoff",2,10
"study2_144",16,"study2",1,"self","higher_own_payoff","higher_own_payoff",1,0
"study2_144",17,"study2",1,"self","higher_own_payoff","higher_own_payoff",2,10
"study2_144",17,"study2",2,"self","lower_own_payoff","higher_own_payoff",2,10
"study2_144",18,"study2",1,"self","higher_own_payoff","higher_own_payoff",2,10
"study2_144",18,"study2",2,"self","lower_own_payoff","higher_own_payoff",2,10
"study2_144",19,"study2",1,"self","higher_own_payoff","lower_own_payoff",2,10
"study2_144",19,"study2",2,"self","lower_own_payoff","lower_own_payoff",2,10
"study2_144",20,"study2",1,"self","higher_own_payoff","higher_own_payoff",2,10
"study2_144",20,"study2",2,"self","lower_own_payoff","higher_own_payoff",2,10
"study2_144",21,"study2",1,"self","higher_own_payoff","lower_own_payoff",2,10
"study2_144",21,"study2",2,"self","lower_own_payoff","lower_own_payoff",2,10
"study2_144",22,"study2",1,"self","lower_own_payoff","lower_own_payoff",2,10
"study2_144",22,"study2",2,"self","higher_own_payoff","lower_own_payoff",2,10
"study2_144",23,"study2",1,"self","higher_own_payoff","higher_own_payoff",2,10
"study2_144",23,"study2",2,"self","lower_own_payoff","higher_own_payoff",2,10
"study2_144",24,"study2",1,"self","higher_own_payoff","higher_own_payoff",1,0
"study2_145",1,"study2",1,"other","lower_own_payoff","higher_own_payoff",1,0
"study2_145",2,"study2",1,"self","lower_own_payoff","lower_own_payoff",1,0
"study2_145",3,"study2",1,"self","lower_own_payoff","lower_own_payoff",1,0
"study2_145",4,"study2",1,"self","lower_own_payoff","higher_own_payoff",1,0
"study2_145",5,"study2",1,"self","lower_own_payoff","higher_own_payoff",1,0
"study2_145",6,"study2",1,"self","lower_own_payoff","higher_own_payoff",1,0
"study2_145",7,"study2",1,"self","higher_own_payoff","higher_own_payoff",1,0
"study2_145",8,"study2",1,"other","lower_own_payoff","higher_own_payoff",1,0
"study2_145",9,"study2",1,"other","lower_own_payoff","higher_own_payoff",1,0
"study2_145",10,"study2",1,"self","lower_own_payoff","higher_own_payoff",1,0
"study2_145",11,"study2",1,"self","higher_own_payoff","higher_own_payoff",1,0
"study2_145",12,"study2",1,"self","lower_own_payoff","lower_own_payoff",1,0
"study2_145",13,"study2",1,"self","lower_own_payoff","higher_own_payoff",1,0
"study2_145",14,"study2",1,"self","lower_own_payoff","higher_own_payoff",1,0
"study2_145",15,"study2",1,"self","higher_own_payoff","lower_own_payoff",1,0
"study2_145",16,"study2",1,"self","higher_own_payoff","higher_own_payoff",1,0
"study2_145",17,"study2",1,"self","lower_own_payoff","higher_own_payoff",1,0
"study2_145",18,"study2",1,"self","higher_own_payoff","higher_own_payoff",1,0
"study2_145",19,"study2",1,"self","higher_own_payoff","lower_own_payoff",1,0
"study2_145",20,"study2",1,"self","lower_own_payoff","higher_own_payoff",1,0
"study2_145",21,"study2",1,"self","lower_own_payoff","lower_own_payoff",1,0
"study2_145",22,"study2",1,"self","higher_own_payoff","higher_own_payoff",1,0
"study2_145",23,"study2",1,"self","lower_own_payoff","higher_own_payoff",1,0
"study2_145",24,"study2",1,"self","higher_own_payoff","lower_own_payoff",1,0
"study2_146",1,"study2",1,"self","higher_own_payoff","lower_own_payoff",2,10
"study2_146",1,"study2",2,"self","higher_own_payoff","lower_own_payoff",2,10
"study2_146",2,"study2",1,"self","higher_own_payoff","higher_own_payoff",1,0
"study2_146",3,"study2",1,"self","higher_own_payoff","higher_own_payoff",1,0
"study2_146",4,"study2",1,"self","higher_own_payoff","higher_own_payoff",1,0
"study2_146",5,"study2",1,"self","lower_own_payoff","lower_own_payoff",1,0
"study2_146",6,"study2",1,"self","higher_own_payoff","higher_own_payoff",1,0
"study2_146",7,"study2",1,"self","higher_own_payoff","higher_own_payoff",1,0
"study2_146",8,"study2",1,"self","higher_own_payoff","higher_own_payoff",2,10
"study2_146",8,"study2",2,"self","higher_own_payoff","higher_own_payoff",2,10
"study2_146",9,"study2",1,"self","higher_own_payoff","higher_own_payoff",1,0
"study2_146",10,"study2",1,"self","higher_own_payoff","higher_own_payoff",2,10
"study2_146",10,"study2",2,"self","higher_own_payoff","higher_own_payoff",2,10
"study2_146",11,"study2",1,"self","higher_own_payoff","higher_own_payoff",1,0
"study2_146",12,"study2",1,"self","higher_own_payoff","higher_own_payoff",1,0
"study2_146",13,"study2",1,"self","higher_own_payoff","higher_own_payoff",1,0
"study2_146",14,"study2",1,"self","higher_own_payoff","higher_own_payoff",1,0
"study2_146",15,"study2",1,"self","higher_own_payoff","higher_own_payoff",1,0
"study2_146",16,"study2",1,"self","higher_own_payoff","higher_own_payoff",1,0
"study2_146",17,"study2",1,"self","higher_own_payoff","higher_own_payoff",1,0
"study2_146",18,"study2",1,"self","higher_own_payoff","higher_own_payoff",2,10
"study2_146",18,"study2",2,"self","higher_own_payoff","higher_own_payoff",2,10
"study2_146",19,"study2",1,"self","higher_own_payoff","higher_own_payoff",1,0
"study2_146",20,"study2",1,"self","higher_own_payoff","higher_own_payoff",1,0
"study2_146",21,"study2",1,"self","higher_own_payoff","higher_own_payoff",1,0
"study2_146",22,"study2",1,"self","higher_own_payoff","higher_own_payoff",1,0
"study2_146",23,"study2",1,"self","higher_own_payoff","lower_own_payoff",1,0
"study2_146",24,"study2",1,"self","higher_own_payoff","higher_own_payoff",1,0
"study2_147",1,"study2",1,"other","higher_own_payoff","lower_own_payoff",1,0
"study2_147",2,"study2",1,"self","higher_own_payoff","lower_own_payoff",1,0
"study2_147",3,"study2",1,"self","higher_own_payoff","higher_own_payoff",1,0
"study2_147",4,"study2",1,"other","higher_own_payoff","higher_own_payoff",1,0
"study2_147",5,"study2",1,"self","lower_own_payoff","higher_own_payoff",1,0
"study2_147",6,"study2",1,"other","higher_own_payoff","higher_own_payoff",1,0
"study2_147",7,"study2",1,"self","lower_own_payoff","lower_own_payoff",1,0
"study2_147",8,"study2",1,"self","lower_own_payoff","higher_own_payoff",1,0
"study2_147",9,"study2",1,"other","higher_own_payoff","higher_own_payoff",2,10
"study2_147",9,"study2",2,"other","higher_own_payoff","higher_own_payoff",2,10
"study2_147",10,"study2",1,"self","lower_own_payoff","higher_own_payoff",1,0
"study2_147",11,"study2",1,"other","higher_own_payoff","higher_own_payoff",1,0
"study2_147",12,"study2",1,"self","higher_own_payoff","higher_own_payoff",1,0
"study2_147",13,"study2",1,"self","lower_own_payoff","lower_own_payoff",1,0
"study2_147",14,"study2",1,"other","higher_own_payoff","lower_own_payoff",1,0
"study2_147",15,"study2",1,"other","higher_own_payoff","higher_own_payoff",1,0
"study2_147",16,"study2",1,"self","lower_own_payoff","lower_own_payoff",1,0
"study2_147",17,"study2",1,"self","lower_own_payoff","lower_own_payoff",1,0
"study2_147",18,"study2",1,"self","lower_own_payoff","lower_own_payoff",1,0
"study2_147",19,"study2",1,"other","higher_own_payoff","higher_own_payoff",1,0
"study2_147",20,"study2",1,"self","higher_own_payoff","higher_own_payoff",1,0
"study2_147",21,"study2",1,"self","lower_own_payoff","lower_own_payoff",1,0
"study2_147",22,"study2",1,"self","lower_own_payoff","higher_own_payoff",1,0
"study2_147",23,"study2",1,"self","lower_own_payoff","lower_own_payoff",1,0
"study2_147",24,"study2",1,"other","higher_own_payoff","higher_own_payoff",1,0
"study2_148",1,"study2",1,"self","lower_own_payoff","higher_own_payoff",2,10
"study2_148",1,"study2",2,"self","higher_own_payoff","higher_own_payoff",2,10
"study2_148",2,"study2",1,"self","higher_own_payoff","higher_own_payoff",2,10
"study2_148",2,"study2",2,"self","higher_own_payoff","higher_own_payoff",2,10
"study2_148",3,"study2",1,"self","lower_own_payoff","higher_own_payoff",1,0
"study2_148",4,"study2",1,"self","higher_own_payoff","higher_own_payoff",1,0
"study2_148",5,"study2",1,"self","higher_own_payoff","higher_own_payoff",2,10
"study2_148",5,"study2",2,"self","lower_own_payoff","higher_own_payoff",2,10
"study2_148",6,"study2",1,"other","higher_own_payoff","higher_own_payoff",1,0
"study2_148",7,"study2",1,"self","higher_own_payoff","higher_own_payoff",2,10
"study2_148",7,"study2",2,"self","lower_own_payoff","higher_own_payoff",2,10
"study2_148",8,"study2",1,"self","lower_own_payoff","higher_own_payoff",1,0
"study2_148",9,"study2",1,"other","lower_own_payoff","lower_own_payoff",2,10
"study2_148",9,"study2",2,"self","lower_own_payoff","lower_own_payoff",2,10
"study2_148",10,"study2",1,"other","higher_own_payoff","higher_own_payoff",1,0
"study2_148",11,"study2",1,"self","higher_own_payoff","higher_own_payoff",2,10
"study2_148",11,"study2",2,"other","higher_own_payoff","higher_own_payoff",2,10
"study2_148",12,"study2",1,"self","higher_own_payoff","lower_own_payoff",1,0
"study2_148",13,"study2",1,"self","higher_own_payoff","higher_own_payoff",2,10
"study2_148",13,"study2",2,"other","higher_own_payoff","higher_own_payoff",2,10
"study2_148",14,"study2",1,"self","higher_own_payoff","higher_own_payoff",1,0
"study2_148",15,"study2",1,"self","higher_own_payoff","higher_own_payoff",1,0
"study2_148",16,"study2",1,"self","lower_own_payoff","lower_own_payoff",2,10
"study2_148",16,"study2",2,"self","higher_own_payoff","lower_own_payoff",2,10
"study2_148",17,"study2",1,"self","lower_own_payoff","higher_own_payoff",1,0
"study2_148",18,"study2",1,"self","higher_own_payoff","higher_own_payoff",1,0
"study2_148",19,"study2",1,"self","higher_own_payoff","higher_own_payoff",1,0
"study2_148",20,"study2",1,"self","lower_own_payoff","lower_own_payoff",1,0
"study2_148",21,"study2",1,"self","higher_own_payoff","higher_own_payoff",1,0
"study2_148",22,"study2",1,"self","higher_own_payoff","higher_own_payoff",2,10
"study2_148",22,"study2",2,"other","higher_own_payoff","higher_own_payoff",2,10
"study2_148",23,"study2",1,"self","higher_own_payoff","higher_own_payoff",1,0
"study2_148",24,"study2",1,"self","lower_own_payoff","higher_own_payoff",2,10
"study2_148",24,"study2",2,"self","higher_own_payoff","higher_own_payoff",2,10
"study2_149",1,"study2",1,"self","higher_own_payoff","lower_own_payoff",2,10
"study2_149",1,"study2",2,"self","lower_own_payoff","lower_own_payoff",2,10
"study2_149",2,"study2",1,"self","higher_own_payoff","lower_own_payoff",3,20
"study2_149",2,"study2",2,"self","lower_own_payoff","lower_own_payoff",3,20
"study2_149",2,"study2",3,"self","lower_own_payoff","lower_own_payoff",3,20
"study2_149",3,"study2",1,"self","higher_own_payoff","higher_own_payoff",2,10
"study2_149",3,"study2",2,"self","lower_own_payoff","higher_own_payoff",2,10
"study2_149",4,"study2",1,"self","higher_own_payoff","higher_own_payoff",2,10
"study2_149",4,"study2",2,"self","higher_own_payoff","higher_own_payoff",2,10
"study2_149",5,"study2",1,"self","higher_own_payoff","higher_own_payoff",2,10
"study2_149",5,"study2",2,"self","lower_own_payoff","higher_own_payoff",2,10
"study2_149",6,"study2",1,"self","higher_own_payoff","higher_own_payoff",2,10
"study2_149",6,"study2",2,"self","lower_own_payoff","higher_own_payoff",2,10
"study2_149",7,"study2",1,"self","higher_own_payoff","higher_own_payoff",1,0
"study2_149",8,"study2",1,"self","higher_own_payoff","higher_own_payoff",1,0
"study2_149",9,"study2",1,"self","higher_own_payoff","higher_own_payoff",4,30
"study2_149",9,"study2",2,"self","lower_own_payoff","higher_own_payoff",4,30
"study2_149",9,"study2",3,"self","higher_own_payoff","higher_own_payoff",4,30
"study2_149",9,"study2",4,"self","lower_own_payoff","higher_own_payoff",4,30
"study2_149",10,"study2",1,"self","higher_own_payoff","higher_own_payoff",2,10
"study2_149",10,"study2",2,"self","lower_own_payoff","higher_own_payoff",2,10
"study2_149",11,"study2",1,"self","higher_own_payoff","higher_own_payoff",1,0
"study2_149",12,"study2",1,"self","higher_own_payoff","higher_own_payoff",1,0
"study2_149",13,"study2",1,"self","higher_own_payoff","higher_own_payoff",1,0
"study2_149",14,"study2",1,"self","higher_own_payoff","higher_own_payoff",1,0
"study2_149",15,"study2",1,"self","higher_own_payoff","higher_own_payoff",2,10
"study2_149",15,"study2",2,"self","lower_own_payoff","higher_own_payoff",2,10
"study2_149",16,"study2",1,"self","higher_own_payoff","higher_own_payoff",2,10
"study2_149",16,"study2",2,"self","lower_own_payoff","higher_own_payoff",2,10
"study2_149",17,"study2",1,"other","lower_own_payoff","higher_own_payoff",2,10
"study2_149",17,"study2",2,"self","higher_own_payoff","higher_own_payoff",2,10
"study2_149",18,"study2",1,"self","lower_own_payoff","lower_own_payoff",2,10
"study2_149",18,"study2",2,"self","lower_own_payoff","lower_own_payoff",2,10
"study2_149",19,"study2",1,"self","higher_own_payoff","higher_own_payoff",2,10
"study2_149",19,"study2",2,"self","higher_own_payoff","higher_own_payoff",2,10
"study2_149",20,"study2",1,"self","higher_own_payoff","higher_own_payoff",1,0
"study2_149",21,"study2",1,"self","lower_own_payoff","lower_own_payoff",1,0
"study2_149",22,"study2",1,"self","higher_own_payoff","higher_own_payoff",1,0
"study2_149",23,"study2",1,"self","higher_own_payoff","higher_own_payoff",2,10
"study2_149",23,"study2",2,"self","lower_own_payoff","higher_own_payoff",2,10
"study2_149",24,"study2",1,"self","higher_own_payoff","higher_own_payoff",1,0
"study2_15",1,"study2",1,"self","higher_own_payoff","lower_own_payoff",2,10
"study2_15",1,"study2",2,"self","lower_own_payoff","lower_own_payoff",2,10
"study2_15",2,"study2",1,"self","higher_own_payoff","higher_own_payoff",2,10
"study2_15",2,"study2",2,"self","lower_own_payoff","higher_own_payoff",2,10
"study2_15",3,"study2",1,"self","higher_own_payoff","higher_own_payoff",4,30
"study2_15",3,"study2",2,"self","higher_own_payoff","higher_own_payoff",4,30
"study2_15",3,"study2",3,"self","lower_own_payoff","higher_own_payoff",4,30
"study2_15",3,"study2",4,"self","lower_own_payoff","higher_own_payoff",4,30
"study2_15",4,"study2",1,"self","higher_own_payoff","lower_own_payoff",2,10
"study2_15",4,"study2",2,"self","lower_own_payoff","lower_own_payoff",2,10
"study2_15",5,"study2",1,"self","higher_own_payoff","lower_own_payoff",4,30
"study2_15",5,"study2",2,"self","lower_own_payoff","lower_own_payoff",4,30
"study2_15",5,"study2",3,"self","lower_own_payoff","lower_own_payoff",4,30
"study2_15",5,"study2",4,"self","higher_own_payoff","lower_own_payoff",4,30
"study2_15",6,"study2",1,"self","higher_own_payoff","higher_own_payoff",2,10
"study2_15",6,"study2",2,"self","higher_own_payoff","higher_own_payoff",2,10
"study2_15",7,"study2",1,"self","lower_own_payoff","lower_own_payoff",4,30
"study2_15",7,"study2",2,"self","lower_own_payoff","lower_own_payoff",4,30
"study2_15",7,"study2",3,"self","higher_own_payoff","lower_own_payoff",4,30
"study2_15",7,"study2",4,"self","higher_own_payoff","lower_own_payoff",4,30
"study2_15",8,"study2",1,"self","higher_own_payoff","lower_own_payoff",3,20
"study2_15",8,"study2",2,"self","lower_own_payoff","lower_own_payoff",3,20
"study2_15",8,"study2",3,"self","higher_own_payoff","lower_own_payoff",3,20
"study2_15",9,"study2",1,"self","higher_own_payoff","higher_own_payoff",3,20
"study2_15",9,"study2",2,"self","lower_own_payoff","higher_own_payoff",3,20
"study2_15",9,"study2",3,"self","lower_own_payoff","higher_own_payoff",3,20
"study2_15",10,"study2",1,"self","lower_own_payoff","higher_own_payoff",2,10
"study2_15",10,"study2",2,"self","lower_own_payoff","higher_own_payoff",2,10
"study2_15",11,"study2",1,"self","lower_own_payoff","lower_own_payoff",2,10
"study2_15",11,"study2",2,"self","lower_own_payoff","lower_own_payoff",2,10
"study2_15",12,"study2",1,"self","lower_own_payoff","higher_own_payoff",2,10
"study2_15",12,"study2",2,"self","lower_own_payoff","higher_own_payoff",2,10
"study2_15",13,"study2",1,"self","lower_own_payoff","higher_own_payoff",2,10
"study2_15",13,"study2",2,"self","lower_own_payoff","higher_own_payoff",2,10
"study2_15",14,"study2",1,"self","lower_own_payoff","lower_own_payoff",3,20
"study2_15",14,"study2",2,"self","lower_own_payoff","lower_own_payoff",3,20
"study2_15",14,"study2",3,"self","higher_own_payoff","lower_own_payoff",3,20
"study2_15",15,"study2",1,"self","lower_own_payoff","higher_own_payoff",2,10
"study2_15",15,"study2",2,"self","lower_own_payoff","higher_own_payoff",2,10
"study2_15",16,"study2",1,"self","lower_own_payoff","higher_own_payoff",2,10
"study2_15",16,"study2",2,"self","lower_own_payoff","higher_own_payoff",2,10
"study2_15",17,"study2",1,"self","lower_own_payoff","lower_own_payoff",4,30
"study2_15",17,"study2",2,"self","lower_own_payoff","lower_own_payoff",4,30
"study2_15",17,"study2",3,"self","higher_own_payoff","lower_own_payoff",4,30
"study2_15",17,"study2",4,"self","higher_own_payoff","lower_own_payoff",4,30
"study2_15",18,"study2",1,"self","higher_own_payoff","higher_own_payoff",3,20
"study2_15",18,"study2",2,"self","lower_own_payoff","higher_own_payoff",3,20
"study2_15",18,"study2",3,"self","lower_own_payoff","higher_own_payoff",3,20
"study2_15",19,"study2",1,"self","lower_own_payoff","lower_own_payoff",4,30
"study2_15",19,"study2",2,"self","lower_own_payoff","lower_own_payoff",4,30
"study2_15",19,"study2",3,"self","higher_own_payoff","lower_own_payoff",4,30
"study2_15",19,"study2",4,"self","higher_own_payoff","lower_own_payoff",4,30
"study2_15",20,"study2",1,"self","lower_own_payoff","higher_own_payoff",2,10
"study2_15",20,"study2",2,"self","lower_own_payoff","higher_own_payoff",2,10
"study2_15",21,"study2",1,"self","lower_own_payoff","higher_own_payoff",2,10
"study2_15",21,"study2",2,"self","lower_own_payoff","higher_own_payoff",2,10
"study2_15",22,"study2",1,"self","lower_own_payoff","higher_own_payoff",2,10
"study2_15",22,"study2",2,"self","lower_own_payoff","higher_own_payoff",2,10
"study2_15",23,"study2",1,"self","lower_own_payoff","higher_own_payoff",2,10
"study2_15",23,"study2",2,"self","lower_own_payoff","higher_own_payoff",2,10
"study2_15",24,"study2",1,"self","higher_own_payoff","higher_own_payoff",3,20
"study2_15",24,"study2",2,"self","lower_own_payoff","higher_own_payoff",3,20
"study2_15",24,"study2",3,"self","lower_own_payoff","higher_own_payoff",3,20
"study2_150",1,"study2",1,"self","higher_own_payoff","higher_own_payoff",3,20
"study2_150",1,"study2",2,"self","lower_own_payoff","higher_own_payoff",3,20
"study2_150",1,"study2",3,"self","higher_own_payoff","higher_own_payoff",3,20
"study2_150",2,"study2",1,"self","higher_own_payoff","lower_own_payoff",2,10
"study2_150",2,"study2",2,"self","lower_own_payoff","lower_own_payoff",2,10
"study2_150",3,"study2",1,"self","higher_own_payoff","higher_own_payoff",1,0
"study2_150",4,"study2",1,"self","lower_own_payoff","lower_own_payoff",4,30
"study2_150",4,"study2",2,"self","higher_own_payoff","lower_own_payoff",4,30
"study2_150",4,"study2",3,"self","higher_own_payoff","lower_own_payoff",4,30
"study2_150",4,"study2",4,"self","lower_own_payoff","lower_own_payoff",4,30
"study2_150",5,"study2",1,"self","higher_own_payoff","higher_own_payoff",2,10
"study2_150",5,"study2",2,"self","lower_own_payoff","higher_own_payoff",2,10
"study2_150",6,"study2",1,"self","higher_own_payoff","higher_own_payoff",2,10
"study2_150",6,"study2",2,"self","lower_own_payoff","higher_own_payoff",2,10
"study2_150",7,"study2",1,"self","lower_own_payoff","higher_own_payoff",4,30
"study2_150",7,"study2",2,"self","higher_own_payoff","higher_own_payoff",4,30
"study2_150",7,"study2",3,"self","higher_own_payoff","higher_own_payoff",4,30
"study2_150",7,"study2",4,"self","lower_own_payoff","higher_own_payoff",4,30
"study2_150",8,"study2",1,"self","higher_own_payoff","lower_own_payoff",4,30
"study2_150",8,"study2",2,"self","higher_own_payoff","lower_own_payoff",4,30
"study2_150",8,"study2",3,"self","lower_own_payoff","lower_own_payoff",4,30
"study2_150",8,"study2",4,"self","lower_own_payoff","lower_own_payoff",4,30
"study2_150",9,"study2",1,"self","lower_own_payoff","higher_own_payoff",2,10
"study2_150",9,"study2",2,"self","higher_own_payoff","higher_own_payoff",2,10
"study2_150",10,"study2",1,"self","lower_own_payoff","higher_own_payoff",3,20
"study2_150",10,"study2",2,"self","higher_own_payoff","higher_own_payoff",3,20
"study2_150",10,"study2",3,"self","higher_own_payoff","higher_own_payoff",3,20
"study2_150",11,"study2",1,"self","higher_own_payoff","lower_own_payoff",2,10
"study2_150",11,"study2",2,"self","lower_own_payoff","lower_own_payoff",2,10
"study2_150",12,"study2",1,"self","higher_own_payoff","higher_own_payoff",4,30
"study2_150",12,"study2",2,"self","lower_own_payoff","higher_own_payoff",4,30
"study2_150",12,"study2",3,"self","lower_own_payoff","higher_own_payoff",4,30
"study2_150",12,"study2",4,"self","higher_own_payoff","higher_own_payoff",4,30
"study2_150",13,"study2",1,"self","higher_own_payoff","higher_own_payoff",1,0
"study2_150",14,"study2",1,"self","higher_own_payoff","higher_own_payoff",4,30
"study2_150",14,"study2",2,"self","higher_own_payoff","higher_own_payoff",4,30
"study2_150",14,"study2",3,"self","lower_own_payoff","higher_own_payoff",4,30
"study2_150",14,"study2",4,"self","lower_own_payoff","higher_own_payoff",4,30
"study2_150",15,"study2",1,"self","higher_own_payoff","lower_own_payoff",4,30
"study2_150",15,"study2",2,"self","lower_own_payoff","lower_own_payoff",4,30
"study2_150",15,"study2",3,"self","higher_own_payoff","lower_own_payoff",4,30
"study2_150",15,"study2",4,"self","lower_own_payoff","lower_own_payoff",4,30
"study2_150",16,"study2",1,"self","higher_own_payoff","higher_own_payoff",1,0
"study2_150",17,"study2",1,"self","higher_own_payoff","lower_own_payoff",4,30
"study2_150",17,"study2",2,"self","lower_own_payoff","lower_own_payoff",4,30
"study2_150",17,"study2",3,"self","higher_own_payoff","lower_own_payoff",4,30
"study2_150",17,"study2",4,"self","lower_own_payoff","lower_own_payoff",4,30
"study2_150",18,"study2",1,"self","higher_own_payoff","higher_own_payoff",4,30
"study2_150",18,"study2",2,"self","lower_own_payoff","higher_own_payoff",4,30
"study2_150",18,"study2",3,"self","lower_own_payoff","higher_own_payoff",4,30
"study2_150",18,"study2",4,"self","higher_own_payoff","higher_own_payoff",4,30
"study2_150",19,"study2",1,"self","higher_own_payoff","lower_own_payoff",4,30
"study2_150",19,"study2",2,"self","lower_own_payoff","lower_own_payoff",4,30
"study2_150",19,"study2",3,"self","higher_own_payoff","lower_own_payoff",4,30
"study2_150",19,"study2",4,"self","lower_own_payoff","lower_own_payoff",4,30
"study2_150",20,"study2",1,"self","higher_own_payoff","lower_own_payoff",4,30
"study2_150",20,"study2",2,"self","lower_own_payoff","lower_own_payoff",4,30
"study2_150",20,"study2",3,"self","lower_own_payoff","lower_own_payoff",4,30
"study2_150",20,"study2",4,"self","higher_own_payoff","lower_own_payoff",4,30
"study2_150",21,"study2",1,"self","higher_own_payoff","lower_own_payoff",4,30
"study2_150",21,"study2",2,"self","higher_own_payoff","lower_own_payoff",4,30
"study2_150",21,"study2",3,"self","lower_own_payoff","lower_own_payoff",4,30
"study2_150",21,"study2",4,"self","lower_own_payoff","lower_own_payoff",4,30
"study2_150",22,"study2",1,"self","lower_own_payoff","higher_own_payoff",4,30
"study2_150",22,"study2",2,"self","higher_own_payoff","higher_own_payoff",4,30
"study2_150",22,"study2",3,"self","higher_own_payoff","higher_own_payoff",4,30
"study2_150",22,"study2",4,"self","lower_own_payoff","higher_own_payoff",4,30
"study2_150",23,"study2",1,"self","higher_own_payoff","higher_own_payoff",4,30
"study2_150",23,"study2",2,"self","lower_own_payoff","higher_own_payoff",4,30
"study2_150",23,"study2",3,"self","higher_own_payoff","higher_own_payoff",4,30
"study2_150",23,"study2",4,"self","lower_own_payoff","higher_own_payoff",4,30
"study2_150",24,"study2",1,"self","higher_own_payoff","higher_own_payoff",2,10
"study2_150",24,"study2",2,"self","lower_own_payoff","higher_own_payoff",2,10
"study2_151",1,"study2",1,"self","lower_own_payoff","lower_own_payoff",1,0
"study2_151",2,"study2",1,"self","lower_own_payoff","lower_own_payoff",1,0
"study2_151",3,"study2",1,"self","higher_own_payoff","higher_own_payoff",1,0
"study2_151",4,"study2",1,"other","higher_own_payoff","higher_own_payoff",1,0
"study2_151",5,"study2",1,"self","lower_own_payoff","higher_own_payoff",1,0
"study2_151",6,"study2",1,"self","lower_own_payoff","lower_own_payoff",1,0
"study2_151",7,"study2",1,"self","higher_own_payoff","higher_own_payoff",1,0
"study2_151",8,"study2",1,"self","higher_own_payoff","lower_own_payoff",1,0
"study2_151",9,"study2",1,"self","lower_own_payoff","lower_own_payoff",1,0
"study2_151",10,"study2",1,"self","higher_own_payoff","higher_own_payoff",1,0
"study2_151",11,"study2",1,"self","lower_own_payoff","lower_own_payoff",1,0
"study2_151",12,"study2",1,"self","higher_own_payoff","lower_own_payoff",1,0
"study2_151",13,"study2",1,"self","lower_own_payoff","higher_own_payoff",1,0
"study2_151",14,"study2",1,"self","lower_own_payoff","lower_own_payoff",1,0
"study2_151",15,"study2",1,"self","higher_own_payoff","higher_own_payoff",1,0
"study2_151",16,"study2",1,"other","lower_own_payoff","lower_own_payoff",1,0
"study2_151",17,"study2",1,"self","higher_own_payoff","higher_own_payoff",1,0
"study2_151",18,"study2",1,"self","higher_own_payoff","higher_own_payoff",1,0
"study2_151",19,"study2",1,"self","lower_own_payoff","lower_own_payoff",1,0
"study2_151",20,"study2",1,"self","higher_own_payoff","higher_own_payoff",2,10
"study2_151",20,"study2",2,"self","lower_own_payoff","higher_own_payoff",2,10
"study2_151",21,"study2",1,"self","lower_own_payoff","higher_own_payoff",1,0
"study2_151",22,"study2",1,"self","higher_own_payoff","higher_own_payoff",1,0
"study2_151",23,"study2",1,"self","lower_own_payoff","lower_own_payoff",1,0
"study2_151",24,"study2",1,"self","higher_own_payoff","lower_own_payoff",1,0
"study2_153",1,"study2",1,"self","higher_own_payoff","higher_own_payoff",2,10
"study2_153",1,"study2",2,"self","lower_own_payoff","higher_own_payoff",2,10
"study2_153",2,"study2",1,"self","lower_own_payoff","higher_own_payoff",1,0
"study2_153",3,"study2",1,"self","higher_own_payoff","lower_own_payoff",4,30
"study2_153",3,"study2",2,"self","higher_own_payoff","lower_own_payoff",4,30
"study2_153",3,"study2",3,"self","lower_own_payoff","lower_own_payoff",4,30
"study2_153",3,"study2",4,"self","lower_own_payoff","lower_own_payoff",4,30
"study2_153",4,"study2",1,"self","higher_own_payoff","higher_own_payoff",4,30
"study2_153",4,"study2",2,"self","lower_own_payoff","higher_own_payoff",4,30
"study2_153",4,"study2",3,"self","lower_own_payoff","higher_own_payoff",4,30
"study2_153",4,"study2",4,"self","higher_own_payoff","higher_own_payoff",4,30
"study2_153",5,"study2",1,"self","lower_own_payoff","lower_own_payoff",2,10
"study2_153",5,"study2",2,"self","higher_own_payoff","lower_own_payoff",2,10
"study2_153",6,"study2",1,"self","higher_own_payoff","higher_own_payoff",4,30
"study2_153",6,"study2",2,"self","lower_own_payoff","higher_own_payoff",4,30
"study2_153",6,"study2",3,"self","higher_own_payoff","higher_own_payoff",4,30
"study2_153",6,"study2",4,"self","lower_own_payoff","higher_own_payoff",4,30
"study2_153",7,"study2",1,"self","higher_own_payoff","higher_own_payoff",2,10
"study2_153",7,"study2",2,"self","lower_own_payoff","higher_own_payoff",2,10
"study2_153",8,"study2",1,"self","higher_own_payoff","lower_own_payoff",4,30
"study2_153",8,"study2",2,"self","higher_own_payoff","lower_own_payoff",4,30
"study2_153",8,"study2",3,"self","lower_own_payoff","lower_own_payoff",4,30
"study2_153",8,"study2",4,"self","lower_own_payoff","lower_own_payoff",4,30
"study2_153",9,"study2",1,"self","lower_own_payoff","higher_own_payoff",4,30
"study2_153",9,"study2",2,"self","lower_own_payoff","higher_own_payoff",4,30
"study2_153",9,"study2",3,"self","higher_own_payoff","higher_own_payoff",4,30
"study2_153",9,"study2",4,"self","higher_own_payoff","higher_own_payoff",4,30
"study2_153",10,"study2",1,"self","lower_own_payoff","lower_own_payoff",4,30
"study2_153",10,"study2",2,"self","lower_own_payoff","lower_own_payoff",4,30
"study2_153",10,"study2",3,"self","higher_own_payoff","lower_own_payoff",4,30
"study2_153",10,"study2",4,"self","higher_own_payoff","lower_own_payoff",4,30
"study2_153",11,"study2",1,"self","lower_own_payoff","higher_own_payoff",4,30
"study2_153",11,"study2",2,"self","lower_own_payoff","higher_own_payoff",4,30
"study2_153",11,"study2",3,"self","higher_own_payoff","higher_own_payoff",4,30
"study2_153",11,"study2",4,"self","higher_own_payoff","higher_own_payoff",4,30
"study2_153",12,"study2",1,"self","higher_own_payoff","lower_own_payoff",2,10
"study2_153",12,"study2",2,"self","lower_own_payoff","lower_own_payoff",2,10
"study2_153",13,"study2",1,"self","lower_own_payoff","higher_own_payoff",2,10
"study2_153",13,"study2",2,"self","lower_own_payoff","higher_own_payoff",2,10
"study2_153",14,"study2",1,"self","lower_own_payoff","higher_own_payoff",2,10
"study2_153",14,"study2",2,"self","higher_own_payoff","higher_own_payoff",2,10
"study2_153",15,"study2",1,"self","higher_own_payoff","higher_own_payoff",1,0
"study2_153",16,"study2",1,"self","higher_own_payoff","higher_own_payoff",4,30
"study2_153",16,"study2",2,"self","higher_own_payoff","higher_own_payoff",4,30
"study2_153",16,"study2",3,"self","lower_own_payoff","higher_own_payoff",4,30
"study2_153",16,"study2",4,"self","lower_own_payoff","higher_own_payoff",4,30
"study2_153",17,"study2",1,"self","higher_own_payoff","higher_own_payoff",2,10
"study2_153",17,"study2",2,"self","lower_own_payoff","higher_own_payoff",2,10
"study2_153",18,"study2",1,"self","higher_own_payoff","higher_own_payoff",4,30
"study2_153",18,"study2",2,"self","higher_own_payoff","higher_own_payoff",4,30
"study2_153",18,"study2",3,"self","lower_own_payoff","higher_own_payoff",4,30
"study2_153",18,"study2",4,"self","lower_own_payoff","higher_own_payoff",4,30
"study2_153",19,"study2",1,"self","lower_own_payoff","lower_own_payoff",4,30
"study2_153",19,"study2",2,"self","lower_own_payoff","lower_own_payoff",4,30
"study2_153",19,"study2",3,"self","higher_own_payoff","lower_own_payoff",4,30
"study2_153",19,"study2",4,"self","higher_own_payoff","lower_own_payoff",4,30
"study2_153",20,"study2",1,"self","higher_own_payoff","lower_own_payoff",4,30
"study2_153",20,"study2",2,"self","higher_own_payoff","lower_own_payoff",4,30
"study2_153",20,"study2",3,"self","lower_own_payoff","lower_own_payoff",4,30
"study2_153",20,"study2",4,"self","lower_own_payoff","lower_own_payoff",4,30
"study2_153",21,"study2",1,"self","higher_own_payoff","lower_own_payoff",4,30
"study2_153",21,"study2",2,"self","higher_own_payoff","lower_own_payoff",4,30
"study2_153",21,"study2",3,"self","lower_own_payoff","lower_own_payoff",4,30
"study2_153",21,"study2",4,"self","lower_own_payoff","lower_own_payoff",4,30
"study2_153",22,"study2",1,"self","higher_own_payoff","higher_own_payoff",4,30
"study2_153",22,"study2",2,"self","higher_own_payoff","higher_own_payoff",4,30
"study2_153",22,"study2",3,"self","lower_own_payoff","higher_own_payoff",4,30
"study2_153",22,"study2",4,"self","lower_own_payoff","higher_own_payoff",4,30
"study2_153",23,"study2",1,"self","lower_own_payoff","higher_own_payoff",2,10
"study2_153",23,"study2",2,"self","lower_own_payoff","higher_own_payoff",2,10
"study2_153",24,"study2",1,"self","higher_own_payoff","higher_own_payoff",4,30
"study2_153",24,"study2",2,"self","higher_own_payoff","higher_own_payoff",4,30
"study2_153",24,"study2",3,"self","lower_own_payoff","higher_own_payoff",4,30
"study2_153",24,"study2",4,"self","lower_own_payoff","higher_own_payoff",4,30
"study2_154",1,"study2",1,"self","higher_own_payoff","higher_own_payoff",1,0
"study2_154",2,"study2",1,"self","lower_own_payoff","lower_own_payoff",1,0
"study2_154",3,"study2",1,"self","higher_own_payoff","higher_own_payoff",1,0
"study2_154",4,"study2",1,"self","higher_own_payoff","higher_own_payoff",1,0
"study2_154",5,"study2",1,"self","lower_own_payoff","higher_own_payoff",1,0
"study2_154",6,"study2",1,"self","higher_own_payoff","lower_own_payoff",1,0
"study2_154",7,"study2",1,"self","higher_own_payoff","higher_own_payoff",1,0
"study2_154",8,"study2",1,"self","higher_own_payoff","lower_own_payoff",1,0
"study2_154",9,"study2",1,"self","higher_own_payoff","higher_own_payoff",1,0
"study2_154",10,"study2",1,"self","higher_own_payoff","higher_own_payoff",1,0
"study2_154",11,"study2",1,"self","higher_own_payoff","higher_own_payoff",1,0
"study2_154",12,"study2",1,"self","higher_own_payoff","higher_own_payoff",1,0
"study2_154",13,"study2",1,"self","lower_own_payoff","lower_own_payoff",1,0
"study2_154",14,"study2",1,"self","higher_own_payoff","lower_own_payoff",1,0
"study2_154",15,"study2",1,"self","higher_own_payoff","higher_own_payoff",1,0
"study2_154",16,"study2",1,"self","lower_own_payoff","higher_own_payoff",1,0
"study2_154",17,"study2",1,"self","higher_own_payoff","higher_own_payoff",1,0
"study2_154",18,"study2",1,"self","higher_own_payoff","higher_own_payoff",1,0
"study2_154",19,"study2",1,"self","higher_own_payoff","higher_own_payoff",1,0
"study2_154",20,"study2",1,"self","higher_own_payoff","higher_own_payoff",1,0
"study2_154",21,"study2",1,"self","higher_own_payoff","higher_own_payoff",1,0
"study2_154",22,"study2",1,"self","higher_own_payoff","higher_own_payoff",1,0
"study2_154",23,"study2",1,"self","higher_own_payoff","higher_own_payoff",1,0
"study2_154",24,"study2",1,"self","lower_own_payoff","lower_own_payoff",1,0
"study2_155",1,"study2",1,"self","lower_own_payoff","lower_own_payoff",1,0
"study2_155",2,"study2",1,"other","higher_own_payoff","higher_own_payoff",1,0
"study2_155",3,"study2",1,"self","lower_own_payoff","higher_own_payoff",3,20
"study2_155",3,"study2",2,"other","lower_own_payoff","higher_own_payoff",3,20
"study2_155",3,"study2",3,"other","higher_own_payoff","higher_own_payoff",3,20
"study2_155",4,"study2",1,"self","lower_own_payoff","lower_own_payoff",2,10
"study2_155",4,"study2",2,"self","higher_own_payoff","lower_own_payoff",2,10
"study2_155",5,"study2",1,"other","lower_own_payoff","lower_own_payoff",1,0
"study2_155",6,"study2",1,"other","higher_own_payoff","lower_own_payoff",2,10
"study2_155",6,"study2",2,"other","higher_own_payoff","lower_own_payoff",2,10
"study2_155",7,"study2",1,"other","higher_own_payoff","higher_own_payoff",1,0
"study2_155",8,"study2",1,"self","higher_own_payoff","higher_own_payoff",1,0
"study2_155",9,"study2",1,"other","higher_own_payoff","higher_own_payoff",1,0
"study2_155",10,"study2",1,"other","lower_own_payoff","lower_own_payoff",2,10
"study2_155",10,"study2",2,"self","lower_own_payoff","lower_own_payoff",2,10
"study2_155",11,"study2",1,"self","lower_own_payoff","lower_own_payoff",1,0
"study2_155",12,"study2",1,"other","lower_own_payoff","lower_own_payoff",1,0
"study2_155",13,"study2",1,"other","higher_own_payoff","lower_own_payoff",1,0
"study2_155",14,"study2",1,"self","lower_own_payoff","higher_own_payoff",2,10
"study2_155",14,"study2",2,"self","lower_own_payoff","higher_own_payoff",2,10
"study2_155",15,"study2",1,"self","lower_own_payoff","lower_own_payoff",1,0
"study2_155",16,"study2",1,"other","lower_own_payoff","lower_own_payoff",1,0
"study2_155",17,"study2",1,"other","higher_own_payoff","higher_own_payoff",1,0
"study2_155",18,"study2",1,"self","lower_own_payoff","lower_own_payoff",1,0
"study2_155",19,"study2",1,"self","lower_own_payoff","higher_own_payoff",1,0
"study2_155",20,"study2",1,"self","lower_own_payoff","lower_own_payoff",1,0
"study2_155",21,"study2",1,"self","lower_own_payoff","lower_own_payoff",1,0
"study2_155",22,"study2",1,"self","lower_own_payoff","lower_own_payoff",1,0
"study2_155",23,"study2",1,"self","lower_own_payoff","lower_own_payoff",1,0
"study2_155",24,"study2",1,"other","higher_own_payoff","lower_own_payoff",1,0
"study2_156",1,"study2",1,"self","higher_own_payoff","higher_own_payoff",1,0
"study2_156",2,"study2",1,"self","higher_own_payoff","higher_own_payoff",1,0
"study2_156",3,"study2",1,"self","higher_own_payoff","higher_own_payoff",1,0
"study2_156",4,"study2",1,"self","higher_own_payoff","lower_own_payoff",1,0
"study2_156",5,"study2",1,"self","higher_own_payoff","lower_own_payoff",1,0
"study2_156",6,"study2",1,"self","higher_own_payoff","lower_own_payoff",1,0
"study2_156",7,"study2",1,"self","higher_own_payoff","lower_own_payoff",1,0
"study2_156",8,"study2",1,"self","higher_own_payoff","higher_own_payoff",1,0
"study2_156",9,"study2",1,"self","higher_own_payoff","lower_own_payoff",1,0
"study2_156",10,"study2",1,"self","lower_own_payoff","higher_own_payoff",1,0
"study2_156",11,"study2",1,"self","higher_own_payoff","higher_own_payoff",1,0
"study2_156",12,"study2",1,"self","higher_own_payoff","lower_own_payoff",1,0
"study2_156",13,"study2",1,"self","higher_own_payoff","lower_own_payoff",1,0
"study2_156",14,"study2",1,"self","higher_own_payoff","higher_own_payoff",1,0
"study2_156",15,"study2",1,"self","higher_own_payoff","higher_own_payoff",1,0
"study2_156",16,"study2",1,"self","higher_own_payoff","lower_own_payoff",1,0
"study2_156",17,"study2",1,"self","higher_own_payoff","lower_own_payoff",1,0
"study2_156",18,"study2",1,"self","higher_own_payoff","higher_own_payoff",1,0
"study2_156",19,"study2",1,"self","higher_own_payoff","higher_own_payoff",1,0
"study2_156",20,"study2",1,"self","higher_own_payoff","higher_own_payoff",1,0
"study2_156",21,"study2",1,"self","higher_own_payoff","higher_own_payoff",1,0
"study2_156",22,"study2",1,"self","higher_own_payoff","lower_own_payoff",1,0
"study2_156",23,"study2",1,"self","higher_own_payoff","lower_own_payoff",1,0
"study2_156",24,"study2",1,"self","higher_own_payoff","lower_own_payoff",1,0
"study2_158",1,"study2",1,"self","higher_own_payoff","lower_own_payoff",3,20
"study2_158",1,"study2",2,"self","lower_own_payoff","lower_own_payoff",3,20
"study2_158",1,"study2",3,"self","lower_own_payoff","lower_own_payoff",3,20
"study2_158",2,"study2",1,"self","higher_own_payoff","higher_own_payoff",2,10
"study2_158",2,"study2",2,"self","higher_own_payoff","higher_own_payoff",2,10
"study2_158",3,"study2",1,"self","higher_own_payoff","lower_own_payoff",4,30
"study2_158",3,"study2",2,"self","lower_own_payoff","lower_own_payoff",4,30
"study2_158",3,"study2",3,"self","lower_own_payoff","lower_own_payoff",4,30
"study2_158",3,"study2",4,"self","higher_own_payoff","lower_own_payoff",4,30
"study2_158",4,"study2",1,"self","lower_own_payoff","lower_own_payoff",2,10
"study2_158",4,"study2",2,"self","lower_own_payoff","lower_own_payoff",2,10
"study2_158",5,"study2",1,"self","higher_own_payoff","higher_own_payoff",2,10
"study2_158",5,"study2",2,"self","higher_own_payoff","higher_own_payoff",2,10
"study2_158",6,"study2",1,"self","higher_own_payoff","higher_own_payoff",1,0
"study2_158",7,"study2",1,"self","higher_own_payoff","higher_own_payoff",1,0
"study2_158",8,"study2",1,"self","higher_own_payoff","lower_own_payoff",1,0
"study2_158",9,"study2",1,"self","higher_own_payoff","higher_own_payoff",1,0
"study2_158",10,"study2",1,"self","higher_own_payoff","lower_own_payoff",2,10
"study2_158",10,"study2",2,"self","lower_own_payoff","lower_own_payoff",2,10
"study2_158",11,"study2",1,"self","higher_own_payoff","higher_own_payoff",1,0
"study2_158",12,"study2",1,"self","higher_own_payoff","higher_own_payoff",1,0
"study2_158",13,"study2",1,"self","higher_own_payoff","higher_own_payoff",1,0
"study2_158",14,"study2",1,"self","higher_own_payoff","higher_own_payoff",1,0
"study2_158",15,"study2",1,"self","higher_own_payoff","lower_own_payoff",2,10
"study2_158",15,"study2",2,"self","higher_own_payoff","lower_own_payoff",2,10
"study2_158",16,"study2",1,"self","higher_own_payoff","lower_own_payoff",2,10
"study2_158",16,"study2",2,"self","higher_own_payoff","lower_own_payoff",2,10
"study2_158",17,"study2",1,"self","higher_own_payoff","higher_own_payoff",2,10
"study2_158",17,"study2",2,"self","higher_own_payoff","higher_own_payoff",2,10
"study2_158",18,"study2",1,"self","higher_own_payoff","higher_own_payoff",1,0
"study2_158",19,"study2",1,"self","higher_own_payoff","higher_own_payoff",1,0
"study2_158",20,"study2",1,"self","higher_own_payoff","lower_own_payoff",1,0
"study2_158",21,"study2",1,"self","higher_own_payoff","higher_own_payoff",1,0
"study2_158",22,"study2",1,"self","higher_own_payoff","higher_own_payoff",1,0
"study2_158",23,"study2",1,"self","higher_own_payoff","higher_own_payoff",1,0
"study2_158",24,"study2",1,"self","higher_own_payoff","lower_own_payoff",2,10
"study2_158",24,"study2",2,"self","lower_own_payoff","lower_own_payoff",2,10
"study2_16",1,"study2",1,"self","higher_own_payoff","higher_own_payoff",1,0
"study2_16",2,"study2",1,"self","higher_own_payoff","lower_own_payoff",1,0
"study2_16",3,"study2",1,"self","higher_own_payoff","higher_own_payoff",1,0
"study2_16",4,"study2",1,"self","higher_own_payoff","higher_own_payoff",1,0
"study2_16",5,"study2",1,"self","higher_own_payoff","higher_own_payoff",1,0
"study2_16",6,"study2",1,"self","higher_own_payoff","higher_own_payoff",1,0
"study2_16",7,"study2",1,"self","higher_own_payoff","higher_own_payoff",1,0
"study2_16",8,"study2",1,"self","lower_own_payoff","higher_own_payoff",1,0
"study2_16",9,"study2",1,"self","higher_own_payoff","higher_own_payoff",1,0
"study2_16",10,"study2",1,"self","higher_own_payoff","higher_own_payoff",1,0
"study2_16",11,"study2",1,"self","higher_own_payoff","higher_own_payoff",1,0
"study2_16",12,"study2",1,"self","higher_own_payoff","higher_own_payoff",1,0
"study2_16",13,"study2",1,"self","higher_own_payoff","higher_own_payoff",1,0
"study2_16",14,"study2",1,"self","higher_own_payoff","lower_own_payoff",2,10
"study2_16",14,"study2",2,"self","lower_own_payoff","lower_own_payoff",2,10
"study2_16",15,"study2",1,"self","higher_own_payoff","higher_own_payoff",1,0
"study2_16",16,"study2",1,"self","higher_own_payoff","higher_own_payoff",1,0
"study2_16",17,"study2",1,"self","higher_own_payoff","lower_own_payoff",2,10
"study2_16",17,"study2",2,"self","lower_own_payoff","lower_own_payoff",2,10
"study2_16",18,"study2",1,"self","higher_own_payoff","lower_own_payoff",4,30
"study2_16",18,"study2",2,"self","lower_own_payoff","lower_own_payoff",4,30
"study2_16",18,"study2",3,"self","lower_own_payoff","lower_own_payoff",4,30
"study2_16",18,"study2",4,"self","higher_own_payoff","lower_own_payoff",4,30
"study2_16",19,"study2",1,"self","higher_own_payoff","higher_own_payoff",1,0
"study2_16",20,"study2",1,"self","higher_own_payoff","higher_own_payoff",1,0
"study2_16",21,"study2",1,"self","higher_own_payoff","higher_own_payoff",3,20
"study2_16",21,"study2",2,"self","lower_own_payoff","higher_own_payoff",3,20
"study2_16",21,"study2",3,"self","lower_own_payoff","higher_own_payoff",3,20
"study2_16",22,"study2",1,"self","higher_own_payoff","higher_own_payoff",1,0
"study2_16",23,"study2",1,"self","higher_own_payoff","higher_own_payoff",1,0
"study2_16",24,"study2",1,"self","higher_own_payoff","lower_own_payoff",2,10
"study2_16",24,"study2",2,"self","lower_own_payoff","lower_own_payoff",2,10
"study2_160",1,"study2",1,"self","lower_own_payoff","higher_own_payoff",1,0
"study2_160",2,"study2",1,"self","higher_own_payoff","lower_own_payoff",2,10
"study2_160",2,"study2",2,"self","lower_own_payoff","lower_own_payoff",2,10
"study2_160",3,"study2",1,"self","higher_own_payoff","higher_own_payoff",1,0
"study2_160",4,"study2",1,"self","higher_own_payoff","higher_own_payoff",1,0
"study2_160",5,"study2",1,"self","higher_own_payoff","lower_own_payoff",2,10
"study2_160",5,"study2",2,"self","lower_own_payoff","lower_own_payoff",2,10
"study2_160",6,"study2",1,"self","higher_own_payoff","higher_own_payoff",2,10
"study2_160",6,"study2",2,"self","lower_own_payoff","higher_own_payoff",2,10
"study2_160",7,"study2",1,"self","higher_own_payoff","lower_own_payoff",1,0
"study2_160",8,"study2",1,"self","higher_own_payoff","higher_own_payoff",1,0
"study2_160",9,"study2",1,"self","higher_own_payoff","lower_own_payoff",1,0
"study2_160",10,"study2",1,"self","higher_own_payoff","higher_own_payoff",1,0
"study2_160",11,"study2",1,"self","higher_own_payoff","lower_own_payoff",2,10
"study2_160",11,"study2",2,"self","lower_own_payoff","lower_own_payoff",2,10
"study2_160",12,"study2",1,"other","higher_own_payoff","higher_own_payoff",1,0
"study2_160",13,"study2",1,"other","higher_own_payoff","higher_own_payoff",1,0
"study2_160",14,"study2",1,"self","higher_own_payoff","higher_own_payoff",1,0
"study2_160",15,"study2",1,"self","higher_own_payoff","higher_own_payoff",1,0
"study2_160",16,"study2",1,"other","higher_own_payoff","higher_own_payoff",1,0
"study2_160",17,"study2",1,"self","higher_own_payoff","higher_own_payoff",1,0
"study2_160",18,"study2",1,"self","higher_own_payoff","higher_own_payoff",1,0
"study2_160",19,"study2",1,"self","higher_own_payoff","higher_own_payoff",1,0
"study2_160",20,"study2",1,"other","higher_own_payoff","higher_own_payoff",1,0
"study2_160",21,"study2",1,"self","higher_own_payoff","higher_own_payoff",1,0
"study2_160",22,"study2",1,"self","higher_own_payoff","higher_own_payoff",1,0
"study2_160",23,"study2",1,"self","higher_own_payoff","higher_own_payoff",1,0
"study2_160",24,"study2",1,"self","higher_own_payoff","higher_own_payoff",1,0
"study2_161",1,"study2",1,"self","lower_own_payoff","higher_own_payoff",1,0
"study2_161",2,"study2",1,"self","lower_own_payoff","higher_own_payoff",1,0
"study2_161",3,"study2",1,"self","higher_own_payoff","lower_own_payoff",1,0
"study2_161",4,"study2",1,"self","lower_own_payoff","lower_own_payoff",1,0
"study2_161",5,"study2",1,"self","higher_own_payoff","lower_own_payoff",1,0
"study2_161",6,"study2",1,"self","higher_own_payoff","higher_own_payoff",2,10
"study2_161",6,"study2",2,"self","lower_own_payoff","higher_own_payoff",2,10
"study2_161",7,"study2",1,"self","lower_own_payoff","lower_own_payoff",1,0
"study2_161",8,"study2",1,"self","higher_own_payoff","higher_own_payoff",2,10
"study2_161",8,"study2",2,"self","lower_own_payoff","higher_own_payoff",2,10
"study2_161",9,"study2",1,"self","lower_own_payoff","lower_own_payoff",1,0
"study2_161",10,"study2",1,"self","lower_own_payoff","higher_own_payoff",1,0
"study2_161",11,"study2",1,"self","lower_own_payoff","lower_own_payoff",1,0
"study2_161",12,"study2",1,"self","higher_own_payoff","higher_own_payoff",1,0
"study2_161",13,"study2",1,"self","lower_own_payoff","lower_own_payoff",1,0
"study2_161",14,"study2",1,"self","higher_own_payoff","lower_own_payoff",1,0
"study2_161",15,"study2",1,"self","higher_own_payoff","higher_own_payoff",1,0
"study2_161",16,"study2",1,"self","higher_own_payoff","higher_own_payoff",1,0
"study2_161",17,"study2",1,"self","higher_own_payoff","higher_own_payoff",1,0
"study2_161",18,"study2",1,"self","higher_own_payoff","higher_own_payoff",1,0
"study2_161",19,"study2",1,"self","higher_own_payoff","higher_own_payoff",1,0
"study2_161",20,"study2",1,"self","higher_own_payoff","higher_own_payoff",1,0
"study2_161",21,"study2",1,"self","higher_own_payoff","higher_own_payoff",1,0
"study2_161",22,"study2",1,"self","higher_own_payoff","higher_own_payoff",1,0
"study2_161",23,"study2",1,"self","higher_own_payoff","lower_own_payoff",1,0
"study2_161",24,"study2",1,"self","higher_own_payoff","lower_own_payoff",2,10
"study2_161",24,"study2",2,"self","lower_own_payoff","lower_own_payoff",2,10
"study2_162",1,"study2",1,"self","higher_own_payoff","higher_own_payoff",3,20
"study2_162",1,"study2",2,"self","higher_own_payoff","higher_own_payoff",3,20
"study2_162",1,"study2",3,"self","lower_own_payoff","higher_own_payoff",3,20
"study2_162",2,"study2",1,"self","higher_own_payoff","higher_own_payoff",4,30
"study2_162",2,"study2",2,"self","lower_own_payoff","higher_own_payoff",4,30
"study2_162",2,"study2",3,"self","higher_own_payoff","higher_own_payoff",4,30
"study2_162",2,"study2",4,"self","lower_own_payoff","higher_own_payoff",4,30
"study2_162",3,"study2",1,"self","higher_own_payoff","higher_own_payoff",1,0
"study2_162",4,"study2",1,"self","higher_own_payoff","higher_own_payoff",1,0
"study2_162",5,"study2",1,"self","higher_own_payoff","higher_own_payoff",1,0
"study2_162",6,"study2",1,"self","higher_own_payoff","lower_own_payoff",2,10
"study2_162",6,"study2",2,"self","lower_own_payoff","lower_own_payoff",2,10
"study2_162",7,"study2",1,"self","higher_own_payoff","higher_own_payoff",3,20
"study2_162",7,"study2",2,"self","lower_own_payoff","higher_own_payoff",3,20
"study2_162",7,"study2",3,"self","higher_own_payoff","higher_own_payoff",3,20
"study2_162",8,"study2",1,"self","higher_own_payoff","higher_own_payoff",2,10
"study2_162",8,"study2",2,"self","lower_own_payoff","higher_own_payoff",2,10
"study2_162",9,"study2",1,"self","higher_own_payoff","lower_own_payoff",2,10
"study2_162",9,"study2",2,"self","lower_own_payoff","lower_own_payoff",2,10
"study2_162",10,"study2",1,"self","higher_own_payoff","higher_own_payoff",3,20
"study2_162",10,"study2",2,"self","higher_own_payoff","higher_own_payoff",3,20
"study2_162",10,"study2",3,"self","lower_own_payoff","higher_own_payoff",3,20
"study2_162",11,"study2",1,"self","higher_own_payoff","lower_own_payoff",2,10
"study2_162",11,"study2",2,"self","lower_own_payoff","lower_own_payoff",2,10
"study2_162",12,"study2",1,"self","lower_own_payoff","lower_own_payoff",2,10
"study2_162",12,"study2",2,"self","higher_own_payoff","lower_own_payoff",2,10
"study2_162",13,"study2",1,"self","higher_own_payoff","higher_own_payoff",1,0
"study2_162",14,"study2",1,"self","higher_own_payoff","higher_own_payoff",1,0
"study2_162",15,"study2",1,"self","higher_own_payoff","lower_own_payoff",3,20
"study2_162",15,"study2",2,"self","lower_own_payoff","lower_own_payoff",3,20
"study2_162",15,"study2",3,"self","lower_own_payoff","lower_own_payoff",3,20
"study2_162",16,"study2",1,"self","higher_own_payoff","higher_own_payoff",3,20
"study2_162",16,"study2",2,"self","lower_own_payoff","higher_own_payoff",3,20
"study2_162",16,"study2",3,"self","lower_own_payoff","higher_own_payoff",3,20
"study2_162",17,"study2",1,"self","higher_own_payoff","higher_own_payoff",4,30
"study2_162",17,"study2",2,"self","higher_own_payoff","higher_own_payoff",4,30
"study2_162",17,"study2",3,"self","lower_own_payoff","higher_own_payoff",4,30
"study2_162",17,"study2",4,"self","lower_own_payoff","higher_own_payoff",4,30
"study2_162",18,"study2",1,"self","lower_own_payoff","higher_own_payoff",2,10
"study2_162",18,"study2",2,"self","higher_own_payoff","higher_own_payoff",2,10
"study2_162",19,"study2",1,"self","lower_own_payoff","lower_own_payoff",2,10
"study2_162",19,"study2",2,"self","lower_own_payoff","lower_own_payoff",2,10
"study2_162",20,"study2",1,"self","higher_own_payoff","lower_own_payoff",2,10
"study2_162",20,"study2",2,"self","lower_own_payoff","lower_own_payoff",2,10
"study2_162",21,"study2",1,"self","higher_own_payoff","lower_own_payoff",3,20
"study2_162",21,"study2",2,"self","lower_own_payoff","lower_own_payoff",3,20
"study2_162",21,"study2",3,"self","lower_own_payoff","lower_own_payoff",3,20
"study2_162",22,"study2",1,"self","higher_own_payoff","higher_own_payoff",3,20
"study2_162",22,"study2",2,"self","lower_own_payoff","higher_own_payoff",3,20
"study2_162",22,"study2",3,"self","lower_own_payoff","higher_own_payoff",3,20
"study2_162",23,"study2",1,"self","higher_own_payoff","higher_own_payoff",3,20
"study2_162",23,"study2",2,"self","lower_own_payoff","higher_own_payoff",3,20
"study2_162",23,"study2",3,"self","lower_own_payoff","higher_own_payoff",3,20
"study2_162",24,"study2",1,"self","higher_own_payoff","lower_own_payoff",3,20
"study2_162",24,"study2",2,"self","higher_own_payoff","lower_own_payoff",3,20
"study2_162",24,"study2",3,"self","lower_own_payoff","lower_own_payoff",3,20
"study2_163",1,"study2",1,"self","higher_own_payoff","higher_own_payoff",2,10
"study2_163",1,"study2",2,"self","higher_own_payoff","higher_own_payoff",2,10
"study2_163",2,"study2",1,"self","higher_own_payoff","higher_own_payoff",2,10
"study2_163",2,"study2",2,"self","higher_own_payoff","higher_own_payoff",2,10
"study2_163",3,"study2",1,"self","higher_own_payoff","higher_own_payoff",2,10
"study2_163",3,"study2",2,"self","higher_own_payoff","higher_own_payoff",2,10
"study2_163",4,"study2",1,"self","higher_own_payoff","higher_own_payoff",2,10
"study2_163",4,"study2",2,"self","higher_own_payoff","higher_own_payoff",2,10
"study2_163",5,"study2",1,"self","higher_own_payoff","higher_own_payoff",2,10
"study2_163",5,"study2",2,"self","higher_own_payoff","higher_own_payoff",2,10
"study2_163",6,"study2",1,"self","higher_own_payoff","higher_own_payoff",2,10
"study2_163",6,"study2",2,"self","higher_own_payoff","higher_own_payoff",2,10
"study2_163",7,"study2",1,"self","higher_own_payoff","higher_own_payoff",2,10
"study2_163",7,"study2",2,"self","higher_own_payoff","higher_own_payoff",2,10
"study2_163",8,"study2",1,"self","higher_own_payoff","higher_own_payoff",2,10
"study2_163",8,"study2",2,"self","higher_own_payoff","higher_own_payoff",2,10
"study2_163",9,"study2",1,"self","higher_own_payoff","higher_own_payoff",2,10
"study2_163",9,"study2",2,"self","higher_own_payoff","higher_own_payoff",2,10
"study2_163",10,"study2",1,"self","higher_own_payoff","higher_own_payoff",2,10
"study2_163",10,"study2",2,"self","higher_own_payoff","higher_own_payoff",2,10
"study2_163",11,"study2",1,"self","higher_own_payoff","higher_own_payoff",2,10
"study2_163",11,"study2",2,"self","higher_own_payoff","higher_own_payoff",2,10
"study2_163",12,"study2",1,"self","higher_own_payoff","higher_own_payoff",2,10
"study2_163",12,"study2",2,"self","higher_own_payoff","higher_own_payoff",2,10
"study2_163",13,"study2",1,"self","higher_own_payoff","higher_own_payoff",2,10
"study2_163",13,"study2",2,"self","higher_own_payoff","higher_own_payoff",2,10
"study2_163",14,"study2",1,"self","higher_own_payoff","higher_own_payoff",2,10
"study2_163",14,"study2",2,"self","higher_own_payoff","higher_own_payoff",2,10
"study2_163",15,"study2",1,"self","higher_own_payoff","higher_own_payoff",2,10
"study2_163",15,"study2",2,"self","higher_own_payoff","higher_own_payoff",2,10
"study2_163",16,"study2",1,"self","higher_own_payoff","higher_own_payoff",2,10
"study2_163",16,"study2",2,"self","higher_own_payoff","higher_own_payoff",2,10
"study2_163",17,"study2",1,"self","higher_own_payoff","higher_own_payoff",2,10
"study2_163",17,"study2",2,"self","higher_own_payoff","higher_own_payoff",2,10
"study2_163",18,"study2",1,"self","higher_own_payoff","higher_own_payoff",2,10
"study2_163",18,"study2",2,"self","higher_own_payoff","higher_own_payoff",2,10
"study2_163",19,"study2",1,"self","higher_own_payoff","higher_own_payoff",2,10
"study2_163",19,"study2",2,"self","higher_own_payoff","higher_own_payoff",2,10
"study2_163",20,"study2",1,"self","higher_own_payoff","higher_own_payoff",2,10
"study2_163",20,"study2",2,"self","higher_own_payoff","higher_own_payoff",2,10
"study2_163",21,"study2",1,"self","higher_own_payoff","higher_own_payoff",2,10
"study2_163",21,"study2",2,"self","higher_own_payoff","higher_own_payoff",2,10
"study2_163",22,"study2",1,"self","higher_own_payoff","higher_own_payoff",2,10
"study2_163",22,"study2",2,"self","higher_own_payoff","higher_own_payoff",2,10
"study2_163",23,"study2",1,"self","higher_own_payoff","higher_own_payoff",2,10
"study2_163",23,"study2",2,"self","higher_own_payoff","higher_own_payoff",2,10
"study2_163",24,"study2",1,"self","higher_own_payoff","higher_own_payoff",2,10
"study2_163",24,"study2",2,"self","higher_own_payoff","higher_own_payoff",2,10
"study2_164",1,"study2",1,"self","higher_own_payoff","higher_own_payoff",1,0
"study2_164",2,"study2",1,"self","higher_own_payoff","lower_own_payoff",1,0
"study2_164",3,"study2",1,"self","higher_own_payoff","higher_own_payoff",2,10
"study2_164",3,"study2",2,"self","lower_own_payoff","higher_own_payoff",2,10
"study2_164",4,"study2",1,"self","lower_own_payoff","higher_own_payoff",1,0
"study2_164",5,"study2",1,"self","lower_own_payoff","higher_own_payoff",1,0
"study2_164",6,"study2",1,"self","higher_own_payoff","lower_own_payoff",1,0
"study2_164",7,"study2",1,"self","higher_own_payoff","lower_own_payoff",3,20
"study2_164",7,"study2",2,"self","lower_own_payoff","lower_own_payoff",3,20
"study2_164",7,"study2",3,"self","lower_own_payoff","lower_own_payoff",3,20
"study2_164",8,"study2",1,"self","lower_own_payoff","lower_own_payoff",2,10
"study2_164",8,"study2",2,"self","higher_own_payoff","lower_own_payoff",2,10
"study2_164",9,"study2",1,"self","lower_own_payoff","lower_own_payoff",2,10
"study2_164",9,"study2",2,"self","higher_own_payoff","lower_own_payoff",2,10
"study2_164",10,"study2",1,"self","lower_own_payoff","lower_own_payoff",1,0
"study2_164",11,"study2",1,"self","higher_own_payoff","higher_own_payoff",2,10
"study2_164",11,"study2",2,"self","lower_own_payoff","higher_own_payoff",2,10
"study2_164",12,"study2",1,"self","higher_own_payoff","higher_own_payoff",3,20
"study2_164",12,"study2",2,"self","lower_own_payoff","higher_own_payoff",3,20
"study2_164",12,"study2",3,"self","lower_own_payoff","higher_own_payoff",3,20
"study2_164",13,"study2",1,"self","lower_own_payoff","higher_own_payoff",2,10
"study2_164",13,"study2",2,"self","higher_own_payoff","higher_own_payoff",2,10
"study2_164",14,"study2",1,"self","higher_own_payoff","higher_own_payoff",1,0
"study2_164",15,"study2",1,"self","lower_own_payoff","higher_own_payoff",2,10
"study2_164",15,"study2",2,"self","higher_own_payoff","higher_own_payoff",2,10
"study2_164",16,"study2",1,"self","higher_own_payoff","higher_own_payoff",1,0
"study2_164",17,"study2",1,"self","lower_own_payoff","lower_own_payoff",1,0
"study2_164",18,"study2",1,"self","higher_own_payoff","lower_own_payoff",1,0
"study2_164",19,"study2",1,"self","lower_own_payoff","lower_own_payoff",1,0
"study2_164",20,"study2",1,"self","higher_own_payoff","lower_own_payoff",1,0
"study2_164",21,"study2",1,"self","higher_own_payoff","lower_own_payoff",1,0
"study2_164",22,"study2",1,"self","lower_own_payoff","higher_own_payoff",1,0
"study2_164",23,"study2",1,"self","higher_own_payoff","higher_own_payoff",1,0
"study2_164",24,"study2",1,"self","higher_own_payoff","higher_own_payoff",1,0
"study2_165",1,"study2",1,"other","higher_own_payoff","higher_own_payoff",1,0
"study2_165",2,"study2",1,"self","lower_own_payoff","lower_own_payoff",2,10
"study2_165",2,"study2",2,"self","higher_own_payoff","lower_own_payoff",2,10
"study2_165",3,"study2",1,"self","lower_own_payoff","lower_own_payoff",1,0
"study2_165",4,"study2",1,"other","higher_own_payoff","higher_own_payoff",1,0
"study2_165",5,"study2",1,"self","higher_own_payoff","lower_own_payoff",2,10
"study2_165",5,"study2",2,"other","lower_own_payoff","lower_own_payoff",2,10
"study2_165",6,"study2",1,"self","lower_own_payoff","higher_own_payoff",1,0
"study2_165",7,"study2",1,"self","higher_own_payoff","higher_own_payoff",1,0
"study2_165",8,"study2",1,"other","higher_own_payoff","higher_own_payoff",1,0
"study2_165",9,"study2",1,"self","higher_own_payoff","higher_own_payoff",2,10
"study2_165",9,"study2",2,"self","lower_own_payoff","higher_own_payoff",2,10
"study2_165",10,"study2",1,"self","lower_own_payoff","higher_own_payoff",1,0
"study2_165",11,"study2",1,"self","lower_own_payoff","lower_own_payoff",1,0
"study2_165",12,"study2",1,"other","lower_own_payoff","higher_own_payoff",1,0
"study2_165",13,"study2",1,"other","higher_own_payoff","higher_own_payoff",1,0
"study2_165",14,"study2",1,"self","lower_own_payoff","lower_own_payoff",1,0
"study2_165",15,"study2",1,"self","higher_own_payoff","higher_own_payoff",1,0
"study2_165",16,"study2",1,"self","lower_own_payoff","higher_own_payoff",1,0
"study2_165",17,"study2",1,"other","higher_own_payoff","higher_own_payoff",1,0
"study2_165",18,"study2",1,"other","higher_own_payoff","lower_own_payoff",1,0
"study2_165",19,"study2",1,"self","lower_own_payoff","higher_own_payoff",1,0
"study2_165",20,"study2",1,"other","higher_own_payoff","lower_own_payoff",1,0
"study2_165",21,"study2",1,"self","lower_own_payoff","lower_own_payoff",1,0
"study2_165",22,"study2",1,"other","higher_own_payoff","higher_own_payoff",1,0
"study2_165",23,"study2",1,"self","higher_own_payoff","higher_own_payoff",2,10
"study2_165",23,"study2",2,"other","lower_own_payoff","higher_own_payoff",2,10
"study2_165",24,"study2",1,"other","lower_own_payoff","lower_own_payoff",1,0
"study2_166",1,"study2",1,"self","lower_own_payoff","higher_own_payoff",3,20
"study2_166",1,"study2",2,"self","higher_own_payoff","higher_own_payoff",3,20
"study2_166",1,"study2",3,"self","lower_own_payoff","higher_own_payoff",3,20
"study2_166",2,"study2",1,"self","higher_own_payoff","higher_own_payoff",1,0
"study2_166",3,"study2",1,"self","lower_own_payoff","lower_own_payoff",1,0
"study2_166",4,"study2",1,"other","lower_own_payoff","lower_own_payoff",2,10
"study2_166",4,"study2",2,"self","lower_own_payoff","lower_own_payoff",2,10
"study2_166",5,"study2",1,"self","higher_own_payoff","higher_own_payoff",1,0
"study2_166",6,"study2",1,"self","lower_own_payoff","higher_own_payoff",1,0
"study2_166",7,"study2",1,"self","lower_own_payoff","higher_own_payoff",1,0
"study2_166",8,"study2",1,"self","lower_own_payoff","higher_own_payoff",1,0
"study2_166",9,"study2",1,"self","lower_own_payoff","higher_own_payoff",1,0
"study2_166",10,"study2",1,"self","lower_own_payoff","lower_own_payoff",1,0
"study2_166",11,"study2",1,"self","lower_own_payoff","higher_own_payoff",1,0
"study2_166",12,"study2",1,"self","lower_own_payoff","lower_own_payoff",1,0
"study2_166",13,"study2",1,"self","higher_own_payoff","higher_own_payoff",1,0
"study2_166",14,"study2",1,"self","lower_own_payoff","higher_own_payoff",1,0
"study2_166",15,"study2",1,"self","lower_own_payoff","higher_own_payoff",1,0
"study2_166",16,"study2",1,"self","lower_own_payoff","higher_own_payoff",1,0
"study2_166",17,"study2",1,"self","lower_own_payoff","higher_own_payoff",1,0
"study2_166",18,"study2",1,"self","lower_own_payoff","lower_own_payoff",1,0
"study2_166",19,"study2",1,"self","lower_own_payoff","higher_own_payoff",1,0
"study2_166",20,"study2",1,"self","lower_own_payoff","lower_own_payoff",1,0
"study2_166",21,"study2",1,"self","lower_own_payoff","lower_own_payoff",1,0
"study2_166",22,"study2",1,"self","lower_own_payoff","higher_own_payoff",1,0
"study2_166",23,"study2",1,"self","lower_own_payoff","higher_own_payoff",1,0
"study2_166",24,"study2",1,"self","lower_own_payoff","lower_own_payoff",1,0
"study2_168",1,"study2",1,"self","lower_own_payoff","higher_own_payoff",1,0
"study2_168",2,"study2",1,"self","lower_own_payoff","higher_own_payoff",1,0
"study2_168",3,"study2",1,"self","lower_own_payoff","lower_own_payoff",2,10
"study2_168",3,"study2",2,"self","higher_own_payoff","lower_own_payoff",2,10
"study2_168",4,"study2",1,"self","higher_own_payoff","higher_own_payoff",1,0
"study2_168",5,"study2",1,"self","higher_own_payoff","higher_own_payoff",1,0
"study2_168",6,"study2",1,"self","higher_own_payoff","higher_own_payoff",2,10
"study2_168",6,"study2",2,"self","lower_own_payoff","higher_own_payoff",2,10
"study2_168",7,"study2",1,"self","lower_own_payoff","higher_own_payoff",1,0
"study2_168",8,"study2",1,"self","higher_own_payoff","higher_own_payoff",1,0
"study2_168",9,"study2",1,"self","higher_own_payoff","higher_own_payoff",1,0
"study2_168",10,"study2",1,"self","higher_own_payoff","lower_own_payoff",2,10
"study2_168",10,"study2",2,"self","lower_own_payoff","lower_own_payoff",2,10
"study2_168",11,"study2",1,"self","higher_own_payoff","higher_own_payoff",1,0
"study2_168",12,"study2",1,"self","higher_own_payoff","higher_own_payoff",1,0
"study2_168",13,"study2",1,"self","higher_own_payoff","higher_own_payoff",1,0
"study2_168",14,"study2",1,"self","higher_own_payoff","higher_own_payoff",1,0
"study2_168",15,"study2",1,"self","higher_own_payoff","higher_own_payoff",1,0
"study2_168",16,"study2",1,"self","lower_own_payoff","lower_own_payoff",1,0
"study2_168",17,"study2",1,"self","higher_own_payoff","higher_own_payoff",1,0
"study2_168",18,"study2",1,"self","higher_own_payoff","lower_own_payoff",1,0
"study2_168",19,"study2",1,"self","lower_own_payoff","lower_own_payoff",1,0
"study2_168",20,"study2",1,"self","higher_own_payoff","lower_own_payoff",1,0
"study2_168",21,"study2",1,"self","higher_own_payoff","lower_own_payoff",1,0
"study2_168",22,"study2",1,"self","higher_own_payoff","higher_own_payoff",1,0
"study2_168",23,"study2",1,"self","lower_own_payoff","higher_own_payoff",1,0
"study2_168",24,"study2",1,"self","higher_own_payoff","higher_own_payoff",2,10
"study2_168",24,"study2",2,"self","lower_own_payoff","higher_own_payoff",2,10
"study2_169",1,"study2",1,"self","higher_own_payoff","higher_own_payoff",1,0
"study2_169",2,"study2",1,"self","higher_own_payoff","higher_own_payoff",1,0
"study2_169",3,"study2",1,"self","higher_own_payoff","higher_own_payoff",1,0
"study2_169",4,"study2",1,"self","higher_own_payoff","higher_own_payoff",1,0
"study2_169",5,"study2",1,"self","higher_own_payoff","higher_own_payoff",1,0
"study2_169",6,"study2",1,"self","higher_own_payoff","higher_own_payoff",1,0
"study2_169",7,"study2",1,"self","higher_own_payoff","higher_own_payoff",1,0
"study2_169",8,"study2",1,"self","lower_own_payoff","lower_own_payoff",1,0
"study2_169",9,"study2",1,"self","higher_own_payoff","higher_own_payoff",1,0
"study2_169",10,"study2",1,"self","higher_own_payoff","higher_own_payoff",1,0
"study2_169",11,"study2",1,"self","higher_own_payoff","higher_own_payoff",1,0
"study2_169",12,"study2",1,"other","lower_own_payoff","lower_own_payoff",2,10
"study2_169",12,"study2",2,"self","lower_own_payoff","lower_own_payoff",2,10
"study2_169",13,"study2",1,"self","higher_own_payoff","higher_own_payoff",1,0
"study2_169",14,"study2",1,"self","higher_own_payoff","higher_own_payoff",1,0
"study2_169",15,"study2",1,"self","lower_own_payoff","lower_own_payoff",1,0
"study2_169",16,"study2",1,"self","higher_own_payoff","higher_own_payoff",1,0
"study2_169",17,"study2",1,"self","higher_own_payoff","higher_own_payoff",1,0
"study2_169",18,"study2",1,"self","lower_own_payoff","lower_own_payoff",1,0
"study2_169",19,"study2",1,"self","higher_own_payoff","higher_own_payoff",1,0
"study2_169",20,"study2",1,"self","higher_own_payoff","lower_own_payoff",2,10
"study2_169",20,"study2",2,"self","lower_own_payoff","lower_own_payoff",2,10
"study2_169",21,"study2",1,"self","higher_own_payoff","lower_own_payoff",2,10
"study2_169",21,"study2",2,"self","lower_own_payoff","lower_own_payoff",2,10
"study2_169",22,"study2",1,"self","higher_own_payoff","higher_own_payoff",1,0
"study2_169",23,"study2",1,"self","lower_own_payoff","higher_own_payoff",2,10
"study2_169",23,"study2",2,"self","higher_own_payoff","higher_own_payoff",2,10
"study2_169",24,"study2",1,"self","higher_own_payoff","lower_own_payoff",2,10
"study2_169",24,"study2",2,"self","lower_own_payoff","lower_own_payoff",2,10
"study2_17",1,"study2",1,"self","higher_own_payoff","higher_own_payoff",1,0
"study2_17",2,"study2",1,"self","higher_own_payoff","higher_own_payoff",1,0
"study2_17",3,"study2",1,"self","higher_own_payoff","higher_own_payoff",1,0
"study2_17",4,"study2",1,"self","higher_own_payoff","higher_own_payoff",1,0
"study2_17",5,"study2",1,"self","lower_own_payoff","higher_own_payoff",1,0
"study2_17",6,"study2",1,"self","lower_own_payoff","lower_own_payoff",1,0
"study2_17",7,"study2",1,"self","higher_own_payoff","lower_own_payoff",1,0
"study2_17",8,"study2",1,"self","lower_own_payoff","higher_own_payoff",1,0
"study2_17",9,"study2",1,"self","higher_own_payoff","higher_own_payoff",1,0
"study2_17",10,"study2",1,"self","lower_own_payoff","higher_own_payoff",1,0
"study2_17",11,"study2",1,"self","higher_own_payoff","higher_own_payoff",1,0
"study2_17",12,"study2",1,"self","lower_own_payoff","lower_own_payoff",1,0
"study2_17",13,"study2",1,"self","lower_own_payoff","higher_own_payoff",1,0
"study2_17",14,"study2",1,"self","higher_own_payoff","lower_own_payoff",1,0
"study2_17",15,"study2",1,"other","lower_own_payoff","higher_own_payoff",1,0
"study2_17",16,"study2",1,"self","lower_own_payoff","higher_own_payoff",1,0
"study2_17",17,"study2",1,"self","lower_own_payoff","higher_own_payoff",1,0
"study2_17",18,"study2",1,"self","lower_own_payoff","lower_own_payoff",1,0
"study2_17",19,"study2",1,"self","lower_own_payoff","higher_own_payoff",1,0
"study2_17",20,"study2",1,"self","lower_own_payoff","higher_own_payoff",1,0
"study2_17",21,"study2",1,"self","lower_own_payoff","higher_own_payoff",1,0
"study2_17",22,"study2",1,"self","higher_own_payoff","higher_own_payoff",1,0
"study2_17",23,"study2",1,"self","lower_own_payoff","higher_own_payoff",1,0
"study2_17",24,"study2",1,"self","lower_own_payoff","lower_own_payoff",1,0
"study2_170",1,"study2",1,"self","higher_own_payoff","higher_own_payoff",8,70
"study2_170",1,"study2",2,"self","higher_own_payoff","higher_own_payoff",8,70
"study2_170",1,"study2",3,"other","higher_own_payoff","higher_own_payoff",8,70
"study2_170",1,"study2",4,"other","higher_own_payoff","higher_own_payoff",8,70
"study2_170",1,"study2",5,"self","lower_own_payoff","higher_own_payoff",8,70
"study2_170",1,"study2",6,"self","lower_own_payoff","higher_own_payoff",8,70
"study2_170",1,"study2",7,"other","lower_own_payoff","higher_own_payoff",8,70
"study2_170",1,"study2",8,"other","lower_own_payoff","higher_own_payoff",8,70
"study2_170",2,"study2",1,"self","lower_own_payoff","lower_own_payoff",5,40
"study2_170",2,"study2",2,"self","higher_own_payoff","lower_own_payoff",5,40
"study2_170",2,"study2",3,"other","lower_own_payoff","lower_own_payoff",5,40
"study2_170",2,"study2",4,"other","higher_own_payoff","lower_own_payoff",5,40
"study2_170",2,"study2",5,"self","lower_own_payoff","lower_own_payoff",5,40
"study2_170",3,"study2",1,"self","higher_own_payoff","higher_own_payoff",2,10
"study2_170",3,"study2",2,"self","lower_own_payoff","higher_own_payoff",2,10
"study2_170",4,"study2",1,"self","lower_own_payoff","higher_own_payoff",6,50
"study2_170",4,"study2",2,"other","lower_own_payoff","higher_own_payoff",6,50
"study2_170",4,"study2",3,"self","higher_own_payoff","higher_own_payoff",6,50
"study2_170",4,"study2",4,"self","higher_own_payoff","higher_own_payoff",6,50
"study2_170",4,"study2",5,"self","lower_own_payoff","higher_own_payoff",6,50
"study2_170",4,"study2",6,"other","lower_own_payoff","higher_own_payoff",6,50
"study2_170",5,"study2",1,"self","higher_own_payoff","lower_own_payoff",8,70
"study2_170",5,"study2",2,"self","higher_own_payoff","lower_own_payoff",8,70
"study2_170",5,"study2",3,"other","higher_own_payoff","lower_own_payoff",8,70
"study2_170",5,"study2",4,"other","higher_own_payoff","lower_own_payoff",8,70
"study2_170",5,"study2",5,"self","lower_own_payoff","lower_own_payoff",8,70
"study2_170",5,"study2",6,"self","lower_own_payoff","lower_own_payoff",8,70
"study2_170",5,"study2",7,"other","lower_own_payoff","lower_own_payoff",8,70
"study2_170",5,"study2",8,"other","lower_own_payoff","lower_own_payoff",8,70
"study2_170",6,"study2",1,"other","lower_own_payoff","higher_own_payoff",8,70
"study2_170",6,"study2",2,"other","lower_own_payoff","higher_own_payoff",8,70
"study2_170",6,"study2",3,"self","higher_own_payoff","higher_own_payoff",8,70
"study2_170",6,"study2",4,"self","higher_own_payoff","higher_own_payoff",8,70
"study2_170",6,"study2",5,"other","higher_own_payoff","higher_own_payoff",8,70
"study2_170",6,"study2",6,"other","higher_own_payoff","higher_own_payoff",8,70
"study2_170",6,"study2",7,"self","lower_own_payoff","higher_own_payoff",8,70
"study2_170",6,"study2",8,"self","lower_own_payoff","higher_own_payoff",8,70
"study2_170",7,"study2",1,"self","lower_own_payoff","lower_own_payoff",8,70
"study2_170",7,"study2",2,"self","lower_own_payoff","lower_own_payoff",8,70
"study2_170",7,"study2",3,"other","lower_own_payoff","lower_own_payoff",8,70
"study2_170",7,"study2",4,"other","lower_own_payoff","lower_own_payoff",8,70
"study2_170",7,"study2",5,"self","higher_own_payoff","lower_own_payoff",8,70
"study2_170",7,"study2",6,"self","higher_own_payoff","lower_own_payoff",8,70
"study2_170",7,"study2",7,"other","higher_own_payoff","lower_own_payoff",8,70
"study2_170",7,"study2",8,"other","higher_own_payoff","lower_own_payoff",8,70
"study2_170",8,"study2",1,"self","lower_own_payoff","higher_own_payoff",8,70
"study2_170",8,"study2",2,"self","lower_own_payoff","higher_own_payoff",8,70
"study2_170",8,"study2",3,"other","lower_own_payoff","higher_own_payoff",8,70
"study2_170",8,"study2",4,"other","lower_own_payoff","higher_own_payoff",8,70
"study2_170",8,"study2",5,"self","higher_own_payoff","higher_own_payoff",8,70
"study2_170",8,"study2",6,"self","higher_own_payoff","higher_own_payoff",8,70
"study2_170",8,"study2",7,"other","higher_own_payoff","higher_own_payoff",8,70
"study2_170",8,"study2",8,"other","higher_own_payoff","higher_own_payoff",8,70
"study2_170",9,"study2",1,"self","higher_own_payoff","higher_own_payoff",8,70
"study2_170",9,"study2",2,"self","higher_own_payoff","higher_own_payoff",8,70
"study2_170",9,"study2",3,"other","higher_own_payoff","higher_own_payoff",8,70
"study2_170",9,"study2",4,"other","higher_own_payoff","higher_own_payoff",8,70
"study2_170",9,"study2",5,"self","lower_own_payoff","higher_own_payoff",8,70
"study2_170",9,"study2",6,"self","lower_own_payoff","higher_own_payoff",8,70
"study2_170",9,"study2",7,"other","lower_own_payoff","higher_own_payoff",8,70
"study2_170",9,"study2",8,"other","lower_own_payoff","higher_own_payoff",8,70
"study2_170",10,"study2",1,"self","higher_own_payoff","lower_own_payoff",4,30
"study2_170",10,"study2",2,"self","higher_own_payoff","lower_own_payoff",4,30
"study2_170",10,"study2",3,"self","lower_own_payoff","lower_own_payoff",4,30
"study2_170",10,"study2",4,"self","lower_own_payoff","lower_own_payoff",4,30
"study2_170",11,"study2",1,"self","higher_own_payoff","higher_own_payoff",8,70
"study2_170",11,"study2",2,"self","higher_own_payoff","higher_own_payoff",8,70
"study2_170",11,"study2",3,"self","lower_own_payoff","higher_own_payoff",8,70
"study2_170",11,"study2",4,"self","lower_own_payoff","higher_own_payoff",8,70
"study2_170",11,"study2",5,"other","higher_own_payoff","higher_own_payoff",8,70
"study2_170",11,"study2",6,"other","higher_own_payoff","higher_own_payoff",8,70
"study2_170",11,"study2",7,"other","lower_own_payoff","higher_own_payoff",8,70
"study2_170",11,"study2",8,"other","lower_own_payoff","higher_own_payoff",8,70
"study2_170",12,"study2",1,"self","lower_own_payoff","lower_own_payoff",8,70
"study2_170",12,"study2",2,"self","lower_own_payoff","lower_own_payoff",8,70
"study2_170",12,"study2",3,"other","lower_own_payoff","lower_own_payoff",8,70
"study2_170",12,"study2",4,"other","lower_own_payoff","lower_own_payoff",8,70
"study2_170",12,"study2",5,"self","higher_own_payoff","lower_own_payoff",8,70
"study2_170",12,"study2",6,"self","higher_own_payoff","lower_own_payoff",8,70
"study2_170",12,"study2",7,"other","higher_own_payoff","lower_own_payoff",8,70
"study2_170",12,"study2",8,"other","higher_own_payoff","lower_own_payoff",8,70
"study2_170",13,"study2",1,"self","lower_own_payoff","lower_own_payoff",8,70
"study2_170",13,"study2",2,"self","lower_own_payoff","lower_own_payoff",8,70
"study2_170",13,"study2",3,"other","lower_own_payoff","lower_own_payoff",8,70
"study2_170",13,"study2",4,"other","lower_own_payoff","lower_own_payoff",8,70
"study2_170",13,"study2",5,"self","higher_own_payoff","lower_own_payoff",8,70
"study2_170",13,"study2",6,"self","higher_own_payoff","lower_own_payoff",8,70
"study2_170",13,"study2",7,"other","higher_own_payoff","lower_own_payoff",8,70
"study2_170",13,"study2",8,"other","higher_own_payoff","lower_own_payoff",8,70
"study2_170",14,"study2",1,"self","lower_own_payoff","higher_own_payoff",8,70
"study2_170",14,"study2",2,"self","lower_own_payoff","higher_own_payoff",8,70
"study2_170",14,"study2",3,"other","lower_own_payoff","higher_own_payoff",8,70
"study2_170",14,"study2",4,"other","lower_own_payoff","higher_own_payoff",8,70
"study2_170",14,"study2",5,"self","higher_own_payoff","higher_own_payoff",8,70
"study2_170",14,"study2",6,"self","higher_own_payoff","higher_own_payoff",8,70
"study2_170",14,"study2",7,"other","higher_own_payoff","higher_own_payoff",8,70
"study2_170",14,"study2",8,"other","higher_own_payoff","higher_own_payoff",8,70
"study2_170",15,"study2",1,"self","lower_own_payoff","higher_own_payoff",8,70
"study2_170",15,"study2",2,"self","lower_own_payoff","higher_own_payoff",8,70
"study2_170",15,"study2",3,"other","lower_own_payoff","higher_own_payoff",8,70
"study2_170",15,"study2",4,"other","lower_own_payoff","higher_own_payoff",8,70
"study2_170",15,"study2",5,"self","higher_own_payoff","higher_own_payoff",8,70
"study2_170",15,"study2",6,"self","higher_own_payoff","higher_own_payoff",8,70
"study2_170",15,"study2",7,"other","higher_own_payoff","higher_own_payoff",8,70
"study2_170",15,"study2",8,"other","higher_own_payoff","higher_own_payoff",8,70
"study2_170",16,"study2",1,"self","lower_own_payoff","lower_own_payoff",8,70
"study2_170",16,"study2",2,"self","lower_own_payoff","lower_own_payoff",8,70
"study2_170",16,"study2",3,"other","lower_own_payoff","lower_own_payoff",8,70
"study2_170",16,"study2",4,"other","lower_own_payoff","lower_own_payoff",8,70
"study2_170",16,"study2",5,"self","higher_own_payoff","lower_own_payoff",8,70
"study2_170",16,"study2",6,"self","higher_own_payoff","lower_own_payoff",8,70
"study2_170",16,"study2",7,"other","higher_own_payoff","lower_own_payoff",8,70
"study2_170",16,"study2",8,"other","higher_own_payoff","lower_own_payoff",8,70
"study2_170",17,"study2",1,"self","higher_own_payoff","higher_own_payoff",8,70
"study2_170",17,"study2",2,"self","higher_own_payoff","higher_own_payoff",8,70
"study2_170",17,"study2",3,"other","higher_own_payoff","higher_own_payoff",8,70
"study2_170",17,"study2",4,"other","higher_own_payoff","higher_own_payoff",8,70
"study2_170",17,"study2",5,"self","lower_own_payoff","higher_own_payoff",8,70
"study2_170",17,"study2",6,"self","lower_own_payoff","higher_own_payoff",8,70
"study2_170",17,"study2",7,"other","lower_own_payoff","higher_own_payoff",8,70
"study2_170",17,"study2",8,"other","lower_own_payoff","higher_own_payoff",8,70
"study2_170",18,"study2",1,"self","higher_own_payoff","higher_own_payoff",8,70
"study2_170",18,"study2",2,"self","higher_own_payoff","higher_own_payoff",8,70
"study2_170",18,"study2",3,"other","higher_own_payoff","higher_own_payoff",8,70
"study2_170",18,"study2",4,"other","higher_own_payoff","higher_own_payoff",8,70
"study2_170",18,"study2",5,"self","lower_own_payoff","higher_own_payoff",8,70
"study2_170",18,"study2",6,"self","lower_own_payoff","higher_own_payoff",8,70
"study2_170",18,"study2",7,"other","lower_own_payoff","higher_own_payoff",8,70
"study2_170",18,"study2",8,"other","lower_own_payoff","higher_own_payoff",8,70
"study2_170",19,"study2",1,"self","higher_own_payoff","higher_own_payoff",8,70
"study2_170",19,"study2",2,"self","higher_own_payoff","higher_own_payoff",8,70
"study2_170",19,"study2",3,"other","higher_own_payoff","higher_own_payoff",8,70
"study2_170",19,"study2",4,"other","higher_own_payoff","higher_own_payoff",8,70
"study2_170",19,"study2",5,"self","lower_own_payoff","higher_own_payoff",8,70
"study2_170",19,"study2",6,"self","lower_own_payoff","higher_own_payoff",8,70
"study2_170",19,"study2",7,"other","lower_own_payoff","higher_own_payoff",8,70
"study2_170",19,"study2",8,"other","lower_own_payoff","higher_own_payoff",8,70
"study2_170",20,"study2",1,"self","lower_own_payoff","higher_own_payoff",8,70
"study2_170",20,"study2",2,"self","lower_own_payoff","higher_own_payoff",8,70
"study2_170",20,"study2",3,"other","lower_own_payoff","higher_own_payoff",8,70
"study2_170",20,"study2",4,"other","lower_own_payoff","higher_own_payoff",8,70
"study2_170",20,"study2",5,"self","higher_own_payoff","higher_own_payoff",8,70
"study2_170",20,"study2",6,"self","higher_own_payoff","higher_own_payoff",8,70
"study2_170",20,"study2",7,"other","higher_own_payoff","higher_own_payoff",8,70
"study2_170",20,"study2",8,"other","higher_own_payoff","higher_own_payoff",8,70
"study2_170",21,"study2",1,"self","lower_own_payoff","lower_own_payoff",8,70
"study2_170",21,"study2",2,"self","lower_own_payoff","lower_own_payoff",8,70
"study2_170",21,"study2",3,"other","lower_own_payoff","lower_own_payoff",8,70
"study2_170",21,"study2",4,"other","lower_own_payoff","lower_own_payoff",8,70
"study2_170",21,"study2",5,"self","higher_own_payoff","lower_own_payoff",8,70
"study2_170",21,"study2",6,"self","higher_own_payoff","lower_own_payoff",8,70
"study2_170",21,"study2",7,"other","higher_own_payoff","lower_own_payoff",8,70
"study2_170",21,"study2",8,"other","higher_own_payoff","lower_own_payoff",8,70
"study2_170",22,"study2",1,"self","higher_own_payoff","higher_own_payoff",8,70
"study2_170",22,"study2",2,"self","higher_own_payoff","higher_own_payoff",8,70
"study2_170",22,"study2",3,"other","higher_own_payoff","higher_own_payoff",8,70
"study2_170",22,"study2",4,"other","higher_own_payoff","higher_own_payoff",8,70
"study2_170",22,"study2",5,"self","lower_own_payoff","higher_own_payoff",8,70
"study2_170",22,"study2",6,"self","lower_own_payoff","higher_own_payoff",8,70
"study2_170",22,"study2",7,"other","lower_own_payoff","higher_own_payoff",8,70
"study2_170",22,"study2",8,"other","lower_own_payoff","higher_own_payoff",8,70
"study2_170",23,"study2",1,"self","lower_own_payoff","lower_own_payoff",8,70
"study2_170",23,"study2",2,"self","lower_own_payoff","lower_own_payoff",8,70
"study2_170",23,"study2",3,"other","lower_own_payoff","lower_own_payoff",8,70
"study2_170",23,"study2",4,"other","lower_own_payoff","lower_own_payoff",8,70
"study2_170",23,"study2",5,"self","higher_own_payoff","lower_own_payoff",8,70
"study2_170",23,"study2",6,"self","higher_own_payoff","lower_own_payoff",8,70
"study2_170",23,"study2",7,"other","higher_own_payoff","lower_own_payoff",8,70
"study2_170",23,"study2",8,"other","higher_own_payoff","lower_own_payoff",8,70
"study2_170",24,"study2",1,"self","lower_own_payoff","lower_own_payoff",8,70
"study2_170",24,"study2",2,"self","lower_own_payoff","lower_own_payoff",8,70
"study2_170",24,"study2",3,"other","lower_own_payoff","lower_own_payoff",8,70
"study2_170",24,"study2",4,"other","lower_own_payoff","lower_own_payoff",8,70
"study2_170",24,"study2",5,"self","higher_own_payoff","lower_own_payoff",8,70
"study2_170",24,"study2",6,"self","higher_own_payoff","lower_own_payoff",8,70
"study2_170",24,"study2",7,"other","higher_own_payoff","lower_own_payoff",8,70
"study2_170",24,"study2",8,"other","higher_own_payoff","lower_own_payoff",8,70
"study2_171",1,"study2",1,"self","lower_own_payoff","higher_own_payoff",4,30
"study2_171",1,"study2",2,"self","higher_own_payoff","higher_own_payoff",4,30
"study2_171",1,"study2",3,"self","lower_own_payoff","higher_own_payoff",4,30
"study2_171",1,"study2",4,"self","higher_own_payoff","higher_own_payoff",4,30
"study2_171",2,"study2",1,"self","higher_own_payoff","higher_own_payoff",2,10
"study2_171",2,"study2",2,"self","lower_own_payoff","higher_own_payoff",2,10
"study2_171",3,"study2",1,"self","higher_own_payoff","higher_own_payoff",1,0
"study2_171",4,"study2",1,"self","higher_own_payoff","higher_own_payoff",3,20
"study2_171",4,"study2",2,"self","lower_own_payoff","higher_own_payoff",3,20
"study2_171",4,"study2",3,"self","lower_own_payoff","higher_own_payoff",3,20
"study2_171",5,"study2",1,"self","higher_own_payoff","lower_own_payoff",2,10
"study2_171",5,"study2",2,"self","lower_own_payoff","lower_own_payoff",2,10
"study2_171",6,"study2",1,"self","higher_own_payoff","higher_own_payoff",2,10
"study2_171",6,"study2",2,"self","lower_own_payoff","higher_own_payoff",2,10
"study2_171",7,"study2",1,"self","higher_own_payoff","higher_own_payoff",2,10
"study2_171",7,"study2",2,"self","lower_own_payoff","higher_own_payoff",2,10
"study2_171",8,"study2",1,"self","higher_own_payoff","higher_own_payoff",2,10
"study2_171",8,"study2",2,"self","lower_own_payoff","higher_own_payoff",2,10
"study2_171",9,"study2",1,"self","higher_own_payoff","higher_own_payoff",1,0
"study2_171",10,"study2",1,"self","lower_own_payoff","lower_own_payoff",3,20
"study2_171",10,"study2",2,"self","lower_own_payoff","lower_own_payoff",3,20
"study2_171",10,"study2",3,"self","higher_own_payoff","lower_own_payoff",3,20
"study2_171",11,"study2",1,"self","higher_own_payoff","higher_own_payoff",3,20
"study2_171",11,"study2",2,"self","lower_own_payoff","higher_own_payoff",3,20
"study2_171",11,"study2",3,"self","lower_own_payoff","higher_own_payoff",3,20
"study2_171",12,"study2",1,"self","higher_own_payoff","higher_own_payoff",2,10
"study2_171",12,"study2",2,"self","lower_own_payoff","higher_own_payoff",2,10
"study2_171",13,"study2",1,"self","lower_own_payoff","higher_own_payoff",2,10
"study2_171",13,"study2",2,"self","higher_own_payoff","higher_own_payoff",2,10
"study2_171",14,"study2",1,"self","higher_own_payoff","lower_own_payoff",4,30
"study2_171",14,"study2",2,"self","lower_own_payoff","lower_own_payoff",4,30
"study2_171",14,"study2",3,"self","lower_own_payoff","lower_own_payoff",4,30
"study2_171",14,"study2",4,"self","higher_own_payoff","lower_own_payoff",4,30
"study2_171",15,"study2",1,"self","higher_own_payoff","lower_own_payoff",2,10
"study2_171",15,"study2",2,"self","lower_own_payoff","lower_own_payoff",2,10
"study2_171",16,"study2",1,"self","higher_own_payoff","higher_own_payoff",1,0
"study2_171",17,"study2",1,"self","higher_own_payoff","higher_own_payoff",2,10
"study2_171",17,"study2",2,"self","higher_own_payoff","higher_own_payoff",2,10
"study2_171",18,"study2",1,"self","higher_own_payoff","higher_own_payoff",2,10
"study2_171",18,"study2",2,"self","lower_own_payoff","higher_own_payoff",2,10
"study2_171",19,"study2",1,"self","higher_own_payoff","lower_own_payoff",3,20
"study2_171",19,"study2",2,"self","higher_own_payoff","lower_own_payoff",3,20
"study2_171",19,"study2",3,"self","lower_own_payoff","lower_own_payoff",3,20
"study2_171",20,"study2",1,"self","higher_own_payoff","higher_own_payoff",3,20
"study2_171",20,"study2",2,"self","higher_own_payoff","higher_own_payoff",3,20
"study2_171",20,"study2",3,"self","lower_own_payoff","higher_own_payoff",3,20
"study2_171",21,"study2",1,"self","higher_own_payoff","lower_own_payoff",4,30
"study2_171",21,"study2",2,"self","lower_own_payoff","lower_own_payoff",4,30
"study2_171",21,"study2",3,"self","higher_own_payoff","lower_own_payoff",4,30
"study2_171",21,"study2",4,"self","lower_own_payoff","lower_own_payoff",4,30
"study2_171",22,"study2",1,"self","higher_own_payoff","higher_own_payoff",2,10
"study2_171",22,"study2",2,"self","lower_own_payoff","higher_own_payoff",2,10
"study2_171",23,"study2",1,"self","higher_own_payoff","higher_own_payoff",2,10
"study2_171",23,"study2",2,"self","lower_own_payoff","higher_own_payoff",2,10
"study2_171",24,"study2",1,"self","higher_own_payoff","lower_own_payoff",3,20
"study2_171",24,"study2",2,"self","lower_own_payoff","lower_own_payoff",3,20
"study2_171",24,"study2",3,"self","higher_own_payoff","lower_own_payoff",3,20
"study2_172",1,"study2",1,"self","higher_own_payoff","lower_own_payoff",4,30
"study2_172",1,"study2",2,"self","higher_own_payoff","lower_own_payoff",4,30
"study2_172",1,"study2",3,"self","lower_own_payoff","lower_own_payoff",4,30
"study2_172",1,"study2",4,"self","lower_own_payoff","lower_own_payoff",4,30
"study2_172",2,"study2",1,"self","higher_own_payoff","higher_own_payoff",1,0
"study2_172",3,"study2",1,"self","higher_own_payoff","higher_own_payoff",1,0
"study2_172",4,"study2",1,"self","higher_own_payoff","higher_own_payoff",3,20
"study2_172",4,"study2",2,"self","higher_own_payoff","higher_own_payoff",3,20
"study2_172",4,"study2",3,"self","lower_own_payoff","higher_own_payoff",3,20
"study2_172",5,"study2",1,"self","higher_own_payoff","higher_own_payoff",2,10
"study2_172",5,"study2",2,"self","higher_own_payoff","higher_own_payoff",2,10
"study2_172",6,"study2",1,"self","higher_own_payoff","higher_own_payoff",1,0
"study2_172",7,"study2",1,"self","higher_own_payoff","lower_own_payoff",4,30
"study2_172",7,"study2",2,"self","higher_own_payoff","lower_own_payoff",4,30
"study2_172",7,"study2",3,"self","lower_own_payoff","lower_own_payoff",4,30
"study2_172",7,"study2",4,"self","lower_own_payoff","lower_own_payoff",4,30
"study2_172",8,"study2",1,"self","higher_own_payoff","lower_own_payoff",1,0
"study2_172",9,"study2",1,"self","higher_own_payoff","lower_own_payoff",3,20
"study2_172",9,"study2",2,"self","lower_own_payoff","lower_own_payoff",3,20
"study2_172",9,"study2",3,"self","lower_own_payoff","lower_own_payoff",3,20
"study2_172",10,"study2",1,"self","higher_own_payoff","higher_own_payoff",2,10
"study2_172",10,"study2",2,"self","higher_own_payoff","higher_own_payoff",2,10
"study2_172",11,"study2",1,"self","higher_own_payoff","higher_own_payoff",1,0
"study2_172",12,"study2",1,"self","higher_own_payoff","higher_own_payoff",1,0
"study2_172",13,"study2",1,"self","higher_own_payoff","higher_own_payoff",4,30
"study2_172",13,"study2",2,"self","higher_own_payoff","higher_own_payoff",4,30
"study2_172",13,"study2",3,"self","lower_own_payoff","higher_own_payoff",4,30
"study2_172",13,"study2",4,"self","lower_own_payoff","higher_own_payoff",4,30
"study2_172",14,"study2",1,"self","higher_own_payoff","higher_own_payoff",1,0
"study2_172",15,"study2",1,"self","higher_own_payoff","higher_own_payoff",1,0
"study2_172",16,"study2",1,"self","higher_own_payoff","higher_own_payoff",1,0
"study2_172",17,"study2",1,"self","higher_own_payoff","higher_own_payoff",4,30
"study2_172",17,"study2",2,"self","lower_own_payoff","higher_own_payoff",4,30
"study2_172",17,"study2",3,"self","lower_own_payoff","higher_own_payoff",4,30
"study2_172",17,"study2",4,"self","higher_own_payoff","higher_own_payoff",4,30
"study2_172",18,"study2",1,"self","higher_own_payoff","lower_own_payoff",4,30
"study2_172",18,"study2",2,"self","higher_own_payoff","lower_own_payoff",4,30
"study2_172",18,"study2",3,"self","lower_own_payoff","lower_own_payoff",4,30
"study2_172",18,"study2",4,"self","lower_own_payoff","lower_own_payoff",4,30
"study2_172",19,"study2",1,"self","higher_own_payoff","higher_own_payoff",1,0
"study2_172",20,"study2",1,"self","higher_own_payoff","higher_own_payoff",1,0
"study2_172",21,"study2",1,"self","higher_own_payoff","higher_own_payoff",1,0
"study2_172",22,"study2",1,"self","higher_own_payoff","higher_own_payoff",1,0
"study2_172",23,"study2",1,"self","higher_own_payoff","higher_own_payoff",1,0
"study2_172",24,"study2",1,"self","higher_own_payoff","higher_own_payoff",1,0
"study2_173",1,"study2",1,"self","higher_own_payoff","higher_own_payoff",1,0
"study2_173",2,"study2",1,"self","higher_own_payoff","higher_own_payoff",2,10
"study2_173",2,"study2",2,"self","higher_own_payoff","higher_own_payoff",2,10
"study2_173",3,"study2",1,"self","higher_own_payoff","higher_own_payoff",1,0
"study2_173",4,"study2",1,"other","higher_own_payoff","higher_own_payoff",1,0
"study2_173",5,"study2",1,"self","higher_own_payoff","higher_own_payoff",2,10
"study2_173",5,"study2",2,"self","lower_own_payoff","higher_own_payoff",2,10
"study2_173",6,"study2",1,"self","higher_own_payoff","higher_own_payoff",1,0
"study2_173",7,"study2",1,"self","higher_own_payoff","higher_own_payoff",1,0
"study2_173",8,"study2",1,"self","higher_own_payoff","higher_own_payoff",1,0
"study2_173",9,"study2",1,"self","higher_own_payoff","higher_own_payoff",1,0
"study2_173",10,"study2",1,"self","higher_own_payoff","higher_own_payoff",1,0
"study2_173",11,"study2",1,"self","lower_own_payoff","higher_own_payoff",2,10
"study2_173",11,"study2",2,"self","higher_own_payoff","higher_own_payoff",2,10
"study2_173",12,"study2",1,"self","higher_own_payoff","higher_own_payoff",1,0
"study2_173",13,"study2",1,"other","higher_own_payoff","higher_own_payoff",2,10
"study2_173",13,"study2",2,"self","higher_own_payoff","higher_own_payoff",2,10
"study2_173",14,"study2",1,"other","higher_own_payoff","higher_own_payoff",1,0
"study2_173",15,"study2",1,"self","higher_own_payoff","higher_own_payoff",1,0
"study2_173",16,"study2",1,"self","lower_own_payoff","lower_own_payoff",1,0
"study2_173",17,"study2",1,"self","higher_own_payoff","higher_own_payoff",1,0
"study2_173",18,"study2",1,"self","higher_own_payoff","higher_own_payoff",1,0
"study2_173",19,"study2",1,"self","higher_own_payoff","higher_own_payoff",1,0
"study2_173",20,"study2",1,"self","higher_own_payoff","higher_own_payoff",1,0
"study2_173",21,"study2",1,"self","higher_own_payoff","higher_own_payoff",1,0
"study2_173",22,"study2",1,"self","higher_own_payoff","higher_own_payoff",2,10
"study2_173",22,"study2",2,"self","higher_own_payoff","higher_own_payoff",2,10
"study2_173",23,"study2",1,"self","higher_own_payoff","higher_own_payoff",1,0
"study2_173",24,"study2",1,"self","higher_own_payoff","higher_own_payoff",1,0
"study2_174",1,"study2",1,"self","higher_own_payoff","higher_own_payoff",1,0
"study2_174",2,"study2",1,"other","higher_own_payoff","higher_own_payoff",1,0
"study2_174",3,"study2",1,"self","higher_own_payoff","higher_own_payoff",2,10
"study2_174",3,"study2",2,"self","lower_own_payoff","higher_own_payoff",2,10
"study2_174",4,"study2",1,"other","higher_own_payoff","lower_own_payoff",1,0
"study2_174",5,"study2",1,"self","higher_own_payoff","lower_own_payoff",1,0
"study2_174",6,"study2",1,"other","higher_own_payoff","higher_own_payoff",1,0
"study2_174",7,"study2",1,"self","lower_own_payoff","higher_own_payoff",1,0
"study2_174",8,"study2",1,"other","higher_own_payoff","higher_own_payoff",1,0
"study2_174",9,"study2",1,"other","higher_own_payoff","lower_own_payoff",1,0
"study2_174",10,"study2",1,"self","lower_own_payoff","higher_own_payoff",1,0
"study2_174",11,"study2",1,"other","higher_own_payoff","higher_own_payoff",1,0
"study2_174",12,"study2",1,"self","higher_own_payoff","higher_own_payoff",1,0
"study2_174",13,"study2",1,"self","lower_own_payoff","higher_own_payoff",1,0
"study2_174",14,"study2",1,"other","higher_own_payoff","higher_own_payoff",1,0
"study2_174",15,"study2",1,"other","higher_own_payoff","higher_own_payoff",1,0
"study2_174",16,"study2",1,"self","lower_own_payoff","higher_own_payoff",1,0
"study2_174",17,"study2",1,"other","lower_own_payoff","higher_own_payoff",1,0
"study2_174",18,"study2",1,"self","lower_own_payoff","lower_own_payoff",2,10
"study2_174",18,"study2",2,"self","higher_own_payoff","lower_own_payoff",2,10
"study2_174",19,"study2",1,"self","lower_own_payoff","higher_own_payoff",1,0
"study2_174",20,"study2",1,"self","lower_own_payoff","higher_own_payoff",1,0
"study2_174",21,"study2",1,"self","lower_own_payoff","lower_own_payoff",1,0
"study2_174",22,"study2",1,"self","lower_own_payoff","higher_own_payoff",1,0
"study2_174",23,"study2",1,"other","higher_own_payoff","lower_own_payoff",1,0
"study2_174",24,"study2",1,"self","lower_own_payoff","higher_own_payoff",1,0
"study2_175",1,"study2",1,"self","higher_own_payoff","higher_own_payoff",1,0
"study2_175",2,"study2",1,"self","higher_own_payoff","higher_own_payoff",2,10
"study2_175",2,"study2",2,"self","higher_own_payoff","higher_own_payoff",2,10
"study2_175",3,"study2",1,"self","higher_own_payoff","lower_own_payoff",2,10
"study2_175",3,"study2",2,"self","lower_own_payoff","lower_own_payoff",2,10
"study2_175",4,"study2",1,"self","higher_own_payoff","lower_own_payoff",2,10
"study2_175",4,"study2",2,"self","lower_own_payoff","lower_own_payoff",2,10
"study2_175",5,"study2",1,"self","higher_own_payoff","lower_own_payoff",2,10
"study2_175",5,"study2",2,"self","lower_own_payoff","lower_own_payoff",2,10
"study2_175",6,"study2",1,"self","higher_own_payoff","higher_own_payoff",1,0
"study2_175",7,"study2",1,"self","lower_own_payoff","higher_own_payoff",2,10
"study2_175",7,"study2",2,"self","higher_own_payoff","higher_own_payoff",2,10
"study2_175",8,"study2",1,"self","higher_own_payoff","lower_own_payoff",2,10
"study2_175",8,"study2",2,"self","higher_own_payoff","lower_own_payoff",2,10
"study2_175",9,"study2",1,"self","higher_own_payoff","higher_own_payoff",2,10
"study2_175",9,"study2",2,"self","lower_own_payoff","higher_own_payoff",2,10
"study2_175",10,"study2",1,"self","lower_own_payoff","lower_own_payoff",2,10
"study2_175",10,"study2",2,"self","lower_own_payoff","lower_own_payoff",2,10
"study2_175",11,"study2",1,"self","higher_own_payoff","lower_own_payoff",2,10
"study2_175",11,"study2",2,"self","lower_own_payoff","lower_own_payoff",2,10
"study2_175",12,"study2",1,"self","higher_own_payoff","lower_own_payoff",2,10
"study2_175",12,"study2",2,"self","higher_own_payoff","lower_own_payoff",2,10
"study2_175",13,"study2",1,"self","higher_own_payoff","higher_own_payoff",1,0
"study2_175",14,"study2",1,"self","higher_own_payoff","higher_own_payoff",3,20
"study2_175",14,"study2",2,"self","lower_own_payoff","higher_own_payoff",3,20
"study2_175",14,"study2",3,"self","higher_own_payoff","higher_own_payoff",3,20
"study2_175",15,"study2",1,"self","higher_own_payoff","higher_own_payoff",4,30
"study2_175",15,"study2",2,"self","lower_own_payoff","higher_own_payoff",4,30
"study2_175",15,"study2",3,"self","higher_own_payoff","higher_own_payoff",4,30
"study2_175",15,"study2",4,"self","lower_own_payoff","higher_own_payoff",4,30
"study2_175",16,"study2",1,"self","higher_own_payoff","higher_own_payoff",3,20
"study2_175",16,"study2",2,"self","higher_own_payoff","higher_own_payoff",3,20
"study2_175",16,"study2",3,"self","lower_own_payoff","higher_own_payoff",3,20
"study2_175",17,"study2",1,"self","higher_own_payoff","lower_own_payoff",2,10
"study2_175",17,"study2",2,"self","higher_own_payoff","lower_own_payoff",2,10
"study2_175",18,"study2",1,"self","higher_own_payoff","lower_own_payoff",3,20
"study2_175",18,"study2",2,"self","higher_own_payoff","lower_own_payoff",3,20
"study2_175",18,"study2",3,"self","lower_own_payoff","lower_own_payoff",3,20
"study2_175",19,"study2",1,"self","higher_own_payoff","higher_own_payoff",2,10
"study2_175",19,"study2",2,"self","higher_own_payoff","higher_own_payoff",2,10
"study2_175",20,"study2",1,"self","higher_own_payoff","higher_own_payoff",1,0
"study2_175",21,"study2",1,"self","higher_own_payoff","higher_own_payoff",1,0
"study2_175",22,"study2",1,"self","higher_own_payoff","higher_own_payoff",1,0
"study2_175",23,"study2",1,"self","higher_own_payoff","higher_own_payoff",2,10
"study2_175",23,"study2",2,"self","higher_own_payoff","higher_own_payoff",2,10
"study2_175",24,"study2",1,"self","higher_own_payoff","higher_own_payoff",3,20
"study2_175",24,"study2",2,"self","higher_own_payoff","higher_own_payoff",3,20
"study2_175",24,"study2",3,"self","lower_own_payoff","higher_own_payoff",3,20
"study2_176",1,"study2",1,"self","lower_own_payoff","lower_own_payoff",2,10
"study2_176",1,"study2",2,"self","higher_own_payoff","lower_own_payoff",2,10
"study2_176",2,"study2",1,"self","lower_own_payoff","higher_own_payoff",2,10
"study2_176",2,"study2",2,"self","higher_own_payoff","higher_own_payoff",2,10
"study2_176",3,"study2",1,"self","higher_own_payoff","lower_own_payoff",3,20
"study2_176",3,"study2",2,"self","lower_own_payoff","lower_own_payoff",3,20
"study2_176",3,"study2",3,"self","higher_own_payoff","lower_own_payoff",3,20
"study2_176",4,"study2",1,"self","higher_own_payoff","higher_own_payoff",2,10
"study2_176",4,"study2",2,"self","lower_own_payoff","higher_own_payoff",2,10
"study2_176",5,"study2",1,"self","higher_own_payoff","lower_own_payoff",2,10
"study2_176",5,"study2",2,"self","higher_own_payoff","lower_own_payoff",2,10
"study2_176",6,"study2",1,"self","higher_own_payoff","higher_own_payoff",2,10
"study2_176",6,"study2",2,"self","lower_own_payoff","higher_own_payoff",2,10
"study2_176",7,"study2",1,"self","higher_own_payoff","lower_own_payoff",2,10
"study2_176",7,"study2",2,"self","lower_own_payoff","lower_own_payoff",2,10
"study2_176",8,"study2",1,"self","higher_own_payoff","lower_own_payoff",3,20
"study2_176",8,"study2",2,"self","lower_own_payoff","lower_own_payoff",3,20
"study2_176",8,"study2",3,"self","lower_own_payoff","lower_own_payoff",3,20
"study2_176",9,"study2",1,"self","higher_own_payoff","higher_own_payoff",1,0
"study2_176",10,"study2",1,"self","higher_own_payoff","higher_own_payoff",2,10
"study2_176",10,"study2",2,"self","higher_own_payoff","higher_own_payoff",2,10
"study2_176",11,"study2",1,"self","higher_own_payoff","higher_own_payoff",1,0
"study2_176",12,"study2",1,"self","lower_own_payoff","higher_own_payoff",2,10
"study2_176",12,"study2",2,"self","lower_own_payoff","higher_own_payoff",2,10
"study2_176",13,"study2",1,"self","higher_own_payoff","lower_own_payoff",3,20
"study2_176",13,"study2",2,"self","higher_own_payoff","lower_own_payoff",3,20
"study2_176",13,"study2",3,"self","lower_own_payoff","lower_own_payoff",3,20
"study2_176",14,"study2",1,"self","lower_own_payoff","lower_own_payoff",4,30
"study2_176",14,"study2",2,"self","higher_own_payoff","lower_own_payoff",4,30
"study2_176",14,"study2",3,"self","higher_own_payoff","lower_own_payoff",4,30
"study2_176",14,"study2",4,"self","lower_own_payoff","lower_own_payoff",4,30
"study2_176",15,"study2",1,"self","higher_own_payoff","lower_own_payoff",3,20
"study2_176",15,"study2",2,"self","higher_own_payoff","lower_own_payoff",3,20
"study2_176",15,"study2",3,"self","lower_own_payoff","lower_own_payoff",3,20
"study2_176",16,"study2",1,"self","higher_own_payoff","higher_own_payoff",2,10
"study2_176",16,"study2",2,"self","higher_own_payoff","higher_own_payoff",2,10
"study2_176",17,"study2",1,"self","higher_own_payoff","higher_own_payoff",4,30
"study2_176",17,"study2",2,"self","higher_own_payoff","higher_own_payoff",4,30
"study2_176",17,"study2",3,"self","lower_own_payoff","higher_own_payoff",4,30
"study2_176",17,"study2",4,"self","lower_own_payoff","higher_own_payoff",4,30
"study2_176",18,"study2",1,"self","lower_own_payoff","higher_own_payoff",3,20
"study2_176",18,"study2",2,"self","lower_own_payoff","higher_own_payoff",3,20
"study2_176",18,"study2",3,"self","higher_own_payoff","higher_own_payoff",3,20
"study2_176",19,"study2",1,"self","higher_own_payoff","lower_own_payoff",4,30
"study2_176",19,"study2",2,"self","higher_own_payoff","lower_own_payoff",4,30
"study2_176",19,"study2",3,"self","lower_own_payoff","lower_own_payoff",4,30
"study2_176",19,"study2",4,"self","lower_own_payoff","lower_own_payoff",4,30
"study2_176",20,"study2",1,"self","higher_own_payoff","higher_own_payoff",4,30
"study2_176",20,"study2",2,"self","higher_own_payoff","higher_own_payoff",4,30
"study2_176",20,"study2",3,"self","lower_own_payoff","higher_own_payoff",4,30
"study2_176",20,"study2",4,"self","lower_own_payoff","higher_own_payoff",4,30
"study2_176",21,"study2",1,"self","higher_own_payoff","lower_own_payoff",3,20
"study2_176",21,"study2",2,"self","lower_own_payoff","lower_own_payoff",3,20
"study2_176",21,"study2",3,"self","lower_own_payoff","lower_own_payoff",3,20
"study2_176",22,"study2",1,"self","lower_own_payoff","higher_own_payoff",2,10
"study2_176",22,"study2",2,"self","higher_own_payoff","higher_own_payoff",2,10
"study2_176",23,"study2",1,"self","lower_own_payoff","higher_own_payoff",2,10
"study2_176",23,"study2",2,"self","higher_own_payoff","higher_own_payoff",2,10
"study2_176",24,"study2",1,"self","higher_own_payoff","higher_own_payoff",1,0
"study2_178",1,"study2",1,"self","lower_own_payoff","higher_own_payoff",1,0
"study2_178",2,"study2",1,"self","higher_own_payoff","lower_own_payoff",2,10
"study2_178",2,"study2",2,"self","lower_own_payoff","lower_own_payoff",2,10
"study2_178",3,"study2",1,"self","lower_own_payoff","lower_own_payoff",4,30
"study2_178",3,"study2",2,"self","higher_own_payoff","lower_own_payoff",4,30
"study2_178",3,"study2",3,"self","higher_own_payoff","lower_own_payoff",4,30
"study2_178",3,"study2",4,"self","lower_own_payoff","lower_own_payoff",4,30
"study2_178",4,"study2",1,"self","higher_own_payoff","higher_own_payoff",4,30
"study2_178",4,"study2",2,"self","lower_own_payoff","higher_own_payoff",4,30
"study2_178",4,"study2",3,"self","lower_own_payoff","higher_own_payoff",4,30
"study2_178",4,"study2",4,"self","higher_own_payoff","higher_own_payoff",4,30
"study2_178",5,"study2",1,"self","lower_own_payoff","lower_own_payoff",6,50
"study2_178",5,"study2",2,"self","higher_own_payoff","lower_own_payoff",6,50
"study2_178",5,"study2",3,"self","higher_own_payoff","lower_own_payoff",6,50
"study2_178",5,"study2",4,"self","lower_own_payoff","lower_own_payoff",6,50
"study2_178",5,"study2",5,"other","lower_own_payoff","lower_own_payoff",6,50
"study2_178",5,"study2",6,"other","lower_own_payoff","lower_own_payoff",6,50
"study2_178",6,"study2",1,"self","higher_own_payoff","higher_own_payoff",2,10
"study2_178",6,"study2",2,"self","lower_own_payoff","higher_own_payoff",2,10
"study2_178",7,"study2",1,"self","higher_own_payoff","lower_own_payoff",2,10
"study2_178",7,"study2",2,"self","lower_own_payoff","lower_own_payoff",2,10
"study2_178",8,"study2",1,"self","lower_own_payoff","higher_own_payoff",2,10
"study2_178",8,"study2",2,"self","higher_own_payoff","higher_own_payoff",2,10
"study2_178",9,"study2",1,"self","lower_own_payoff","higher_own_payoff",4,30
"study2_178",9,"study2",2,"self","lower_own_payoff","higher_own_payoff",4,30
"study2_178",9,"study2",3,"self","higher_own_payoff","higher_own_payoff",4,30
"study2_178",9,"study2",4,"self","higher_own_payoff","higher_own_payoff",4,30
"study2_178",10,"study2",1,"self","higher_own_payoff","lower_own_payoff",4,30
"study2_178",10,"study2",2,"self","higher_own_payoff","lower_own_payoff",4,30
"study2_178",10,"study2",3,"self","lower_own_payoff","lower_own_payoff",4,30
"study2_178",10,"study2",4,"self","lower_own_payoff","lower_own_payoff",4,30
"study2_178",11,"study2",1,"self","lower_own_payoff","higher_own_payoff",5,40
"study2_178",11,"study2",2,"self","higher_own_payoff","higher_own_payoff",5,40
"study2_178",11,"study2",3,"other","higher_own_payoff","higher_own_payoff",5,40
"study2_178",11,"study2",4,"self","lower_own_payoff","higher_own_payoff",5,40
"study2_178",11,"study2",5,"self","higher_own_payoff","higher_own_payoff",5,40
"study2_178",12,"study2",1,"self","higher_own_payoff","higher_own_payoff",4,30
"study2_178",12,"study2",2,"self","lower_own_payoff","higher_own_payoff",4,30
"study2_178",12,"study2",3,"self","lower_own_payoff","higher_own_payoff",4,30
"study2_178",12,"study2",4,"self","higher_own_payoff","higher_own_payoff",4,30
"study2_178",13,"study2",1,"self","lower_own_payoff","lower_own_payoff",4,30
"study2_178",13,"study2",2,"self","higher_own_payoff","lower_own_payoff",4,30
"study2_178",13,"study2",3,"self","lower_own_payoff","lower_own_payoff",4,30
"study2_178",13,"study2",4,"self","higher_own_payoff","lower_own_payoff",4,30
"study2_178",14,"study2",1,"self","higher_own_payoff","higher_own_payoff",4,30
"study2_178",14,"study2",2,"self","lower_own_payoff","higher_own_payoff",4,30
"study2_178",14,"study2",3,"self","lower_own_payoff","higher_own_payoff",4,30
"study2_178",14,"study2",4,"self","higher_own_payoff","higher_own_payoff",4,30
"study2_178",15,"study2",1,"self","higher_own_payoff","higher_own_payoff",1,0
"study2_178",16,"study2",1,"self","lower_own_payoff","higher_own_payoff",1,0
"study2_178",17,"study2",1,"self","lower_own_payoff","lower_own_payoff",1,0
"study2_178",18,"study2",1,"self","lower_own_payoff","lower_own_payoff",1,0
"study2_178",19,"study2",1,"self","higher_own_payoff","higher_own_payoff",1,0
"study2_178",20,"study2",1,"self","higher_own_payoff","higher_own_payoff",1,0
"study2_178",21,"study2",1,"self","higher_own_payoff","higher_own_payoff",1,0
"study2_178",22,"study2",1,"self","higher_own_payoff","higher_own_payoff",1,0
"study2_178",23,"study2",1,"self","higher_own_payoff","higher_own_payoff",1,0
"study2_178",24,"study2",1,"self","higher_own_payoff","higher_own_payoff",1,0
"study2_179",1,"study2",1,"self","higher_own_payoff","higher_own_payoff",1,0
"study2_179",2,"study2",1,"self","higher_own_payoff","higher_own_payoff",1,0
"study2_179",3,"study2",1,"self","lower_own_payoff","lower_own_payoff",1,0
"study2_179",4,"study2",1,"self","higher_own_payoff","lower_own_payoff",2,10
"study2_179",4,"study2",2,"self","lower_own_payoff","lower_own_payoff",2,10
"study2_179",5,"study2",1,"self","higher_own_payoff","lower_own_payoff",1,0
"study2_179",6,"study2",1,"self","higher_own_payoff","lower_own_payoff",2,10
"study2_179",6,"study2",2,"self","lower_own_payoff","lower_own_payoff",2,10
"study2_179",7,"study2",1,"self","higher_own_payoff","lower_own_payoff",1,0
"study2_179",8,"study2",1,"self","lower_own_payoff","higher_own_payoff",1,0
"study2_179",9,"study2",1,"self","higher_own_payoff","lower_own_payoff",2,10
"study2_179",9,"study2",2,"self","lower_own_payoff","lower_own_payoff",2,10
"study2_179",10,"study2",1,"self","higher_own_payoff","lower_own_payoff",1,0
"study2_179",11,"study2",1,"self","lower_own_payoff","higher_own_payoff",2,10
"study2_179",11,"study2",2,"self","higher_own_payoff","higher_own_payoff",2,10
"study2_179",12,"study2",1,"self","lower_own_payoff","higher_own_payoff",1,0
"study2_179",13,"study2",1,"self","higher_own_payoff","higher_own_payoff",1,0
"study2_179",14,"study2",1,"self","higher_own_payoff","higher_own_payoff",1,0
"study2_179",15,"study2",1,"self","higher_own_payoff","higher_own_payoff",1,0
"study2_179",16,"study2",1,"self","lower_own_payoff","higher_own_payoff",1,0
"study2_179",17,"study2",1,"self","higher_own_payoff","higher_own_payoff",1,0
"study2_179",18,"study2",1,"self","lower_own_payoff","higher_own_payoff",1,0
"study2_179",19,"study2",1,"self","lower_own_payoff","higher_own_payoff",1,0
"study2_179",20,"study2",1,"self","lower_own_payoff","higher_own_payoff",1,0
"study2_179",21,"study2",1,"self","lower_own_payoff","lower_own_payoff",2,10
"study2_179",21,"study2",2,"self","higher_own_payoff","lower_own_payoff",2,10
"study2_179",22,"study2",1,"self","higher_own_payoff","higher_own_payoff",1,0
"study2_179",23,"study2",1,"self","higher_own_payoff","higher_own_payoff",2,10
"study2_179",23,"study2",2,"self","lower_own_payoff","higher_own_payoff",2,10
"study2_179",24,"study2",1,"self","higher_own_payoff","higher_own_payoff",1,0
"study2_18",1,"study2",1,"self","higher_own_payoff","higher_own_payoff",2,10
"study2_18",1,"study2",2,"self","higher_own_payoff","higher_own_payoff",2,10
"study2_18",2,"study2",1,"self","higher_own_payoff","higher_own_payoff",4,30
"study2_18",2,"study2",2,"self","higher_own_payoff","higher_own_payoff",4,30
"study2_18",2,"study2",3,"other","lower_own_payoff","higher_own_payoff",4,30
"study2_18",2,"study2",4,"other","lower_own_payoff","higher_own_payoff",4,30
"study2_18",3,"study2",1,"other","lower_own_payoff","lower_own_payoff",2,10
"study2_18",3,"study2",2,"other","lower_own_payoff","lower_own_payoff",2,10
"study2_18",4,"study2",1,"self","higher_own_payoff","higher_own_payoff",2,10
"study2_18",4,"study2",2,"self","higher_own_payoff","higher_own_payoff",2,10
"study2_18",5,"study2",1,"self","higher_own_payoff","higher_own_payoff",2,10
"study2_18",5,"study2",2,"self","higher_own_payoff","higher_own_payoff",2,10
"study2_18",6,"study2",1,"self","higher_own_payoff","higher_own_payoff",2,10
"study2_18",6,"study2",2,"self","higher_own_payoff","higher_own_payoff",2,10
"study2_18",7,"study2",1,"other","lower_own_payoff","lower_own_payoff",2,10
"study2_18",7,"study2",2,"other","lower_own_payoff","lower_own_payoff",2,10
"study2_18",8,"study2",1,"other","lower_own_payoff","lower_own_payoff",2,10
"study2_18",8,"study2",2,"other","lower_own_payoff","lower_own_payoff",2,10
"study2_18",9,"study2",1,"other","lower_own_payoff","lower_own_payoff",2,10
"study2_18",9,"study2",2,"other","lower_own_payoff","lower_own_payoff",2,10
"study2_18",10,"study2",1,"self","higher_own_payoff","higher_own_payoff",2,10
"study2_18",10,"study2",2,"self","higher_own_payoff","higher_own_payoff",2,10
"study2_18",11,"study2",1,"self","higher_own_payoff","higher_own_payoff",2,10
"study2_18",11,"study2",2,"self","higher_own_payoff","higher_own_payoff",2,10
"study2_18",12,"study2",1,"self","higher_own_payoff","higher_own_payoff",2,10
"study2_18",12,"study2",2,"self","higher_own_payoff","higher_own_payoff",2,10
"study2_18",13,"study2",1,"self","higher_own_payoff","higher_own_payoff",2,10
"study2_18",13,"study2",2,"self","higher_own_payoff","higher_own_payoff",2,10
"study2_18",14,"study2",1,"self","higher_own_payoff","higher_own_payoff",2,10
"study2_18",14,"study2",2,"self","higher_own_payoff","higher_own_payoff",2,10
"study2_18",15,"study2",1,"self","lower_own_payoff","lower_own_payoff",2,10
"study2_18",15,"study2",2,"self","lower_own_payoff","lower_own_payoff",2,10
"study2_18",16,"study2",1,"self","higher_own_payoff","higher_own_payoff",2,10
"study2_18",16,"study2",2,"self","higher_own_payoff","higher_own_payoff",2,10
"study2_18",17,"study2",1,"other","lower_own_payoff","lower_own_payoff",2,10
"study2_18",17,"study2",2,"other","lower_own_payoff","lower_own_payoff",2,10
"study2_18",18,"study2",1,"self","higher_own_payoff","higher_own_payoff",2,10
"study2_18",18,"study2",2,"self","higher_own_payoff","higher_own_payoff",2,10
"study2_18",19,"study2",1,"self","higher_own_payoff","higher_own_payoff",2,10
"study2_18",19,"study2",2,"self","higher_own_payoff","higher_own_payoff",2,10
"study2_18",20,"study2",1,"self","higher_own_payoff","higher_own_payoff",2,10
"study2_18",20,"study2",2,"self","higher_own_payoff","higher_own_payoff",2,10
"study2_18",21,"study2",1,"other","lower_own_payoff","lower_own_payoff",2,10
"study2_18",21,"study2",2,"other","lower_own_payoff","lower_own_payoff",2,10
"study2_18",22,"study2",1,"self","higher_own_payoff","higher_own_payoff",2,10
"study2_18",22,"study2",2,"self","higher_own_payoff","higher_own_payoff",2,10
"study2_18",23,"study2",1,"other","lower_own_payoff","lower_own_payoff",2,10
"study2_18",23,"study2",2,"other","lower_own_payoff","lower_own_payoff",2,10
"study2_18",24,"study2",1,"self","higher_own_payoff","higher_own_payoff",2,10
"study2_18",24,"study2",2,"self","higher_own_payoff","higher_own_payoff",2,10
"study2_180",1,"study2",1,"self","higher_own_payoff","lower_own_payoff",1,0
"study2_180",2,"study2",1,"self","higher_own_payoff","lower_own_payoff",2,10
"study2_180",2,"study2",2,"self","lower_own_payoff","lower_own_payoff",2,10
"study2_180",3,"study2",1,"self","higher_own_payoff","higher_own_payoff",1,0
"study2_180",4,"study2",1,"self","higher_own_payoff","higher_own_payoff",2,10
"study2_180",4,"study2",2,"self","lower_own_payoff","higher_own_payoff",2,10
"study2_180",5,"study2",1,"self","higher_own_payoff","higher_own_payoff",1,0
"study2_180",6,"study2",1,"self","higher_own_payoff","lower_own_payoff",1,0
"study2_180",7,"study2",1,"self","higher_own_payoff","higher_own_payoff",1,0
"study2_180",8,"study2",1,"self","higher_own_payoff","higher_own_payoff",2,10
"study2_180",8,"study2",2,"self","lower_own_payoff","higher_own_payoff",2,10
"study2_180",9,"study2",1,"self","higher_own_payoff","higher_own_payoff",1,0
"study2_180",10,"study2",1,"self","higher_own_payoff","lower_own_payoff",2,10
"study2_180",10,"study2",2,"self","lower_own_payoff","lower_own_payoff",2,10
"study2_180",11,"study2",1,"self","higher_own_payoff","higher_own_payoff",1,0
"study2_180",12,"study2",1,"self","higher_own_payoff","higher_own_payoff",2,10
"study2_180",12,"study2",2,"self","lower_own_payoff","higher_own_payoff",2,10
"study2_180",13,"study2",1,"self","higher_own_payoff","higher_own_payoff",1,0
"study2_180",14,"study2",1,"self","lower_own_payoff","lower_own_payoff",1,0
"study2_180",15,"study2",1,"self","higher_own_payoff","higher_own_payoff",1,0
"study2_180",16,"study2",1,"self","lower_own_payoff","lower_own_payoff",1,0
"study2_180",17,"study2",1,"self","higher_own_payoff","higher_own_payoff",2,10
"study2_180",17,"study2",2,"self","lower_own_payoff","higher_own_payoff",2,10
"study2_180",18,"study2",1,"self","higher_own_payoff","higher_own_payoff",1,0
"study2_180",19,"study2",1,"self","higher_own_payoff","lower_own_payoff",2,10
"study2_180",19,"study2",2,"self","lower_own_payoff","lower_own_payoff",2,10
"study2_180",20,"study2",1,"self","higher_own_payoff","lower_own_payoff",2,10
"study2_180",20,"study2",2,"self","lower_own_payoff","lower_own_payoff",2,10
"study2_180",21,"study2",1,"self","higher_own_payoff","lower_own_payoff",2,10
"study2_180",21,"study2",2,"self","lower_own_payoff","lower_own_payoff",2,10
"study2_180",22,"study2",1,"self","higher_own_payoff","higher_own_payoff",1,0
"study2_180",23,"study2",1,"self","higher_own_payoff","higher_own_payoff",1,0
"study2_180",24,"study2",1,"self","higher_own_payoff","higher_own_payoff",1,0
"study2_181",1,"study2",1,"other","lower_own_payoff","lower_own_payoff",2,10
"study2_181",1,"study2",2,"self","higher_own_payoff","lower_own_payoff",2,10
"study2_181",2,"study2",1,"other","lower_own_payoff","lower_own_payoff",3,20
"study2_181",2,"study2",2,"self","higher_own_payoff","lower_own_payoff",3,20
"study2_181",2,"study2",3,"other","higher_own_payoff","lower_own_payoff",3,20
"study2_181",3,"study2",1,"other","higher_own_payoff","higher_own_payoff",4,30
"study2_181",3,"study2",2,"other","higher_own_payoff","higher_own_payoff",4,30
"study2_181",3,"study2",3,"other","lower_own_payoff","higher_own_payoff",4,30
"study2_181",3,"study2",4,"other","lower_own_payoff","higher_own_payoff",4,30
"study2_181",4,"study2",1,"other","lower_own_payoff","lower_own_payoff",4,30
"study2_181",4,"study2",2,"other","higher_own_payoff","lower_own_payoff",4,30
"study2_181",4,"study2",3,"self","higher_own_payoff","lower_own_payoff",4,30
"study2_181",4,"study2",4,"self","lower_own_payoff","lower_own_payoff",4,30
"study2_181",5,"study2",1,"other","lower_own_payoff","lower_own_payoff",4,30
"study2_181",5,"study2",2,"self","lower_own_payoff","lower_own_payoff",4,30
"study2_181",5,"study2",3,"self","lower_own_payoff","lower_own_payoff",4,30
"study2_181",5,"study2",4,"other","lower_own_payoff","lower_own_payoff",4,30
"study2_181",6,"study2",1,"other","lower_own_payoff","higher_own_payoff",4,30
"study2_181",6,"study2",2,"self","lower_own_payoff","higher_own_payoff",4,30
"study2_181",6,"study2",3,"self","higher_own_payoff","higher_own_payoff",4,30
"study2_181",6,"study2",4,"other","higher_own_payoff","higher_own_payoff",4,30
"study2_181",7,"study2",1,"other","higher_own_payoff","higher_own_payoff",2,10
"study2_181",7,"study2",2,"self","higher_own_payoff","higher_own_payoff",2,10
"study2_181",8,"study2",1,"self","higher_own_payoff","higher_own_payoff",2,10
"study2_181",8,"study2",2,"other","higher_own_payoff","higher_own_payoff",2,10
"study2_181",9,"study2",1,"self","lower_own_payoff","higher_own_payoff",4,30
"study2_181",9,"study2",2,"other","lower_own_payoff","higher_own_payoff",4,30
"study2_181",9,"study2",3,"self","higher_own_payoff","higher_own_payoff",4,30
"study2_181",9,"study2",4,"other","higher_own_payoff","higher_own_payoff",4,30
"study2_181",10,"study2",1,"other","higher_own_payoff","higher_own_payoff",2,10
"study2_181",10,"study2",2,"self","higher_own_payoff","higher_own_payoff",2,10
"study2_181",11,"study2",1,"self","lower_own_payoff","lower_own_payoff",4,30
"study2_181",11,"study2",2,"other","lower_own_payoff","lower_own_payoff",4,30
"study2_181",11,"study2",3,"other","lower_own_payoff","lower_own_payoff",4,30
"study2_181",11,"study2",4,"self","lower_own_payoff","lower_own_payoff",4,30
"study2_181",12,"study2",1,"other","lower_own_payoff","lower_own_payoff",2,10
"study2_181",12,"study2",2,"self","lower_own_payoff","lower_own_payoff",2,10
"study2_181",13,"study2",1,"other","lower_own_payoff","lower_own_payoff",2,10
"study2_181",13,"study2",2,"self","lower_own_payoff","lower_own_payoff",2,10
"study2_181",14,"study2",1,"self","lower_own_payoff","lower_own_payoff",2,10
"study2_181",14,"study2",2,"other","lower_own_payoff","lower_own_payoff",2,10
"study2_181",15,"study2",1,"self","lower_own_payoff","lower_own_payoff",2,10
"study2_181",15,"study2",2,"other","lower_own_payoff","lower_own_payoff",2,10
"study2_181",16,"study2",1,"self","lower_own_payoff","higher_own_payoff",4,30
"study2_181",16,"study2",2,"other","lower_own_payoff","higher_own_payoff",4,30
"study2_181",16,"study2",3,"self","lower_own_payoff","higher_own_payoff",4,30
"study2_181",16,"study2",4,"other","lower_own_payoff","higher_own_payoff",4,30
"study2_181",17,"study2",1,"self","lower_own_payoff","lower_own_payoff",2,10
"study2_181",17,"study2",2,"other","lower_own_payoff","lower_own_payoff",2,10
"study2_181",18,"study2",1,"self","higher_own_payoff","higher_own_payoff",2,10
"study2_181",18,"study2",2,"other","higher_own_payoff","higher_own_payoff",2,10
"study2_181",19,"study2",1,"other","higher_own_payoff","higher_own_payoff",2,10
"study2_181",19,"study2",2,"self","higher_own_payoff","higher_own_payoff",2,10
"study2_181",20,"study2",1,"other","higher_own_payoff","higher_own_payoff",2,10
"study2_181",20,"study2",2,"self","higher_own_payoff","higher_own_payoff",2,10
"study2_181",21,"study2",1,"other","lower_own_payoff","lower_own_payoff",4,30
"study2_181",21,"study2",2,"self","lower_own_payoff","lower_own_payoff",4,30
"study2_181",21,"study2",3,"other","lower_own_payoff","lower_own_payoff",4,30
"study2_181",21,"study2",4,"self","lower_own_payoff","lower_own_payoff",4,30
"study2_181",22,"study2",1,"self","lower_own_payoff","lower_own_payoff",2,10
"study2_181",22,"study2",2,"other","lower_own_payoff","lower_own_payoff",2,10
"study2_181",23,"study2",1,"other","higher_own_payoff","higher_own_payoff",2,10
"study2_181",23,"study2",2,"self","higher_own_payoff","higher_own_payoff",2,10
"study2_181",24,"study2",1,"other","lower_own_payoff","lower_own_payoff",2,10
"study2_181",24,"study2",2,"self","lower_own_payoff","lower_own_payoff",2,10
"study2_182",1,"study2",1,"self","lower_own_payoff","higher_own_payoff",1,0
"study2_182",2,"study2",1,"self","lower_own_payoff","higher_own_payoff",1,0
"study2_182",3,"study2",1,"self","lower_own_payoff","lower_own_payoff",1,0
"study2_182",4,"study2",1,"self","higher_own_payoff","higher_own_payoff",1,0
"study2_182",5,"study2",1,"self","lower_own_payoff","lower_own_payoff",1,0
"study2_182",6,"study2",1,"self","lower_own_payoff","lower_own_payoff",1,0
"study2_182",7,"study2",1,"self","lower_own_payoff","lower_own_payoff",1,0
"study2_182",8,"study2",1,"self","lower_own_payoff","lower_own_payoff",1,0
"study2_182",9,"study2",1,"self","lower_own_payoff","higher_own_payoff",1,0
"study2_182",10,"study2",1,"self","lower_own_payoff","lower_own_payoff",1,0
"study2_182",11,"study2",1,"self","lower_own_payoff","higher_own_payoff",1,0
"study2_182",12,"study2",1,"self","lower_own_payoff","lower_own_payoff",1,0
"study2_182",13,"study2",1,"self","lower_own_payoff","higher_own_payoff",1,0
"study2_182",14,"study2",1,"self","lower_own_payoff","lower_own_payoff",1,0
"study2_182",15,"study2",1,"self","lower_own_payoff","higher_own_payoff",1,0
"study2_182",16,"study2",1,"self","lower_own_payoff","lower_own_payoff",1,0
"study2_182",17,"study2",1,"self","lower_own_payoff","lower_own_payoff",1,0
"study2_182",18,"study2",1,"self","lower_own_payoff","higher_own_payoff",1,0
"study2_182",19,"study2",1,"self","lower_own_payoff","higher_own_payoff",1,0
"study2_182",20,"study2",1,"self","lower_own_payoff","higher_own_payoff",1,0
"study2_182",21,"study2",1,"self","lower_own_payoff","higher_own_payoff",1,0
"study2_182",22,"study2",1,"self","lower_own_payoff","higher_own_payoff",1,0
"study2_182",23,"study2",1,"self","lower_own_payoff","lower_own_payoff",1,0
"study2_182",24,"study2",1,"self","lower_own_payoff","lower_own_payoff",1,0
"study2_183",1,"study2",1,"self","higher_own_payoff","lower_own_payoff",1,0
"study2_183",2,"study2",1,"self","higher_own_payoff","lower_own_payoff",2,10
"study2_183",2,"study2",2,"self","lower_own_payoff","lower_own_payoff",2,10
"study2_183",3,"study2",1,"self","lower_own_payoff","lower_own_payoff",1,0
"study2_183",4,"study2",1,"self","lower_own_payoff","lower_own_payoff",1,0
"study2_183",5,"study2",1,"self","lower_own_payoff","higher_own_payoff",1,0
"study2_183",6,"study2",1,"self","lower_own_payoff","lower_own_payoff",2,10
"study2_183",6,"study2",2,"self","higher_own_payoff","lower_own_payoff",2,10
"study2_183",7,"study2",1,"self","lower_own_payoff","lower_own_payoff",2,10
"study2_183",7,"study2",2,"self","higher_own_payoff","lower_own_payoff",2,10
"study2_183",8,"study2",1,"self","lower_own_payoff","lower_own_payoff",4,30
"study2_183",8,"study2",2,"self","lower_own_payoff","lower_own_payoff",4,30
"study2_183",8,"study2",3,"self","higher_own_payoff","lower_own_payoff",4,30
"study2_183",8,"study2",4,"self","higher_own_payoff","lower_own_payoff",4,30
"study2_183",9,"study2",1,"self","lower_own_payoff","higher_own_payoff",1,0
"study2_183",10,"study2",1,"self","lower_own_payoff","higher_own_payoff",2,10
"study2_183",10,"study2",2,"self","lower_own_payoff","higher_own_payoff",2,10
"study2_183",11,"study2",1,"other","lower_own_payoff","higher_own_payoff",2,10
"study2_183",11,"study2",2,"self","higher_own_payoff","higher_own_payoff",2,10
"study2_183",12,"study2",1,"self","lower_own_payoff","higher_own_payoff",1,0
"study2_183",13,"study2",1,"self","lower_own_payoff","higher_own_payoff",2,10
"study2_183",13,"study2",2,"other","higher_own_payoff","higher_own_payoff",2,10
"study2_183",14,"study2",1,"self","lower_own_payoff","lower_own_payoff",1,0
"study2_183",15,"study2",1,"other","higher_own_payoff","higher_own_payoff",1,0
"study2_183",16,"study2",1,"self","higher_own_payoff","higher_own_payoff",1,0
"study2_183",17,"study2",1,"other","higher_own_payoff","lower_own_payoff",2,10
"study2_183",17,"study2",2,"other","higher_own_payoff","lower_own_payoff",2,10
"study2_183",18,"study2",1,"self","lower_own_payoff","lower_own_payoff",1,0
"study2_183",19,"study2",1,"self","higher_own_payoff","lower_own_payoff",4,30
"study2_183",19,"study2",2,"self","higher_own_payoff","lower_own_payoff",4,30
"study2_183",19,"study2",3,"self","lower_own_payoff","lower_own_payoff",4,30
"study2_183",19,"study2",4,"self","lower_own_payoff","lower_own_payoff",4,30
"study2_183",20,"study2",1,"other","lower_own_payoff","lower_own_payoff",1,0
"study2_183",21,"study2",1,"self","lower_own_payoff","higher_own_payoff",2,10
"study2_183",21,"study2",2,"self","higher_own_payoff","higher_own_payoff",2,10
"study2_183",22,"study2",1,"self","lower_own_payoff","higher_own_payoff",1,0
"study2_183",23,"study2",1,"self","higher_own_payoff","higher_own_payoff",1,0
"study2_183",24,"study2",1,"self","lower_own_payoff","lower_own_payoff",2,10
"study2_183",24,"study2",2,"self","lower_own_payoff","lower_own_payoff",2,10
"study2_184",1,"study2",1,"self","higher_own_payoff","lower_own_payoff",1,0
"study2_184",2,"study2",1,"self","higher_own_payoff","higher_own_payoff",2,10
"study2_184",2,"study2",2,"self","lower_own_payoff","higher_own_payoff",2,10
"study2_184",3,"study2",1,"self","higher_own_payoff","lower_own_payoff",1,0
"study2_184",4,"study2",1,"other","lower_own_payoff","lower_own_payoff",2,10
"study2_184",4,"study2",2,"self","higher_own_payoff","lower_own_payoff",2,10
"study2_184",5,"study2",1,"self","higher_own_payoff","lower_own_payoff",1,0
"study2_184",6,"study2",1,"self","higher_own_payoff","higher_own_payoff",1,0
"study2_184",7,"study2",1,"self","higher_own_payoff","higher_own_payoff",1,0
"study2_184",8,"study2",1,"self","higher_own_payoff","higher_own_payoff",1,0
"study2_184",9,"study2",1,"self","lower_own_payoff","lower_own_payoff",1,0
"study2_184",10,"study2",1,"self","lower_own_payoff","higher_own_payoff",1,0
"study2_184",11,"study2",1,"self","higher_own_payoff","higher_own_payoff",2,10
"study2_184",11,"study2",2,"self","lower_own_payoff","higher_own_payoff",2,10
"study2_184",12,"study2",1,"other","lower_own_payoff","higher_own_payoff",1,0
"study2_184",13,"study2",1,"self","higher_own_payoff","higher_own_payoff",1,0
"study2_184",14,"study2",1,"other","lower_own_payoff","higher_own_payoff",1,0
"study2_184",15,"study2",1,"self","higher_own_payoff","higher_own_payoff",2,10
"study2_184",15,"study2",2,"self","lower_own_payoff","higher_own_payoff",2,10
"study2_184",16,"study2",1,"self","higher_own_payoff","lower_own_payoff",1,0
"study2_184",17,"study2",1,"self","higher_own_payoff","higher_own_payoff",1,0
"study2_184",18,"study2",1,"self","higher_own_payoff","higher_own_payoff",1,0
"study2_184",19,"study2",1,"self","higher_own_payoff","lower_own_payoff",1,0
"study2_184",20,"study2",1,"other","lower_own_payoff","higher_own_payoff",1,0
"study2_184",21,"study2",1,"self","higher_own_payoff","lower_own_payoff",1,0
"study2_184",22,"study2",1,"self","higher_own_payoff","higher_own_payoff",1,0
"study2_184",23,"study2",1,"self","lower_own_payoff","higher_own_payoff",1,0
"study2_184",24,"study2",1,"self","higher_own_payoff","higher_own_payoff",1,0
"study2_185",1,"study2",1,"self","lower_own_payoff","lower_own_payoff",2,10
"study2_185",1,"study2",2,"self","higher_own_payoff","lower_own_payoff",2,10
"study2_185",2,"study2",1,"self","lower_own_payoff","higher_own_payoff",1,0
"study2_185",3,"study2",1,"self","lower_own_payoff","lower_own_payoff",2,10
"study2_185",3,"study2",2,"self","higher_own_payoff","lower_own_payoff",2,10
"study2_185",4,"study2",1,"self","lower_own_payoff","higher_own_payoff",1,0
"study2_185",5,"study2",1,"self","lower_own_payoff","higher_own_payoff",2,10
"study2_185",5,"study2",2,"self","higher_own_payoff","higher_own_payoff",2,10
"study2_185",6,"study2",1,"self","higher_own_payoff","higher_own_payoff",1,0
"study2_185",7,"study2",1,"self","higher_own_payoff","lower_own_payoff",2,10
"study2_185",7,"study2",2,"self","lower_own_payoff","lower_own_payoff",2,10
"study2_185",8,"study2",1,"self","lower_own_payoff","lower_own_payoff",2,10
"study2_185",8,"study2",2,"self","lower_own_payoff","lower_own_payoff",2,10
"study2_185",9,"study2",1,"self","lower_own_payoff","lower_own_payoff",1,0
"study2_185",10,"study2",1,"self","lower_own_payoff","higher_own_payoff",2,10
"study2_185",10,"study2",2,"self","lower_own_payoff","higher_own_payoff",2,10
"study2_185",11,"study2",1,"self","lower_own_payoff","lower_own_payoff",1,0
"study2_185",12,"study2",1,"self","higher_own_payoff","higher_own_payoff",1,0
"study2_185",13,"study2",1,"self","lower_own_payoff","higher_own_payoff",2,10
"study2_185",13,"study2",2,"self","higher_own_payoff","higher_own_payoff",2,10
"study2_185",14,"study2",1,"self","higher_own_payoff","higher_own_payoff",1,0
"study2_185",15,"study2",1,"self","lower_own_payoff","higher_own_payoff",2,10
"study2_185",15,"study2",2,"self","lower_own_payoff","higher_own_payoff",2,10
"study2_185",16,"study2",1,"self","higher_own_payoff","higher_own_payoff",1,0
"study2_185",17,"study2",1,"self","higher_own_payoff","higher_own_payoff",1,0
"study2_185",18,"study2",1,"self","higher_own_payoff","higher_own_payoff",1,0
"study2_185",19,"study2",1,"self","higher_own_payoff","higher_own_payoff",1,0
"study2_185",20,"study2",1,"self","higher_own_payoff","higher_own_payoff",1,0
"study2_185",21,"study2",1,"self","lower_own_payoff","higher_own_payoff",2,10
"study2_185",21,"study2",2,"self","lower_own_payoff","higher_own_payoff",2,10
"study2_185",22,"study2",1,"self","higher_own_payoff","higher_own_payoff",1,0
"study2_185",23,"study2",1,"self","higher_own_payoff","higher_own_payoff",1,0
"study2_185",24,"study2",1,"self","lower_own_payoff","lower_own_payoff",1,0
"study2_186",1,"study2",1,"self","higher_own_payoff","higher_own_payoff",1,0
"study2_186",2,"study2",1,"self","higher_own_payoff","higher_own_payoff",1,0
"study2_186",3,"study2",1,"self","higher_own_payoff","higher_own_payoff",1,0
"study2_186",4,"study2",1,"self","higher_own_payoff","higher_own_payoff",1,0
"study2_186",5,"study2",1,"self","higher_own_payoff","higher_own_payoff",1,0
"study2_186",6,"study2",1,"self","higher_own_payoff","higher_own_payoff",1,0
"study2_186",7,"study2",1,"self","higher_own_payoff","higher_own_payoff",1,0
"study2_186",8,"study2",1,"self","higher_own_payoff","higher_own_payoff",1,0
"study2_186",9,"study2",1,"self","higher_own_payoff","higher_own_payoff",1,0
"study2_186",10,"study2",1,"self","higher_own_payoff","higher_own_payoff",1,0
"study2_186",11,"study2",1,"self","higher_own_payoff","higher_own_payoff",1,0
"study2_186",12,"study2",1,"self","higher_own_payoff","higher_own_payoff",1,0
"study2_186",13,"study2",1,"self","higher_own_payoff","higher_own_payoff",1,0
"study2_186",14,"study2",1,"self","higher_own_payoff","higher_own_payoff",1,0
"study2_186",15,"study2",1,"self","lower_own_payoff","lower_own_payoff",2,10
"study2_186",15,"study2",2,"self","higher_own_payoff","lower_own_payoff",2,10
"study2_186",16,"study2",1,"self","higher_own_payoff","higher_own_payoff",1,0
"study2_186",17,"study2",1,"self","higher_own_payoff","higher_own_payoff",1,0
"study2_186",18,"study2",1,"self","higher_own_payoff","higher_own_payoff",1,0
"study2_186",19,"study2",1,"self","higher_own_payoff","higher_own_payoff",1,0
"study2_186",20,"study2",1,"self","higher_own_payoff","higher_own_payoff",1,0
"study2_186",21,"study2",1,"self","higher_own_payoff","higher_own_payoff",1,0
"study2_186",22,"study2",1,"self","higher_own_payoff","higher_own_payoff",1,0
"study2_186",23,"study2",1,"self","higher_own_payoff","higher_own_payoff",1,0
"study2_186",24,"study2",1,"self","higher_own_payoff","higher_own_payoff",1,0
"study2_187",1,"study2",1,"self","higher_own_payoff","lower_own_payoff",3,20
"study2_187",1,"study2",2,"self","higher_own_payoff","lower_own_payoff",3,20
"study2_187",1,"study2",3,"self","lower_own_payoff","lower_own_payoff",3,20
"study2_187",2,"study2",1,"self","higher_own_payoff","higher_own_payoff",2,10
"study2_187",2,"study2",2,"self","lower_own_payoff","higher_own_payoff",2,10
"study2_187",3,"study2",1,"other","lower_own_payoff","lower_own_payoff",2,10
"study2_187",3,"study2",2,"self","lower_own_payoff","lower_own_payoff",2,10
"study2_187",4,"study2",1,"self","lower_own_payoff","lower_own_payoff",3,20
"study2_187",4,"study2",2,"self","higher_own_payoff","lower_own_payoff",3,20
"study2_187",4,"study2",3,"self","higher_own_payoff","lower_own_payoff",3,20
"study2_187",5,"study2",1,"self","lower_own_payoff","higher_own_payoff",1,0
"study2_187",6,"study2",1,"self","higher_own_payoff","higher_own_payoff",1,0
"study2_187",7,"study2",1,"other","higher_own_payoff","higher_own_payoff",1,0
"study2_187",8,"study2",1,"self","higher_own_payoff","higher_own_payoff",2,10
"study2_187",8,"study2",2,"self","lower_own_payoff","higher_own_payoff",2,10
"study2_187",9,"study2",1,"self","higher_own_payoff","lower_own_payoff",2,10
"study2_187",9,"study2",2,"self","lower_own_payoff","lower_own_payoff",2,10
"study2_187",10,"study2",1,"self","higher_own_payoff","higher_own_payoff",2,10
"study2_187",10,"study2",2,"self","lower_own_payoff","higher_own_payoff",2,10
"study2_187",11,"study2",1,"self","higher_own_payoff","higher_own_payoff",1,0
"study2_187",12,"study2",1,"self","higher_own_payoff","lower_own_payoff",2,10
"study2_187",12,"study2",2,"self","lower_own_payoff","lower_own_payoff",2,10
"study2_187",13,"study2",1,"self","higher_own_payoff","higher_own_payoff",1,0
"study2_187",14,"study2",1,"self","lower_own_payoff","higher_own_payoff",3,20
"study2_187",14,"study2",2,"self","higher_own_payoff","higher_own_payoff",3,20
"study2_187",14,"study2",3,"other","higher_own_payoff","higher_own_payoff",3,20
"study2_187",15,"study2",1,"self","higher_own_payoff","higher_own_payoff",2,10
"study2_187",15,"study2",2,"other","higher_own_payoff","higher_own_payoff",2,10
"study2_187",16,"study2",1,"self","lower_own_payoff","lower_own_payoff",2,10
"study2_187",16,"study2",2,"other","lower_own_payoff","lower_own_payoff",2,10
"study2_187",17,"study2",1,"self","higher_own_payoff","higher_own_payoff",1,0
"study2_187",18,"study2",1,"self","lower_own_payoff","lower_own_payoff",1,0
"study2_187",19,"study2",1,"self","higher_own_payoff","higher_own_payoff",2,10
"study2_187",19,"study2",2,"self","higher_own_payoff","higher_own_payoff",2,10
"study2_187",20,"study2",1,"self","higher_own_payoff","higher_own_payoff",2,10
"study2_187",20,"study2",2,"self","lower_own_payoff","higher_own_payoff",2,10
"study2_187",21,"study2",1,"self","higher_own_payoff","higher_own_payoff",1,0
"study2_187",22,"study2",1,"self","higher_own_payoff","higher_own_payoff",1,0
"study2_187",23,"study2",1,"self","higher_own_payoff","higher_own_payoff",1,0
"study2_187",24,"study2",1,"other","lower_own_payoff","higher_own_payoff",3,20
"study2_187",24,"study2",2,"self","lower_own_payoff","higher_own_payoff",3,20
"study2_187",24,"study2",3,"self","lower_own_payoff","higher_own_payoff",3,20
"study2_188",1,"study2",1,"self","higher_own_payoff","higher_own_payoff",1,0
"study2_188",2,"study2",1,"self","higher_own_payoff","higher_own_payoff",2,10
"study2_188",2,"study2",2,"self","higher_own_payoff","higher_own_payoff",2,10
"study2_188",3,"study2",1,"other","lower_own_payoff","lower_own_payoff",1,0
"study2_188",4,"study2",1,"self","higher_own_payoff","higher_own_payoff",1,0
"study2_188",5,"study2",1,"other","lower_own_payoff","lower_own_payoff",1,0
"study2_188",6,"study2",1,"self","higher_own_payoff","higher_own_payoff",1,0
"study2_188",7,"study2",1,"self","higher_own_payoff","higher_own_payoff",1,0
"study2_188",8,"study2",1,"other","lower_own_payoff","higher_own_payoff",1,0
"study2_188",9,"study2",1,"self","higher_own_payoff","higher_own_payoff",1,0
"study2_188",10,"study2",1,"self","higher_own_payoff","higher_own_payoff",1,0
"study2_188",11,"study2",1,"self","higher_own_payoff","higher_own_payoff",1,0
"study2_188",12,"study2",1,"self","higher_own_payoff","higher_own_payoff",1,0
"study2_188",13,"study2",1,"self","higher_own_payoff","higher_own_payoff",1,0
"study2_188",14,"study2",1,"self","lower_own_payoff","lower_own_payoff",1,0
"study2_188",15,"study2",1,"other","lower_own_payoff","lower_own_payoff",1,0
"study2_188",16,"study2",1,"other","lower_own_payoff","lower_own_payoff",1,0
"study2_188",17,"study2",1,"self","higher_own_payoff","higher_own_payoff",1,0
"study2_188",18,"study2",1,"self","higher_own_payoff","higher_own_payoff",1,0
"study2_188",19,"study2",1,"self","higher_own_payoff","higher_own_payoff",1,0
"study2_188",20,"study2",1,"self","higher_own_payoff","higher_own_payoff",1,0
"study2_188",21,"study2",1,"self","higher_own_payoff","lower_own_payoff",1,0
"study2_188",22,"study2",1,"self","higher_own_payoff","higher_own_payoff",1,0
"study2_188",23,"study2",1,"self","lower_own_payoff","lower_own_payoff",1,0
"study2_188",24,"study2",1,"self","higher_own_payoff","higher_own_payoff",1,0
"study2_189",1,"study2",1,"self","higher_own_payoff","higher_own_payoff",4,30
"study2_189",1,"study2",2,"other","higher_own_payoff","higher_own_payoff",4,30
"study2_189",1,"study2",3,"self","higher_own_payoff","higher_own_payoff",4,30
"study2_189",1,"study2",4,"other","higher_own_payoff","higher_own_payoff",4,30
"study2_189",2,"study2",1,"self","higher_own_payoff","lower_own_payoff",6,50
"study2_189",2,"study2",2,"self","higher_own_payoff","lower_own_payoff",6,50
"study2_189",2,"study2",3,"other","higher_own_payoff","lower_own_payoff",6,50
"study2_189",2,"study2",4,"other","higher_own_payoff","lower_own_payoff",6,50
"study2_189",2,"study2",5,"self","lower_own_payoff","lower_own_payoff",6,50
"study2_189",2,"study2",6,"self","lower_own_payoff","lower_own_payoff",6,50
"study2_189",3,"study2",1,"self","higher_own_payoff","higher_own_payoff",3,20
"study2_189",3,"study2",2,"self","higher_own_payoff","higher_own_payoff",3,20
"study2_189",3,"study2",3,"self","lower_own_payoff","higher_own_payoff",3,20
"study2_189",4,"study2",1,"self","higher_own_payoff","higher_own_payoff",2,10
"study2_189",4,"study2",2,"self","higher_own_payoff","higher_own_payoff",2,10
"study2_189",5,"study2",1,"self","higher_own_payoff","higher_own_payoff",4,30
"study2_189",5,"study2",2,"self","higher_own_payoff","higher_own_payoff",4,30
"study2_189",5,"study2",3,"self","lower_own_payoff","higher_own_payoff",4,30
"study2_189",5,"study2",4,"self","lower_own_payoff","higher_own_payoff",4,30
"study2_189",6,"study2",1,"self","lower_own_payoff","higher_own_payoff",4,30
"study2_189",6,"study2",2,"self","lower_own_payoff","higher_own_payoff",4,30
"study2_189",6,"study2",3,"self","higher_own_payoff","higher_own_payoff",4,30
"study2_189",6,"study2",4,"self","higher_own_payoff","higher_own_payoff",4,30
"study2_189",7,"study2",1,"other","lower_own_payoff","lower_own_payoff",4,30
"study2_189",7,"study2",2,"other","lower_own_payoff","lower_own_payoff",4,30
"study2_189",7,"study2",3,"other","higher_own_payoff","lower_own_payoff",4,30
"study2_189",7,"study2",4,"other","higher_own_payoff","lower_own_payoff",4,30
"study2_189",8,"study2",1,"self","higher_own_payoff","higher_own_payoff",2,10
"study2_189",8,"study2",2,"self","higher_own_payoff","higher_own_payoff",2,10
"study2_189",9,"study2",1,"self","lower_own_payoff","lower_own_payoff",6,50
"study2_189",9,"study2",2,"other","higher_own_payoff","lower_own_payoff",6,50
"study2_189",9,"study2",3,"self","higher_own_payoff","lower_own_payoff",6,50
"study2_189",9,"study2",4,"other","higher_own_payoff","lower_own_payoff",6,50
"study2_189",9,"study2",5,"self","higher_own_payoff","lower_own_payoff",6,50
"study2_189",9,"study2",6,"self","lower_own_payoff","lower_own_payoff",6,50
"study2_189",10,"study2",1,"self","higher_own_payoff","lower_own_payoff",4,30
"study2_189",10,"study2",2,"self","higher_own_payoff","lower_own_payoff",4,30
"study2_189",10,"study2",3,"self","lower_own_payoff","lower_own_payoff",4,30
"study2_189",10,"study2",4,"self","lower_own_payoff","lower_own_payoff",4,30
"study2_189",11,"study2",1,"self","higher_own_payoff","higher_own_payoff",2,10
"study2_189",11,"study2",2,"self","higher_own_payoff","higher_own_payoff",2,10
"study2_189",12,"study2",1,"self","higher_own_payoff","higher_own_payoff",8,70
"study2_189",12,"study2",2,"self","higher_own_payoff","higher_own_payoff",8,70
"study2_189",12,"study2",3,"other","higher_own_payoff","higher_own_payoff",8,70
"study2_189",12,"study2",4,"other","higher_own_payoff","higher_own_payoff",8,70
"study2_189",12,"study2",5,"other","lower_own_payoff","higher_own_payoff",8,70
"study2_189",12,"study2",6,"self","lower_own_payoff","higher_own_payoff",8,70
"study2_189",12,"study2",7,"other","lower_own_payoff","higher_own_payoff",8,70
"study2_189",12,"study2",8,"self","lower_own_payoff","higher_own_payoff",8,70
"study2_189",13,"study2",1,"self","higher_own_payoff","higher_own_payoff",4,30
"study2_189",13,"study2",2,"self","higher_own_payoff","higher_own_payoff",4,30
"study2_189",13,"study2",3,"self","lower_own_payoff","higher_own_payoff",4,30
"study2_189",13,"study2",4,"self","lower_own_payoff","higher_own_payoff",4,30
"study2_189",14,"study2",1,"self","lower_own_payoff","lower_own_payoff",1,0
"study2_189",15,"study2",1,"other","higher_own_payoff","higher_own_payoff",1,0
"study2_189",16,"study2",1,"self","higher_own_payoff","higher_own_payoff",1,0
"study2_189",17,"study2",1,"self","higher_own_payoff","higher_own_payoff",1,0
"study2_189",18,"study2",1,"self","higher_own_payoff","higher_own_payoff",1,0
"study2_189",19,"study2",1,"self","higher_own_payoff","higher_own_payoff",1,0
"study2_189",20,"study2",1,"self","higher_own_payoff","lower_own_payoff",2,10
"study2_189",20,"study2",2,"self","lower_own_payoff","lower_own_payoff",2,10
"study2_189",21,"study2",1,"self","lower_own_payoff","higher_own_payoff",2,10
"study2_189",21,"study2",2,"self","higher_own_payoff","higher_own_payoff",2,10
"study2_189",22,"study2",1,"self","higher_own_payoff","higher_own_payoff",1,0
"study2_189",23,"study2",1,"self","higher_own_payoff","lower_own_payoff",2,10
"study2_189",23,"study2",2,"self","lower_own_payoff","lower_own_payoff",2,10
"study2_189",24,"study2",1,"self","higher_own_payoff","higher_own_payoff",2,10
"study2_189",24,"study2",2,"self","lower_own_payoff","higher_own_payoff",2,10
"study2_19",1,"study2",1,"self","higher_own_payoff","higher_own_payoff",1,0
"study2_19",2,"study2",1,"self","higher_own_payoff","higher_own_payoff",1,0
"study2_19",3,"study2",1,"self","higher_own_payoff","higher_own_payoff",1,0
"study2_19",4,"study2",1,"self","higher_own_payoff","higher_own_payoff",1,0
"study2_19",5,"study2",1,"self","higher_own_payoff","higher_own_payoff",1,0
"study2_19",6,"study2",1,"self","higher_own_payoff","higher_own_payoff",1,0
"study2_19",7,"study2",1,"self","higher_own_payoff","higher_own_payoff",1,0
"study2_19",8,"study2",1,"self","higher_own_payoff","higher_own_payoff",1,0
"study2_19",9,"study2",1,"self","higher_own_payoff","higher_own_payoff",1,0
"study2_19",10,"study2",1,"self","higher_own_payoff","higher_own_payoff",1,0
"study2_19",11,"study2",1,"self","lower_own_payoff","higher_own_payoff",1,0
"study2_19",12,"study2",1,"self","higher_own_payoff","higher_own_payoff",1,0
"study2_19",13,"study2",1,"self","higher_own_payoff","higher_own_payoff",1,0
"study2_19",14,"study2",1,"self","higher_own_payoff","higher_own_payoff",1,0
"study2_19",15,"study2",1,"self","higher_own_payoff","higher_own_payoff",1,0
"study2_19",16,"study2",1,"self","higher_own_payoff","higher_own_payoff",1,0
"study2_19",17,"study2",1,"self","higher_own_payoff","higher_own_payoff",1,0
"study2_19",18,"study2",1,"self","higher_own_payoff","higher_own_payoff",1,0
"study2_19",19,"study2",1,"self","higher_own_payoff","higher_own_payoff",1,0
"study2_19",20,"study2",1,"self","higher_own_payoff","higher_own_payoff",1,0
"study2_19",21,"study2",1,"self","higher_own_payoff","higher_own_payoff",1,0
"study2_19",22,"study2",1,"self","higher_own_payoff","higher_own_payoff",1,0
"study2_19",23,"study2",1,"self","higher_own_payoff","higher_own_payoff",1,0
"study2_19",24,"study2",1,"self","higher_own_payoff","higher_own_payoff",1,0
"study2_190",1,"study2",1,"self","lower_own_payoff","higher_own_payoff",1,0
"study2_190",2,"study2",1,"self","higher_own_payoff","lower_own_payoff",1,0
"study2_190",3,"study2",1,"self","higher_own_payoff","lower_own_payoff",1,0
"study2_190",4,"study2",1,"self","lower_own_payoff","lower_own_payoff",1,0
"study2_190",5,"study2",1,"self","lower_own_payoff","higher_own_payoff",1,0
"study2_190",6,"study2",1,"self","lower_own_payoff","lower_own_payoff",1,0
"study2_190",7,"study2",1,"self","lower_own_payoff","lower_own_payoff",1,0
"study2_190",8,"study2",1,"self","lower_own_payoff","higher_own_payoff",1,0
"study2_190",9,"study2",1,"self","higher_own_payoff","lower_own_payoff",1,0
"study2_190",10,"study2",1,"self","higher_own_payoff","higher_own_payoff",1,0
"study2_190",11,"study2",1,"self","lower_own_payoff","higher_own_payoff",1,0
"study2_190",12,"study2",1,"self","higher_own_payoff","higher_own_payoff",1,0
"study2_190",13,"study2",1,"self","higher_own_payoff","lower_own_payoff",1,0
"study2_190",14,"study2",1,"self","lower_own_payoff","lower_own_payoff",1,0
"study2_190",15,"study2",1,"self","lower_own_payoff","higher_own_payoff",1,0
"study2_190",16,"study2",1,"self","lower_own_payoff","higher_own_payoff",1,0
"study2_190",17,"study2",1,"self","lower_own_payoff","lower_own_payoff",1,0
"study2_190",18,"study2",1,"self","lower_own_payoff","lower_own_payoff",1,0
"study2_190",19,"study2",1,"self","lower_own_payoff","lower_own_payoff",1,0
"study2_190",20,"study2",1,"self","higher_own_payoff","higher_own_payoff",1,0
"study2_190",21,"study2",1,"self","higher_own_payoff","higher_own_payoff",1,0
"study2_190",22,"study2",1,"self","lower_own_payoff","higher_own_payoff",1,0
"study2_190",23,"study2",1,"self","lower_own_payoff","lower_own_payoff",1,0
"study2_190",24,"study2",1,"self","lower_own_payoff","lower_own_payoff",1,0
"study2_191",1,"study2",1,"self","higher_own_payoff","higher_own_payoff",2,10
"study2_191",1,"study2",2,"self","lower_own_payoff","higher_own_payoff",2,10
"study2_191",2,"study2",1,"self","higher_own_payoff","higher_own_payoff",2,10
"study2_191",2,"study2",2,"self","lower_own_payoff","higher_own_payoff",2,10
"study2_191",3,"study2",1,"self","higher_own_payoff","higher_own_payoff",1,0
"study2_191",4,"study2",1,"self","higher_own_payoff","higher_own_payoff",2,10
"study2_191",4,"study2",2,"self","lower_own_payoff","higher_own_payoff",2,10
"study2_191",5,"study2",1,"self","higher_own_payoff","higher_own_payoff",1,0
"study2_191",6,"study2",1,"self","higher_own_payoff","higher_own_payoff",1,0
"study2_191",7,"study2",1,"self","higher_own_payoff","higher_own_payoff",2,10
"study2_191",7,"study2",2,"self","lower_own_payoff","higher_own_payoff",2,10
"study2_191",8,"study2",1,"self","higher_own_payoff","higher_own_payoff",2,10
"study2_191",8,"study2",2,"self","lower_own_payoff","higher_own_payoff",2,10
"study2_191",9,"study2",1,"self","higher_own_payoff","higher_own_payoff",1,0
"study2_191",10,"study2",1,"self","higher_own_payoff","higher_own_payoff",1,0
"study2_191",11,"study2",1,"self","lower_own_payoff","lower_own_payoff",1,0
"study2_191",12,"study2",1,"self","higher_own_payoff","higher_own_payoff",1,0
"study2_191",13,"study2",1,"self","higher_own_payoff","higher_own_payoff",1,0
"study2_191",14,"study2",1,"self","higher_own_payoff","higher_own_payoff",3,20
"study2_191",14,"study2",2,"self","lower_own_payoff","higher_own_payoff",3,20
"study2_191",14,"study2",3,"self","lower_own_payoff","higher_own_payoff",3,20
"study2_191",15,"study2",1,"self","higher_own_payoff","higher_own_payoff",1,0
"study2_191",16,"study2",1,"self","higher_own_payoff","lower_own_payoff",2,10
"study2_191",16,"study2",2,"self","lower_own_payoff","lower_own_payoff",2,10
"study2_191",17,"study2",1,"self","higher_own_payoff","higher_own_payoff",1,0
"study2_191",18,"study2",1,"self","higher_own_payoff","lower_own_payoff",2,10
"study2_191",18,"study2",2,"self","lower_own_payoff","lower_own_payoff",2,10
"study2_191",19,"study2",1,"self","higher_own_payoff","lower_own_payoff",2,10
"study2_191",19,"study2",2,"self","lower_own_payoff","lower_own_payoff",2,10
"study2_191",20,"study2",1,"self","lower_own_payoff","lower_own_payoff",1,0
"study2_191",21,"study2",1,"self","higher_own_payoff","higher_own_payoff",1,0
"study2_191",22,"study2",1,"self","higher_own_payoff","higher_own_payoff",2,10
"study2_191",22,"study2",2,"self","lower_own_payoff","higher_own_payoff",2,10
"study2_191",23,"study2",1,"self","higher_own_payoff","higher_own_payoff",1,0
"study2_191",24,"study2",1,"self","higher_own_payoff","higher_own_payoff",1,0
"study2_192",1,"study2",1,"self","higher_own_payoff","higher_own_payoff",1,0
"study2_192",2,"study2",1,"other","higher_own_payoff","higher_own_payoff",1,0
"study2_192",3,"study2",1,"other","lower_own_payoff","lower_own_payoff",1,0
"study2_192",4,"study2",1,"self","lower_own_payoff","lower_own_payoff",1,0
"study2_192",5,"study2",1,"self","higher_own_payoff","higher_own_payoff",1,0
"study2_192",6,"study2",1,"other","lower_own_payoff","higher_own_payoff",4,30
"study2_192",6,"study2",2,"other","higher_own_payoff","higher_own_payoff",4,30
"study2_192",6,"study2",3,"self","higher_own_payoff","higher_own_payoff",4,30
"study2_192",6,"study2",4,"other","higher_own_payoff","higher_own_payoff",4,30
"study2_192",7,"study2",1,"self","lower_own_payoff","lower_own_payoff",1,0
"study2_192",8,"study2",1,"self","lower_own_payoff","lower_own_payoff",2,10
"study2_192",8,"study2",2,"other","lower_own_payoff","lower_own_payoff",2,10
"study2_192",9,"study2",1,"other","lower_own_payoff","higher_own_payoff",1,0
"study2_192",10,"study2",1,"self","lower_own_payoff","lower_own_payoff",1,0
"study2_192",11,"study2",1,"other","higher_own_payoff","higher_own_payoff",1,0
"study2_192",12,"study2",1,"other","higher_own_payoff","higher_own_payoff",1,0
"study2_192",13,"study2",1,"other","lower_own_payoff","lower_own_payoff",1,0
"study2_192",14,"study2",1,"self","lower_own_payoff","higher_own_payoff",1,0
"study2_192",15,"study2",1,"self","lower_own_payoff","higher_own_payoff",1,0
"study2_192",16,"study2",1,"other","higher_own_payoff","higher_own_payoff",1,0
"study2_192",17,"study2",1,"other","higher_own_payoff","lower_own_payoff",1,0
"study2_192",18,"study2",1,"other","lower_own_payoff","higher_own_payoff",1,0
"study2_192",19,"study2",1,"self","lower_own_payoff","lower_own_payoff",1,0
"study2_192",20,"study2",1,"self","higher_own_payoff","higher_own_payoff",1,0
"study2_192",21,"study2",1,"self","lower_own_payoff","lower_own_payoff",1,0
"study2_192",22,"study2",1,"other","higher_own_payoff","lower_own_payoff",1,0
"study2_192",23,"study2",1,"other","higher_own_payoff","higher_own_payoff",1,0
"study2_192",24,"study2",1,"other","higher_own_payoff","lower_own_payoff",1,0
"study2_193",1,"study2",1,"self","higher_own_payoff","lower_own_payoff",1,0
"study2_193",2,"study2",1,"self","higher_own_payoff","lower_own_payoff",3,20
"study2_193",2,"study2",2,"other","higher_own_payoff","lower_own_payoff",3,20
"study2_193",2,"study2",3,"other","lower_own_payoff","lower_own_payoff",3,20
"study2_193",3,"study2",1,"self","lower_own_payoff","lower_own_payoff",2,10
"study2_193",3,"study2",2,"self","higher_own_payoff","lower_own_payoff",2,10
"study2_193",4,"study2",1,"self","lower_own_payoff","lower_own_payoff",2,10
"study2_193",4,"study2",2,"other","lower_own_payoff","lower_own_payoff",2,10
"study2_193",5,"study2",1,"self","lower_own_payoff","higher_own_payoff",2,10
"study2_193",5,"study2",2,"self","higher_own_payoff","higher_own_payoff",2,10
"study2_193",6,"study2",1,"self","lower_own_payoff","higher_own_payoff",2,10
"study2_193",6,"study2",2,"self","higher_own_payoff","higher_own_payoff",2,10
"study2_193",7,"study2",1,"self","lower_own_payoff","higher_own_payoff",2,10
"study2_193",7,"study2",2,"self","higher_own_payoff","higher_own_payoff",2,10
"study2_193",8,"study2",1,"self","higher_own_payoff","higher_own_payoff",2,10
"study2_193",8,"study2",2,"self","lower_own_payoff","higher_own_payoff",2,10
"study2_193",9,"study2",1,"self","lower_own_payoff","higher_own_payoff",3,20
"study2_193",9,"study2",2,"other","lower_own_payoff","higher_own_payoff",3,20
"study2_193",9,"study2",3,"self","lower_own_payoff","higher_own_payoff",3,20
"study2_193",10,"study2",1,"self","higher_own_payoff","higher_own_payoff",1,0
"study2_193",11,"study2",1,"self","lower_own_payoff","lower_own_payoff",1,0
"study2_193",12,"study2",1,"self","higher_own_payoff","lower_own_payoff",3,20
"study2_193",12,"study2",2,"other","higher_own_payoff","lower_own_payoff",3,20
"study2_193",12,"study2",3,"self","lower_own_payoff","lower_own_payoff",3,20
"study2_193",13,"study2",1,"self","higher_own_payoff","higher_own_payoff",1,0
"study2_193",14,"study2",1,"self","lower_own_payoff","lower_own_payoff",2,10
"study2_193",14,"study2",2,"other","lower_own_payoff","lower_own_payoff",2,10
"study2_193",15,"study2",1,"self","higher_own_payoff","higher_own_payoff",2,10
"study2_193",15,"study2",2,"other","higher_own_payoff","higher_own_payoff",2,10
"study2_193",16,"study2",1,"self","lower_own_payoff","lower_own_payoff",4,30
"study2_193",16,"study2",2,"self","higher_own_payoff","lower_own_payoff",4,30
"study2_193",16,"study2",3,"self","lower_own_payoff","lower_own_payoff",4,30
"study2_193",16,"study2",4,"self","higher_own_payoff","lower_own_payoff",4,30
"study2_193",17,"study2",1,"self","lower_own_payoff","higher_own_payoff",2,10
"study2_193",17,"study2",2,"self","higher_own_payoff","higher_own_payoff",2,10
"study2_193",18,"study2",1,"self","lower_own_payoff","lower_own_payoff",2,10
"study2_193",18,"study2",2,"self","higher_own_payoff","lower_own_payoff",2,10
"study2_193",19,"study2",1,"self","lower_own_payoff","higher_own_payoff",6,50
"study2_193",19,"study2",2,"self","higher_own_payoff","higher_own_payoff",6,50
"study2_193",19,"study2",3,"other","lower_own_payoff","higher_own_payoff",6,50
"study2_193",19,"study2",4,"other","lower_own_payoff","higher_own_payoff",6,50
"study2_193",19,"study2",5,"other","higher_own_payoff","higher_own_payoff",6,50
"study2_193",19,"study2",6,"other","higher_own_payoff","higher_own_payoff",6,50
"study2_193",20,"study2",1,"self","higher_own_payoff","lower_own_payoff",4,30
"study2_193",20,"study2",2,"self","lower_own_payoff","lower_own_payoff",4,30
"study2_193",20,"study2",3,"self","higher_own_payoff","lower_own_payoff",4,30
"study2_193",20,"study2",4,"self","lower_own_payoff","lower_own_payoff",4,30
"study2_193",21,"study2",1,"other","lower_own_payoff","higher_own_payoff",3,20
"study2_193",21,"study2",2,"self","lower_own_payoff","higher_own_payoff",3,20
"study2_193",21,"study2",3,"self","higher_own_payoff","higher_own_payoff",3,20
"study2_193",22,"study2",1,"self","higher_own_payoff","higher_own_payoff",1,0
"study2_193",23,"study2",1,"self","higher_own_payoff","higher_own_payoff",2,10
"study2_193",23,"study2",2,"other","higher_own_payoff","higher_own_payoff",2,10
"study2_193",24,"study2",1,"self","lower_own_payoff","higher_own_payoff",4,30
"study2_193",24,"study2",2,"other","lower_own_payoff","higher_own_payoff",4,30
"study2_193",24,"study2",3,"other","lower_own_payoff","higher_own_payoff",4,30
"study2_193",24,"study2",4,"self","higher_own_payoff","higher_own_payoff",4,30
"study2_194",1,"study2",1,"self","lower_own_payoff","higher_own_payoff",2,10
"study2_194",1,"study2",2,"self","higher_own_payoff","higher_own_payoff",2,10
"study2_194",2,"study2",1,"self","lower_own_payoff","lower_own_payoff",2,10
"study2_194",2,"study2",2,"self","higher_own_payoff","lower_own_payoff",2,10
"study2_194",3,"study2",1,"self","lower_own_payoff","higher_own_payoff",8,70
"study2_194",3,"study2",2,"self","lower_own_payoff","higher_own_payoff",8,70
"study2_194",3,"study2",3,"self","higher_own_payoff","higher_own_payoff",8,70
"study2_194",3,"study2",4,"self","higher_own_payoff","higher_own_payoff",8,70
"study2_194",3,"study2",5,"other","higher_own_payoff","higher_own_payoff",8,70
"study2_194",3,"study2",6,"other","higher_own_payoff","higher_own_payoff",8,70
"study2_194",3,"study2",7,"other","lower_own_payoff","higher_own_payoff",8,70
"study2_194",3,"study2",8,"other","lower_own_payoff","higher_own_payoff",8,70
"study2_194",4,"study2",1,"self","lower_own_payoff","lower_own_payoff",2,10
"study2_194",4,"study2",2,"self","higher_own_payoff","lower_own_payoff",2,10
"study2_194",5,"study2",1,"self","higher_own_payoff","higher_own_payoff",2,10
"study2_194",5,"study2",2,"self","lower_own_payoff","higher_own_payoff",2,10
"study2_194",6,"study2",1,"self","lower_own_payoff","lower_own_payoff",1,0
"study2_194",7,"study2",1,"self","lower_own_payoff","lower_own_payoff",2,10
"study2_194",7,"study2",2,"self","higher_own_payoff","lower_own_payoff",2,10
"study2_194",8,"study2",1,"self","higher_own_payoff","higher_own_payoff",1,0
"study2_194",9,"study2",1,"self","higher_own_payoff","higher_own_payoff",1,0
"study2_194",10,"study2",1,"self","higher_own_payoff","higher_own_payoff",1,0
"study2_194",11,"study2",1,"self","lower_own_payoff","lower_own_payoff",1,0
"study2_194",12,"study2",1,"self","lower_own_payoff","lower_own_payoff",2,10
"study2_194",12,"study2",2,"self","higher_own_payoff","lower_own_payoff",2,10
"study2_194",13,"study2",1,"self","higher_own_payoff","higher_own_payoff",1,0
"study2_194",14,"study2",1,"self","higher_own_payoff","higher_own_payoff",1,0
"study2_194",15,"study2",1,"self","higher_own_payoff","higher_own_payoff",1,0
"study2_194",16,"study2",1,"self","higher_own_payoff","higher_own_payoff",1,0
"study2_194",17,"study2",1,"self","lower_own_payoff","lower_own_payoff",1,0
"study2_194",18,"study2",1,"self","higher_own_payoff","higher_own_payoff",1,0
"study2_194",19,"study2",1,"self","higher_own_payoff","higher_own_payoff",1,0
"study2_194",20,"study2",1,"self","higher_own_payoff","higher_own_payoff",1,0
"study2_194",21,"study2",1,"self","lower_own_payoff","lower_own_payoff",1,0
"study2_194",22,"study2",1,"self","lower_own_payoff","higher_own_payoff",1,0
"study2_194",23,"study2",1,"self","higher_own_payoff","higher_own_payoff",1,0
"study2_194",24,"study2",1,"self","higher_own_payoff","higher_own_payoff",1,0
"study2_195",1,"study2",1,"self","higher_own_payoff","higher_own_payoff",2,10
"study2_195",1,"study2",2,"self","lower_own_payoff","higher_own_payoff",2,10
"study2_195",2,"study2",1,"self","higher_own_payoff","higher_own_payoff",2,10
"study2_195",2,"study2",2,"self","higher_own_payoff","higher_own_payoff",2,10
"study2_195",3,"study2",1,"self","higher_own_payoff","higher_own_payoff",1,0
"study2_195",4,"study2",1,"self","higher_own_payoff","higher_own_payoff",1,0
"study2_195",5,"study2",1,"self","higher_own_payoff","higher_own_payoff",1,0
"study2_195",6,"study2",1,"self","higher_own_payoff","lower_own_payoff",2,10
"study2_195",6,"study2",2,"self","lower_own_payoff","lower_own_payoff",2,10
"study2_195",7,"study2",1,"self","higher_own_payoff","higher_own_payoff",1,0
"study2_195",8,"study2",1,"self","higher_own_payoff","higher_own_payoff",1,0
"study2_195",9,"study2",1,"self","higher_own_payoff","lower_own_payoff",2,10
"study2_195",9,"study2",2,"self","lower_own_payoff","lower_own_payoff",2,10
"study2_195",10,"study2",1,"self","higher_own_payoff","higher_own_payoff",1,0
"study2_195",11,"study2",1,"self","higher_own_payoff","higher_own_payoff",1,0
"study2_195",12,"study2",1,"self","higher_own_payoff","higher_own_payoff",1,0
"study2_195",13,"study2",1,"self","higher_own_payoff","higher_own_payoff",2,10
"study2_195",13,"study2",2,"self","lower_own_payoff","higher_own_payoff",2,10
"study2_195",14,"study2",1,"self","higher_own_payoff","higher_own_payoff",2,10
"study2_195",14,"study2",2,"self","lower_own_payoff","higher_own_payoff",2,10
"study2_195",15,"study2",1,"self","higher_own_payoff","higher_own_payoff",1,0
"study2_195",16,"study2",1,"self","higher_own_payoff","higher_own_payoff",1,0
"study2_195",17,"study2",1,"self","higher_own_payoff","higher_own_payoff",1,0
"study2_195",18,"study2",1,"self","higher_own_payoff","lower_own_payoff",2,10
"study2_195",18,"study2",2,"self","lower_own_payoff","lower_own_payoff",2,10
"study2_195",19,"study2",1,"self","higher_own_payoff","higher_own_payoff",1,0
"study2_195",20,"study2",1,"self","higher_own_payoff","higher_own_payoff",1,0
"study2_195",21,"study2",1,"self","higher_own_payoff","lower_own_payoff",2,10
"study2_195",21,"study2",2,"self","lower_own_payoff","lower_own_payoff",2,10
"study2_195",22,"study2",1,"self","higher_own_payoff","higher_own_payoff",1,0
"study2_195",23,"study2",1,"self","higher_own_payoff","lower_own_payoff",2,10
"study2_195",23,"study2",2,"self","lower_own_payoff","lower_own_payoff",2,10
"study2_195",24,"study2",1,"self","higher_own_payoff","higher_own_payoff",1,0
"study2_196",1,"study2",1,"self","higher_own_payoff","lower_own_payoff",2,10
"study2_196",1,"study2",2,"self","lower_own_payoff","lower_own_payoff",2,10
"study2_196",2,"study2",1,"self","higher_own_payoff","higher_own_payoff",1,0
"study2_196",3,"study2",1,"self","higher_own_payoff","higher_own_payoff",1,0
"study2_196",4,"study2",1,"self","lower_own_payoff","higher_own_payoff",2,10
"study2_196",4,"study2",2,"self","higher_own_payoff","higher_own_payoff",2,10
"study2_196",5,"study2",1,"self","higher_own_payoff","higher_own_payoff",2,10
"study2_196",5,"study2",2,"self","lower_own_payoff","higher_own_payoff",2,10
"study2_196",6,"study2",1,"self","higher_own_payoff","lower_own_payoff",1,0
"study2_196",7,"study2",1,"self","higher_own_payoff","higher_own_payoff",2,10
"study2_196",7,"study2",2,"self","lower_own_payoff","higher_own_payoff",2,10
"study2_196",8,"study2",1,"self","higher_own_payoff","higher_own_payoff",1,0
"study2_196",9,"study2",1,"self","higher_own_payoff","higher_own_payoff",2,10
"study2_196",9,"study2",2,"self","lower_own_payoff","higher_own_payoff",2,10
"study2_196",10,"study2",1,"self","higher_own_payoff","higher_own_payoff",1,0
"study2_196",11,"study2",1,"self","higher_own_payoff","higher_own_payoff",1,0
"study2_196",12,"study2",1,"self","higher_own_payoff","lower_own_payoff",2,10
"study2_196",12,"study2",2,"self","lower_own_payoff","lower_own_payoff",2,10
"study2_196",13,"study2",1,"self","higher_own_payoff","higher_own_payoff",1,0
"study2_196",14,"study2",1,"self","higher_own_payoff","higher_own_payoff",1,0
"study2_196",15,"study2",1,"self","higher_own_payoff","higher_own_payoff",1,0
"study2_196",16,"study2",1,"self","higher_own_payoff","lower_own_payoff",2,10
"study2_196",16,"study2",2,"self","lower_own_payoff","lower_own_payoff",2,10
"study2_196",17,"study2",1,"self","higher_own_payoff","higher_own_payoff",1,0
"study2_196",18,"study2",1,"self","higher_own_payoff","lower_own_payoff",2,10
"study2_196",18,"study2",2,"self","lower_own_payoff","lower_own_payoff",2,10
"study2_196",19,"study2",1,"self","higher_own_payoff","higher_own_payoff",1,0
"study2_196",20,"study2",1,"self","higher_own_payoff","higher_own_payoff",1,0
"study2_196",21,"study2",1,"self","higher_own_payoff","higher_own_payoff",1,0
"study2_196",22,"study2",1,"self","higher_own_payoff","higher_own_payoff",1,0
"study2_196",23,"study2",1,"self","higher_own_payoff","lower_own_payoff",2,10
"study2_196",23,"study2",2,"self","lower_own_payoff","lower_own_payoff",2,10
"study2_196",24,"study2",1,"self","lower_own_payoff","higher_own_payoff",2,10
"study2_196",24,"study2",2,"self","higher_own_payoff","higher_own_payoff",2,10
"study2_197",1,"study2",1,"self","higher_own_payoff","lower_own_payoff",1,0
"study2_197",2,"study2",1,"self","lower_own_payoff","higher_own_payoff",1,0
"study2_197",3,"study2",1,"self","lower_own_payoff","higher_own_payoff",1,0
"study2_197",4,"study2",1,"self","lower_own_payoff","higher_own_payoff",1,0
"study2_197",5,"study2",1,"self","higher_own_payoff","higher_own_payoff",1,0
"study2_197",6,"study2",1,"self","higher_own_payoff","higher_own_payoff",2,10
"study2_197",6,"study2",2,"self","lower_own_payoff","higher_own_payoff",2,10
"study2_197",7,"study2",1,"self","higher_own_payoff","higher_own_payoff",1,0
"study2_197",8,"study2",1,"self","lower_own_payoff","higher_own_payoff",2,10
"study2_197",8,"study2",2,"self","higher_own_payoff","higher_own_payoff",2,10
"study2_197",9,"study2",1,"self","lower_own_payoff","lower_own_payoff",1,0
"study2_197",10,"study2",1,"self","higher_own_payoff","lower_own_payoff",1,0
"study2_197",11,"study2",1,"self","lower_own_payoff","lower_own_payoff",1,0
"study2_197",12,"study2",1,"self","lower_own_payoff","lower_own_payoff",2,10
"study2_197",12,"study2",2,"self","lower_own_payoff","lower_own_payoff",2,10
"study2_197",13,"study2",1,"self","lower_own_payoff","higher_own_payoff",1,0
"study2_197",14,"study2",1,"other","higher_own_payoff","higher_own_payoff",1,0
"study2_197",15,"study2",1,"self","higher_own_payoff","higher_own_payoff",1,0
"study2_197",16,"study2",1,"other","higher_own_payoff","higher_own_payoff",1,0
"study2_197",17,"study2",1,"self","higher_own_payoff","higher_own_payoff",1,0
"study2_197",18,"study2",1,"self","lower_own_payoff","lower_own_payoff",1,0
"study2_197",19,"study2",1,"self","lower_own_payoff","higher_own_payoff",1,0
"study2_197",20,"study2",1,"self","higher_own_payoff","higher_own_payoff",1,0
"study2_197",21,"study2",1,"self","lower_own_payoff","higher_own_payoff",1,0
"study2_197",22,"study2",1,"self","lower_own_payoff","lower_own_payoff",2,10
"study2_197",22,"study2",2,"self","lower_own_payoff","lower_own_payoff",2,10
"study2_197",23,"study2",1,"self","higher_own_payoff","higher_own_payoff",1,0
"study2_197",24,"study2",1,"self","lower_own_payoff","lower_own_payoff",1,0
"study2_198",1,"study2",1,"self","higher_own_payoff","lower_own_payoff",2,10
"study2_198",1,"study2",2,"self","lower_own_payoff","lower_own_payoff",2,10
"study2_198",2,"study2",1,"self","higher_own_payoff","higher_own_payoff",1,0
"study2_198",3,"study2",1,"self","higher_own_payoff","higher_own_payoff",1,0
"study2_198",4,"study2",1,"self","higher_own_payoff","lower_own_payoff",2,10
"study2_198",4,"study2",2,"self","lower_own_payoff","lower_own_payoff",2,10
"study2_198",5,"study2",1,"self","higher_own_payoff","higher_own_payoff",1,0
"study2_198",6,"study2",1,"self","lower_own_payoff","higher_own_payoff",1,0
"study2_198",7,"study2",1,"self","lower_own_payoff","higher_own_payoff",1,0
"study2_198",8,"study2",1,"self","higher_own_payoff","higher_own_payoff",1,0
"study2_198",9,"study2",1,"self","lower_own_payoff","lower_own_payoff",1,0
"study2_198",10,"study2",1,"self","higher_own_payoff","higher_own_payoff",1,0
"study2_198",11,"study2",1,"self","higher_own_payoff","higher_own_payoff",1,0
"study2_198",12,"study2",1,"self","lower_own_payoff","lower_own_payoff",1,0
"study2_198",13,"study2",1,"self","higher_own_payoff","higher_own_payoff",1,0
"study2_198",14,"study2",1,"self","lower_own_payoff","lower_own_payoff",1,0
"study2_198",15,"study2",1,"self","lower_own_payoff","lower_own_payoff",1,0
"study2_198",16,"study2",1,"self","higher_own_payoff","higher_own_payoff",1,0
"study2_198",17,"study2",1,"self","lower_own_payoff","lower_own_payoff",1,0
"study2_198",18,"study2",1,"self","higher_own_payoff","higher_own_payoff",1,0
"study2_198",19,"study2",1,"self","higher_own_payoff","lower_own_payoff",2,10
"study2_198",19,"study2",2,"self","lower_own_payoff","lower_own_payoff",2,10
"study2_198",20,"study2",1,"self","lower_own_payoff","higher_own_payoff",1,0
"study2_198",21,"study2",1,"self","lower_own_payoff","higher_own_payoff",1,0
"study2_198",22,"study2",1,"self","lower_own_payoff","higher_own_payoff",1,0
"study2_198",23,"study2",1,"self","higher_own_payoff","higher_own_payoff",1,0
"study2_198",24,"study2",1,"self","higher_own_payoff","higher_own_payoff",1,0
"study2_199",1,"study2",1,"self","higher_own_payoff","higher_own_payoff",2,10
"study2_199",1,"study2",2,"self","higher_own_payoff","higher_own_payoff",2,10
"study2_199",2,"study2",1,"self","higher_own_payoff","higher_own_payoff",2,10
"study2_199",2,"study2",2,"self","higher_own_payoff","higher_own_payoff",2,10
"study2_199",3,"study2",1,"self","higher_own_payoff","lower_own_payoff",2,10
"study2_199",3,"study2",2,"self","higher_own_payoff","lower_own_payoff",2,10
"study2_199",4,"study2",1,"self","higher_own_payoff","higher_own_payoff",1,0
"study2_199",5,"study2",1,"self","higher_own_payoff","higher_own_payoff",1,0
"study2_199",6,"study2",1,"self","higher_own_payoff","lower_own_payoff",1,0
"study2_199",7,"study2",1,"self","higher_own_payoff","higher_own_payoff",1,0
"study2_199",8,"study2",1,"self","lower_own_payoff","lower_own_payoff",1,0
"study2_199",9,"study2",1,"self","lower_own_payoff","lower_own_payoff",1,0
"study2_199",10,"study2",1,"self","higher_own_payoff","lower_own_payoff",1,0
"study2_199",11,"study2",1,"self","lower_own_payoff","higher_own_payoff",1,0
"study2_199",12,"study2",1,"self","lower_own_payoff","higher_own_payoff",1,0
"study2_199",13,"study2",1,"self","lower_own_payoff","higher_own_payoff",1,0
"study2_199",14,"study2",1,"self","higher_own_payoff","higher_own_payoff",1,0
"study2_199",15,"study2",1,"self","lower_own_payoff","higher_own_payoff",1,0
"study2_199",16,"study2",1,"self","lower_own_payoff","lower_own_payoff",1,0
"study2_199",17,"study2",1,"self","higher_own_payoff","higher_own_payoff",1,0
"study2_199",18,"study2",1,"self","lower_own_payoff","higher_own_payoff",1,0
"study2_199",19,"study2",1,"self","lower_own_payoff","higher_own_payoff",1,0
"study2_199",20,"study2",1,"self","lower_own_payoff","higher_own_payoff",1,0
"study2_199",21,"study2",1,"self","lower_own_payoff","higher_own_payoff",1,0
"study2_199",22,"study2",1,"self","lower_own_payoff","higher_own_payoff",1,0
"study2_199",23,"study2",1,"self","lower_own_payoff","higher_own_payoff",1,0
"study2_199",24,"study2",1,"self","lower_own_payoff","higher_own_payoff",1,0
"study2_2",1,"study2",1,"self","higher_own_payoff","higher_own_payoff",1,0
"study2_2",2,"study2",1,"self","lower_own_payoff","lower_own_payoff",1,0
"study2_2",3,"study2",1,"self","lower_own_payoff","higher_own_payoff",1,0
"study2_2",4,"study2",1,"self","lower_own_payoff","higher_own_payoff",1,0
"study2_2",5,"study2",1,"self","lower_own_payoff","lower_own_payoff",1,0
"study2_2",6,"study2",1,"self","lower_own_payoff","lower_own_payoff",1,0
"study2_2",7,"study2",1,"self","lower_own_payoff","higher_own_payoff",1,0
"study2_2",8,"study2",1,"self","higher_own_payoff","lower_own_payoff",1,0
"study2_2",9,"study2",1,"self","lower_own_payoff","lower_own_payoff",1,0
"study2_2",10,"study2",1,"self","lower_own_payoff","higher_own_payoff",1,0
"study2_2",11,"study2",1,"self","higher_own_payoff","higher_own_payoff",1,0
"study2_2",12,"study2",1,"self","lower_own_payoff","lower_own_payoff",1,0
"study2_2",13,"study2",1,"self","lower_own_payoff","higher_own_payoff",1,0
"study2_2",14,"study2",1,"self","higher_own_payoff","lower_own_payoff",1,0
"study2_2",15,"study2",1,"self","higher_own_payoff","lower_own_payoff",1,0
"study2_2",16,"study2",1,"self","higher_own_payoff","higher_own_payoff",1,0
"study2_2",17,"study2",1,"self","lower_own_payoff","lower_own_payoff",1,0
"study2_2",18,"study2",1,"self","lower_own_payoff","higher_own_payoff",1,0
"study2_2",19,"study2",1,"self","higher_own_payoff","lower_own_payoff",1,0
"study2_2",20,"study2",1,"self","higher_own_payoff","higher_own_payoff",1,0
"study2_2",21,"study2",1,"self","lower_own_payoff","higher_own_payoff",1,0
"study2_2",22,"study2",1,"self","higher_own_payoff","higher_own_payoff",1,0
"study2_2",23,"study2",1,"self","higher_own_payoff","higher_own_payoff",1,0
"study2_2",24,"study2",1,"self","higher_own_payoff","higher_own_payoff",1,0
"study2_20",1,"study2",1,"self","higher_own_payoff","higher_own_payoff",1,0
"study2_20",2,"study2",1,"self","lower_own_payoff","lower_own_payoff",2,10
"study2_20",2,"study2",2,"self","lower_own_payoff","lower_own_payoff",2,10
"study2_20",3,"study2",1,"self","higher_own_payoff","higher_own_payoff",1,0
"study2_20",4,"study2",1,"self","higher_own_payoff","higher_own_payoff",2,10
"study2_20",4,"study2",2,"self","lower_own_payoff","higher_own_payoff",2,10
"study2_20",5,"study2",1,"self","higher_own_payoff","lower_own_payoff",2,10
"study2_20",5,"study2",2,"self","lower_own_payoff","lower_own_payoff",2,10
"study2_20",6,"study2",1,"self","higher_own_payoff","higher_own_payoff",1,0
"study2_20",7,"study2",1,"self","higher_own_payoff","higher_own_payoff",1,0
"study2_20",8,"study2",1,"self","higher_own_payoff","higher_own_payoff",1,0
"study2_20",9,"study2",1,"self","lower_own_payoff","lower_own_payoff",1,0
"study2_20",10,"study2",1,"self","higher_own_payoff","higher_own_payoff",1,0
"study2_20",11,"study2",1,"self","higher_own_payoff","higher_own_payoff",1,0
"study2_20",12,"study2",1,"self","higher_own_payoff","higher_own_payoff",1,0
"study2_20",13,"study2",1,"self","higher_own_payoff","higher_own_payoff",1,0
"study2_20",14,"study2",1,"self","lower_own_payoff","lower_own_payoff",2,10
"study2_20",14,"study2",2,"self","higher_own_payoff","lower_own_payoff",2,10
"study2_20",15,"study2",1,"self","lower_own_payoff","higher_own_payoff",2,10
"study2_20",15,"study2",2,"self","higher_own_payoff","higher_own_payoff",2,10
"study2_20",16,"study2",1,"self","higher_own_payoff","lower_own_payoff",2,10
"study2_20",16,"study2",2,"self","lower_own_payoff","lower_own_payoff",2,10
"study2_20",17,"study2",1,"self","lower_own_payoff","lower_own_payoff",1,0
"study2_20",18,"study2",1,"self","higher_own_payoff","higher_own_payoff",1,0
"study2_20",19,"study2",1,"self","higher_own_payoff","higher_own_payoff",1,0
"study2_20",20,"study2",1,"self","higher_own_payoff","higher_own_payoff",1,0
"study2_20",21,"study2",1,"self","higher_own_payoff","higher_own_payoff",1,0
"study2_20",22,"study2",1,"self","higher_own_payoff","higher_own_payoff",1,0
"study2_20",23,"study2",1,"self","higher_own_payoff","higher_own_payoff",1,0
"study2_20",24,"study2",1,"self","higher_own_payoff","higher_own_payoff",1,0
"study2_201",1,"study2",1,"self","higher_own_payoff","higher_own_payoff",2,10
"study2_201",1,"study2",2,"self","lower_own_payoff","higher_own_payoff",2,10
"study2_201",2,"study2",1,"self","higher_own_payoff","higher_own_payoff",1,0
"study2_201",3,"study2",1,"other","lower_own_payoff","higher_own_payoff",2,10
"study2_201",3,"study2",2,"self","lower_own_payoff","higher_own_payoff",2,10
"study2_201",4,"study2",1,"other","higher_own_payoff","higher_own_payoff",2,10
"study2_201",4,"study2",2,"other","lower_own_payoff","higher_own_payoff",2,10
"study2_201",5,"study2",1,"self","lower_own_payoff","lower_own_payoff",1,0
"study2_201",6,"study2",1,"self","lower_own_payoff","lower_own_payoff",1,0
"study2_201",7,"study2",1,"self","higher_own_payoff","higher_own_payoff",2,10
"study2_201",7,"study2",2,"other","higher_own_payoff","higher_own_payoff",2,10
"study2_201",8,"study2",1,"self","lower_own_payoff","lower_own_payoff",1,0
"study2_201",9,"study2",1,"self","lower_own_payoff","higher_own_payoff",2,10
"study2_201",9,"study2",2,"self","higher_own_payoff","higher_own_payoff",2,10
"study2_201",10,"study2",1,"self","lower_own_payoff","higher_own_payoff",3,20
"study2_201",10,"study2",2,"self","higher_own_payoff","higher_own_payoff",3,20
"study2_201",10,"study2",3,"other","higher_own_payoff","higher_own_payoff",3,20
"study2_201",11,"study2",1,"self","lower_own_payoff","lower_own_payoff",2,10
"study2_201",11,"study2",2,"self","higher_own_payoff","lower_own_payoff",2,10
"study2_201",12,"study2",1,"self","higher_own_payoff","lower_own_payoff",2,10
"study2_201",12,"study2",2,"self","lower_own_payoff","lower_own_payoff",2,10
"study2_201",13,"study2",1,"self","higher_own_payoff","higher_own_payoff",1,0
"study2_201",14,"study2",1,"self","higher_own_payoff","higher_own_payoff",2,10
"study2_201",14,"study2",2,"self","lower_own_payoff","higher_own_payoff",2,10
"study2_201",15,"study2",1,"self","lower_own_payoff","higher_own_payoff",2,10
"study2_201",15,"study2",2,"self","higher_own_payoff","higher_own_payoff",2,10
"study2_201",16,"study2",1,"self","higher_own_payoff","higher_own_payoff",3,20
"study2_201",16,"study2",2,"self","lower_own_payoff","higher_own_payoff",3,20
"study2_201",16,"study2",3,"other","lower_own_payoff","higher_own_payoff",3,20
"study2_201",17,"study2",1,"self","higher_own_payoff","higher_own_payoff",2,10
"study2_201",17,"study2",2,"self","lower_own_payoff","higher_own_payoff",2,10
"study2_201",18,"study2",1,"self","higher_own_payoff","lower_own_payoff",2,10
"study2_201",18,"study2",2,"self","lower_own_payoff","lower_own_payoff",2,10
"study2_201",19,"study2",1,"self","higher_own_payoff","higher_own_payoff",1,0
"study2_201",20,"study2",1,"self","lower_own_payoff","higher_own_payoff",2,10
"study2_201",20,"study2",2,"self","higher_own_payoff","higher_own_payoff",2,10
"study2_201",21,"study2",1,"self","higher_own_payoff","lower_own_payoff",2,10
"study2_201",21,"study2",2,"self","lower_own_payoff","lower_own_payoff",2,10
"study2_201",22,"study2",1,"self","lower_own_payoff","higher_own_payoff",2,10
"study2_201",22,"study2",2,"self","higher_own_payoff","higher_own_payoff",2,10
"study2_201",23,"study2",1,"self","higher_own_payoff","lower_own_payoff",2,10
"study2_201",23,"study2",2,"self","lower_own_payoff","lower_own_payoff",2,10
"study2_201",24,"study2",1,"self","higher_own_payoff","higher_own_payoff",2,10
"study2_201",24,"study2",2,"self","lower_own_payoff","higher_own_payoff",2,10
"study2_202",1,"study2",1,"self","lower_own_payoff","lower_own_payoff",1,0
"study2_202",2,"study2",1,"self","higher_own_payoff","lower_own_payoff",1,0
"study2_202",3,"study2",1,"self","higher_own_payoff","higher_own_payoff",1,0
"study2_202",4,"study2",1,"self","lower_own_payoff","lower_own_payoff",1,0
"study2_202",5,"study2",1,"self","lower_own_payoff","lower_own_payoff",1,0
"study2_202",6,"study2",1,"self","higher_own_payoff","higher_own_payoff",1,0
"study2_202",7,"study2",1,"self","lower_own_payoff","lower_own_payoff",1,0
"study2_202",8,"study2",1,"self","higher_own_payoff","lower_own_payoff",1,0
"study2_202",9,"study2",1,"self","higher_own_payoff","higher_own_payoff",1,0
"study2_202",10,"study2",1,"self","lower_own_payoff","higher_own_payoff",1,0
"study2_202",11,"study2",1,"self","higher_own_payoff","higher_own_payoff",1,0
"study2_202",12,"study2",1,"self","higher_own_payoff","higher_own_payoff",1,0
"study2_202",13,"study2",1,"self","higher_own_payoff","higher_own_payoff",1,0
"study2_202",14,"study2",1,"self","higher_own_payoff","lower_own_payoff",1,0
"study2_202",15,"study2",1,"self","higher_own_payoff","higher_own_payoff",1,0
"study2_202",16,"study2",1,"self","higher_own_payoff","higher_own_payoff",1,0
"study2_202",17,"study2",1,"self","higher_own_payoff","higher_own_payoff",1,0
"study2_202",18,"study2",1,"self","higher_own_payoff","higher_own_payoff",1,0
"study2_202",19,"study2",1,"self","higher_own_payoff","lower_own_payoff",1,0
"study2_202",20,"study2",1,"self","lower_own_payoff","lower_own_payoff",1,0
"study2_202",21,"study2",1,"self","higher_own_payoff","higher_own_payoff",1,0
"study2_202",22,"study2",1,"self","higher_own_payoff","higher_own_payoff",1,0
"study2_202",23,"study2",1,"self","lower_own_payoff","higher_own_payoff",1,0
"study2_202",24,"study2",1,"self","higher_own_payoff","higher_own_payoff",1,0
"study2_203",1,"study2",1,"self","higher_own_payoff","higher_own_payoff",4,30
"study2_203",1,"study2",2,"self","lower_own_payoff","higher_own_payoff",4,30
"study2_203",1,"study2",3,"self","higher_own_payoff","higher_own_payoff",4,30
"study2_203",1,"study2",4,"self","lower_own_payoff","higher_own_payoff",4,30
"study2_203",2,"study2",1,"self","higher_own_payoff","lower_own_payoff",4,30
"study2_203",2,"study2",2,"self","higher_own_payoff","lower_own_payoff",4,30
"study2_203",2,"study2",3,"self","lower_own_payoff","lower_own_payoff",4,30
"study2_203",2,"study2",4,"self","lower_own_payoff","lower_own_payoff",4,30
"study2_203",3,"study2",1,"self","higher_own_payoff","higher_own_payoff",4,30
"study2_203",3,"study2",2,"self","higher_own_payoff","higher_own_payoff",4,30
"study2_203",3,"study2",3,"self","lower_own_payoff","higher_own_payoff",4,30
"study2_203",3,"study2",4,"self","lower_own_payoff","higher_own_payoff",4,30
"study2_203",4,"study2",1,"self","lower_own_payoff","lower_own_payoff",4,30
"study2_203",4,"study2",2,"self","lower_own_payoff","lower_own_payoff",4,30
"study2_203",4,"study2",3,"self","higher_own_payoff","lower_own_payoff",4,30
"study2_203",4,"study2",4,"self","higher_own_payoff","lower_own_payoff",4,30
"study2_203",5,"study2",1,"self","higher_own_payoff","lower_own_payoff",4,30
"study2_203",5,"study2",2,"self","lower_own_payoff","lower_own_payoff",4,30
"study2_203",5,"study2",3,"self","lower_own_payoff","lower_own_payoff",4,30
"study2_203",5,"study2",4,"self","higher_own_payoff","lower_own_payoff",4,30
"study2_203",6,"study2",1,"self","higher_own_payoff","higher_own_payoff",4,30
"study2_203",6,"study2",2,"self","higher_own_payoff","higher_own_payoff",4,30
"study2_203",6,"study2",3,"self","lower_own_payoff","higher_own_payoff",4,30
"study2_203",6,"study2",4,"self","lower_own_payoff","higher_own_payoff",4,30
"study2_203",7,"study2",1,"self","higher_own_payoff","lower_own_payoff",4,30
"study2_203",7,"study2",2,"self","higher_own_payoff","lower_own_payoff",4,30
"study2_203",7,"study2",3,"self","lower_own_payoff","lower_own_payoff",4,30
"study2_203",7,"study2",4,"self","lower_own_payoff","lower_own_payoff",4,30
"study2_203",8,"study2",1,"self","higher_own_payoff","higher_own_payoff",4,30
"study2_203",8,"study2",2,"self","higher_own_payoff","higher_own_payoff",4,30
"study2_203",8,"study2",3,"self","lower_own_payoff","higher_own_payoff",4,30
"study2_203",8,"study2",4,"self","lower_own_payoff","higher_own_payoff",4,30
"study2_203",9,"study2",1,"self","lower_own_payoff","higher_own_payoff",4,30
"study2_203",9,"study2",2,"self","lower_own_payoff","higher_own_payoff",4,30
"study2_203",9,"study2",3,"self","higher_own_payoff","higher_own_payoff",4,30
"study2_203",9,"study2",4,"self","higher_own_payoff","higher_own_payoff",4,30
"study2_203",10,"study2",1,"self","higher_own_payoff","higher_own_payoff",4,30
"study2_203",10,"study2",2,"self","higher_own_payoff","higher_own_payoff",4,30
"study2_203",10,"study2",3,"self","lower_own_payoff","higher_own_payoff",4,30
"study2_203",10,"study2",4,"self","lower_own_payoff","higher_own_payoff",4,30
"study2_203",11,"study2",1,"self","higher_own_payoff","higher_own_payoff",1,0
"study2_203",12,"study2",1,"self","higher_own_payoff","lower_own_payoff",4,30
"study2_203",12,"study2",2,"self","higher_own_payoff","lower_own_payoff",4,30
"study2_203",12,"study2",3,"self","lower_own_payoff","lower_own_payoff",4,30
"study2_203",12,"study2",4,"self","lower_own_payoff","lower_own_payoff",4,30
"study2_203",13,"study2",1,"self","higher_own_payoff","lower_own_payoff",4,30
"study2_203",13,"study2",2,"self","higher_own_payoff","lower_own_payoff",4,30
"study2_203",13,"study2",3,"self","lower_own_payoff","lower_own_payoff",4,30
"study2_203",13,"study2",4,"self","lower_own_payoff","lower_own_payoff",4,30
"study2_203",14,"study2",1,"self","lower_own_payoff","lower_own_payoff",4,30
"study2_203",14,"study2",2,"self","lower_own_payoff","lower_own_payoff",4,30
"study2_203",14,"study2",3,"self","higher_own_payoff","lower_own_payoff",4,30
"study2_203",14,"study2",4,"self","higher_own_payoff","lower_own_payoff",4,30
"study2_203",15,"study2",1,"self","higher_own_payoff","lower_own_payoff",4,30
"study2_203",15,"study2",2,"self","higher_own_payoff","lower_own_payoff",4,30
"study2_203",15,"study2",3,"self","lower_own_payoff","lower_own_payoff",4,30
"study2_203",15,"study2",4,"self","lower_own_payoff","lower_own_payoff",4,30
"study2_203",16,"study2",1,"self","higher_own_payoff","higher_own_payoff",4,30
"study2_203",16,"study2",2,"self","higher_own_payoff","higher_own_payoff",4,30
"study2_203",16,"study2",3,"self","lower_own_payoff","higher_own_payoff",4,30
"study2_203",16,"study2",4,"self","lower_own_payoff","higher_own_payoff",4,30
"study2_203",17,"study2",1,"self","higher_own_payoff","lower_own_payoff",4,30
"study2_203",17,"study2",2,"self","higher_own_payoff","lower_own_payoff",4,30
"study2_203",17,"study2",3,"self","lower_own_payoff","lower_own_payoff",4,30
"study2_203",17,"study2",4,"self","lower_own_payoff","lower_own_payoff",4,30
"study2_203",18,"study2",1,"self","lower_own_payoff","higher_own_payoff",4,30
"study2_203",18,"study2",2,"self","lower_own_payoff","higher_own_payoff",4,30
"study2_203",18,"study2",3,"self","higher_own_payoff","higher_own_payoff",4,30
"study2_203",18,"study2",4,"self","higher_own_payoff","higher_own_payoff",4,30
"study2_203",19,"study2",1,"self","higher_own_payoff","higher_own_payoff",4,30
"study2_203",19,"study2",2,"self","higher_own_payoff","higher_own_payoff",4,30
"study2_203",19,"study2",3,"self","lower_own_payoff","higher_own_payoff",4,30
"study2_203",19,"study2",4,"self","lower_own_payoff","higher_own_payoff",4,30
"study2_203",20,"study2",1,"self","higher_own_payoff","lower_own_payoff",4,30
"study2_203",20,"study2",2,"self","higher_own_payoff","lower_own_payoff",4,30
"study2_203",20,"study2",3,"self","lower_own_payoff","lower_own_payoff",4,30
"study2_203",20,"study2",4,"self","lower_own_payoff","lower_own_payoff",4,30
"study2_203",21,"study2",1,"self","lower_own_payoff","lower_own_payoff",4,30
"study2_203",21,"study2",2,"self","lower_own_payoff","lower_own_payoff",4,30
"study2_203",21,"study2",3,"self","higher_own_payoff","lower_own_payoff",4,30
"study2_203",21,"study2",4,"self","higher_own_payoff","lower_own_payoff",4,30
"study2_203",22,"study2",1,"self","lower_own_payoff","higher_own_payoff",4,30
"study2_203",22,"study2",2,"self","lower_own_payoff","higher_own_payoff",4,30
"study2_203",22,"study2",3,"self","higher_own_payoff","higher_own_payoff",4,30
"study2_203",22,"study2",4,"self","higher_own_payoff","higher_own_payoff",4,30
"study2_203",23,"study2",1,"self","lower_own_payoff","higher_own_payoff",4,30
"study2_203",23,"study2",2,"self","lower_own_payoff","higher_own_payoff",4,30
"study2_203",23,"study2",3,"self","higher_own_payoff","higher_own_payoff",4,30
"study2_203",23,"study2",4,"self","higher_own_payoff","higher_own_payoff",4,30
"study2_203",24,"study2",1,"self","higher_own_payoff","higher_own_payoff",4,30
"study2_203",24,"study2",2,"self","higher_own_payoff","higher_own_payoff",4,30
"study2_203",24,"study2",3,"self","lower_own_payoff","higher_own_payoff",4,30
"study2_203",24,"study2",4,"self","lower_own_payoff","higher_own_payoff",4,30
"study2_204",1,"study2",1,"self","higher_own_payoff","higher_own_payoff",2,10
"study2_204",1,"study2",2,"self","higher_own_payoff","higher_own_payoff",2,10
"study2_204",2,"study2",1,"self","higher_own_payoff","higher_own_payoff",1,0
"study2_204",3,"study2",1,"self","higher_own_payoff","higher_own_payoff",2,10
"study2_204",3,"study2",2,"self","lower_own_payoff","higher_own_payoff",2,10
"study2_204",4,"study2",1,"self","higher_own_payoff","higher_own_payoff",1,0
"study2_204",5,"study2",1,"self","higher_own_payoff","higher_own_payoff",1,0
"study2_204",6,"study2",1,"self","higher_own_payoff","higher_own_payoff",1,0
"study2_204",7,"study2",1,"self","higher_own_payoff","higher_own_payoff",1,0
"study2_204",8,"study2",1,"self","higher_own_payoff","higher_own_payoff",1,0
"study2_204",9,"study2",1,"self","lower_own_payoff","lower_own_payoff",1,0
"study2_204",10,"study2",1,"self","lower_own_payoff","lower_own_payoff",1,0
"study2_204",11,"study2",1,"self","higher_own_payoff","higher_own_payoff",1,0
"study2_204",12,"study2",1,"other","higher_own_payoff","higher_own_payoff",1,0
"study2_204",13,"study2",1,"self","higher_own_payoff","higher_own_payoff",1,0
"study2_204",14,"study2",1,"self","higher_own_payoff","higher_own_payoff",1,0
"study2_204",15,"study2",1,"other","higher_own_payoff","higher_own_payoff",1,0
"study2_204",16,"study2",1,"other","higher_own_payoff","higher_own_payoff",1,0
"study2_204",17,"study2",1,"self","lower_own_payoff","lower_own_payoff",1,0
"study2_204",18,"study2",1,"other","lower_own_payoff","lower_own_payoff",1,0
"study2_204",19,"study2",1,"self","higher_own_payoff","lower_own_payoff",2,10
"study2_204",19,"study2",2,"self","lower_own_payoff","lower_own_payoff",2,10
"study2_204",20,"study2",1,"self","lower_own_payoff","lower_own_payoff",1,0
"study2_204",21,"study2",1,"self","higher_own_payoff","higher_own_payoff",1,0
"study2_204",22,"study2",1,"other","lower_own_payoff","lower_own_payoff",1,0
"study2_204",23,"study2",1,"self","lower_own_payoff","lower_own_payoff",1,0
"study2_204",24,"study2",1,"other","higher_own_payoff","higher_own_payoff",1,0
"study2_205",1,"study2",1,"self","higher_own_payoff","higher_own_payoff",1,0
"study2_205",2,"study2",1,"other","higher_own_payoff","higher_own_payoff",1,0
"study2_205",3,"study2",1,"self","higher_own_payoff","higher_own_payoff",1,0
"study2_205",4,"study2",1,"self","higher_own_payoff","higher_own_payoff",1,0
"study2_205",5,"study2",1,"other","higher_own_payoff","lower_own_payoff",1,0
"study2_205",6,"study2",1,"other","higher_own_payoff","higher_own_payoff",1,0
"study2_205",7,"study2",1,"self","higher_own_payoff","higher_own_payoff",1,0
"study2_205",8,"study2",1,"other","higher_own_payoff","higher_own_payoff",1,0
"study2_205",9,"study2",1,"other","higher_own_payoff","higher_own_payoff",1,0
"study2_205",10,"study2",1,"self","higher_own_payoff","lower_own_payoff",1,0
"study2_205",11,"study2",1,"self","higher_own_payoff","higher_own_payoff",1,0
"study2_205",12,"study2",1,"other","higher_own_payoff","higher_own_payoff",1,0
"study2_205",13,"study2",1,"other","higher_own_payoff","higher_own_payoff",1,0
"study2_205",14,"study2",1,"other","higher_own_payoff","higher_own_payoff",1,0
"study2_205",15,"study2",1,"self","higher_own_payoff","higher_own_payoff",1,0
"study2_205",16,"study2",1,"other","higher_own_payoff","higher_own_payoff",1,0
"study2_205",17,"study2",1,"other","higher_own_payoff","lower_own_payoff",1,0
"study2_205",18,"study2",1,"other","higher_own_payoff","higher_own_payoff",1,0
"study2_205",19,"study2",1,"other","higher_own_payoff","higher_own_payoff",1,0
"study2_205",20,"study2",1,"other","higher_own_payoff","lower_own_payoff",1,0
"study2_205",21,"study2",1,"self","higher_own_payoff","higher_own_payoff",1,0
"study2_205",22,"study2",1,"self","higher_own_payoff","higher_own_payoff",1,0
"study2_205",23,"study2",1,"self","higher_own_payoff","higher_own_payoff",1,0
"study2_205",24,"study2",1,"other","higher_own_payoff","higher_own_payoff",1,0
"study2_206",1,"study2",1,"self","lower_own_payoff","higher_own_payoff",1,0
"study2_206",2,"study2",1,"self","higher_own_payoff","lower_own_payoff",1,0
"study2_206",3,"study2",1,"self","lower_own_payoff","higher_own_payoff",1,0
"study2_206",4,"study2",1,"self","lower_own_payoff","higher_own_payoff",2,10
"study2_206",4,"study2",2,"self","higher_own_payoff","higher_own_payoff",2,10
"study2_206",5,"study2",1,"self","lower_own_payoff","higher_own_payoff",1,0
"study2_206",6,"study2",1,"self","lower_own_payoff","lower_own_payoff",2,10
"study2_206",6,"study2",2,"self","higher_own_payoff","lower_own_payoff",2,10
"study2_206",7,"study2",1,"self","lower_own_payoff","higher_own_payoff",1,0
"study2_206",8,"study2",1,"self","lower_own_payoff","higher_own_payoff",2,10
"study2_206",8,"study2",2,"self","higher_own_payoff","higher_own_payoff",2,10
"study2_206",9,"study2",1,"self","lower_own_payoff","higher_own_payoff",1,0
"study2_206",10,"study2",1,"self","lower_own_payoff","higher_own_payoff",1,0
"study2_206",11,"study2",1,"self","lower_own_payoff","higher_own_payoff",1,0
"study2_206",12,"study2",1,"self","lower_own_payoff","lower_own_payoff",1,0
"study2_206",13,"study2",1,"self","higher_own_payoff","higher_own_payoff",1,0
"study2_206",14,"study2",1,"self","higher_own_payoff","higher_own_payoff",1,0
"study2_206",15,"study2",1,"self","lower_own_payoff","lower_own_payoff",1,0
"study2_206",16,"study2",1,"self","higher_own_payoff","higher_own_payoff",2,10
"study2_206",16,"study2",2,"self","lower_own_payoff","higher_own_payoff",2,10
"study2_206",17,"study2",1,"self","lower_own_payoff","higher_own_payoff",1,0
"study2_206",18,"study2",1,"self","higher_own_payoff","higher_own_payoff",1,0
"study2_206",19,"study2",1,"self","higher_own_payoff","higher_own_payoff",1,0
"study2_206",20,"study2",1,"self","lower_own_payoff","higher_own_payoff",1,0
"study2_206",21,"study2",1,"self","lower_own_payoff","higher_own_payoff",1,0
"study2_206",22,"study2",1,"self","lower_own_payoff","higher_own_payoff",1,0
"study2_206",23,"study2",1,"self","lower_own_payoff","higher_own_payoff",1,0
"study2_206",24,"study2",1,"self","lower_own_payoff","higher_own_payoff",1,0
"study2_207",1,"study2",1,"self","higher_own_payoff","higher_own_payoff",1,0
"study2_207",2,"study2",1,"self","higher_own_payoff","higher_own_payoff",1,0
"study2_207",3,"study2",1,"self","higher_own_payoff","higher_own_payoff",1,0
"study2_207",4,"study2",1,"self","higher_own_payoff","higher_own_payoff",1,0
"study2_207",5,"study2",1,"self","lower_own_payoff","lower_own_payoff",1,0
"study2_207",6,"study2",1,"self","lower_own_payoff","lower_own_payoff",1,0
"study2_207",7,"study2",1,"self","lower_own_payoff","lower_own_payoff",1,0
"study2_207",8,"study2",1,"self","higher_own_payoff","higher_own_payoff",1,0
"study2_207",9,"study2",1,"self","higher_own_payoff","higher_own_payoff",1,0
"study2_207",10,"study2",1,"self","higher_own_payoff","higher_own_payoff",1,0
"study2_207",11,"study2",1,"self","higher_own_payoff","higher_own_payoff",1,0
"study2_207",12,"study2",1,"self","higher_own_payoff","higher_own_payoff",1,0
"study2_207",13,"study2",1,"self","lower_own_payoff","higher_own_payoff",1,0
"study2_207",14,"study2",1,"self","higher_own_payoff","higher_own_payoff",1,0
"study2_207",15,"study2",1,"self","lower_own_payoff","higher_own_payoff",1,0
"study2_207",16,"study2",1,"self","lower_own_payoff","higher_own_payoff",1,0
"study2_207",17,"study2",1,"self","higher_own_payoff","higher_own_payoff",1,0
"study2_207",18,"study2",1,"self","higher_own_payoff","higher_own_payoff",1,0
"study2_207",19,"study2",1,"self","higher_own_payoff","lower_own_payoff",1,0
"study2_207",20,"study2",1,"self","higher_own_payoff","higher_own_payoff",1,0
"study2_207",21,"study2",1,"self","higher_own_payoff","higher_own_payoff",1,0
"study2_207",22,"study2",1,"self","lower_own_payoff","higher_own_payoff",2,10
"study2_207",22,"study2",2,"self","lower_own_payoff","higher_own_payoff",2,10
"study2_207",23,"study2",1,"self","higher_own_payoff","higher_own_payoff",1,0
"study2_207",24,"study2",1,"self","lower_own_payoff","lower_own_payoff",1,0
"study2_208",1,"study2",1,"self","higher_own_payoff","lower_own_payoff",3,20
"study2_208",1,"study2",2,"self","higher_own_payoff","lower_own_payoff",3,20
"study2_208",1,"study2",3,"self","lower_own_payoff","lower_own_payoff",3,20
"study2_208",2,"study2",1,"self","lower_own_payoff","higher_own_payoff",1,0
"study2_208",3,"study2",1,"self","lower_own_payoff","higher_own_payoff",1,0
"study2_208",4,"study2",1,"self","lower_own_payoff","higher_own_payoff",1,0
"study2_208",5,"study2",1,"self","lower_own_payoff","higher_own_payoff",1,0
"study2_208",6,"study2",1,"self","higher_own_payoff","higher_own_payoff",1,0
"study2_208",7,"study2",1,"self","lower_own_payoff","higher_own_payoff",1,0
"study2_208",8,"study2",1,"self","lower_own_payoff","lower_own_payoff",1,0
"study2_208",9,"study2",1,"self","lower_own_payoff","lower_own_payoff",1,0
"study2_208",10,"study2",1,"self","higher_own_payoff","higher_own_payoff",1,0
"study2_208",11,"study2",1,"self","higher_own_payoff","higher_own_payoff",1,0
"study2_208",12,"study2",1,"self","higher_own_payoff","higher_own_payoff",1,0
"study2_208",13,"study2",1,"self","higher_own_payoff","higher_own_payoff",1,0
"study2_208",14,"study2",1,"self","higher_own_payoff","higher_own_payoff",2,10
"study2_208",14,"study2",2,"self","higher_own_payoff","higher_own_payoff",2,10
"study2_208",15,"study2",1,"self","higher_own_payoff","higher_own_payoff",1,0
"study2_208",16,"study2",1,"self","higher_own_payoff","higher_own_payoff",1,0
"study2_208",17,"study2",1,"self","higher_own_payoff","higher_own_payoff",1,0
"study2_208",18,"study2",1,"self","higher_own_payoff","higher_own_payoff",1,0
"study2_208",19,"study2",1,"self","higher_own_payoff","higher_own_payoff",1,0
"study2_208",20,"study2",1,"self","higher_own_payoff","higher_own_payoff",1,0
"study2_208",21,"study2",1,"self","higher_own_payoff","higher_own_payoff",2,10
"study2_208",21,"study2",2,"self","higher_own_payoff","higher_own_payoff",2,10
"study2_208",22,"study2",1,"self","higher_own_payoff","higher_own_payoff",1,0
"study2_208",23,"study2",1,"self","higher_own_payoff","higher_own_payoff",1,0
"study2_208",24,"study2",1,"self","higher_own_payoff","higher_own_payoff",1,0
"study2_209",1,"study2",1,"self","lower_own_payoff","lower_own_payoff",1,0
"study2_209",2,"study2",1,"self","higher_own_payoff","higher_own_payoff",1,0
"study2_209",3,"study2",1,"self","lower_own_payoff","lower_own_payoff",1,0
"study2_209",4,"study2",1,"self","higher_own_payoff","higher_own_payoff",1,0
"study2_209",5,"study2",1,"self","lower_own_payoff","lower_own_payoff",1,0
"study2_209",6,"study2",1,"self","higher_own_payoff","lower_own_payoff",1,0
"study2_209",7,"study2",1,"self","higher_own_payoff","higher_own_payoff",1,0
"study2_209",8,"study2",1,"self","lower_own_payoff","higher_own_payoff",1,0
"study2_209",9,"study2",1,"self","lower_own_payoff","higher_own_payoff",1,0
"study2_209",10,"study2",1,"self","lower_own_payoff","higher_own_payoff",1,0
"study2_209",11,"study2",1,"self","lower_own_payoff","lower_own_payoff",1,0
"study2_209",12,"study2",1,"self","lower_own_payoff","higher_own_payoff",1,0
"study2_209",13,"study2",1,"self","lower_own_payoff","lower_own_payoff",1,0
"study2_209",14,"study2",1,"self","lower_own_payoff","lower_own_payoff",1,0
"study2_209",15,"study2",1,"self","lower_own_payoff","lower_own_payoff",1,0
"study2_209",16,"study2",1,"self","higher_own_payoff","higher_own_payoff",1,0
"study2_209",17,"study2",1,"self","higher_own_payoff","higher_own_payoff",1,0
"study2_209",18,"study2",1,"self","lower_own_payoff","lower_own_payoff",1,0
"study2_209",19,"study2",1,"self","higher_own_payoff","higher_own_payoff",1,0
"study2_209",20,"study2",1,"self","higher_own_payoff","higher_own_payoff",1,0
"study2_209",21,"study2",1,"self","higher_own_payoff","higher_own_payoff",1,0
"study2_209",22,"study2",1,"self","higher_own_payoff","lower_own_payoff",1,0
"study2_209",23,"study2",1,"self","higher_own_payoff","higher_own_payoff",1,0
"study2_209",24,"study2",1,"self","higher_own_payoff","higher_own_payoff",1,0
"study2_21",1,"study2",1,"self","higher_own_payoff","lower_own_payoff",2,10
"study2_21",1,"study2",2,"self","lower_own_payoff","lower_own_payoff",2,10
"study2_21",2,"study2",1,"self","higher_own_payoff","higher_own_payoff",4,30
"study2_21",2,"study2",2,"self","lower_own_payoff","higher_own_payoff",4,30
"study2_21",2,"study2",3,"self","higher_own_payoff","higher_own_payoff",4,30
"study2_21",2,"study2",4,"self","lower_own_payoff","higher_own_payoff",4,30
"study2_21",3,"study2",1,"self","higher_own_payoff","higher_own_payoff",2,10
"study2_21",3,"study2",2,"self","lower_own_payoff","higher_own_payoff",2,10
"study2_21",4,"study2",1,"self","higher_own_payoff","higher_own_payoff",2,10
"study2_21",4,"study2",2,"self","lower_own_payoff","higher_own_payoff",2,10
"study2_21",5,"study2",1,"self","higher_own_payoff","higher_own_payoff",1,0
"study2_21",6,"study2",1,"self","higher_own_payoff","lower_own_payoff",4,30
"study2_21",6,"study2",2,"self","lower_own_payoff","lower_own_payoff",4,30
"study2_21",6,"study2",3,"self","lower_own_payoff","lower_own_payoff",4,30
"study2_21",6,"study2",4,"self","higher_own_payoff","lower_own_payoff",4,30
"study2_21",7,"study2",1,"self","higher_own_payoff","higher_own_payoff",4,30
"study2_21",7,"study2",2,"self","higher_own_payoff","higher_own_payoff",4,30
"study2_21",7,"study2",3,"self","lower_own_payoff","higher_own_payoff",4,30
"study2_21",7,"study2",4,"self","lower_own_payoff","higher_own_payoff",4,30
"study2_21",8,"study2",1,"self","higher_own_payoff","higher_own_payoff",2,10
"study2_21",8,"study2",2,"self","higher_own_payoff","higher_own_payoff",2,10
"study2_21",9,"study2",1,"self","higher_own_payoff","higher_own_payoff",2,10
"study2_21",9,"study2",2,"self","lower_own_payoff","higher_own_payoff",2,10
"study2_21",10,"study2",1,"self","lower_own_payoff","higher_own_payoff",4,30
"study2_21",10,"study2",2,"self","lower_own_payoff","higher_own_payoff",4,30
"study2_21",10,"study2",3,"self","higher_own_payoff","higher_own_payoff",4,30
"study2_21",10,"study2",4,"self","higher_own_payoff","higher_own_payoff",4,30
"study2_21",11,"study2",1,"self","higher_own_payoff","higher_own_payoff",1,0
"study2_21",12,"study2",1,"self","higher_own_payoff","higher_own_payoff",1,0
"study2_21",13,"study2",1,"self","higher_own_payoff","higher_own_payoff",4,30
"study2_21",13,"study2",2,"self","lower_own_payoff","higher_own_payoff",4,30
"study2_21",13,"study2",3,"self","lower_own_payoff","higher_own_payoff",4,30
"study2_21",13,"study2",4,"self","higher_own_payoff","higher_own_payoff",4,30
"study2_21",14,"study2",1,"self","lower_own_payoff","higher_own_payoff",4,30
"study2_21",14,"study2",2,"self","lower_own_payoff","higher_own_payoff",4,30
"study2_21",14,"study2",3,"self","higher_own_payoff","higher_own_payoff",4,30
"study2_21",14,"study2",4,"self","higher_own_payoff","higher_own_payoff",4,30
"study2_21",15,"study2",1,"self","higher_own_payoff","lower_own_payoff",4,30
"study2_21",15,"study2",2,"self","higher_own_payoff","lower_own_payoff",4,30
"study2_21",15,"study2",3,"self","lower_own_payoff","lower_own_payoff",4,30
"study2_21",15,"study2",4,"self","lower_own_payoff","lower_own_payoff",4,30
"study2_21",16,"study2",1,"self","higher_own_payoff","higher_own_payoff",4,30
"study2_21",16,"study2",2,"self","higher_own_payoff","higher_own_payoff",4,30
"study2_21",16,"study2",3,"self","lower_own_payoff","higher_own_payoff",4,30
"study2_21",16,"study2",4,"self","lower_own_payoff","higher_own_payoff",4,30
"study2_21",17,"study2",1,"self","higher_own_payoff","higher_own_payoff",2,10
"study2_21",17,"study2",2,"self","higher_own_payoff","higher_own_payoff",2,10
"study2_21",18,"study2",1,"self","higher_own_payoff","lower_own_payoff",4,30
"study2_21",18,"study2",2,"self","higher_own_payoff","lower_own_payoff",4,30
"study2_21",18,"study2",3,"self","lower_own_payoff","lower_own_payoff",4,30
"study2_21",18,"study2",4,"self","lower_own_payoff","lower_own_payoff",4,30
"study2_21",19,"study2",1,"self","higher_own_payoff","higher_own_payoff",4,30
"study2_21",19,"study2",2,"self","higher_own_payoff","higher_own_payoff",4,30
"study2_21",19,"study2",3,"self","lower_own_payoff","higher_own_payoff",4,30
"study2_21",19,"study2",4,"self","lower_own_payoff","higher_own_payoff",4,30
"study2_21",20,"study2",1,"self","higher_own_payoff","lower_own_payoff",3,20
"study2_21",20,"study2",2,"self","higher_own_payoff","lower_own_payoff",3,20
"study2_21",20,"study2",3,"self","lower_own_payoff","lower_own_payoff",3,20
"study2_21",21,"study2",1,"self","higher_own_payoff","higher_own_payoff",4,30
"study2_21",21,"study2",2,"self","higher_own_payoff","higher_own_payoff",4,30
"study2_21",21,"study2",3,"self","lower_own_payoff","higher_own_payoff",4,30
"study2_21",21,"study2",4,"self","lower_own_payoff","higher_own_payoff",4,30
"study2_21",22,"study2",1,"self","higher_own_payoff","higher_own_payoff",2,10
"study2_21",22,"study2",2,"self","higher_own_payoff","higher_own_payoff",2,10
"study2_21",23,"study2",1,"self","higher_own_payoff","higher_own_payoff",1,0
"study2_21",24,"study2",1,"self","higher_own_payoff","higher_own_payoff",3,20
"study2_21",24,"study2",2,"self","higher_own_payoff","higher_own_payoff",3,20
"study2_21",24,"study2",3,"self","lower_own_payoff","higher_own_payoff",3,20
"study2_210",1,"study2",1,"self","higher_own_payoff","higher_own_payoff",2,10
"study2_210",1,"study2",2,"self","lower_own_payoff","higher_own_payoff",2,10
"study2_210",2,"study2",1,"self","lower_own_payoff","lower_own_payoff",2,10
"study2_210",2,"study2",2,"self","higher_own_payoff","lower_own_payoff",2,10
"study2_210",3,"study2",1,"self","lower_own_payoff","lower_own_payoff",2,10
"study2_210",3,"study2",2,"self","higher_own_payoff","lower_own_payoff",2,10
"study2_210",4,"study2",1,"self","lower_own_payoff","higher_own_payoff",2,10
"study2_210",4,"study2",2,"self","higher_own_payoff","higher_own_payoff",2,10
"study2_210",5,"study2",1,"self","lower_own_payoff","higher_own_payoff",2,10
"study2_210",5,"study2",2,"self","higher_own_payoff","higher_own_payoff",2,10
"study2_210",6,"study2",1,"self","higher_own_payoff","lower_own_payoff",2,10
"study2_210",6,"study2",2,"self","lower_own_payoff","lower_own_payoff",2,10
"study2_210",7,"study2",1,"self","lower_own_payoff","lower_own_payoff",4,30
"study2_210",7,"study2",2,"self","higher_own_payoff","lower_own_payoff",4,30
"study2_210",7,"study2",3,"self","lower_own_payoff","lower_own_payoff",4,30
"study2_210",7,"study2",4,"self","higher_own_payoff","lower_own_payoff",4,30
"study2_210",8,"study2",1,"self","higher_own_payoff","higher_own_payoff",2,10
"study2_210",8,"study2",2,"self","lower_own_payoff","higher_own_payoff",2,10
"study2_210",9,"study2",1,"self","lower_own_payoff","lower_own_payoff",2,10
"study2_210",9,"study2",2,"self","higher_own_payoff","lower_own_payoff",2,10
"study2_210",10,"study2",1,"self","higher_own_payoff","lower_own_payoff",2,10
"study2_210",10,"study2",2,"self","lower_own_payoff","lower_own_payoff",2,10
"study2_210",11,"study2",1,"self","higher_own_payoff","higher_own_payoff",2,10
"study2_210",11,"study2",2,"self","lower_own_payoff","higher_own_payoff",2,10
"study2_210",12,"study2",1,"self","lower_own_payoff","higher_own_payoff",2,10
"study2_210",12,"study2",2,"self","higher_own_payoff","higher_own_payoff",2,10
"study2_210",13,"study2",1,"self","lower_own_payoff","higher_own_payoff",2,10
"study2_210",13,"study2",2,"self","higher_own_payoff","higher_own_payoff",2,10
"study2_210",14,"study2",1,"self","higher_own_payoff","higher_own_payoff",2,10
"study2_210",14,"study2",2,"self","lower_own_payoff","higher_own_payoff",2,10
"study2_210",15,"study2",1,"self","higher_own_payoff","higher_own_payoff",2,10
"study2_210",15,"study2",2,"self","lower_own_payoff","higher_own_payoff",2,10
"study2_210",16,"study2",1,"self","higher_own_payoff","higher_own_payoff",2,10
"study2_210",16,"study2",2,"self","lower_own_payoff","higher_own_payoff",2,10
"study2_210",17,"study2",1,"self","lower_own_payoff","higher_own_payoff",2,10
"study2_210",17,"study2",2,"self","higher_own_payoff","higher_own_payoff",2,10
"study2_210",18,"study2",1,"self","lower_own_payoff","higher_own_payoff",2,10
"study2_210",18,"study2",2,"self","higher_own_payoff","higher_own_payoff",2,10
"study2_210",19,"study2",1,"self","higher_own_payoff","higher_own_payoff",2,10
"study2_210",19,"study2",2,"self","lower_own_payoff","higher_own_payoff",2,10
"study2_210",20,"study2",1,"self","higher_own_payoff","higher_own_payoff",2,10
"study2_210",20,"study2",2,"self","lower_own_payoff","higher_own_payoff",2,10
"study2_210",21,"study2",1,"self","higher_own_payoff","higher_own_payoff",2,10
"study2_210",21,"study2",2,"self","lower_own_payoff","higher_own_payoff",2,10
"study2_210",22,"study2",1,"self","higher_own_payoff","lower_own_payoff",2,10
"study2_210",22,"study2",2,"self","lower_own_payoff","lower_own_payoff",2,10
"study2_210",23,"study2",1,"self","higher_own_payoff","lower_own_payoff",2,10
"study2_210",23,"study2",2,"self","lower_own_payoff","lower_own_payoff",2,10
"study2_210",24,"study2",1,"self","lower_own_payoff","higher_own_payoff",1,0
"study2_211",1,"study2",1,"self","lower_own_payoff","lower_own_payoff",1,0
"study2_211",2,"study2",1,"self","lower_own_payoff","lower_own_payoff",2,10
"study2_211",2,"study2",2,"self","higher_own_payoff","lower_own_payoff",2,10
"study2_211",3,"study2",1,"self","lower_own_payoff","higher_own_payoff",1,0
"study2_211",4,"study2",1,"self","higher_own_payoff","higher_own_payoff",1,0
"study2_211",5,"study2",1,"self","higher_own_payoff","higher_own_payoff",1,0
"study2_211",6,"study2",1,"self","lower_own_payoff","higher_own_payoff",1,0
"study2_211",7,"study2",1,"self","lower_own_payoff","higher_own_payoff",1,0
"study2_211",8,"study2",1,"self","lower_own_payoff","lower_own_payoff",2,10
"study2_211",8,"study2",2,"self","higher_own_payoff","lower_own_payoff",2,10
"study2_211",9,"study2",1,"self","lower_own_payoff","higher_own_payoff",1,0
"study2_211",10,"study2",1,"self","lower_own_payoff","lower_own_payoff",2,10
"study2_211",10,"study2",2,"self","higher_own_payoff","lower_own_payoff",2,10
"study2_211",11,"study2",1,"self","lower_own_payoff","higher_own_payoff",4,30
"study2_211",11,"study2",2,"self","higher_own_payoff","higher_own_payoff",4,30
"study2_211",11,"study2",3,"self","lower_own_payoff","higher_own_payoff",4,30
"study2_211",11,"study2",4,"self","higher_own_payoff","higher_own_payoff",4,30
"study2_211",12,"study2",1,"self","lower_own_payoff","higher_own_payoff",2,10
"study2_211",12,"study2",2,"self","higher_own_payoff","higher_own_payoff",2,10
"study2_211",13,"study2",1,"self","lower_own_payoff","lower_own_payoff",1,0
"study2_211",14,"study2",1,"self","higher_own_payoff","higher_own_payoff",2,10
"study2_211",14,"study2",2,"self","lower_own_payoff","higher_own_payoff",2,10
"study2_211",15,"study2",1,"self","lower_own_payoff","higher_own_payoff",2,10
"study2_211",15,"study2",2,"self","higher_own_payoff","higher_own_payoff",2,10
"study2_211",16,"study2",1,"self","lower_own_payoff","higher_own_payoff",2,10
"study2_211",16,"study2",2,"self","higher_own_payoff","higher_own_payoff",2,10
"study2_211",17,"study2",1,"self","higher_own_payoff","higher_own_payoff",4,30
"study2_211",17,"study2",2,"self","lower_own_payoff","higher_own_payoff",4,30
"study2_211",17,"study2",3,"self","higher_own_payoff","higher_own_payoff",4,30
"study2_211",17,"study2",4,"self","lower_own_payoff","higher_own_payoff",4,30
"study2_211",18,"study2",1,"self","higher_own_payoff","higher_own_payoff",2,10
"study2_211",18,"study2",2,"self","lower_own_payoff","higher_own_payoff",2,10
"study2_211",19,"study2",1,"self","higher_own_payoff","higher_own_payoff",1,0
"study2_211",20,"study2",1,"self","higher_own_payoff","higher_own_payoff",1,0
"study2_211",21,"study2",1,"self","lower_own_payoff","higher_own_payoff",2,10
"study2_211",21,"study2",2,"self","higher_own_payoff","higher_own_payoff",2,10
"study2_211",22,"study2",1,"self","lower_own_payoff","higher_own_payoff",2,10
"study2_211",22,"study2",2,"self","higher_own_payoff","higher_own_payoff",2,10
"study2_211",23,"study2",1,"self","lower_own_payoff","lower_own_payoff",1,0
"study2_211",24,"study2",1,"self","lower_own_payoff","lower_own_payoff",4,30
"study2_211",24,"study2",2,"self","higher_own_payoff","lower_own_payoff",4,30
"study2_211",24,"study2",3,"self","lower_own_payoff","lower_own_payoff",4,30
"study2_211",24,"study2",4,"self","higher_own_payoff","lower_own_payoff",4,30
"study2_212",1,"study2",1,"self","lower_own_payoff","lower_own_payoff",2,10
"study2_212",1,"study2",2,"other","higher_own_payoff","lower_own_payoff",2,10
"study2_212",2,"study2",1,"self","lower_own_payoff","higher_own_payoff",2,10
"study2_212",2,"study2",2,"other","higher_own_payoff","higher_own_payoff",2,10
"study2_212",3,"study2",1,"self","higher_own_payoff","higher_own_payoff",3,20
"study2_212",3,"study2",2,"other","lower_own_payoff","higher_own_payoff",3,20
"study2_212",3,"study2",3,"self","lower_own_payoff","higher_own_payoff",3,20
"study2_212",4,"study2",1,"self","lower_own_payoff","lower_own_payoff",2,10
"study2_212",4,"study2",2,"other","higher_own_payoff","lower_own_payoff",2,10
"study2_212",5,"study2",1,"self","higher_own_payoff","lower_own_payoff",2,10
"study2_212",5,"study2",2,"other","lower_own_payoff","lower_own_payoff",2,10
"study2_212",6,"study2",1,"self","higher_own_payoff","higher_own_payoff",2,10
"study2_212",6,"study2",2,"self","lower_own_payoff","higher_own_payoff",2,10
"study2_212",7,"study2",1,"self","lower_own_payoff","lower_own_payoff",2,10
"study2_212",7,"study2",2,"other","higher_own_payoff","lower_own_payoff",2,10
"study2_212",8,"study2",1,"self","higher_own_payoff","higher_own_payoff",2,10
"study2_212",8,"study2",2,"self","lower_own_payoff","higher_own_payoff",2,10
"study2_212",9,"study2",1,"self","higher_own_payoff","higher_own_payoff",2,10
"study2_212",9,"study2",2,"other","lower_own_payoff","higher_own_payoff",2,10
"study2_212",10,"study2",1,"self","higher_own_payoff","lower_own_payoff",2,10
"study2_212",10,"study2",2,"self","lower_own_payoff","lower_own_payoff",2,10
"study2_212",11,"study2",1,"self","higher_own_payoff","higher_own_payoff",2,10
"study2_212",11,"study2",2,"self","lower_own_payoff","higher_own_payoff",2,10
"study2_212",12,"study2",1,"other","higher_own_payoff","lower_own_payoff",2,10
"study2_212",12,"study2",2,"self","lower_own_payoff","lower_own_payoff",2,10
"study2_212",13,"study2",1,"self","lower_own_payoff","higher_own_payoff",2,10
"study2_212",13,"study2",2,"self","higher_own_payoff","higher_own_payoff",2,10
"study2_212",14,"study2",1,"other","higher_own_payoff","lower_own_payoff",2,10
"study2_212",14,"study2",2,"other","lower_own_payoff","lower_own_payoff",2,10
"study2_212",15,"study2",1,"self","higher_own_payoff","higher_own_payoff",2,10
"study2_212",15,"study2",2,"other","lower_own_payoff","higher_own_payoff",2,10
"study2_212",16,"study2",1,"other","higher_own_payoff","lower_own_payoff",2,10
"study2_212",16,"study2",2,"self","lower_own_payoff","lower_own_payoff",2,10
"study2_212",17,"study2",1,"self","lower_own_payoff","lower_own_payoff",2,10
"study2_212",17,"study2",2,"other","higher_own_payoff","lower_own_payoff",2,10
"study2_212",18,"study2",1,"self","lower_own_payoff","higher_own_payoff",2,10
"study2_212",18,"study2",2,"other","higher_own_payoff","higher_own_payoff",2,10
"study2_212",19,"study2",1,"self","higher_own_payoff","higher_own_payoff",2,10
"study2_212",19,"study2",2,"other","higher_own_payoff","higher_own_payoff",2,10
"study2_212",20,"study2",1,"self","lower_own_payoff","lower_own_payoff",2,10
"study2_212",20,"study2",2,"self","higher_own_payoff","lower_own_payoff",2,10
"study2_212",21,"study2",1,"self","lower_own_payoff","lower_own_payoff",1,0
"study2_212",22,"study2",1,"self","higher_own_payoff","lower_own_payoff",2,10
"study2_212",22,"study2",2,"self","lower_own_payoff","lower_own_payoff",2,10
"study2_212",23,"study2",1,"other","higher_own_payoff","higher_own_payoff",2,10
"study2_212",23,"study2",2,"self","lower_own_payoff","higher_own_payoff",2,10
"study2_212",24,"study2",1,"self","higher_own_payoff","higher_own_payoff",1,0
"study2_213",1,"study2",1,"self","higher_own_payoff","higher_own_payoff",4,30
"study2_213",1,"study2",2,"self","higher_own_payoff","higher_own_payoff",4,30
"study2_213",1,"study2",3,"self","lower_own_payoff","higher_own_payoff",4,30
"study2_213",1,"study2",4,"self","lower_own_payoff","higher_own_payoff",4,30
"study2_213",2,"study2",1,"self","lower_own_payoff","higher_own_payoff",4,30
"study2_213",2,"study2",2,"self","lower_own_payoff","higher_own_payoff",4,30
"study2_213",2,"study2",3,"self","higher_own_payoff","higher_own_payoff",4,30
"study2_213",2,"study2",4,"self","higher_own_payoff","higher_own_payoff",4,30
"study2_213",3,"study2",1,"self","lower_own_payoff","higher_own_payoff",4,30
"study2_213",3,"study2",2,"self","lower_own_payoff","higher_own_payoff",4,30
"study2_213",3,"study2",3,"self","higher_own_payoff","higher_own_payoff",4,30
"study2_213",3,"study2",4,"self","higher_own_payoff","higher_own_payoff",4,30
"study2_213",4,"study2",1,"self","lower_own_payoff","lower_own_payoff",4,30
"study2_213",4,"study2",2,"self","lower_own_payoff","lower_own_payoff",4,30
"study2_213",4,"study2",3,"self","higher_own_payoff","lower_own_payoff",4,30
"study2_213",4,"study2",4,"self","higher_own_payoff","lower_own_payoff",4,30
"study2_213",5,"study2",1,"self","higher_own_payoff","higher_own_payoff",4,30
"study2_213",5,"study2",2,"self","higher_own_payoff","higher_own_payoff",4,30
"study2_213",5,"study2",3,"self","lower_own_payoff","higher_own_payoff",4,30
"study2_213",5,"study2",4,"self","lower_own_payoff","higher_own_payoff",4,30
"study2_213",6,"study2",1,"self","lower_own_payoff","higher_own_payoff",4,30
"study2_213",6,"study2",2,"self","lower_own_payoff","higher_own_payoff",4,30
"study2_213",6,"study2",3,"self","higher_own_payoff","higher_own_payoff",4,30
"study2_213",6,"study2",4,"self","higher_own_payoff","higher_own_payoff",4,30
"study2_213",7,"study2",1,"self","lower_own_payoff","higher_own_payoff",4,30
"study2_213",7,"study2",2,"self","lower_own_payoff","higher_own_payoff",4,30
"study2_213",7,"study2",3,"self","higher_own_payoff","higher_own_payoff",4,30
"study2_213",7,"study2",4,"self","higher_own_payoff","higher_own_payoff",4,30
"study2_213",8,"study2",1,"self","higher_own_payoff","lower_own_payoff",4,30
"study2_213",8,"study2",2,"self","higher_own_payoff","lower_own_payoff",4,30
"study2_213",8,"study2",3,"self","lower_own_payoff","lower_own_payoff",4,30
"study2_213",8,"study2",4,"self","lower_own_payoff","lower_own_payoff",4,30
"study2_213",9,"study2",1,"self","higher_own_payoff","lower_own_payoff",4,30
"study2_213",9,"study2",2,"self","higher_own_payoff","lower_own_payoff",4,30
"study2_213",9,"study2",3,"self","lower_own_payoff","lower_own_payoff",4,30
"study2_213",9,"study2",4,"self","lower_own_payoff","lower_own_payoff",4,30
"study2_213",10,"study2",1,"self","higher_own_payoff","higher_own_payoff",4,30
"study2_213",10,"study2",2,"self","higher_own_payoff","higher_own_payoff",4,30
"study2_213",10,"study2",3,"self","lower_own_payoff","higher_own_payoff",4,30
"study2_213",10,"study2",4,"self","lower_own_payoff","higher_own_payoff",4,30
"study2_213",11,"study2",1,"self","higher_own_payoff","higher_own_payoff",4,30
"study2_213",11,"study2",2,"self","higher_own_payoff","higher_own_payoff",4,30
"study2_213",11,"study2",3,"self","lower_own_payoff","higher_own_payoff",4,30
"study2_213",11,"study2",4,"self","lower_own_payoff","higher_own_payoff",4,30
"study2_213",12,"study2",1,"self","lower_own_payoff","lower_own_payoff",4,30
"study2_213",12,"study2",2,"self","lower_own_payoff","lower_own_payoff",4,30
"study2_213",12,"study2",3,"self","higher_own_payoff","lower_own_payoff",4,30
"study2_213",12,"study2",4,"self","higher_own_payoff","lower_own_payoff",4,30
"study2_213",13,"study2",1,"self","higher_own_payoff","lower_own_payoff",4,30
"study2_213",13,"study2",2,"self","higher_own_payoff","lower_own_payoff",4,30
"study2_213",13,"study2",3,"self","lower_own_payoff","lower_own_payoff",4,30
"study2_213",13,"study2",4,"self","lower_own_payoff","lower_own_payoff",4,30
"study2_213",14,"study2",1,"self","lower_own_payoff","higher_own_payoff",4,30
"study2_213",14,"study2",2,"self","lower_own_payoff","higher_own_payoff",4,30
"study2_213",14,"study2",3,"self","higher_own_payoff","higher_own_payoff",4,30
"study2_213",14,"study2",4,"self","higher_own_payoff","higher_own_payoff",4,30
"study2_213",15,"study2",1,"self","lower_own_payoff","lower_own_payoff",4,30
"study2_213",15,"study2",2,"self","lower_own_payoff","lower_own_payoff",4,30
"study2_213",15,"study2",3,"self","higher_own_payoff","lower_own_payoff",4,30
"study2_213",15,"study2",4,"self","higher_own_payoff","lower_own_payoff",4,30
"study2_213",16,"study2",1,"self","lower_own_payoff","higher_own_payoff",4,30
"study2_213",16,"study2",2,"self","lower_own_payoff","higher_own_payoff",4,30
"study2_213",16,"study2",3,"self","higher_own_payoff","higher_own_payoff",4,30
"study2_213",16,"study2",4,"self","higher_own_payoff","higher_own_payoff",4,30
"study2_213",17,"study2",1,"self","higher_own_payoff","lower_own_payoff",4,30
"study2_213",17,"study2",2,"self","higher_own_payoff","lower_own_payoff",4,30
"study2_213",17,"study2",3,"self","lower_own_payoff","lower_own_payoff",4,30
"study2_213",17,"study2",4,"self","lower_own_payoff","lower_own_payoff",4,30
"study2_213",18,"study2",1,"self","lower_own_payoff","lower_own_payoff",4,30
"study2_213",18,"study2",2,"self","lower_own_payoff","lower_own_payoff",4,30
"study2_213",18,"study2",3,"self","higher_own_payoff","lower_own_payoff",4,30
"study2_213",18,"study2",4,"self","higher_own_payoff","lower_own_payoff",4,30
"study2_213",19,"study2",1,"self","lower_own_payoff","lower_own_payoff",4,30
"study2_213",19,"study2",2,"self","lower_own_payoff","lower_own_payoff",4,30
"study2_213",19,"study2",3,"self","higher_own_payoff","lower_own_payoff",4,30
"study2_213",19,"study2",4,"self","higher_own_payoff","lower_own_payoff",4,30
"study2_213",20,"study2",1,"self","higher_own_payoff","higher_own_payoff",4,30
"study2_213",20,"study2",2,"self","higher_own_payoff","higher_own_payoff",4,30
"study2_213",20,"study2",3,"self","lower_own_payoff","higher_own_payoff",4,30
"study2_213",20,"study2",4,"self","lower_own_payoff","higher_own_payoff",4,30
"study2_213",21,"study2",1,"self","higher_own_payoff","higher_own_payoff",4,30
"study2_213",21,"study2",2,"self","higher_own_payoff","higher_own_payoff",4,30
"study2_213",21,"study2",3,"self","lower_own_payoff","higher_own_payoff",4,30
"study2_213",21,"study2",4,"self","lower_own_payoff","higher_own_payoff",4,30
"study2_213",22,"study2",1,"self","higher_own_payoff","lower_own_payoff",4,30
"study2_213",22,"study2",2,"self","higher_own_payoff","lower_own_payoff",4,30
"study2_213",22,"study2",3,"self","lower_own_payoff","lower_own_payoff",4,30
"study2_213",22,"study2",4,"self","lower_own_payoff","lower_own_payoff",4,30
"study2_213",23,"study2",1,"self","lower_own_payoff","lower_own_payoff",4,30
"study2_213",23,"study2",2,"self","lower_own_payoff","lower_own_payoff",4,30
"study2_213",23,"study2",3,"self","higher_own_payoff","lower_own_payoff",4,30
"study2_213",23,"study2",4,"self","higher_own_payoff","lower_own_payoff",4,30
"study2_213",24,"study2",1,"self","higher_own_payoff","lower_own_payoff",4,30
"study2_213",24,"study2",2,"self","higher_own_payoff","lower_own_payoff",4,30
"study2_213",24,"study2",3,"self","lower_own_payoff","lower_own_payoff",4,30
"study2_213",24,"study2",4,"self","lower_own_payoff","lower_own_payoff",4,30
"study2_214",1,"study2",1,"self","higher_own_payoff","higher_own_payoff",1,0
"study2_214",2,"study2",1,"self","higher_own_payoff","higher_own_payoff",1,0
"study2_214",3,"study2",1,"self","higher_own_payoff","higher_own_payoff",1,0
"study2_214",4,"study2",1,"self","higher_own_payoff","higher_own_payoff",1,0
"study2_214",5,"study2",1,"self","higher_own_payoff","higher_own_payoff",1,0
"study2_214",6,"study2",1,"self","higher_own_payoff","higher_own_payoff",1,0
"study2_214",7,"study2",1,"self","higher_own_payoff","higher_own_payoff",1,0
"study2_214",8,"study2",1,"self","higher_own_payoff","higher_own_payoff",1,0
"study2_214",9,"study2",1,"self","higher_own_payoff","higher_own_payoff",1,0
"study2_214",10,"study2",1,"self","higher_own_payoff","higher_own_payoff",1,0
"study2_214",11,"study2",1,"self","higher_own_payoff","higher_own_payoff",1,0
"study2_214",12,"study2",1,"self","higher_own_payoff","higher_own_payoff",1,0
"study2_214",13,"study2",1,"self","higher_own_payoff","higher_own_payoff",1,0
"study2_214",14,"study2",1,"self","higher_own_payoff","higher_own_payoff",1,0
"study2_214",15,"study2",1,"self","higher_own_payoff","higher_own_payoff",1,0
"study2_214",16,"study2",1,"self","higher_own_payoff","higher_own_payoff",1,0
"study2_214",17,"study2",1,"self","higher_own_payoff","higher_own_payoff",1,0
"study2_214",18,"study2",1,"self","higher_own_payoff","higher_own_payoff",1,0
"study2_214",19,"study2",1,"self","higher_own_payoff","higher_own_payoff",1,0
"study2_214",20,"study2",1,"self","higher_own_payoff","higher_own_payoff",1,0
"study2_214",21,"study2",1,"self","higher_own_payoff","higher_own_payoff",1,0
"study2_214",22,"study2",1,"self","higher_own_payoff","higher_own_payoff",1,0
"study2_214",23,"study2",1,"self","higher_own_payoff","higher_own_payoff",1,0
"study2_214",24,"study2",1,"self","higher_own_payoff","higher_own_payoff",1,0
"study2_215",1,"study2",1,"self","lower_own_payoff","higher_own_payoff",2,10
"study2_215",1,"study2",2,"self","higher_own_payoff","higher_own_payoff",2,10
"study2_215",2,"study2",1,"self","lower_own_payoff","lower_own_payoff",2,10
"study2_215",2,"study2",2,"self","higher_own_payoff","lower_own_payoff",2,10
"study2_215",3,"study2",1,"self","higher_own_payoff","higher_own_payoff",1,0
"study2_215",4,"study2",1,"other","higher_own_payoff","higher_own_payoff",1,0
"study2_215",5,"study2",1,"self","higher_own_payoff","higher_own_payoff",2,10
"study2_215",5,"study2",2,"self","higher_own_payoff","higher_own_payoff",2,10
"study2_215",6,"study2",1,"other","higher_own_payoff","higher_own_payoff",1,0
"study2_215",7,"study2",1,"self","higher_own_payoff","higher_own_payoff",1,0
"study2_215",8,"study2",1,"other","higher_own_payoff","higher_own_payoff",1,0
"study2_215",9,"study2",1,"other","lower_own_payoff","lower_own_payoff",1,0
"study2_215",10,"study2",1,"self","lower_own_payoff","lower_own_payoff",1,0
"study2_215",11,"study2",1,"self","lower_own_payoff","higher_own_payoff",1,0
"study2_215",12,"study2",1,"other","higher_own_payoff","higher_own_payoff",1,0
"study2_215",13,"study2",1,"self","higher_own_payoff","higher_own_payoff",1,0
"study2_215",14,"study2",1,"other","lower_own_payoff","lower_own_payoff",1,0
"study2_215",15,"study2",1,"other","higher_own_payoff","higher_own_payoff",2,10
"study2_215",15,"study2",2,"self","higher_own_payoff","higher_own_payoff",2,10
"study2_215",16,"study2",1,"other","higher_own_payoff","higher_own_payoff",2,10
"study2_215",16,"study2",2,"self","higher_own_payoff","higher_own_payoff",2,10
"study2_215",17,"study2",1,"other","lower_own_payoff","higher_own_payoff",1,0
"study2_215",18,"study2",1,"self","lower_own_payoff","lower_own_payoff",1,0
"study2_215",19,"study2",1,"other","higher_own_payoff","higher_own_payoff",1,0
"study2_215",20,"study2",1,"other","higher_own_payoff","higher_own_payoff",2,10
"study2_215",20,"study2",2,"self","higher_own_payoff","higher_own_payoff",2,10
"study2_215",21,"study2",1,"self","lower_own_payoff","lower_own_payoff",1,0
"study2_215",22,"study2",1,"self","lower_own_payoff","lower_own_payoff",3,20
"study2_215",22,"study2",2,"self","lower_own_payoff","lower_own_payoff",3,20
"study2_215",22,"study2",3,"self","higher_own_payoff","lower_own_payoff",3,20
"study2_215",23,"study2",1,"self","higher_own_payoff","lower_own_payoff",2,10
"study2_215",23,"study2",2,"self","lower_own_payoff","lower_own_payoff",2,10
"study2_215",24,"study2",1,"other","lower_own_payoff","lower_own_payoff",1,0
"study2_216",1,"study2",1,"self","lower_own_payoff","lower_own_payoff",1,0
"study2_216",2,"study2",1,"self","higher_own_payoff","higher_own_payoff",1,0
"study2_216",3,"study2",1,"self","higher_own_payoff","higher_own_payoff",1,0
"study2_216",4,"study2",1,"other","lower_own_payoff","lower_own_payoff",1,0
"study2_216",5,"study2",1,"self","higher_own_payoff","higher_own_payoff",1,0
"study2_216",6,"study2",1,"other","higher_own_payoff","higher_own_payoff",1,0
"study2_216",7,"study2",1,"self","higher_own_payoff","higher_own_payoff",1,0
"study2_216",8,"study2",1,"self","higher_own_payoff","higher_own_payoff",1,0
"study2_216",9,"study2",1,"self","lower_own_payoff","lower_own_payoff",1,0
"study2_216",10,"study2",1,"self","lower_own_payoff","lower_own_payoff",1,0
"study2_216",11,"study2",1,"other","lower_own_payoff","lower_own_payoff",1,0
"study2_216",12,"study2",1,"self","higher_own_payoff","higher_own_payoff",1,0
"study2_216",13,"study2",1,"self","higher_own_payoff","higher_own_payoff",1,0
"study2_216",14,"study2",1,"other","lower_own_payoff","lower_own_payoff",1,0
"study2_216",15,"study2",1,"self","higher_own_payoff","higher_own_payoff",1,0
"study2_216",16,"study2",1,"self","higher_own_payoff","higher_own_payoff",1,0
"study2_216",17,"study2",1,"self","higher_own_payoff","higher_own_payoff",1,0
"study2_216",18,"study2",1,"self","higher_own_payoff","higher_own_payoff",1,0
"study2_216",19,"study2",1,"self","higher_own_payoff","higher_own_payoff",1,0
"study2_216",20,"study2",1,"self","lower_own_payoff","lower_own_payoff",1,0
"study2_216",21,"study2",1,"self","lower_own_payoff","lower_own_payoff",1,0
"study2_216",22,"study2",1,"self","lower_own_payoff","lower_own_payoff",1,0
"study2_216",23,"study2",1,"self","higher_own_payoff","higher_own_payoff",1,0
"study2_216",24,"study2",1,"self","lower_own_payoff","lower_own_payoff",1,0
"study2_217",1,"study2",1,"self","higher_own_payoff","lower_own_payoff",1,0
"study2_217",2,"study2",1,"self","higher_own_payoff","higher_own_payoff",1,0
"study2_217",3,"study2",1,"self","lower_own_payoff","higher_own_payoff",2,10
"study2_217",3,"study2",2,"self","higher_own_payoff","higher_own_payoff",2,10
"study2_217",4,"study2",1,"self","higher_own_payoff","higher_own_payoff",1,0
"study2_217",5,"study2",1,"self","higher_own_payoff","lower_own_payoff",2,10
"study2_217",5,"study2",2,"self","lower_own_payoff","lower_own_payoff",2,10
"study2_217",6,"study2",1,"self","lower_own_payoff","higher_own_payoff",2,10
"study2_217",6,"study2",2,"self","higher_own_payoff","higher_own_payoff",2,10
"study2_217",7,"study2",1,"self","higher_own_payoff","lower_own_payoff",2,10
"study2_217",7,"study2",2,"self","lower_own_payoff","lower_own_payoff",2,10
"study2_217",8,"study2",1,"self","higher_own_payoff","higher_own_payoff",2,10
"study2_217",8,"study2",2,"self","lower_own_payoff","higher_own_payoff",2,10
"study2_217",9,"study2",1,"self","higher_own_payoff","higher_own_payoff",1,0
"study2_217",10,"study2",1,"self","higher_own_payoff","higher_own_payoff",2,10
"study2_217",10,"study2",2,"self","lower_own_payoff","higher_own_payoff",2,10
"study2_217",11,"study2",1,"self","higher_own_payoff","higher_own_payoff",1,0
"study2_217",12,"study2",1,"self","higher_own_payoff","lower_own_payoff",2,10
"study2_217",12,"study2",2,"self","lower_own_payoff","lower_own_payoff",2,10
"study2_217",13,"study2",1,"self","higher_own_payoff","higher_own_payoff",2,10
"study2_217",13,"study2",2,"self","lower_own_payoff","higher_own_payoff",2,10
"study2_217",14,"study2",1,"self","higher_own_payoff","higher_own_payoff",1,0
"study2_217",15,"study2",1,"self","higher_own_payoff","higher_own_payoff",1,0
"study2_217",16,"study2",1,"self","higher_own_payoff","higher_own_payoff",1,0
"study2_217",17,"study2",1,"self","higher_own_payoff","higher_own_payoff",1,0
"study2_217",18,"study2",1,"self","higher_own_payoff","higher_own_payoff",2,10
"study2_217",18,"study2",2,"self","higher_own_payoff","higher_own_payoff",2,10
"study2_217",19,"study2",1,"self","higher_own_payoff","higher_own_payoff",1,0
"study2_217",20,"study2",1,"self","higher_own_payoff","higher_own_payoff",1,0
"study2_217",21,"study2",1,"self","higher_own_payoff","higher_own_payoff",1,0
"study2_217",22,"study2",1,"self","higher_own_payoff","higher_own_payoff",1,0
"study2_217",23,"study2",1,"self","higher_own_payoff","higher_own_payoff",2,10
"study2_217",23,"study2",2,"self","lower_own_payoff","higher_own_payoff",2,10
"study2_217",24,"study2",1,"self","higher_own_payoff","higher_own_payoff",1,0
"study2_218",1,"study2",1,"self","higher_own_payoff","lower_own_payoff",2,10
"study2_218",1,"study2",2,"self","higher_own_payoff","lower_own_payoff",2,10
"study2_218",2,"study2",1,"self","higher_own_payoff","lower_own_payoff",1,0
"study2_218",3,"study2",1,"self","higher_own_payoff","higher_own_payoff",2,10
"study2_218",3,"study2",2,"self","higher_own_payoff","higher_own_payoff",2,10
"study2_218",4,"study2",1,"self","higher_own_payoff","higher_own_payoff",1,0
"study2_218",5,"study2",1,"self","higher_own_payoff","higher_own_payoff",1,0
"study2_218",6,"study2",1,"self","higher_own_payoff","higher_own_payoff",1,0
"study2_218",7,"study2",1,"self","higher_own_payoff","higher_own_payoff",1,0
"study2_218",8,"study2",1,"self","higher_own_payoff","higher_own_payoff",1,0
"study2_218",9,"study2",1,"self","higher_own_payoff","higher_own_payoff",1,0
"study2_218",10,"study2",1,"self","higher_own_payoff","higher_own_payoff",1,0
"study2_218",11,"study2",1,"self","higher_own_payoff","higher_own_payoff",1,0
"study2_218",12,"study2",1,"self","higher_own_payoff","lower_own_payoff",1,0
"study2_218",13,"study2",1,"self","lower_own_payoff","lower_own_payoff",1,0
"study2_218",14,"study2",1,"self","higher_own_payoff","higher_own_payoff",1,0
"study2_218",15,"study2",1,"self","higher_own_payoff","higher_own_payoff",1,0
"study2_218",16,"study2",1,"self","higher_own_payoff","higher_own_payoff",1,0
"study2_218",17,"study2",1,"self","higher_own_payoff","higher_own_payoff",1,0
"study2_218",18,"study2",1,"self","higher_own_payoff","higher_own_payoff",1,0
"study2_218",19,"study2",1,"self","higher_own_payoff","higher_own_payoff",1,0
"study2_218",20,"study2",1,"self","higher_own_payoff","higher_own_payoff",1,0
"study2_218",21,"study2",1,"self","higher_own_payoff","higher_own_payoff",1,0
"study2_218",22,"study2",1,"self","higher_own_payoff","higher_own_payoff",1,0
"study2_218",23,"study2",1,"self","higher_own_payoff","higher_own_payoff",1,0
"study2_218",24,"study2",1,"self","higher_own_payoff","higher_own_payoff",1,0
"study2_219",1,"study2",1,"self","higher_own_payoff","higher_own_payoff",1,0
"study2_219",2,"study2",1,"self","higher_own_payoff","higher_own_payoff",1,0
"study2_219",3,"study2",1,"self","higher_own_payoff","higher_own_payoff",1,0
"study2_219",4,"study2",1,"self","higher_own_payoff","higher_own_payoff",1,0
"study2_219",5,"study2",1,"self","higher_own_payoff","lower_own_payoff",1,0
"study2_219",6,"study2",1,"self","higher_own_payoff","higher_own_payoff",1,0
"study2_219",7,"study2",1,"self","higher_own_payoff","higher_own_payoff",1,0
"study2_219",8,"study2",1,"self","higher_own_payoff","higher_own_payoff",1,0
"study2_219",9,"study2",1,"self","higher_own_payoff","higher_own_payoff",1,0
"study2_219",10,"study2",1,"self","higher_own_payoff","higher_own_payoff",1,0
"study2_219",11,"study2",1,"other","lower_own_payoff","higher_own_payoff",1,0
"study2_219",12,"study2",1,"self","higher_own_payoff","higher_own_payoff",1,0
"study2_219",13,"study2",1,"self","higher_own_payoff","higher_own_payoff",1,0
"study2_219",14,"study2",1,"self","higher_own_payoff","higher_own_payoff",1,0
"study2_219",15,"study2",1,"self","higher_own_payoff","higher_own_payoff",1,0
"study2_219",16,"study2",1,"self","higher_own_payoff","higher_own_payoff",1,0
"study2_219",17,"study2",1,"self","higher_own_payoff","higher_own_payoff",1,0
"study2_219",18,"study2",1,"self","higher_own_payoff","higher_own_payoff",1,0
"study2_219",19,"study2",1,"self","higher_own_payoff","higher_own_payoff",1,0
"study2_219",20,"study2",1,"self","higher_own_payoff","higher_own_payoff",1,0
"study2_219",21,"study2",1,"self","higher_own_payoff","higher_own_payoff",1,0
"study2_219",22,"study2",1,"self","higher_own_payoff","higher_own_payoff",1,0
"study2_219",23,"study2",1,"self","higher_own_payoff","higher_own_payoff",1,0
"study2_219",24,"study2",1,"self","higher_own_payoff","higher_own_payoff",1,0
"study2_22",1,"study2",1,"self","lower_own_payoff","higher_own_payoff",1,0
"study2_22",2,"study2",1,"self","lower_own_payoff","higher_own_payoff",1,0
"study2_22",3,"study2",1,"self","higher_own_payoff","lower_own_payoff",1,0
"study2_22",4,"study2",1,"self","lower_own_payoff","lower_own_payoff",1,0
"study2_22",5,"study2",1,"self","higher_own_payoff","higher_own_payoff",1,0
"study2_22",6,"study2",1,"self","higher_own_payoff","higher_own_payoff",1,0
"study2_22",7,"study2",1,"self","lower_own_payoff","lower_own_payoff",1,0
"study2_22",8,"study2",1,"self","lower_own_payoff","lower_own_payoff",1,0
"study2_22",9,"study2",1,"self","higher_own_payoff","lower_own_payoff",2,10
"study2_22",9,"study2",2,"self","lower_own_payoff","lower_own_payoff",2,10
"study2_22",10,"study2",1,"self","lower_own_payoff","lower_own_payoff",1,0
"study2_22",11,"study2",1,"other","lower_own_payoff","lower_own_payoff",1,0
"study2_22",12,"study2",1,"self","higher_own_payoff","higher_own_payoff",2,10
"study2_22",12,"study2",2,"self","lower_own_payoff","higher_own_payoff",2,10
"study2_22",13,"study2",1,"self","higher_own_payoff","higher_own_payoff",1,0
"study2_22",14,"study2",1,"self","lower_own_payoff","higher_own_payoff",1,0
"study2_22",15,"study2",1,"self","higher_own_payoff","lower_own_payoff",2,10
"study2_22",15,"study2",2,"self","higher_own_payoff","lower_own_payoff",2,10
"study2_22",16,"study2",1,"self","higher_own_payoff","higher_own_payoff",1,0
"study2_22",17,"study2",1,"self","lower_own_payoff","higher_own_payoff",1,0
"study2_22",18,"study2",1,"self","higher_own_payoff","higher_own_payoff",1,0
"study2_22",19,"study2",1,"self","lower_own_payoff","higher_own_payoff",1,0
"study2_22",20,"study2",1,"self","lower_own_payoff","higher_own_payoff",1,0
"study2_22",21,"study2",1,"self","lower_own_payoff","higher_own_payoff",1,0
"study2_22",22,"study2",1,"self","lower_own_payoff","lower_own_payoff",1,0
"study2_22",23,"study2",1,"self","higher_own_payoff","higher_own_payoff",1,0
"study2_22",24,"study2",1,"self","higher_own_payoff","higher_own_payoff",1,0
"study2_220",1,"study2",1,"self","lower_own_payoff","lower_own_payoff",1,0
"study2_220",2,"study2",1,"self","lower_own_payoff","lower_own_payoff",1,0
"study2_220",3,"study2",1,"self","lower_own_payoff","higher_own_payoff",1,0
"study2_220",4,"study2",1,"self","higher_own_payoff","higher_own_payoff",1,0
"study2_220",5,"study2",1,"self","higher_own_payoff","higher_own_payoff",1,0
"study2_220",6,"study2",1,"self","higher_own_payoff","higher_own_payoff",1,0
"study2_220",7,"study2",1,"self","lower_own_payoff","lower_own_payoff",1,0
"study2_220",8,"study2",1,"self","higher_own_payoff","higher_own_payoff",1,0
"study2_220",9,"study2",1,"self","higher_own_payoff","higher_own_payoff",1,0
"study2_220",10,"study2",1,"self","lower_own_payoff","higher_own_payoff",1,0
"study2_220",11,"study2",1,"self","lower_own_payoff","lower_own_payoff",1,0
"study2_220",12,"study2",1,"self","lower_own_payoff","lower_own_payoff",1,0
"study2_220",13,"study2",1,"self","higher_own_payoff","lower_own_payoff",1,0
"study2_220",14,"study2",1,"self","higher_own_payoff","higher_own_payoff",1,0
"study2_220",15,"study2",1,"self","higher_own_payoff","lower_own_payoff",1,0
"study2_220",16,"study2",1,"self","lower_own_payoff","lower_own_payoff",1,0
"study2_220",17,"study2",1,"self","lower_own_payoff","lower_own_payoff",1,0
"study2_220",18,"study2",1,"other","higher_own_payoff","higher_own_payoff",1,0
"study2_220",19,"study2",1,"other","lower_own_payoff","lower_own_payoff",1,0
"study2_220",20,"study2",1,"self","higher_own_payoff","higher_own_payoff",1,0
"study2_220",21,"study2",1,"self","higher_own_payoff","higher_own_payoff",1,0
"study2_220",22,"study2",1,"self","lower_own_payoff","higher_own_payoff",1,0
"study2_220",23,"study2",1,"self","higher_own_payoff","higher_own_payoff",1,0
"study2_220",24,"study2",1,"self","higher_own_payoff","higher_own_payoff",1,0
"study2_221",1,"study2",1,"self","higher_own_payoff","higher_own_payoff",1,0
"study2_221",2,"study2",1,"self","higher_own_payoff","higher_own_payoff",2,10
"study2_221",2,"study2",2,"self","lower_own_payoff","higher_own_payoff",2,10
"study2_221",3,"study2",1,"self","lower_own_payoff","higher_own_payoff",1,0
"study2_221",4,"study2",1,"self","higher_own_payoff","higher_own_payoff",1,0
"study2_221",5,"study2",1,"self","higher_own_payoff","higher_own_payoff",1,0
"study2_221",6,"study2",1,"self","higher_own_payoff","higher_own_payoff",1,0
"study2_221",7,"study2",1,"self","higher_own_payoff","higher_own_payoff",1,0
"study2_221",8,"study2",1,"self","lower_own_payoff","lower_own_payoff",1,0
"study2_221",9,"study2",1,"self","higher_own_payoff","higher_own_payoff",1,0
"study2_221",10,"study2",1,"self","higher_own_payoff","higher_own_payoff",1,0
"study2_221",11,"study2",1,"self","higher_own_payoff","higher_own_payoff",1,0
"study2_221",12,"study2",1,"self","higher_own_payoff","higher_own_payoff",1,0
"study2_221",13,"study2",1,"self","lower_own_payoff","higher_own_payoff",1,0
"study2_221",14,"study2",1,"self","higher_own_payoff","higher_own_payoff",1,0
"study2_221",15,"study2",1,"self","higher_own_payoff","higher_own_payoff",1,0
"study2_221",16,"study2",1,"self","higher_own_payoff","higher_own_payoff",1,0
"study2_221",17,"study2",1,"self","higher_own_payoff","lower_own_payoff",1,0
"study2_221",18,"study2",1,"self","higher_own_payoff","higher_own_payoff",1,0
"study2_221",19,"study2",1,"self","higher_own_payoff","higher_own_payoff",1,0
"study2_221",20,"study2",1,"self","higher_own_payoff","higher_own_payoff",1,0
"study2_221",21,"study2",1,"self","lower_own_payoff","higher_own_payoff",1,0
"study2_221",22,"study2",1,"self","lower_own_payoff","lower_own_payoff",1,0
"study2_221",23,"study2",1,"self","higher_own_payoff","higher_own_payoff",1,0
"study2_221",24,"study2",1,"self","higher_own_payoff","higher_own_payoff",1,0
"study2_223",1,"study2",1,"self","higher_own_payoff","higher_own_payoff",1,0
"study2_223",2,"study2",1,"self","higher_own_payoff","higher_own_payoff",1,0
"study2_223",3,"study2",1,"self","higher_own_payoff","higher_own_payoff",1,0
"study2_223",4,"study2",1,"self","lower_own_payoff","lower_own_payoff",1,0
"study2_223",5,"study2",1,"self","higher_own_payoff","higher_own_payoff",1,0
"study2_223",6,"study2",1,"self","higher_own_payoff","higher_own_payoff",1,0
"study2_223",7,"study2",1,"self","lower_own_payoff","lower_own_payoff",1,0
"study2_223",8,"study2",1,"self","higher_own_payoff","higher_own_payoff",1,0
"study2_223",9,"study2",1,"self","lower_own_payoff","lower_own_payoff",1,0
"study2_223",10,"study2",1,"self","lower_own_payoff","higher_own_payoff",1,0
"study2_223",11,"study2",1,"self","higher_own_payoff","higher_own_payoff",1,0
"study2_223",12,"study2",1,"self","higher_own_payoff","higher_own_payoff",1,0
"study2_223",13,"study2",1,"self","lower_own_payoff","lower_own_payoff",1,0
"study2_223",14,"study2",1,"self","lower_own_payoff","lower_own_payoff",1,0
"study2_223",15,"study2",1,"self","lower_own_payoff","lower_own_payoff",1,0
"study2_223",16,"study2",1,"self","higher_own_payoff","higher_own_payoff",1,0
"study2_223",17,"study2",1,"self","higher_own_payoff","lower_own_payoff",1,0
"study2_223",18,"study2",1,"self","higher_own_payoff","higher_own_payoff",1,0
"study2_223",19,"study2",1,"self","higher_own_payoff","higher_own_payoff",1,0
"study2_223",20,"study2",1,"self","higher_own_payoff","higher_own_payoff",1,0
"study2_223",21,"study2",1,"self","lower_own_payoff","higher_own_payoff",1,0
"study2_223",22,"study2",1,"self","lower_own_payoff","lower_own_payoff",1,0
"study2_223",23,"study2",1,"self","higher_own_payoff","higher_own_payoff",1,0
"study2_223",24,"study2",1,"self","lower_own_payoff","higher_own_payoff",1,0
"study2_224",1,"study2",1,"other","higher_own_payoff","lower_own_payoff",1,0
"study2_224",2,"study2",1,"self","lower_own_payoff","higher_own_payoff",1,0
"study2_224",3,"study2",1,"other","higher_own_payoff","higher_own_payoff",1,0
"study2_224",4,"study2",1,"other","higher_own_payoff","higher_own_payoff",1,0
"study2_224",5,"study2",1,"self","lower_own_payoff","higher_own_payoff",1,0
"study2_224",6,"study2",1,"self","lower_own_payoff","lower_own_payoff",1,0
"study2_224",7,"study2",1,"other","higher_own_payoff","higher_own_payoff",1,0
"study2_224",8,"study2",1,"other","higher_own_payoff","higher_own_payoff",1,0
"study2_224",9,"study2",1,"self","lower_own_payoff","lower_own_payoff",1,0
"study2_224",10,"study2",1,"other","higher_own_payoff","higher_own_payoff",1,0
"study2_224",11,"study2",1,"other","higher_own_payoff","higher_own_payoff",1,0
"study2_224",12,"study2",1,"self","lower_own_payoff","lower_own_payoff",1,0
"study2_224",13,"study2",1,"self","lower_own_payoff","higher_own_payoff",1,0
"study2_224",14,"study2",1,"other","higher_own_payoff","higher_own_payoff",1,0
"study2_224",15,"study2",1,"self","higher_own_payoff","higher_own_payoff",1,0
"study2_224",16,"study2",1,"self","lower_own_payoff","lower_own_payoff",1,0
"study2_224",17,"study2",1,"self","lower_own_payoff","lower_own_payoff",1,0
"study2_224",18,"study2",1,"other","higher_own_payoff","higher_own_payoff",1,0
"study2_224",19,"study2",1,"self","lower_own_payoff","lower_own_payoff",1,0
"study2_224",20,"study2",1,"other","higher_own_payoff","higher_own_payoff",1,0
"study2_224",21,"study2",1,"other","higher_own_payoff","higher_own_payoff",1,0
"study2_224",22,"study2",1,"self","lower_own_payoff","higher_own_payoff",1,0
"study2_224",23,"study2",1,"self","lower_own_payoff","lower_own_payoff",1,0
"study2_224",24,"study2",1,"self","lower_own_payoff","lower_own_payoff",1,0
"study2_228",1,"study2",1,"self","lower_own_payoff","lower_own_payoff",1,0
"study2_228",2,"study2",1,"self","higher_own_payoff","lower_own_payoff",1,0
"study2_228",3,"study2",1,"self","lower_own_payoff","lower_own_payoff",1,0
"study2_228",4,"study2",1,"self","higher_own_payoff","higher_own_payoff",1,0
"study2_228",5,"study2",1,"self","higher_own_payoff","higher_own_payoff",1,0
"study2_228",6,"study2",1,"self","lower_own_payoff","higher_own_payoff",1,0
"study2_228",7,"study2",1,"self","lower_own_payoff","higher_own_payoff",1,0
"study2_228",8,"study2",1,"self","higher_own_payoff","higher_own_payoff",1,0
"study2_228",9,"study2",1,"self","higher_own_payoff","higher_own_payoff",1,0
"study2_228",10,"study2",1,"self","higher_own_payoff","lower_own_payoff",1,0
"study2_228",11,"study2",1,"self","lower_own_payoff","higher_own_payoff",1,0
"study2_228",12,"study2",1,"self","higher_own_payoff","higher_own_payoff",1,0
"study2_228",13,"study2",1,"self","higher_own_payoff","higher_own_payoff",1,0
"study2_228",14,"study2",1,"self","higher_own_payoff","higher_own_payoff",1,0
"study2_228",15,"study2",1,"self","higher_own_payoff","higher_own_payoff",1,0
"study2_228",16,"study2",1,"self","higher_own_payoff","higher_own_payoff",1,0
"study2_228",17,"study2",1,"self","higher_own_payoff","higher_own_payoff",1,0
"study2_228",18,"study2",1,"self","higher_own_payoff","lower_own_payoff",1,0
"study2_228",19,"study2",1,"self","higher_own_payoff","higher_own_payoff",1,0
"study2_228",20,"study2",1,"self","higher_own_payoff","higher_own_payoff",1,0
"study2_228",21,"study2",1,"self","higher_own_payoff","higher_own_payoff",1,0
"study2_228",22,"study2",1,"other","higher_own_payoff","higher_own_payoff",1,0
"study2_228",23,"study2",1,"self","higher_own_payoff","higher_own_payoff",1,0
"study2_228",24,"study2",1,"self","higher_own_payoff","higher_own_payoff",2,10
"study2_228",24,"study2",2,"self","higher_own_payoff","higher_own_payoff",2,10
"study2_229",1,"study2",1,"self","higher_own_payoff","higher_own_payoff",4,30
"study2_229",1,"study2",2,"self","higher_own_payoff","higher_own_payoff",4,30
"study2_229",1,"study2",3,"self","lower_own_payoff","higher_own_payoff",4,30
"study2_229",1,"study2",4,"self","lower_own_payoff","higher_own_payoff",4,30
"study2_229",2,"study2",1,"self","lower_own_payoff","higher_own_payoff",3,20
"study2_229",2,"study2",2,"self","lower_own_payoff","higher_own_payoff",3,20
"study2_229",2,"study2",3,"self","higher_own_payoff","higher_own_payoff",3,20
"study2_229",3,"study2",1,"self","lower_own_payoff","lower_own_payoff",3,20
"study2_229",3,"study2",2,"self","lower_own_payoff","lower_own_payoff",3,20
"study2_229",3,"study2",3,"self","higher_own_payoff","lower_own_payoff",3,20
"study2_229",4,"study2",1,"self","lower_own_payoff","lower_own_payoff",4,30
"study2_229",4,"study2",2,"self","lower_own_payoff","lower_own_payoff",4,30
"study2_229",4,"study2",3,"self","higher_own_payoff","lower_own_payoff",4,30
"study2_229",4,"study2",4,"self","higher_own_payoff","lower_own_payoff",4,30
"study2_229",5,"study2",1,"self","higher_own_payoff","higher_own_payoff",4,30
"study2_229",5,"study2",2,"self","lower_own_payoff","higher_own_payoff",4,30
"study2_229",5,"study2",3,"self","lower_own_payoff","higher_own_payoff",4,30
"study2_229",5,"study2",4,"self","higher_own_payoff","higher_own_payoff",4,30
"study2_229",6,"study2",1,"self","lower_own_payoff","lower_own_payoff",4,30
"study2_229",6,"study2",2,"self","higher_own_payoff","lower_own_payoff",4,30
"study2_229",6,"study2",3,"self","lower_own_payoff","lower_own_payoff",4,30
"study2_229",6,"study2",4,"self","higher_own_payoff","lower_own_payoff",4,30
"study2_229",7,"study2",1,"self","lower_own_payoff","higher_own_payoff",4,30
"study2_229",7,"study2",2,"self","higher_own_payoff","higher_own_payoff",4,30
"study2_229",7,"study2",3,"self","higher_own_payoff","higher_own_payoff",4,30
"study2_229",7,"study2",4,"self","lower_own_payoff","higher_own_payoff",4,30
"study2_229",8,"study2",1,"self","higher_own_payoff","higher_own_payoff",3,20
"study2_229",8,"study2",2,"self","lower_own_payoff","higher_own_payoff",3,20
"study2_229",8,"study2",3,"self","higher_own_payoff","higher_own_payoff",3,20
"study2_229",9,"study2",1,"self","higher_own_payoff","higher_own_payoff",4,30
"study2_229",9,"study2",2,"self","higher_own_payoff","higher_own_payoff",4,30
"study2_229",9,"study2",3,"self","lower_own_payoff","higher_own_payoff",4,30
"study2_229",9,"study2",4,"self","lower_own_payoff","higher_own_payoff",4,30
"study2_229",10,"study2",1,"self","higher_own_payoff","lower_own_payoff",4,30
"study2_229",10,"study2",2,"self","lower_own_payoff","lower_own_payoff",4,30
"study2_229",10,"study2",3,"self","lower_own_payoff","lower_own_payoff",4,30
"study2_229",10,"study2",4,"self","higher_own_payoff","lower_own_payoff",4,30
"study2_229",11,"study2",1,"self","higher_own_payoff","higher_own_payoff",4,30
"study2_229",11,"study2",2,"self","higher_own_payoff","higher_own_payoff",4,30
"study2_229",11,"study2",3,"self","lower_own_payoff","higher_own_payoff",4,30
"study2_229",11,"study2",4,"self","lower_own_payoff","higher_own_payoff",4,30
"study2_229",12,"study2",1,"self","higher_own_payoff","higher_own_payoff",4,30
"study2_229",12,"study2",2,"self","higher_own_payoff","higher_own_payoff",4,30
"study2_229",12,"study2",3,"self","lower_own_payoff","higher_own_payoff",4,30
"study2_229",12,"study2",4,"self","lower_own_payoff","higher_own_payoff",4,30
"study2_229",13,"study2",1,"self","lower_own_payoff","lower_own_payoff",4,30
"study2_229",13,"study2",2,"self","lower_own_payoff","lower_own_payoff",4,30
"study2_229",13,"study2",3,"self","higher_own_payoff","lower_own_payoff",4,30
"study2_229",13,"study2",4,"self","higher_own_payoff","lower_own_payoff",4,30
"study2_229",14,"study2",1,"self","lower_own_payoff","higher_own_payoff",4,30
"study2_229",14,"study2",2,"self","lower_own_payoff","higher_own_payoff",4,30
"study2_229",14,"study2",3,"self","higher_own_payoff","higher_own_payoff",4,30
"study2_229",14,"study2",4,"self","higher_own_payoff","higher_own_payoff",4,30
"study2_229",15,"study2",1,"self","lower_own_payoff","higher_own_payoff",3,20
"study2_229",15,"study2",2,"self","lower_own_payoff","higher_own_payoff",3,20
"study2_229",15,"study2",3,"self","higher_own_payoff","higher_own_payoff",3,20
"study2_229",16,"study2",1,"self","lower_own_payoff","lower_own_payoff",4,30
"study2_229",16,"study2",2,"self","lower_own_payoff","lower_own_payoff",4,30
"study2_229",16,"study2",3,"self","higher_own_payoff","lower_own_payoff",4,30
"study2_229",16,"study2",4,"self","higher_own_payoff","lower_own_payoff",4,30
"study2_229",17,"study2",1,"self","lower_own_payoff","higher_own_payoff",2,10
"study2_229",17,"study2",2,"self","lower_own_payoff","higher_own_payoff",2,10
"study2_229",18,"study2",1,"self","higher_own_payoff","higher_own_payoff",4,30
"study2_229",18,"study2",2,"self","higher_own_payoff","higher_own_payoff",4,30
"study2_229",18,"study2",3,"self","lower_own_payoff","higher_own_payoff",4,30
"study2_229",18,"study2",4,"self","lower_own_payoff","higher_own_payoff",4,30
"study2_229",19,"study2",1,"self","lower_own_payoff","lower_own_payoff",4,30
"study2_229",19,"study2",2,"self","lower_own_payoff","lower_own_payoff",4,30
"study2_229",19,"study2",3,"self","higher_own_payoff","lower_own_payoff",4,30
"study2_229",19,"study2",4,"self","higher_own_payoff","lower_own_payoff",4,30
"study2_229",20,"study2",1,"self","higher_own_payoff","lower_own_payoff",3,20
"study2_229",20,"study2",2,"self","higher_own_payoff","lower_own_payoff",3,20
"study2_229",20,"study2",3,"self","lower_own_payoff","lower_own_payoff",3,20
"study2_229",21,"study2",1,"self","higher_own_payoff","higher_own_payoff",4,30
"study2_229",21,"study2",2,"self","higher_own_payoff","higher_own_payoff",4,30
"study2_229",21,"study2",3,"self","lower_own_payoff","higher_own_payoff",4,30
"study2_229",21,"study2",4,"self","lower_own_payoff","higher_own_payoff",4,30
"study2_229",22,"study2",1,"self","lower_own_payoff","lower_own_payoff",4,30
"study2_229",22,"study2",2,"self","lower_own_payoff","lower_own_payoff",4,30
"study2_229",22,"study2",3,"self","higher_own_payoff","lower_own_payoff",4,30
"study2_229",22,"study2",4,"self","higher_own_payoff","lower_own_payoff",4,30
"study2_229",23,"study2",1,"self","higher_own_payoff","lower_own_payoff",4,30
"study2_229",23,"study2",2,"self","higher_own_payoff","lower_own_payoff",4,30
"study2_229",23,"study2",3,"self","lower_own_payoff","lower_own_payoff",4,30
"study2_229",23,"study2",4,"self","lower_own_payoff","lower_own_payoff",4,30
"study2_229",24,"study2",1,"self","higher_own_payoff","lower_own_payoff",4,30
"study2_229",24,"study2",2,"self","higher_own_payoff","lower_own_payoff",4,30
"study2_229",24,"study2",3,"self","lower_own_payoff","lower_own_payoff",4,30
"study2_229",24,"study2",4,"self","lower_own_payoff","lower_own_payoff",4,30
"study2_23",1,"study2",1,"self","higher_own_payoff","lower_own_payoff",4,30
"study2_23",1,"study2",2,"self","higher_own_payoff","lower_own_payoff",4,30
"study2_23",1,"study2",3,"self","lower_own_payoff","lower_own_payoff",4,30
"study2_23",1,"study2",4,"self","lower_own_payoff","lower_own_payoff",4,30
"study2_23",2,"study2",1,"self","higher_own_payoff","lower_own_payoff",4,30
"study2_23",2,"study2",2,"self","higher_own_payoff","lower_own_payoff",4,30
"study2_23",2,"study2",3,"self","lower_own_payoff","lower_own_payoff",4,30
"study2_23",2,"study2",4,"self","lower_own_payoff","lower_own_payoff",4,30
"study2_23",3,"study2",1,"self","higher_own_payoff","lower_own_payoff",4,30
"study2_23",3,"study2",2,"self","higher_own_payoff","lower_own_payoff",4,30
"study2_23",3,"study2",3,"self","lower_own_payoff","lower_own_payoff",4,30
"study2_23",3,"study2",4,"self","lower_own_payoff","lower_own_payoff",4,30
"study2_23",4,"study2",1,"self","lower_own_payoff","higher_own_payoff",4,30
"study2_23",4,"study2",2,"self","lower_own_payoff","higher_own_payoff",4,30
"study2_23",4,"study2",3,"self","higher_own_payoff","higher_own_payoff",4,30
"study2_23",4,"study2",4,"self","higher_own_payoff","higher_own_payoff",4,30
"study2_23",5,"study2",1,"self","lower_own_payoff","lower_own_payoff",4,30
"study2_23",5,"study2",2,"self","lower_own_payoff","lower_own_payoff",4,30
"study2_23",5,"study2",3,"self","higher_own_payoff","lower_own_payoff",4,30
"study2_23",5,"study2",4,"self","higher_own_payoff","lower_own_payoff",4,30
"study2_23",6,"study2",1,"self","lower_own_payoff","higher_own_payoff",4,30
"study2_23",6,"study2",2,"self","lower_own_payoff","higher_own_payoff",4,30
"study2_23",6,"study2",3,"self","higher_own_payoff","higher_own_payoff",4,30
"study2_23",6,"study2",4,"self","higher_own_payoff","higher_own_payoff",4,30
"study2_23",7,"study2",1,"self","lower_own_payoff","lower_own_payoff",2,10
"study2_23",7,"study2",2,"self","lower_own_payoff","lower_own_payoff",2,10
"study2_23",8,"study2",1,"self","higher_own_payoff","higher_own_payoff",4,30
"study2_23",8,"study2",2,"self","higher_own_payoff","higher_own_payoff",4,30
"study2_23",8,"study2",3,"self","lower_own_payoff","higher_own_payoff",4,30
"study2_23",8,"study2",4,"self","lower_own_payoff","higher_own_payoff",4,30
"study2_23",9,"study2",1,"self","higher_own_payoff","higher_own_payoff",4,30
"study2_23",9,"study2",2,"self","higher_own_payoff","higher_own_payoff",4,30
"study2_23",9,"study2",3,"self","lower_own_payoff","higher_own_payoff",4,30
"study2_23",9,"study2",4,"self","lower_own_payoff","higher_own_payoff",4,30
"study2_23",10,"study2",1,"self","higher_own_payoff","lower_own_payoff",4,30
"study2_23",10,"study2",2,"self","higher_own_payoff","lower_own_payoff",4,30
"study2_23",10,"study2",3,"self","lower_own_payoff","lower_own_payoff",4,30
"study2_23",10,"study2",4,"self","lower_own_payoff","lower_own_payoff",4,30
"study2_23",11,"study2",1,"self","higher_own_payoff","higher_own_payoff",4,30
"study2_23",11,"study2",2,"self","higher_own_payoff","higher_own_payoff",4,30
"study2_23",11,"study2",3,"self","lower_own_payoff","higher_own_payoff",4,30
"study2_23",11,"study2",4,"self","lower_own_payoff","higher_own_payoff",4,30
"study2_23",12,"study2",1,"self","higher_own_payoff","lower_own_payoff",4,30
"study2_23",12,"study2",2,"self","higher_own_payoff","lower_own_payoff",4,30
"study2_23",12,"study2",3,"self","lower_own_payoff","lower_own_payoff",4,30
"study2_23",12,"study2",4,"self","lower_own_payoff","lower_own_payoff",4,30
"study2_23",13,"study2",1,"self","higher_own_payoff","higher_own_payoff",4,30
"study2_23",13,"study2",2,"self","higher_own_payoff","higher_own_payoff",4,30
"study2_23",13,"study2",3,"self","lower_own_payoff","higher_own_payoff",4,30
"study2_23",13,"study2",4,"self","lower_own_payoff","higher_own_payoff",4,30
"study2_23",14,"study2",1,"self","higher_own_payoff","lower_own_payoff",4,30
"study2_23",14,"study2",2,"self","higher_own_payoff","lower_own_payoff",4,30
"study2_23",14,"study2",3,"self","lower_own_payoff","lower_own_payoff",4,30
"study2_23",14,"study2",4,"self","lower_own_payoff","lower_own_payoff",4,30
"study2_23",15,"study2",1,"self","lower_own_payoff","higher_own_payoff",4,30
"study2_23",15,"study2",2,"self","lower_own_payoff","higher_own_payoff",4,30
"study2_23",15,"study2",3,"self","higher_own_payoff","higher_own_payoff",4,30
"study2_23",15,"study2",4,"self","higher_own_payoff","higher_own_payoff",4,30
"study2_23",16,"study2",1,"self","higher_own_payoff","higher_own_payoff",2,10
"study2_23",16,"study2",2,"self","higher_own_payoff","higher_own_payoff",2,10
"study2_23",17,"study2",1,"self","higher_own_payoff","higher_own_payoff",2,10
"study2_23",17,"study2",2,"self","higher_own_payoff","higher_own_payoff",2,10
"study2_23",18,"study2",1,"self","higher_own_payoff","higher_own_payoff",4,30
"study2_23",18,"study2",2,"self","lower_own_payoff","higher_own_payoff",4,30
"study2_23",18,"study2",3,"self","lower_own_payoff","higher_own_payoff",4,30
"study2_23",18,"study2",4,"self","higher_own_payoff","higher_own_payoff",4,30
"study2_23",19,"study2",1,"self","higher_own_payoff","higher_own_payoff",4,30
"study2_23",19,"study2",2,"self","higher_own_payoff","higher_own_payoff",4,30
"study2_23",19,"study2",3,"self","lower_own_payoff","higher_own_payoff",4,30
"study2_23",19,"study2",4,"self","lower_own_payoff","higher_own_payoff",4,30
"study2_23",20,"study2",1,"self","higher_own_payoff","higher_own_payoff",2,10
"study2_23",20,"study2",2,"self","higher_own_payoff","higher_own_payoff",2,10
"study2_23",21,"study2",1,"self","higher_own_payoff","higher_own_payoff",4,30
"study2_23",21,"study2",2,"self","higher_own_payoff","higher_own_payoff",4,30
"study2_23",21,"study2",3,"self","lower_own_payoff","higher_own_payoff",4,30
"study2_23",21,"study2",4,"self","lower_own_payoff","higher_own_payoff",4,30
"study2_23",22,"study2",1,"self","lower_own_payoff","higher_own_payoff",4,30
"study2_23",22,"study2",2,"self","lower_own_payoff","higher_own_payoff",4,30
"study2_23",22,"study2",3,"self","higher_own_payoff","higher_own_payoff",4,30
"study2_23",22,"study2",4,"self","higher_own_payoff","higher_own_payoff",4,30
"study2_23",23,"study2",1,"self","higher_own_payoff","higher_own_payoff",4,30
"study2_23",23,"study2",2,"self","higher_own_payoff","higher_own_payoff",4,30
"study2_23",23,"study2",3,"self","lower_own_payoff","higher_own_payoff",4,30
"study2_23",23,"study2",4,"self","lower_own_payoff","higher_own_payoff",4,30
"study2_23",24,"study2",1,"self","higher_own_payoff","higher_own_payoff",4,30
"study2_23",24,"study2",2,"self","higher_own_payoff","higher_own_payoff",4,30
"study2_23",24,"study2",3,"self","lower_own_payoff","higher_own_payoff",4,30
"study2_23",24,"study2",4,"self","lower_own_payoff","higher_own_payoff",4,30
"study2_230",1,"study2",1,"self","lower_own_payoff","higher_own_payoff",2,10
"study2_230",1,"study2",2,"self","higher_own_payoff","higher_own_payoff",2,10
"study2_230",2,"study2",1,"self","higher_own_payoff","higher_own_payoff",1,0
"study2_230",3,"study2",1,"self","lower_own_payoff","higher_own_payoff",2,10
"study2_230",3,"study2",2,"self","higher_own_payoff","higher_own_payoff",2,10
"study2_230",4,"study2",1,"self","higher_own_payoff","higher_own_payoff",1,0
"study2_230",5,"study2",1,"self","higher_own_payoff","higher_own_payoff",1,0
"study2_230",6,"study2",1,"self","higher_own_payoff","higher_own_payoff",2,10
"study2_230",6,"study2",2,"self","higher_own_payoff","higher_own_payoff",2,10
"study2_230",7,"study2",1,"self","higher_own_payoff","higher_own_payoff",1,0
"study2_230",8,"study2",1,"self","higher_own_payoff","higher_own_payoff",1,0
"study2_230",9,"study2",1,"self","higher_own_payoff","higher_own_payoff",1,0
"study2_230",10,"study2",1,"self","higher_own_payoff","higher_own_payoff",1,0
"study2_230",11,"study2",1,"self","higher_own_payoff","higher_own_payoff",1,0
"study2_230",12,"study2",1,"self","higher_own_payoff","lower_own_payoff",2,10
"study2_230",12,"study2",2,"self","lower_own_payoff","lower_own_payoff",2,10
"study2_230",13,"study2",1,"self","higher_own_payoff","higher_own_payoff",1,0
"study2_230",14,"study2",1,"self","higher_own_payoff","higher_own_payoff",1,0
"study2_230",15,"study2",1,"self","higher_own_payoff","higher_own_payoff",1,0
"study2_230",16,"study2",1,"self","higher_own_payoff","lower_own_payoff",2,10
"study2_230",16,"study2",2,"self","lower_own_payoff","lower_own_payoff",2,10
"study2_230",17,"study2",1,"self","higher_own_payoff","higher_own_payoff",1,0
"study2_230",18,"study2",1,"self","higher_own_payoff","higher_own_payoff",1,0
"study2_230",19,"study2",1,"self","higher_own_payoff","higher_own_payoff",1,0
"study2_230",20,"study2",1,"self","higher_own_payoff","higher_own_payoff",1,0
"study2_230",21,"study2",1,"self","higher_own_payoff","higher_own_payoff",1,0
"study2_230",22,"study2",1,"self","higher_own_payoff","higher_own_payoff",1,0
"study2_230",23,"study2",1,"self","higher_own_payoff","higher_own_payoff",1,0
"study2_230",24,"study2",1,"self","higher_own_payoff","higher_own_payoff",1,0
"study2_231",1,"study2",1,"self","higher_own_payoff","higher_own_payoff",1,0
"study2_231",2,"study2",1,"other","lower_own_payoff","lower_own_payoff",1,0
"study2_231",3,"study2",1,"self","higher_own_payoff","higher_own_payoff",1,0
"study2_231",4,"study2",1,"self","higher_own_payoff","higher_own_payoff",2,10
"study2_231",4,"study2",2,"self","lower_own_payoff","higher_own_payoff",2,10
"study2_231",5,"study2",1,"other","lower_own_payoff","lower_own_payoff",1,0
"study2_231",6,"study2",1,"self","higher_own_payoff","lower_own_payoff",2,10
"study2_231",6,"study2",2,"other","lower_own_payoff","lower_own_payoff",2,10
"study2_231",7,"study2",1,"self","higher_own_payoff","higher_own_payoff",1,0
"study2_231",8,"study2",1,"self","higher_own_payoff","higher_own_payoff",1,0
"study2_231",9,"study2",1,"self","higher_own_payoff","higher_own_payoff",2,10
"study2_231",9,"study2",2,"other","lower_own_payoff","higher_own_payoff",2,10
"study2_231",10,"study2",1,"self","higher_own_payoff","higher_own_payoff",1,0
"study2_231",11,"study2",1,"other","lower_own_payoff","lower_own_payoff",2,10
"study2_231",11,"study2",2,"self","higher_own_payoff","lower_own_payoff",2,10
"study2_231",12,"study2",1,"self","higher_own_payoff","higher_own_payoff",1,0
"study2_231",13,"study2",1,"self","higher_own_payoff","higher_own_payoff",1,0
"study2_231",14,"study2",1,"self","higher_own_payoff","higher_own_payoff",1,0
"study2_231",15,"study2",1,"self","higher_own_payoff","higher_own_payoff",1,0
"study2_231",16,"study2",1,"self","higher_own_payoff","higher_own_payoff",1,0
"study2_231",17,"study2",1,"self","higher_own_payoff","higher_own_payoff",1,0
"study2_231",18,"study2",1,"self","higher_own_payoff","higher_own_payoff",1,0
"study2_231",19,"study2",1,"other","higher_own_payoff","higher_own_payoff",3,20
"study2_231",19,"study2",2,"other","higher_own_payoff","higher_own_payoff",3,20
"study2_231",19,"study2",3,"self","lower_own_payoff","higher_own_payoff",3,20
"study2_231",20,"study2",1,"self","higher_own_payoff","higher_own_payoff",1,0
"study2_231",21,"study2",1,"self","higher_own_payoff","higher_own_payoff",1,0
"study2_231",22,"study2",1,"self","higher_own_payoff","higher_own_payoff",2,10
"study2_231",22,"study2",2,"self","lower_own_payoff","higher_own_payoff",2,10
"study2_231",23,"study2",1,"other","lower_own_payoff","higher_own_payoff",2,10
"study2_231",23,"study2",2,"self","higher_own_payoff","higher_own_payoff",2,10
"study2_231",24,"study2",1,"self","higher_own_payoff","higher_own_payoff",1,0
"study2_232",1,"study2",1,"self","higher_own_payoff","higher_own_payoff",1,0
"study2_232",2,"study2",1,"self","higher_own_payoff","higher_own_payoff",1,0
"study2_232",3,"study2",1,"self","higher_own_payoff","higher_own_payoff",1,0
"study2_232",4,"study2",1,"self","lower_own_payoff","lower_own_payoff",1,0
"study2_232",5,"study2",1,"self","lower_own_payoff","higher_own_payoff",1,0
"study2_232",6,"study2",1,"self","higher_own_payoff","higher_own_payoff",1,0
"study2_232",7,"study2",1,"self","higher_own_payoff","lower_own_payoff",2,10
"study2_232",7,"study2",2,"self","lower_own_payoff","lower_own_payoff",2,10
"study2_232",8,"study2",1,"self","lower_own_payoff","higher_own_payoff",2,10
"study2_232",8,"study2",2,"self","higher_own_payoff","higher_own_payoff",2,10
"study2_232",9,"study2",1,"self","higher_own_payoff","lower_own_payoff",2,10
"study2_232",9,"study2",2,"self","lower_own_payoff","lower_own_payoff",2,10
"study2_232",10,"study2",1,"self","higher_own_payoff","lower_own_payoff",2,10
"study2_232",10,"study2",2,"self","lower_own_payoff","lower_own_payoff",2,10
"study2_232",11,"study2",1,"self","lower_own_payoff","lower_own_payoff",1,0
"study2_232",12,"study2",1,"self","lower_own_payoff","higher_own_payoff",1,0
"study2_232",13,"study2",1,"self","lower_own_payoff","lower_own_payoff",1,0
"study2_232",14,"study2",1,"self","higher_own_payoff","higher_own_payoff",1,0
"study2_232",15,"study2",1,"self","lower_own_payoff","higher_own_payoff",2,10
"study2_232",15,"study2",2,"self","higher_own_payoff","higher_own_payoff",2,10
"study2_232",16,"study2",1,"self","higher_own_payoff","lower_own_payoff",1,0
"study2_232",17,"study2",1,"self","lower_own_payoff","higher_own_payoff",2,10
"study2_232",17,"study2",2,"self","higher_own_payoff","higher_own_payoff",2,10
"study2_232",18,"study2",1,"self","lower_own_payoff","higher_own_payoff",2,10
"study2_232",18,"study2",2,"self","higher_own_payoff","higher_own_payoff",2,10
"study2_232",19,"study2",1,"self","higher_own_payoff","lower_own_payoff",2,10
"study2_232",19,"study2",2,"self","lower_own_payoff","lower_own_payoff",2,10
"study2_232",20,"study2",1,"self","lower_own_payoff","higher_own_payoff",2,10
"study2_232",20,"study2",2,"self","higher_own_payoff","higher_own_payoff",2,10
"study2_232",21,"study2",1,"self","lower_own_payoff","higher_own_payoff",2,10
"study2_232",21,"study2",2,"self","higher_own_payoff","higher_own_payoff",2,10
"study2_232",22,"study2",1,"self","lower_own_payoff","lower_own_payoff",1,0
"study2_232",23,"study2",1,"self","higher_own_payoff","lower_own_payoff",1,0
"study2_232",24,"study2",1,"self","lower_own_payoff","higher_own_payoff",1,0
"study2_234",1,"study2",1,"self","higher_own_payoff","lower_own_payoff",4,30
"study2_234",1,"study2",2,"self","higher_own_payoff","lower_own_payoff",4,30
"study2_234",1,"study2",3,"self","lower_own_payoff","lower_own_payoff",4,30
"study2_234",1,"study2",4,"self","lower_own_payoff","lower_own_payoff",4,30
"study2_234",2,"study2",1,"self","higher_own_payoff","lower_own_payoff",3,20
"study2_234",2,"study2",2,"self","higher_own_payoff","lower_own_payoff",3,20
"study2_234",2,"study2",3,"self","lower_own_payoff","lower_own_payoff",3,20
"study2_234",3,"study2",1,"self","lower_own_payoff","higher_own_payoff",3,20
"study2_234",3,"study2",2,"self","lower_own_payoff","higher_own_payoff",3,20
"study2_234",3,"study2",3,"self","higher_own_payoff","higher_own_payoff",3,20
"study2_234",4,"study2",1,"self","higher_own_payoff","higher_own_payoff",3,20
"study2_234",4,"study2",2,"self","lower_own_payoff","higher_own_payoff",3,20
"study2_234",4,"study2",3,"self","lower_own_payoff","higher_own_payoff",3,20
"study2_234",5,"study2",1,"self","higher_own_payoff","higher_own_payoff",3,20
"study2_234",5,"study2",2,"self","lower_own_payoff","higher_own_payoff",3,20
"study2_234",5,"study2",3,"self","lower_own_payoff","higher_own_payoff",3,20
"study2_234",6,"study2",1,"self","lower_own_payoff","higher_own_payoff",2,10
"study2_234",6,"study2",2,"self","lower_own_payoff","higher_own_payoff",2,10
"study2_234",7,"study2",1,"self","lower_own_payoff","lower_own_payoff",4,30
"study2_234",7,"study2",2,"self","lower_own_payoff","lower_own_payoff",4,30
"study2_234",7,"study2",3,"self","higher_own_payoff","lower_own_payoff",4,30
"study2_234",7,"study2",4,"self","higher_own_payoff","lower_own_payoff",4,30
"study2_234",8,"study2",1,"self","lower_own_payoff","higher_own_payoff",2,10
"study2_234",8,"study2",2,"self","lower_own_payoff","higher_own_payoff",2,10
"study2_234",9,"study2",1,"self","lower_own_payoff","lower_own_payoff",4,30
"study2_234",9,"study2",2,"self","lower_own_payoff","lower_own_payoff",4,30
"study2_234",9,"study2",3,"self","higher_own_payoff","lower_own_payoff",4,30
"study2_234",9,"study2",4,"self","higher_own_payoff","lower_own_payoff",4,30
"study2_234",10,"study2",1,"self","lower_own_payoff","lower_own_payoff",3,20
"study2_234",10,"study2",2,"self","higher_own_payoff","lower_own_payoff",3,20
"study2_234",10,"study2",3,"self","higher_own_payoff","lower_own_payoff",3,20
"study2_234",11,"study2",1,"self","lower_own_payoff","higher_own_payoff",2,10
"study2_234",11,"study2",2,"self","lower_own_payoff","higher_own_payoff",2,10
"study2_234",12,"study2",1,"self","lower_own_payoff","lower_own_payoff",3,20
"study2_234",12,"study2",2,"self","higher_own_payoff","lower_own_payoff",3,20
"study2_234",12,"study2",3,"self","higher_own_payoff","lower_own_payoff",3,20
"study2_234",13,"study2",1,"self","lower_own_payoff","higher_own_payoff",2,10
"study2_234",13,"study2",2,"self","lower_own_payoff","higher_own_payoff",2,10
"study2_234",14,"study2",1,"self","lower_own_payoff","higher_own_payoff",2,10
"study2_234",14,"study2",2,"self","lower_own_payoff","higher_own_payoff",2,10
"study2_234",15,"study2",1,"self","lower_own_payoff","higher_own_payoff",2,10
"study2_234",15,"study2",2,"self","lower_own_payoff","higher_own_payoff",2,10
"study2_234",16,"study2",1,"self","lower_own_payoff","higher_own_payoff",2,10
"study2_234",16,"study2",2,"self","lower_own_payoff","higher_own_payoff",2,10
"study2_234",17,"study2",1,"self","lower_own_payoff","higher_own_payoff",2,10
"study2_234",17,"study2",2,"self","lower_own_payoff","higher_own_payoff",2,10
"study2_234",18,"study2",1,"self","lower_own_payoff","higher_own_payoff",2,10
"study2_234",18,"study2",2,"self","lower_own_payoff","higher_own_payoff",2,10
"study2_234",19,"study2",1,"self","lower_own_payoff","lower_own_payoff",3,20
"study2_234",19,"study2",2,"self","higher_own_payoff","lower_own_payoff",3,20
"study2_234",19,"study2",3,"self","higher_own_payoff","lower_own_payoff",3,20
"study2_234",20,"study2",1,"self","lower_own_payoff","higher_own_payoff",2,10
"study2_234",20,"study2",2,"self","lower_own_payoff","higher_own_payoff",2,10
"study2_234",21,"study2",1,"self","lower_own_payoff","lower_own_payoff",3,20
"study2_234",21,"study2",2,"self","higher_own_payoff","lower_own_payoff",3,20
"study2_234",21,"study2",3,"self","higher_own_payoff","lower_own_payoff",3,20
"study2_234",22,"study2",1,"self","lower_own_payoff","higher_own_payoff",2,10
"study2_234",22,"study2",2,"self","lower_own_payoff","higher_own_payoff",2,10
"study2_234",23,"study2",1,"self","lower_own_payoff","higher_own_payoff",2,10
"study2_234",23,"study2",2,"self","lower_own_payoff","higher_own_payoff",2,10
"study2_234",24,"study2",1,"self","lower_own_payoff","lower_own_payoff",3,20
"study2_234",24,"study2",2,"self","higher_own_payoff","lower_own_payoff",3,20
"study2_234",24,"study2",3,"self","higher_own_payoff","lower_own_payoff",3,20
"study2_235",1,"study2",1,"self","higher_own_payoff","higher_own_payoff",4,30
"study2_235",1,"study2",2,"self","higher_own_payoff","higher_own_payoff",4,30
"study2_235",1,"study2",3,"self","lower_own_payoff","higher_own_payoff",4,30
"study2_235",1,"study2",4,"self","lower_own_payoff","higher_own_payoff",4,30
"study2_235",2,"study2",1,"self","higher_own_payoff","lower_own_payoff",4,30
"study2_235",2,"study2",2,"self","higher_own_payoff","lower_own_payoff",4,30
"study2_235",2,"study2",3,"self","lower_own_payoff","lower_own_payoff",4,30
"study2_235",2,"study2",4,"self","lower_own_payoff","lower_own_payoff",4,30
"study2_235",3,"study2",1,"self","higher_own_payoff","higher_own_payoff",1,0
"study2_235",4,"study2",1,"self","higher_own_payoff","higher_own_payoff",1,0
"study2_235",5,"study2",1,"self","higher_own_payoff","higher_own_payoff",1,0
"study2_235",6,"study2",1,"self","higher_own_payoff","lower_own_payoff",4,30
"study2_235",6,"study2",2,"self","lower_own_payoff","lower_own_payoff",4,30
"study2_235",6,"study2",3,"self","lower_own_payoff","lower_own_payoff",4,30
"study2_235",6,"study2",4,"self","higher_own_payoff","lower_own_payoff",4,30
"study2_235",7,"study2",1,"self","higher_own_payoff","higher_own_payoff",3,20
"study2_235",7,"study2",2,"self","higher_own_payoff","higher_own_payoff",3,20
"study2_235",7,"study2",3,"self","lower_own_payoff","higher_own_payoff",3,20
"study2_235",8,"study2",1,"self","higher_own_payoff","lower_own_payoff",4,30
"study2_235",8,"study2",2,"self","lower_own_payoff","lower_own_payoff",4,30
"study2_235",8,"study2",3,"self","higher_own_payoff","lower_own_payoff",4,30
"study2_235",8,"study2",4,"self","lower_own_payoff","lower_own_payoff",4,30
"study2_235",9,"study2",1,"self","higher_own_payoff","lower_own_payoff",4,30
"study2_235",9,"study2",2,"self","lower_own_payoff","lower_own_payoff",4,30
"study2_235",9,"study2",3,"self","higher_own_payoff","lower_own_payoff",4,30
"study2_235",9,"study2",4,"self","lower_own_payoff","lower_own_payoff",4,30
"study2_235",10,"study2",1,"self","higher_own_payoff","higher_own_payoff",1,0
"study2_235",11,"study2",1,"self","higher_own_payoff","higher_own_payoff",4,30
"study2_235",11,"study2",2,"self","higher_own_payoff","higher_own_payoff",4,30
"study2_235",11,"study2",3,"self","lower_own_payoff","higher_own_payoff",4,30
"study2_235",11,"study2",4,"self","lower_own_payoff","higher_own_payoff",4,30
"study2_235",12,"study2",1,"self","higher_own_payoff","higher_own_payoff",1,0
"study2_235",13,"study2",1,"self","higher_own_payoff","higher_own_payoff",1,0
"study2_235",14,"study2",1,"self","higher_own_payoff","higher_own_payoff",2,10
"study2_235",14,"study2",2,"self","higher_own_payoff","higher_own_payoff",2,10
"study2_235",15,"study2",1,"self","higher_own_payoff","lower_own_payoff",4,30
"study2_235",15,"study2",2,"self","higher_own_payoff","lower_own_payoff",4,30
"study2_235",15,"study2",3,"self","lower_own_payoff","lower_own_payoff",4,30
"study2_235",15,"study2",4,"self","lower_own_payoff","lower_own_payoff",4,30
"study2_235",16,"study2",1,"self","higher_own_payoff","lower_own_payoff",4,30
"study2_235",16,"study2",2,"self","lower_own_payoff","lower_own_payoff",4,30
"study2_235",16,"study2",3,"self","lower_own_payoff","lower_own_payoff",4,30
"study2_235",16,"study2",4,"self","higher_own_payoff","lower_own_payoff",4,30
"study2_235",17,"study2",1,"self","higher_own_payoff","lower_own_payoff",4,30
"study2_235",17,"study2",2,"self","higher_own_payoff","lower_own_payoff",4,30
"study2_235",17,"study2",3,"self","lower_own_payoff","lower_own_payoff",4,30
"study2_235",17,"study2",4,"self","lower_own_payoff","lower_own_payoff",4,30
"study2_235",18,"study2",1,"self","higher_own_payoff","higher_own_payoff",4,30
"study2_235",18,"study2",2,"self","higher_own_payoff","higher_own_payoff",4,30
"study2_235",18,"study2",3,"self","lower_own_payoff","higher_own_payoff",4,30
"study2_235",18,"study2",4,"self","lower_own_payoff","higher_own_payoff",4,30
"study2_235",19,"study2",1,"self","higher_own_payoff","lower_own_payoff",4,30
"study2_235",19,"study2",2,"self","higher_own_payoff","lower_own_payoff",4,30
"study2_235",19,"study2",3,"self","lower_own_payoff","lower_own_payoff",4,30
"study2_235",19,"study2",4,"self","lower_own_payoff","lower_own_payoff",4,30
"study2_235",20,"study2",1,"self","higher_own_payoff","lower_own_payoff",4,30
"study2_235",20,"study2",2,"self","higher_own_payoff","lower_own_payoff",4,30
"study2_235",20,"study2",3,"self","lower_own_payoff","lower_own_payoff",4,30
"study2_235",20,"study2",4,"self","lower_own_payoff","lower_own_payoff",4,30
"study2_235",21,"study2",1,"self","higher_own_payoff","higher_own_payoff",4,30
"study2_235",21,"study2",2,"self","higher_own_payoff","higher_own_payoff",4,30
"study2_235",21,"study2",3,"self","lower_own_payoff","higher_own_payoff",4,30
"study2_235",21,"study2",4,"self","lower_own_payoff","higher_own_payoff",4,30
"study2_235",22,"study2",1,"self","higher_own_payoff","higher_own_payoff",4,30
"study2_235",22,"study2",2,"self","higher_own_payoff","higher_own_payoff",4,30
"study2_235",22,"study2",3,"self","lower_own_payoff","higher_own_payoff",4,30
"study2_235",22,"study2",4,"self","lower_own_payoff","higher_own_payoff",4,30
"study2_235",23,"study2",1,"self","higher_own_payoff","higher_own_payoff",2,10
"study2_235",23,"study2",2,"self","higher_own_payoff","higher_own_payoff",2,10
"study2_235",24,"study2",1,"self","higher_own_payoff","lower_own_payoff",4,30
"study2_235",24,"study2",2,"self","higher_own_payoff","lower_own_payoff",4,30
"study2_235",24,"study2",3,"self","lower_own_payoff","lower_own_payoff",4,30
"study2_235",24,"study2",4,"self","lower_own_payoff","lower_own_payoff",4,30
"study2_236",1,"study2",1,"self","higher_own_payoff","higher_own_payoff",2,10
"study2_236",1,"study2",2,"self","lower_own_payoff","higher_own_payoff",2,10
"study2_236",2,"study2",1,"self","higher_own_payoff","higher_own_payoff",1,0
"study2_236",3,"study2",1,"self","higher_own_payoff","higher_own_payoff",1,0
"study2_236",4,"study2",1,"self","higher_own_payoff","lower_own_payoff",2,10
"study2_236",4,"study2",2,"self","lower_own_payoff","lower_own_payoff",2,10
"study2_236",5,"study2",1,"self","higher_own_payoff","higher_own_payoff",1,0
"study2_236",6,"study2",1,"self","higher_own_payoff","higher_own_payoff",3,20
"study2_236",6,"study2",2,"self","lower_own_payoff","higher_own_payoff",3,20
"study2_236",6,"study2",3,"self","lower_own_payoff","higher_own_payoff",3,20
"study2_236",7,"study2",1,"self","lower_own_payoff","higher_own_payoff",1,0
"study2_236",8,"study2",1,"self","higher_own_payoff","higher_own_payoff",1,0
"study2_236",9,"study2",1,"self","higher_own_payoff","higher_own_payoff",2,10
"study2_236",9,"study2",2,"self","lower_own_payoff","higher_own_payoff",2,10
"study2_236",10,"study2",1,"self","higher_own_payoff","lower_own_payoff",1,0
"study2_236",11,"study2",1,"self","higher_own_payoff","lower_own_payoff",2,10
"study2_236",11,"study2",2,"self","lower_own_payoff","lower_own_payoff",2,10
"study2_236",12,"study2",1,"self","higher_own_payoff","lower_own_payoff",2,10
"study2_236",12,"study2",2,"self","lower_own_payoff","lower_own_payoff",2,10
"study2_236",13,"study2",1,"self","lower_own_payoff","higher_own_payoff",1,0
"study2_236",14,"study2",1,"self","lower_own_payoff","higher_own_payoff",1,0
"study2_236",15,"study2",1,"self","higher_own_payoff","higher_own_payoff",2,10
"study2_236",15,"study2",2,"self","lower_own_payoff","higher_own_payoff",2,10
"study2_236",16,"study2",1,"self","lower_own_payoff","higher_own_payoff",1,0
"study2_236",17,"study2",1,"self","higher_own_payoff","higher_own_payoff",1,0
"study2_236",18,"study2",1,"self","higher_own_payoff","higher_own_payoff",1,0
"study2_236",19,"study2",1,"self","lower_own_payoff","higher_own_payoff",2,10
"study2_236",19,"study2",2,"self","higher_own_payoff","higher_own_payoff",2,10
"study2_236",20,"study2",1,"self","higher_own_payoff","lower_own_payoff",2,10
"study2_236",20,"study2",2,"self","lower_own_payoff","lower_own_payoff",2,10
"study2_236",21,"study2",1,"self","lower_own_payoff","lower_own_payoff",2,10
"study2_236",21,"study2",2,"self","higher_own_payoff","lower_own_payoff",2,10
"study2_236",22,"study2",1,"self","higher_own_payoff","lower_own_payoff",2,10
"study2_236",22,"study2",2,"self","lower_own_payoff","lower_own_payoff",2,10
"study2_236",23,"study2",1,"self","higher_own_payoff","higher_own_payoff",2,10
"study2_236",23,"study2",2,"self","lower_own_payoff","higher_own_payoff",2,10
"study2_236",24,"study2",1,"self","lower_own_payoff","lower_own_payoff",2,10
"study2_236",24,"study2",2,"self","higher_own_payoff","lower_own_payoff",2,10
"study2_237",1,"study2",1,"self","lower_own_payoff","higher_own_payoff",1,0
"study2_237",2,"study2",1,"self","lower_own_payoff","lower_own_payoff",2,10
"study2_237",2,"study2",2,"self","higher_own_payoff","lower_own_payoff",2,10
"study2_237",3,"study2",1,"self","higher_own_payoff","higher_own_payoff",2,10
"study2_237",3,"study2",2,"self","lower_own_payoff","higher_own_payoff",2,10
"study2_237",4,"study2",1,"self","lower_own_payoff","lower_own_payoff",2,10
"study2_237",4,"study2",2,"self","higher_own_payoff","lower_own_payoff",2,10
"study2_237",5,"study2",1,"self","higher_own_payoff","higher_own_payoff",2,10
"study2_237",5,"study2",2,"self","lower_own_payoff","higher_own_payoff",2,10
"study2_237",6,"study2",1,"self","higher_own_payoff","lower_own_payoff",2,10
"study2_237",6,"study2",2,"self","lower_own_payoff","lower_own_payoff",2,10
"study2_237",7,"study2",1,"self","higher_own_payoff","higher_own_payoff",2,10
"study2_237",7,"study2",2,"self","lower_own_payoff","higher_own_payoff",2,10
"study2_237",8,"study2",1,"self","lower_own_payoff","higher_own_payoff",2,10
"study2_237",8,"study2",2,"self","higher_own_payoff","higher_own_payoff",2,10
"study2_237",9,"study2",1,"self","higher_own_payoff","higher_own_payoff",2,10
"study2_237",9,"study2",2,"self","lower_own_payoff","higher_own_payoff",2,10
"study2_237",10,"study2",1,"self","higher_own_payoff","higher_own_payoff",2,10
"study2_237",10,"study2",2,"self","lower_own_payoff","higher_own_payoff",2,10
"study2_237",11,"study2",1,"self","lower_own_payoff","higher_own_payoff",2,10
"study2_237",11,"study2",2,"self","higher_own_payoff","higher_own_payoff",2,10
"study2_237",12,"study2",1,"self","higher_own_payoff","higher_own_payoff",2,10
"study2_237",12,"study2",2,"self","lower_own_payoff","higher_own_payoff",2,10
"study2_237",13,"study2",1,"self","higher_own_payoff","lower_own_payoff",2,10
"study2_237",13,"study2",2,"self","lower_own_payoff","lower_own_payoff",2,10
"study2_237",14,"study2",1,"self","higher_own_payoff","higher_own_payoff",2,10
"study2_237",14,"study2",2,"self","lower_own_payoff","higher_own_payoff",2,10
"study2_237",15,"study2",1,"self","lower_own_payoff","higher_own_payoff",4,30
"study2_237",15,"study2",2,"self","higher_own_payoff","higher_own_payoff",4,30
"study2_237",15,"study2",3,"self","higher_own_payoff","higher_own_payoff",4,30
"study2_237",15,"study2",4,"self","lower_own_payoff","higher_own_payoff",4,30
"study2_237",16,"study2",1,"self","lower_own_payoff","lower_own_payoff",2,10
"study2_237",16,"study2",2,"self","higher_own_payoff","lower_own_payoff",2,10
"study2_237",17,"study2",1,"self","lower_own_payoff","lower_own_payoff",3,20
"study2_237",17,"study2",2,"other","higher_own_payoff","lower_own_payoff",3,20
"study2_237",17,"study2",3,"self","higher_own_payoff","lower_own_payoff",3,20
"study2_237",18,"study2",1,"self","lower_own_payoff","higher_own_payoff",2,10
"study2_237",18,"study2",2,"self","higher_own_payoff","higher_own_payoff",2,10
"study2_237",19,"study2",1,"self","higher_own_payoff","lower_own_payoff",2,10
"study2_237",19,"study2",2,"self","lower_own_payoff","lower_own_payoff",2,10
"study2_237",20,"study2",1,"self","higher_own_payoff","lower_own_payoff",2,10
"study2_237",20,"study2",2,"self","lower_own_payoff","lower_own_payoff",2,10
"study2_237",21,"study2",1,"self","lower_own_payoff","higher_own_payoff",2,10
"study2_237",21,"study2",2,"self","higher_own_payoff","higher_own_payoff",2,10
"study2_237",22,"study2",1,"self","lower_own_payoff","higher_own_payoff",2,10
"study2_237",22,"study2",2,"self","higher_own_payoff","higher_own_payoff",2,10
"study2_237",23,"study2",1,"self","lower_own_payoff","lower_own_payoff",2,10
"study2_237",23,"study2",2,"self","higher_own_payoff","lower_own_payoff",2,10
"study2_237",24,"study2",1,"self","higher_own_payoff","higher_own_payoff",2,10
"study2_237",24,"study2",2,"self","lower_own_payoff","higher_own_payoff",2,10
"study2_238",1,"study2",1,"self","lower_own_payoff","lower_own_payoff",1,0
"study2_238",2,"study2",1,"self","higher_own_payoff","higher_own_payoff",1,0
"study2_238",3,"study2",1,"self","lower_own_payoff","lower_own_payoff",1,0
"study2_238",4,"study2",1,"self","lower_own_payoff","lower_own_payoff",1,0
"study2_238",5,"study2",1,"self","higher_own_payoff","higher_own_payoff",1,0
"study2_238",6,"study2",1,"self","higher_own_payoff","higher_own_payoff",1,0
"study2_238",7,"study2",1,"self","lower_own_payoff","higher_own_payoff",1,0
"study2_238",8,"study2",1,"self","lower_own_payoff","higher_own_payoff",2,10
"study2_238",8,"study2",2,"self","higher_own_payoff","higher_own_payoff",2,10
"study2_238",9,"study2",1,"self","lower_own_payoff","lower_own_payoff",2,10
"study2_238",9,"study2",2,"self","higher_own_payoff","lower_own_payoff",2,10
"study2_238",10,"study2",1,"self","higher_own_payoff","higher_own_payoff",1,0
"study2_238",11,"study2",1,"self","higher_own_payoff","higher_own_payoff",1,0
"study2_238",12,"study2",1,"self","higher_own_payoff","lower_own_payoff",2,10
"study2_238",12,"study2",2,"self","lower_own_payoff","lower_own_payoff",2,10
"study2_238",13,"study2",1,"self","lower_own_payoff","higher_own_payoff",2,10
"study2_238",13,"study2",2,"self","higher_own_payoff","higher_own_payoff",2,10
"study2_238",14,"study2",1,"self","higher_own_payoff","higher_own_payoff",1,0
"study2_238",15,"study2",1,"self","higher_own_payoff","higher_own_payoff",2,10
"study2_238",15,"study2",2,"self","higher_own_payoff","higher_own_payoff",2,10
"study2_238",16,"study2",1,"self","higher_own_payoff","higher_own_payoff",1,0
"study2_238",17,"study2",1,"self","higher_own_payoff","higher_own_payoff",2,10
"study2_238",17,"study2",2,"self","higher_own_payoff","higher_own_payoff",2,10
"study2_238",18,"study2",1,"self","higher_own_payoff","higher_own_payoff",1,0
"study2_238",19,"study2",1,"self","lower_own_payoff","lower_own_payoff",2,10
"study2_238",19,"study2",2,"self","lower_own_payoff","lower_own_payoff",2,10
"study2_238",20,"study2",1,"self","higher_own_payoff","higher_own_payoff",2,10
"study2_238",20,"study2",2,"self","lower_own_payoff","higher_own_payoff",2,10
"study2_238",21,"study2",1,"self","higher_own_payoff","higher_own_payoff",1,0
"study2_238",22,"study2",1,"self","higher_own_payoff","higher_own_payoff",1,0
"study2_238",23,"study2",1,"self","higher_own_payoff","higher_own_payoff",1,0
"study2_238",24,"study2",1,"self","lower_own_payoff","higher_own_payoff",2,10
"study2_238",24,"study2",2,"self","higher_own_payoff","higher_own_payoff",2,10
"study2_239",1,"study2",1,"self","higher_own_payoff","lower_own_payoff",1,0
"study2_239",2,"study2",1,"self","higher_own_payoff","higher_own_payoff",1,0
"study2_239",3,"study2",1,"self","higher_own_payoff","higher_own_payoff",1,0
"study2_239",4,"study2",1,"self","higher_own_payoff","higher_own_payoff",1,0
"study2_239",5,"study2",1,"self","higher_own_payoff","higher_own_payoff",1,0
"study2_239",6,"study2",1,"self","higher_own_payoff","higher_own_payoff",1,0
"study2_239",7,"study2",1,"self","higher_own_payoff","higher_own_payoff",1,0
"study2_239",8,"study2",1,"self","higher_own_payoff","higher_own_payoff",1,0
"study2_239",9,"study2",1,"self","higher_own_payoff","higher_own_payoff",1,0
"study2_239",10,"study2",1,"self","higher_own_payoff","higher_own_payoff",1,0
"study2_239",11,"study2",1,"self","higher_own_payoff","lower_own_payoff",2,10
"study2_239",11,"study2",2,"self","lower_own_payoff","lower_own_payoff",2,10
"study2_239",12,"study2",1,"self","higher_own_payoff","higher_own_payoff",1,0
"study2_239",13,"study2",1,"self","higher_own_payoff","higher_own_payoff",1,0
"study2_239",14,"study2",1,"self","higher_own_payoff","lower_own_payoff",2,10
"study2_239",14,"study2",2,"self","lower_own_payoff","lower_own_payoff",2,10
"study2_239",15,"study2",1,"self","higher_own_payoff","higher_own_payoff",1,0
"study2_239",16,"study2",1,"self","higher_own_payoff","lower_own_payoff",2,10
"study2_239",16,"study2",2,"self","lower_own_payoff","lower_own_payoff",2,10
"study2_239",17,"study2",1,"self","higher_own_payoff","higher_own_payoff",1,0
"study2_239",18,"study2",1,"self","higher_own_payoff","higher_own_payoff",2,10
"study2_239",18,"study2",2,"self","lower_own_payoff","higher_own_payoff",2,10
"study2_239",19,"study2",1,"self","higher_own_payoff","higher_own_payoff",1,0
"study2_239",20,"study2",1,"self","higher_own_payoff","lower_own_payoff",2,10
"study2_239",20,"study2",2,"self","lower_own_payoff","lower_own_payoff",2,10
"study2_239",21,"study2",1,"self","higher_own_payoff","higher_own_payoff",1,0
"study2_239",22,"study2",1,"self","higher_own_payoff","higher_own_payoff",2,10
"study2_239",22,"study2",2,"self","lower_own_payoff","higher_own_payoff",2,10
"study2_239",23,"study2",1,"self","higher_own_payoff","lower_own_payoff",2,10
"study2_239",23,"study2",2,"self","lower_own_payoff","lower_own_payoff",2,10
"study2_239",24,"study2",1,"self","higher_own_payoff","lower_own_payoff",2,10
"study2_239",24,"study2",2,"self","lower_own_payoff","lower_own_payoff",2,10
"study2_24",1,"study2",1,"self","higher_own_payoff","higher_own_payoff",3,20
"study2_24",1,"study2",2,"self","lower_own_payoff","higher_own_payoff",3,20
"study2_24",1,"study2",3,"self","higher_own_payoff","higher_own_payoff",3,20
"study2_24",2,"study2",1,"self","higher_own_payoff","higher_own_payoff",2,10
"study2_24",2,"study2",2,"self","lower_own_payoff","higher_own_payoff",2,10
"study2_24",3,"study2",1,"self","higher_own_payoff","higher_own_payoff",1,0
"study2_24",4,"study2",1,"self","higher_own_payoff","lower_own_payoff",3,20
"study2_24",4,"study2",2,"self","lower_own_payoff","lower_own_payoff",3,20
"study2_24",4,"study2",3,"self","lower_own_payoff","lower_own_payoff",3,20
"study2_24",5,"study2",1,"self","higher_own_payoff","higher_own_payoff",4,30
"study2_24",5,"study2",2,"self","lower_own_payoff","higher_own_payoff",4,30
"study2_24",5,"study2",3,"self","lower_own_payoff","higher_own_payoff",4,30
"study2_24",5,"study2",4,"self","higher_own_payoff","higher_own_payoff",4,30
"study2_24",6,"study2",1,"self","higher_own_payoff","lower_own_payoff",2,10
"study2_24",6,"study2",2,"self","lower_own_payoff","lower_own_payoff",2,10
"study2_24",7,"study2",1,"self","higher_own_payoff","higher_own_payoff",4,30
"study2_24",7,"study2",2,"self","lower_own_payoff","higher_own_payoff",4,30
"study2_24",7,"study2",3,"self","lower_own_payoff","higher_own_payoff",4,30
"study2_24",7,"study2",4,"self","higher_own_payoff","higher_own_payoff",4,30
"study2_24",8,"study2",1,"self","higher_own_payoff","higher_own_payoff",2,10
"study2_24",8,"study2",2,"self","lower_own_payoff","higher_own_payoff",2,10
"study2_24",9,"study2",1,"self","higher_own_payoff","lower_own_payoff",4,30
"study2_24",9,"study2",2,"self","lower_own_payoff","lower_own_payoff",4,30
"study2_24",9,"study2",3,"self","higher_own_payoff","lower_own_payoff",4,30
"study2_24",9,"study2",4,"self","lower_own_payoff","lower_own_payoff",4,30
"study2_24",10,"study2",1,"self","higher_own_payoff","higher_own_payoff",2,10
"study2_24",10,"study2",2,"self","lower_own_payoff","higher_own_payoff",2,10
"study2_24",11,"study2",1,"self","higher_own_payoff","lower_own_payoff",4,30
"study2_24",11,"study2",2,"self","higher_own_payoff","lower_own_payoff",4,30
"study2_24",11,"study2",3,"self","lower_own_payoff","lower_own_payoff",4,30
"study2_24",11,"study2",4,"self","lower_own_payoff","lower_own_payoff",4,30
"study2_24",12,"study2",1,"self","higher_own_payoff","lower_own_payoff",4,30
"study2_24",12,"study2",2,"self","lower_own_payoff","lower_own_payoff",4,30
"study2_24",12,"study2",3,"self","lower_own_payoff","lower_own_payoff",4,30
"study2_24",12,"study2",4,"self","higher_own_payoff","lower_own_payoff",4,30
"study2_24",13,"study2",1,"self","higher_own_payoff","higher_own_payoff",2,10
"study2_24",13,"study2",2,"self","lower_own_payoff","higher_own_payoff",2,10
"study2_24",14,"study2",1,"self","higher_own_payoff","higher_own_payoff",1,0
"study2_24",15,"study2",1,"self","higher_own_payoff","lower_own_payoff",4,30
"study2_24",15,"study2",2,"self","higher_own_payoff","lower_own_payoff",4,30
"study2_24",15,"study2",3,"self","lower_own_payoff","lower_own_payoff",4,30
"study2_24",15,"study2",4,"self","lower_own_payoff","lower_own_payoff",4,30
"study2_24",16,"study2",1,"self","higher_own_payoff","higher_own_payoff",1,0
"study2_24",17,"study2",1,"self","lower_own_payoff","higher_own_payoff",2,10
"study2_24",17,"study2",2,"self","lower_own_payoff","higher_own_payoff",2,10
"study2_24",18,"study2",1,"self","lower_own_payoff","lower_own_payoff",4,30
"study2_24",18,"study2",2,"self","higher_own_payoff","lower_own_payoff",4,30
"study2_24",18,"study2",3,"self","lower_own_payoff","lower_own_payoff",4,30
"study2_24",18,"study2",4,"self","higher_own_payoff","lower_own_payoff",4,30
"study2_24",19,"study2",1,"self","higher_own_payoff","lower_own_payoff",2,10
"study2_24",19,"study2",2,"self","lower_own_payoff","lower_own_payoff",2,10
"study2_24",20,"study2",1,"self","higher_own_payoff","lower_own_payoff",2,10
"study2_24",20,"study2",2,"self","lower_own_payoff","lower_own_payoff",2,10
"study2_24",21,"study2",1,"self","higher_own_payoff","higher_own_payoff",2,10
"study2_24",21,"study2",2,"self","lower_own_payoff","higher_own_payoff",2,10
"study2_24",22,"study2",1,"self","higher_own_payoff","higher_own_payoff",2,10
"study2_24",22,"study2",2,"self","lower_own_payoff","higher_own_payoff",2,10
"study2_24",23,"study2",1,"self","higher_own_payoff","higher_own_payoff",2,10
"study2_24",23,"study2",2,"self","lower_own_payoff","higher_own_payoff",2,10
"study2_24",24,"study2",1,"self","higher_own_payoff","lower_own_payoff",3,20
"study2_24",24,"study2",2,"self","lower_own_payoff","lower_own_payoff",3,20
"study2_24",24,"study2",3,"self","higher_own_payoff","lower_own_payoff",3,20
"study2_240",1,"study2",1,"self","higher_own_payoff","higher_own_payoff",1,0
"study2_240",2,"study2",1,"self","higher_own_payoff","higher_own_payoff",1,0
"study2_240",3,"study2",1,"self","higher_own_payoff","higher_own_payoff",2,10
"study2_240",3,"study2",2,"self","lower_own_payoff","higher_own_payoff",2,10
"study2_240",4,"study2",1,"self","higher_own_payoff","higher_own_payoff",1,0
"study2_240",5,"study2",1,"self","higher_own_payoff","higher_own_payoff",1,0
"study2_240",6,"study2",1,"self","higher_own_payoff","higher_own_payoff",1,0
"study2_240",7,"study2",1,"self","higher_own_payoff","higher_own_payoff",1,0
"study2_240",8,"study2",1,"self","higher_own_payoff","higher_own_payoff",1,0
"study2_240",9,"study2",1,"self","higher_own_payoff","higher_own_payoff",1,0
"study2_240",10,"study2",1,"self","higher_own_payoff","higher_own_payoff",1,0
"study2_240",11,"study2",1,"self","higher_own_payoff","lower_own_payoff",2,10
"study2_240",11,"study2",2,"self","lower_own_payoff","lower_own_payoff",2,10
"study2_240",12,"study2",1,"self","higher_own_payoff","lower_own_payoff",2,10
"study2_240",12,"study2",2,"self","lower_own_payoff","lower_own_payoff",2,10
"study2_240",13,"study2",1,"self","higher_own_payoff","higher_own_payoff",2,10
"study2_240",13,"study2",2,"self","lower_own_payoff","higher_own_payoff",2,10
"study2_240",14,"study2",1,"self","higher_own_payoff","higher_own_payoff",1,0
"study2_240",15,"study2",1,"self","higher_own_payoff","higher_own_payoff",2,10
"study2_240",15,"study2",2,"self","lower_own_payoff","higher_own_payoff",2,10
"study2_240",16,"study2",1,"self","higher_own_payoff","higher_own_payoff",1,0
"study2_240",17,"study2",1,"self","higher_own_payoff","lower_own_payoff",2,10
"study2_240",17,"study2",2,"self","lower_own_payoff","lower_own_payoff",2,10
"study2_240",18,"study2",1,"self","higher_own_payoff","higher_own_payoff",1,0
"study2_240",19,"study2",1,"self","higher_own_payoff","higher_own_payoff",1,0
"study2_240",20,"study2",1,"self","higher_own_payoff","lower_own_payoff",2,10
"study2_240",20,"study2",2,"self","lower_own_payoff","lower_own_payoff",2,10
"study2_240",21,"study2",1,"self","higher_own_payoff","higher_own_payoff",1,0
"study2_240",22,"study2",1,"self","higher_own_payoff","higher_own_payoff",1,0
"study2_240",23,"study2",1,"self","higher_own_payoff","lower_own_payoff",2,10
"study2_240",23,"study2",2,"self","lower_own_payoff","lower_own_payoff",2,10
"study2_240",24,"study2",1,"self","higher_own_payoff","higher_own_payoff",1,0
"study2_241",1,"study2",1,"self","higher_own_payoff","higher_own_payoff",8,70
"study2_241",1,"study2",2,"other","higher_own_payoff","higher_own_payoff",8,70
"study2_241",1,"study2",3,"other","higher_own_payoff","higher_own_payoff",8,70
"study2_241",1,"study2",4,"self","higher_own_payoff","higher_own_payoff",8,70
"study2_241",1,"study2",5,"other","lower_own_payoff","higher_own_payoff",8,70
"study2_241",1,"study2",6,"self","lower_own_payoff","higher_own_payoff",8,70
"study2_241",1,"study2",7,"self","lower_own_payoff","higher_own_payoff",8,70
"study2_241",1,"study2",8,"other","lower_own_payoff","higher_own_payoff",8,70
"study2_241",2,"study2",1,"self","higher_own_payoff","higher_own_payoff",8,70
"study2_241",2,"study2",2,"other","higher_own_payoff","higher_own_payoff",8,70
"study2_241",2,"study2",3,"other","higher_own_payoff","higher_own_payoff",8,70
"study2_241",2,"study2",4,"self","higher_own_payoff","higher_own_payoff",8,70
"study2_241",2,"study2",5,"self","lower_own_payoff","higher_own_payoff",8,70
"study2_241",2,"study2",6,"other","lower_own_payoff","higher_own_payoff",8,70
"study2_241",2,"study2",7,"self","lower_own_payoff","higher_own_payoff",8,70
"study2_241",2,"study2",8,"other","lower_own_payoff","higher_own_payoff",8,70
"study2_241",3,"study2",1,"self","lower_own_payoff","higher_own_payoff",4,30
"study2_241",3,"study2",2,"other","lower_own_payoff","higher_own_payoff",4,30
"study2_241",3,"study2",3,"other","higher_own_payoff","higher_own_payoff",4,30
"study2_241",3,"study2",4,"self","higher_own_payoff","higher_own_payoff",4,30
"study2_241",4,"study2",1,"other","lower_own_payoff","higher_own_payoff",4,30
"study2_241",4,"study2",2,"self","lower_own_payoff","higher_own_payoff",4,30
"study2_241",4,"study2",3,"self","higher_own_payoff","higher_own_payoff",4,30
"study2_241",4,"study2",4,"other","higher_own_payoff","higher_own_payoff",4,30
"study2_241",5,"study2",1,"other","lower_own_payoff","higher_own_payoff",3,20
"study2_241",5,"study2",2,"self","higher_own_payoff","higher_own_payoff",3,20
"study2_241",5,"study2",3,"other","higher_own_payoff","higher_own_payoff",3,20
"study2_241",6,"study2",1,"self","lower_own_payoff","higher_own_payoff",4,30
"study2_241",6,"study2",2,"other","lower_own_payoff","higher_own_payoff",4,30
"study2_241",6,"study2",3,"self","higher_own_payoff","higher_own_payoff",4,30
"study2_241",6,"study2",4,"other","higher_own_payoff","higher_own_payoff",4,30
"study2_241",7,"study2",1,"self","lower_own_payoff","lower_own_payoff",8,70
"study2_241",7,"study2",2,"other","lower_own_payoff","lower_own_payoff",8,70
"study2_241",7,"study2",3,"other","lower_own_payoff","lower_own_payoff",8,70
"study2_241",7,"study2",4,"self","lower_own_payoff","lower_own_payoff",8,70
"study2_241",7,"study2",5,"self","higher_own_payoff","lower_own_payoff",8,70
"study2_241",7,"study2",6,"other","higher_own_payoff","lower_own_payoff",8,70
"study2_241",7,"study2",7,"self","higher_own_payoff","lower_own_payoff",8,70
"study2_241",7,"study2",8,"other","higher_own_payoff","lower_own_payoff",8,70
"study2_241",8,"study2",1,"self","lower_own_payoff","lower_own_payoff",7,60
"study2_241",8,"study2",2,"self","higher_own_payoff","lower_own_payoff",7,60
"study2_241",8,"study2",3,"other","higher_own_payoff","lower_own_payoff",7,60
"study2_241",8,"study2",4,"self","higher_own_payoff","lower_own_payoff",7,60
"study2_241",8,"study2",5,"other","higher_own_payoff","lower_own_payoff",7,60
"study2_241",8,"study2",6,"other","lower_own_payoff","lower_own_payoff",7,60
"study2_241",8,"study2",7,"other","lower_own_payoff","lower_own_payoff",7,60
"study2_241",9,"study2",1,"self","lower_own_payoff","higher_own_payoff",8,70
"study2_241",9,"study2",2,"other","lower_own_payoff","higher_own_payoff",8,70
"study2_241",9,"study2",3,"self","lower_own_payoff","higher_own_payoff",8,70
"study2_241",9,"study2",4,"other","lower_own_payoff","higher_own_payoff",8,70
"study2_241",9,"study2",5,"self","higher_own_payoff","higher_own_payoff",8,70
"study2_241",9,"study2",6,"other","higher_own_payoff","higher_own_payoff",8,70
"study2_241",9,"study2",7,"self","higher_own_payoff","higher_own_payoff",8,70
"study2_241",9,"study2",8,"other","higher_own_payoff","higher_own_payoff",8,70
"study2_241",10,"study2",1,"self","higher_own_payoff","higher_own_payoff",8,70
"study2_241",10,"study2",2,"other","higher_own_payoff","higher_own_payoff",8,70
"study2_241",10,"study2",3,"self","lower_own_payoff","higher_own_payoff",8,70
"study2_241",10,"study2",4,"other","lower_own_payoff","higher_own_payoff",8,70
"study2_241",10,"study2",5,"self","lower_own_payoff","higher_own_payoff",8,70
"study2_241",10,"study2",6,"other","lower_own_payoff","higher_own_payoff",8,70
"study2_241",10,"study2",7,"self","higher_own_payoff","higher_own_payoff",8,70
"study2_241",10,"study2",8,"other","higher_own_payoff","higher_own_payoff",8,70
"study2_241",11,"study2",1,"self","higher_own_payoff","lower_own_payoff",8,70
"study2_241",11,"study2",2,"self","higher_own_payoff","lower_own_payoff",8,70
"study2_241",11,"study2",3,"other","higher_own_payoff","lower_own_payoff",8,70
"study2_241",11,"study2",4,"other","higher_own_payoff","lower_own_payoff",8,70
"study2_241",11,"study2",5,"self","lower_own_payoff","lower_own_payoff",8,70
"study2_241",11,"study2",6,"other","lower_own_payoff","lower_own_payoff",8,70
"study2_241",11,"study2",7,"other","lower_own_payoff","lower_own_payoff",8,70
"study2_241",11,"study2",8,"self","lower_own_payoff","lower_own_payoff",8,70
"study2_241",12,"study2",1,"self","lower_own_payoff","higher_own_payoff",8,70
"study2_241",12,"study2",2,"other","lower_own_payoff","higher_own_payoff",8,70
"study2_241",12,"study2",3,"self","lower_own_payoff","higher_own_payoff",8,70
"study2_241",12,"study2",4,"other","lower_own_payoff","higher_own_payoff",8,70
"study2_241",12,"study2",5,"self","higher_own_payoff","higher_own_payoff",8,70
"study2_241",12,"study2",6,"other","higher_own_payoff","higher_own_payoff",8,70
"study2_241",12,"study2",7,"other","higher_own_payoff","higher_own_payoff",8,70
"study2_241",12,"study2",8,"self","higher_own_payoff","higher_own_payoff",8,70
"study2_241",13,"study2",1,"self","higher_own_payoff","lower_own_payoff",2,10
"study2_241",13,"study2",2,"self","lower_own_payoff","lower_own_payoff",2,10
"study2_241",14,"study2",1,"self","higher_own_payoff","higher_own_payoff",8,70
"study2_241",14,"study2",2,"other","higher_own_payoff","higher_own_payoff",8,70
"study2_241",14,"study2",3,"self","lower_own_payoff","higher_own_payoff",8,70
"study2_241",14,"study2",4,"other","lower_own_payoff","higher_own_payoff",8,70
"study2_241",14,"study2",5,"other","lower_own_payoff","higher_own_payoff",8,70
"study2_241",14,"study2",6,"self","lower_own_payoff","higher_own_payoff",8,70
"study2_241",14,"study2",7,"self","higher_own_payoff","higher_own_payoff",8,70
"study2_241",14,"study2",8,"other","higher_own_payoff","higher_own_payoff",8,70
"study2_241",15,"study2",1,"self","higher_own_payoff","lower_own_payoff",6,50
"study2_241",15,"study2",2,"other","higher_own_payoff","lower_own_payoff",6,50
"study2_241",15,"study2",3,"other","higher_own_payoff","lower_own_payoff",6,50
"study2_241",15,"study2",4,"self","higher_own_payoff","lower_own_payoff",6,50
"study2_241",15,"study2",5,"self","lower_own_payoff","lower_own_payoff",6,50
"study2_241",15,"study2",6,"other","lower_own_payoff","lower_own_payoff",6,50
"study2_241",16,"study2",1,"self","higher_own_payoff","higher_own_payoff",5,40
"study2_241",16,"study2",2,"other","higher_own_payoff","higher_own_payoff",5,40
"study2_241",16,"study2",3,"self","higher_own_payoff","higher_own_payoff",5,40
"study2_241",16,"study2",4,"other","lower_own_payoff","higher_own_payoff",5,40
"study2_241",16,"study2",5,"self","lower_own_payoff","higher_own_payoff",5,40
"study2_241",17,"study2",1,"self","higher_own_payoff","higher_own_payoff",1,0
"study2_241",18,"study2",1,"self","lower_own_payoff","higher_own_payoff",1,0
"study2_241",19,"study2",1,"self","higher_own_payoff","higher_own_payoff",1,0
"study2_241",20,"study2",1,"self","lower_own_payoff","lower_own_payoff",1,0
"study2_241",21,"study2",1,"self","higher_own_payoff","lower_own_payoff",1,0
"study2_241",22,"study2",1,"self","lower_own_payoff","lower_own_payoff",1,0
"study2_241",23,"study2",1,"self","lower_own_payoff","lower_own_payoff",1,0
"study2_241",24,"study2",1,"other","higher_own_payoff","higher_own_payoff",2,10
"study2_241",24,"study2",2,"self","higher_own_payoff","higher_own_payoff",2,10
"study2_242",1,"study2",1,"self","higher_own_payoff","higher_own_payoff",1,0
"study2_242",2,"study2",1,"self","lower_own_payoff","higher_own_payoff",1,0
"study2_242",3,"study2",1,"self","higher_own_payoff","higher_own_payoff",1,0
"study2_242",4,"study2",1,"self","lower_own_payoff","higher_own_payoff",1,0
"study2_242",5,"study2",1,"self","lower_own_payoff","higher_own_payoff",1,0
"study2_242",6,"study2",1,"self","lower_own_payoff","higher_own_payoff",1,0
"study2_242",7,"study2",1,"self","lower_own_payoff","higher_own_payoff",1,0
"study2_242",8,"study2",1,"self","higher_own_payoff","higher_own_payoff",1,0
"study2_242",9,"study2",1,"self","higher_own_payoff","higher_own_payoff",1,0
"study2_242",10,"study2",1,"self","lower_own_payoff","lower_own_payoff",1,0
"study2_242",11,"study2",1,"self","lower_own_payoff","lower_own_payoff",1,0
"study2_242",12,"study2",1,"self","lower_own_payoff","higher_own_payoff",1,0
"study2_242",13,"study2",1,"self","higher_own_payoff","higher_own_payoff",1,0
"study2_242",14,"study2",1,"self","higher_own_payoff","higher_own_payoff",1,0
"study2_242",15,"study2",1,"self","higher_own_payoff","higher_own_payoff",1,0
"study2_242",16,"study2",1,"self","higher_own_payoff","higher_own_payoff",1,0
"study2_242",17,"study2",1,"self","higher_own_payoff","higher_own_payoff",1,0
"study2_242",18,"study2",1,"self","lower_own_payoff","lower_own_payoff",2,10
"study2_242",18,"study2",2,"self","lower_own_payoff","lower_own_payoff",2,10
"study2_242",19,"study2",1,"self","higher_own_payoff","higher_own_payoff",2,10
"study2_242",19,"study2",2,"self","lower_own_payoff","higher_own_payoff",2,10
"study2_242",20,"study2",1,"self","higher_own_payoff","lower_own_payoff",2,10
"study2_242",20,"study2",2,"self","lower_own_payoff","lower_own_payoff",2,10
"study2_242",21,"study2",1,"self","higher_own_payoff","higher_own_payoff",2,10
"study2_242",21,"study2",2,"self","lower_own_payoff","higher_own_payoff",2,10
"study2_242",22,"study2",1,"self","lower_own_payoff","lower_own_payoff",1,0
"study2_242",23,"study2",1,"self","lower_own_payoff","lower_own_payoff",1,0
"study2_242",24,"study2",1,"self","lower_own_payoff","higher_own_payoff",2,10
"study2_242",24,"study2",2,"self","lower_own_payoff","higher_own_payoff",2,10
"study2_25",1,"study2",1,"self","higher_own_payoff","higher_own_payoff",1,0
"study2_25",2,"study2",1,"self","higher_own_payoff","higher_own_payoff",1,0
"study2_25",3,"study2",1,"self","higher_own_payoff","higher_own_payoff",4,30
"study2_25",3,"study2",2,"self","lower_own_payoff","higher_own_payoff",4,30
"study2_25",3,"study2",3,"self","higher_own_payoff","higher_own_payoff",4,30
"study2_25",3,"study2",4,"self","lower_own_payoff","higher_own_payoff",4,30
"study2_25",4,"study2",1,"self","higher_own_payoff","higher_own_payoff",1,0
"study2_25",5,"study2",1,"self","higher_own_payoff","higher_own_payoff",1,0
"study2_25",6,"study2",1,"self","higher_own_payoff","higher_own_payoff",1,0
"study2_25",7,"study2",1,"self","higher_own_payoff","higher_own_payoff",1,0
"study2_25",8,"study2",1,"self","higher_own_payoff","lower_own_payoff",3,20
"study2_25",8,"study2",2,"self","higher_own_payoff","lower_own_payoff",3,20
"study2_25",8,"study2",3,"self","lower_own_payoff","lower_own_payoff",3,20
"study2_25",9,"study2",1,"self","higher_own_payoff","higher_own_payoff",1,0
"study2_25",10,"study2",1,"self","higher_own_payoff","higher_own_payoff",1,0
"study2_25",11,"study2",1,"self","higher_own_payoff","lower_own_payoff",3,20
"study2_25",11,"study2",2,"self","higher_own_payoff","lower_own_payoff",3,20
"study2_25",11,"study2",3,"self","lower_own_payoff","lower_own_payoff",3,20
"study2_25",12,"study2",1,"self","higher_own_payoff","lower_own_payoff",3,20
"study2_25",12,"study2",2,"self","lower_own_payoff","lower_own_payoff",3,20
"study2_25",12,"study2",3,"self","lower_own_payoff","lower_own_payoff",3,20
"study2_25",13,"study2",1,"self","higher_own_payoff","higher_own_payoff",1,0
"study2_25",14,"study2",1,"self","higher_own_payoff","higher_own_payoff",1,0
"study2_25",15,"study2",1,"self","higher_own_payoff","lower_own_payoff",3,20
"study2_25",15,"study2",2,"self","higher_own_payoff","lower_own_payoff",3,20
"study2_25",15,"study2",3,"self","lower_own_payoff","lower_own_payoff",3,20
"study2_25",16,"study2",1,"self","higher_own_payoff","higher_own_payoff",4,30
"study2_25",16,"study2",2,"self","higher_own_payoff","higher_own_payoff",4,30
"study2_25",16,"study2",3,"self","lower_own_payoff","higher_own_payoff",4,30
"study2_25",16,"study2",4,"self","lower_own_payoff","higher_own_payoff",4,30
"study2_25",17,"study2",1,"self","higher_own_payoff","higher_own_payoff",4,30
"study2_25",17,"study2",2,"self","lower_own_payoff","higher_own_payoff",4,30
"study2_25",17,"study2",3,"self","lower_own_payoff","higher_own_payoff",4,30
"study2_25",17,"study2",4,"self","higher_own_payoff","higher_own_payoff",4,30
"study2_25",18,"study2",1,"self","higher_own_payoff","higher_own_payoff",1,0
"study2_25",19,"study2",1,"self","lower_own_payoff","higher_own_payoff",2,10
"study2_25",19,"study2",2,"self","higher_own_payoff","higher_own_payoff",2,10
"study2_25",20,"study2",1,"self","higher_own_payoff","higher_own_payoff",1,0
"study2_25",21,"study2",1,"self","higher_own_payoff","lower_own_payoff",4,30
"study2_25",21,"study2",2,"self","higher_own_payoff","lower_own_payoff",4,30
"study2_25",21,"study2",3,"self","lower_own_payoff","lower_own_payoff",4,30
"study2_25",21,"study2",4,"self","lower_own_payoff","lower_own_payoff",4,30
"study2_25",22,"study2",1,"self","higher_own_payoff","higher_own_payoff",1,0
"study2_25",23,"study2",1,"self","higher_own_payoff","higher_own_payoff",1,0
"study2_25",24,"study2",1,"self","lower_own_payoff","lower_own_payoff",1,0
"study2_26",1,"study2",1,"self","higher_own_payoff","higher_own_payoff",4,30
"study2_26",1,"study2",2,"self","lower_own_payoff","higher_own_payoff",4,30
"study2_26",1,"study2",3,"self","higher_own_payoff","higher_own_payoff",4,30
"study2_26",1,"study2",4,"self","lower_own_payoff","higher_own_payoff",4,30
"study2_26",2,"study2",1,"self","higher_own_payoff","higher_own_payoff",4,30
"study2_26",2,"study2",2,"self","lower_own_payoff","higher_own_payoff",4,30
"study2_26",2,"study2",3,"self","higher_own_payoff","higher_own_payoff",4,30
"study2_26",2,"study2",4,"self","lower_own_payoff","higher_own_payoff",4,30
"study2_26",3,"study2",1,"self","higher_own_payoff","lower_own_payoff",4,30
"study2_26",3,"study2",2,"self","lower_own_payoff","lower_own_payoff",4,30
"study2_26",3,"study2",3,"self","lower_own_payoff","lower_own_payoff",4,30
"study2_26",3,"study2",4,"self","higher_own_payoff","lower_own_payoff",4,30
"study2_26",4,"study2",1,"self","higher_own_payoff","lower_own_payoff",3,20
"study2_26",4,"study2",2,"self","lower_own_payoff","lower_own_payoff",3,20
"study2_26",4,"study2",3,"self","higher_own_payoff","lower_own_payoff",3,20
"study2_26",5,"study2",1,"self","higher_own_payoff","higher_own_payoff",3,20
"study2_26",5,"study2",2,"self","lower_own_payoff","higher_own_payoff",3,20
"study2_26",5,"study2",3,"self","lower_own_payoff","higher_own_payoff",3,20
"study2_26",6,"study2",1,"self","lower_own_payoff","lower_own_payoff",4,30
"study2_26",6,"study2",2,"self","higher_own_payoff","lower_own_payoff",4,30
"study2_26",6,"study2",3,"self","lower_own_payoff","lower_own_payoff",4,30
"study2_26",6,"study2",4,"self","higher_own_payoff","lower_own_payoff",4,30
"study2_26",7,"study2",1,"self","lower_own_payoff","higher_own_payoff",3,20
"study2_26",7,"study2",2,"self","higher_own_payoff","higher_own_payoff",3,20
"study2_26",7,"study2",3,"self","lower_own_payoff","higher_own_payoff",3,20
"study2_26",8,"study2",1,"self","lower_own_payoff","higher_own_payoff",4,30
"study2_26",8,"study2",2,"self","higher_own_payoff","higher_own_payoff",4,30
"study2_26",8,"study2",3,"self","higher_own_payoff","higher_own_payoff",4,30
"study2_26",8,"study2",4,"self","lower_own_payoff","higher_own_payoff",4,30
"study2_26",9,"study2",1,"self","lower_own_payoff","lower_own_payoff",4,30
"study2_26",9,"study2",2,"self","higher_own_payoff","lower_own_payoff",4,30
"study2_26",9,"study2",3,"self","lower_own_payoff","lower_own_payoff",4,30
"study2_26",9,"study2",4,"self","higher_own_payoff","lower_own_payoff",4,30
"study2_26",10,"study2",1,"self","lower_own_payoff","lower_own_payoff",3,20
"study2_26",10,"study2",2,"self","higher_own_payoff","lower_own_payoff",3,20
"study2_26",10,"study2",3,"self","higher_own_payoff","lower_own_payoff",3,20
"study2_26",11,"study2",1,"self","lower_own_payoff","lower_own_payoff",3,20
"study2_26",11,"study2",2,"self","higher_own_payoff","lower_own_payoff",3,20
"study2_26",11,"study2",3,"self","higher_own_payoff","lower_own_payoff",3,20
"study2_26",12,"study2",1,"self","lower_own_payoff","higher_own_payoff",2,10
"study2_26",12,"study2",2,"self","lower_own_payoff","higher_own_payoff",2,10
"study2_26",13,"study2",1,"self","lower_own_payoff","lower_own_payoff",4,30
"study2_26",13,"study2",2,"self","higher_own_payoff","lower_own_payoff",4,30
"study2_26",13,"study2",3,"self","lower_own_payoff","lower_own_payoff",4,30
"study2_26",13,"study2",4,"self","higher_own_payoff","lower_own_payoff",4,30
"study2_26",14,"study2",1,"self","lower_own_payoff","lower_own_payoff",4,30
"study2_26",14,"study2",2,"self","higher_own_payoff","lower_own_payoff",4,30
"study2_26",14,"study2",3,"self","higher_own_payoff","lower_own_payoff",4,30
"study2_26",14,"study2",4,"self","lower_own_payoff","lower_own_payoff",4,30
"study2_26",15,"study2",1,"self","lower_own_payoff","higher_own_payoff",3,20
"study2_26",15,"study2",2,"self","higher_own_payoff","higher_own_payoff",3,20
"study2_26",15,"study2",3,"self","lower_own_payoff","higher_own_payoff",3,20
"study2_26",16,"study2",1,"self","lower_own_payoff","higher_own_payoff",3,20
"study2_26",16,"study2",2,"self","higher_own_payoff","higher_own_payoff",3,20
"study2_26",16,"study2",3,"self","lower_own_payoff","higher_own_payoff",3,20
"study2_26",17,"study2",1,"self","lower_own_payoff","higher_own_payoff",3,20
"study2_26",17,"study2",2,"self","higher_own_payoff","higher_own_payoff",3,20
"study2_26",17,"study2",3,"self","lower_own_payoff","higher_own_payoff",3,20
"study2_26",18,"study2",1,"self","lower_own_payoff","lower_own_payoff",3,20
"study2_26",18,"study2",2,"self","higher_own_payoff","lower_own_payoff",3,20
"study2_26",18,"study2",3,"self","higher_own_payoff","lower_own_payoff",3,20
"study2_26",19,"study2",1,"self","lower_own_payoff","higher_own_payoff",3,20
"study2_26",19,"study2",2,"self","higher_own_payoff","higher_own_payoff",3,20
"study2_26",19,"study2",3,"self","lower_own_payoff","higher_own_payoff",3,20
"study2_26",20,"study2",1,"self","lower_own_payoff","higher_own_payoff",3,20
"study2_26",20,"study2",2,"self","lower_own_payoff","higher_own_payoff",3,20
"study2_26",20,"study2",3,"self","higher_own_payoff","higher_own_payoff",3,20
"study2_26",21,"study2",1,"self","lower_own_payoff","lower_own_payoff",3,20
"study2_26",21,"study2",2,"self","higher_own_payoff","lower_own_payoff",3,20
"study2_26",21,"study2",3,"self","higher_own_payoff","lower_own_payoff",3,20
"study2_26",22,"study2",1,"self","lower_own_payoff","higher_own_payoff",3,20
"study2_26",22,"study2",2,"self","higher_own_payoff","higher_own_payoff",3,20
"study2_26",22,"study2",3,"self","lower_own_payoff","higher_own_payoff",3,20
"study2_26",23,"study2",1,"self","lower_own_payoff","lower_own_payoff",4,30
"study2_26",23,"study2",2,"self","higher_own_payoff","lower_own_payoff",4,30
"study2_26",23,"study2",3,"self","lower_own_payoff","lower_own_payoff",4,30
"study2_26",23,"study2",4,"self","higher_own_payoff","lower_own_payoff",4,30
"study2_26",24,"study2",1,"self","lower_own_payoff","lower_own_payoff",4,30
"study2_26",24,"study2",2,"self","higher_own_payoff","lower_own_payoff",4,30
"study2_26",24,"study2",3,"self","lower_own_payoff","lower_own_payoff",4,30
"study2_26",24,"study2",4,"self","higher_own_payoff","lower_own_payoff",4,30
"study2_28",1,"study2",1,"self","higher_own_payoff","higher_own_payoff",1,0
"study2_28",2,"study2",1,"other","higher_own_payoff","higher_own_payoff",1,0
"study2_28",3,"study2",1,"self","lower_own_payoff","lower_own_payoff",1,0
"study2_28",4,"study2",1,"other","lower_own_payoff","lower_own_payoff",1,0
"study2_28",5,"study2",1,"self","lower_own_payoff","higher_own_payoff",1,0
"study2_28",6,"study2",1,"other","higher_own_payoff","higher_own_payoff",1,0
"study2_28",7,"study2",1,"other","higher_own_payoff","higher_own_payoff",1,0
"study2_28",8,"study2",1,"self","lower_own_payoff","lower_own_payoff",1,0
"study2_28",9,"study2",1,"other","lower_own_payoff","lower_own_payoff",1,0
"study2_28",10,"study2",1,"self","higher_own_payoff","higher_own_payoff",1,0
"study2_28",11,"study2",1,"other","lower_own_payoff","higher_own_payoff",1,0
"study2_28",12,"study2",1,"self","lower_own_payoff","lower_own_payoff",1,0
"study2_28",13,"study2",1,"other","lower_own_payoff","lower_own_payoff",1,0
"study2_28",14,"study2",1,"self","higher_own_payoff","higher_own_payoff",1,0
"study2_28",15,"study2",1,"other","lower_own_payoff","lower_own_payoff",1,0
"study2_28",16,"study2",1,"self","higher_own_payoff","higher_own_payoff",1,0
"study2_28",17,"study2",1,"other","higher_own_payoff","higher_own_payoff",1,0
"study2_28",18,"study2",1,"other","higher_own_payoff","higher_own_payoff",1,0
"study2_28",19,"study2",1,"self","lower_own_payoff","lower_own_payoff",1,0
"study2_28",20,"study2",1,"other","lower_own_payoff","lower_own_payoff",1,0
"study2_28",21,"study2",1,"self","lower_own_payoff","lower_own_payoff",1,0
"study2_28",22,"study2",1,"self","higher_own_payoff","higher_own_payoff",1,0
"study2_28",23,"study2",1,"other","higher_own_payoff","higher_own_payoff",1,0
"study2_28",24,"study2",1,"self","lower_own_payoff","lower_own_payoff",1,0
"study2_29",1,"study2",1,"self","lower_own_payoff","higher_own_payoff",8,70
"study2_29",1,"study2",2,"self","lower_own_payoff","higher_own_payoff",8,70
"study2_29",1,"study2",3,"other","lower_own_payoff","higher_own_payoff",8,70
"study2_29",1,"study2",4,"other","lower_own_payoff","higher_own_payoff",8,70
"study2_29",1,"study2",5,"other","higher_own_payoff","higher_own_payoff",8,70
"study2_29",1,"study2",6,"self","higher_own_payoff","higher_own_payoff",8,70
"study2_29",1,"study2",7,"self","higher_own_payoff","higher_own_payoff",8,70
"study2_29",1,"study2",8,"other","higher_own_payoff","higher_own_payoff",8,70
"study2_29",2,"study2",1,"self","lower_own_payoff","higher_own_payoff",8,70
"study2_29",2,"study2",2,"other","lower_own_payoff","higher_own_payoff",8,70
"study2_29",2,"study2",3,"other","lower_own_payoff","higher_own_payoff",8,70
"study2_29",2,"study2",4,"self","lower_own_payoff","higher_own_payoff",8,70
"study2_29",2,"study2",5,"self","higher_own_payoff","higher_own_payoff",8,70
"study2_29",2,"study2",6,"other","higher_own_payoff","higher_own_payoff",8,70
"study2_29",2,"study2",7,"other","higher_own_payoff","higher_own_payoff",8,70
"study2_29",2,"study2",8,"self","higher_own_payoff","higher_own_payoff",8,70
"study2_29",3,"study2",1,"other","lower_own_payoff","higher_own_payoff",8,70
"study2_29",3,"study2",2,"self","lower_own_payoff","higher_own_payoff",8,70
"study2_29",3,"study2",3,"self","lower_own_payoff","higher_own_payoff",8,70
"study2_29",3,"study2",4,"other","lower_own_payoff","higher_own_payoff",8,70
"study2_29",3,"study2",5,"other","higher_own_payoff","higher_own_payoff",8,70
"study2_29",3,"study2",6,"self","higher_own_payoff","higher_own_payoff",8,70
"study2_29",3,"study2",7,"self","higher_own_payoff","higher_own_payoff",8,70
"study2_29",3,"study2",8,"other","higher_own_payoff","higher_own_payoff",8,70
"study2_29",4,"study2",1,"other","lower_own_payoff","higher_own_payoff",8,70
"study2_29",4,"study2",2,"self","lower_own_payoff","higher_own_payoff",8,70
"study2_29",4,"study2",3,"self","lower_own_payoff","higher_own_payoff",8,70
"study2_29",4,"study2",4,"other","lower_own_payoff","higher_own_payoff",8,70
"study2_29",4,"study2",5,"other","higher_own_payoff","higher_own_payoff",8,70
"study2_29",4,"study2",6,"self","higher_own_payoff","higher_own_payoff",8,70
"study2_29",4,"study2",7,"self","higher_own_payoff","higher_own_payoff",8,70
"study2_29",4,"study2",8,"other","higher_own_payoff","higher_own_payoff",8,70
"study2_29",5,"study2",1,"other","higher_own_payoff","lower_own_payoff",8,70
"study2_29",5,"study2",2,"self","higher_own_payoff","lower_own_payoff",8,70
"study2_29",5,"study2",3,"other","higher_own_payoff","lower_own_payoff",8,70
"study2_29",5,"study2",4,"other","lower_own_payoff","lower_own_payoff",8,70
"study2_29",5,"study2",5,"self","lower_own_payoff","lower_own_payoff",8,70
"study2_29",5,"study2",6,"self","lower_own_payoff","lower_own_payoff",8,70
"study2_29",5,"study2",7,"other","lower_own_payoff","lower_own_payoff",8,70
"study2_29",5,"study2",8,"self","higher_own_payoff","lower_own_payoff",8,70
"study2_29",6,"study2",1,"self","higher_own_payoff","higher_own_payoff",8,70
"study2_29",6,"study2",2,"other","higher_own_payoff","higher_own_payoff",8,70
"study2_29",6,"study2",3,"other","higher_own_payoff","higher_own_payoff",8,70
"study2_29",6,"study2",4,"self","higher_own_payoff","higher_own_payoff",8,70
"study2_29",6,"study2",5,"self","lower_own_payoff","higher_own_payoff",8,70
"study2_29",6,"study2",6,"other","lower_own_payoff","higher_own_payoff",8,70
"study2_29",6,"study2",7,"other","lower_own_payoff","higher_own_payoff",8,70
"study2_29",6,"study2",8,"self","lower_own_payoff","higher_own_payoff",8,70
"study2_29",7,"study2",1,"other","higher_own_payoff","lower_own_payoff",8,70
"study2_29",7,"study2",2,"self","higher_own_payoff","lower_own_payoff",8,70
"study2_29",7,"study2",3,"self","higher_own_payoff","lower_own_payoff",8,70
"study2_29",7,"study2",4,"other","higher_own_payoff","lower_own_payoff",8,70
"study2_29",7,"study2",5,"other","lower_own_payoff","lower_own_payoff",8,70
"study2_29",7,"study2",6,"self","lower_own_payoff","lower_own_payoff",8,70
"study2_29",7,"study2",7,"other","lower_own_payoff","lower_own_payoff",8,70
"study2_29",7,"study2",8,"self","lower_own_payoff","lower_own_payoff",8,70
"study2_29",8,"study2",1,"self","lower_own_payoff","lower_own_payoff",8,70
"study2_29",8,"study2",2,"other","lower_own_payoff","lower_own_payoff",8,70
"study2_29",8,"study2",3,"other","lower_own_payoff","lower_own_payoff",8,70
"study2_29",8,"study2",4,"self","lower_own_payoff","lower_own_payoff",8,70
"study2_29",8,"study2",5,"self","higher_own_payoff","lower_own_payoff",8,70
"study2_29",8,"study2",6,"other","higher_own_payoff","lower_own_payoff",8,70
"study2_29",8,"study2",7,"other","higher_own_payoff","lower_own_payoff",8,70
"study2_29",8,"study2",8,"self","higher_own_payoff","lower_own_payoff",8,70
"study2_29",9,"study2",1,"other","lower_own_payoff","lower_own_payoff",8,70
"study2_29",9,"study2",2,"self","lower_own_payoff","lower_own_payoff",8,70
"study2_29",9,"study2",3,"self","lower_own_payoff","lower_own_payoff",8,70
"study2_29",9,"study2",4,"other","lower_own_payoff","lower_own_payoff",8,70
"study2_29",9,"study2",5,"other","higher_own_payoff","lower_own_payoff",8,70
"study2_29",9,"study2",6,"self","higher_own_payoff","lower_own_payoff",8,70
"study2_29",9,"study2",7,"self","higher_own_payoff","lower_own_payoff",8,70
"study2_29",9,"study2",8,"other","higher_own_payoff","lower_own_payoff",8,70
"study2_29",10,"study2",1,"self","lower_own_payoff","higher_own_payoff",8,70
"study2_29",10,"study2",2,"other","lower_own_payoff","higher_own_payoff",8,70
"study2_29",10,"study2",3,"other","lower_own_payoff","higher_own_payoff",8,70
"study2_29",10,"study2",4,"self","lower_own_payoff","higher_own_payoff",8,70
"study2_29",10,"study2",5,"self","higher_own_payoff","higher_own_payoff",8,70
"study2_29",10,"study2",6,"other","higher_own_payoff","higher_own_payoff",8,70
"study2_29",10,"study2",7,"other","higher_own_payoff","higher_own_payoff",8,70
"study2_29",10,"study2",8,"self","higher_own_payoff","higher_own_payoff",8,70
"study2_29",11,"study2",1,"other","higher_own_payoff","lower_own_payoff",8,70
"study2_29",11,"study2",2,"self","higher_own_payoff","lower_own_payoff",8,70
"study2_29",11,"study2",3,"self","higher_own_payoff","lower_own_payoff",8,70
"study2_29",11,"study2",4,"other","higher_own_payoff","lower_own_payoff",8,70
"study2_29",11,"study2",5,"other","lower_own_payoff","lower_own_payoff",8,70
"study2_29",11,"study2",6,"self","lower_own_payoff","lower_own_payoff",8,70
"study2_29",11,"study2",7,"self","lower_own_payoff","lower_own_payoff",8,70
"study2_29",11,"study2",8,"other","lower_own_payoff","lower_own_payoff",8,70
"study2_29",12,"study2",1,"self","higher_own_payoff","lower_own_payoff",8,70
"study2_29",12,"study2",2,"other","higher_own_payoff","lower_own_payoff",8,70
"study2_29",12,"study2",3,"other","higher_own_payoff","lower_own_payoff",8,70
"study2_29",12,"study2",4,"self","higher_own_payoff","lower_own_payoff",8,70
"study2_29",12,"study2",5,"self","lower_own_payoff","lower_own_payoff",8,70
"study2_29",12,"study2",6,"other","lower_own_payoff","lower_own_payoff",8,70
"study2_29",12,"study2",7,"other","lower_own_payoff","lower_own_payoff",8,70
"study2_29",12,"study2",8,"self","lower_own_payoff","lower_own_payoff",8,70
"study2_29",13,"study2",1,"other","higher_own_payoff","lower_own_payoff",8,70
"study2_29",13,"study2",2,"self","higher_own_payoff","lower_own_payoff",8,70
"study2_29",13,"study2",3,"self","higher_own_payoff","lower_own_payoff",8,70
"study2_29",13,"study2",4,"other","higher_own_payoff","lower_own_payoff",8,70
"study2_29",13,"study2",5,"other","lower_own_payoff","lower_own_payoff",8,70
"study2_29",13,"study2",6,"self","lower_own_payoff","lower_own_payoff",8,70
"study2_29",13,"study2",7,"self","lower_own_payoff","lower_own_payoff",8,70
"study2_29",13,"study2",8,"other","lower_own_payoff","lower_own_payoff",8,70
"study2_29",14,"study2",1,"other","higher_own_payoff","higher_own_payoff",8,70
"study2_29",14,"study2",2,"self","higher_own_payoff","higher_own_payoff",8,70
"study2_29",14,"study2",3,"self","higher_own_payoff","higher_own_payoff",8,70
"study2_29",14,"study2",4,"other","higher_own_payoff","higher_own_payoff",8,70
"study2_29",14,"study2",5,"self","lower_own_payoff","higher_own_payoff",8,70
"study2_29",14,"study2",6,"other","lower_own_payoff","higher_own_payoff",8,70
"study2_29",14,"study2",7,"other","lower_own_payoff","higher_own_payoff",8,70
"study2_29",14,"study2",8,"self","lower_own_payoff","higher_own_payoff",8,70
"study2_29",15,"study2",1,"self","higher_own_payoff","lower_own_payoff",8,70
"study2_29",15,"study2",2,"other","higher_own_payoff","lower_own_payoff",8,70
"study2_29",15,"study2",3,"other","higher_own_payoff","lower_own_payoff",8,70
"study2_29",15,"study2",4,"self","higher_own_payoff","lower_own_payoff",8,70
"study2_29",15,"study2",5,"self","lower_own_payoff","lower_own_payoff",8,70
"study2_29",15,"study2",6,"other","lower_own_payoff","lower_own_payoff",8,70
"study2_29",15,"study2",7,"other","lower_own_payoff","lower_own_payoff",8,70
"study2_29",15,"study2",8,"self","lower_own_payoff","lower_own_payoff",8,70
"study2_29",16,"study2",1,"other","higher_own_payoff","lower_own_payoff",8,70
"study2_29",16,"study2",2,"self","higher_own_payoff","lower_own_payoff",8,70
"study2_29",16,"study2",3,"self","higher_own_payoff","lower_own_payoff",8,70
"study2_29",16,"study2",4,"other","higher_own_payoff","lower_own_payoff",8,70
"study2_29",16,"study2",5,"other","lower_own_payoff","lower_own_payoff",8,70
"study2_29",16,"study2",6,"other","lower_own_payoff","lower_own_payoff",8,70
"study2_29",16,"study2",7,"self","lower_own_payoff","lower_own_payoff",8,70
"study2_29",16,"study2",8,"self","lower_own_payoff","lower_own_payoff",8,70
"study2_29",17,"study2",1,"other","higher_own_payoff","lower_own_payoff",4,30
"study2_29",17,"study2",2,"other","higher_own_payoff","lower_own_payoff",4,30
"study2_29",17,"study2",3,"other","lower_own_payoff","lower_own_payoff",4,30
"study2_29",17,"study2",4,"other","lower_own_payoff","lower_own_payoff",4,30
"study2_29",18,"study2",1,"other","higher_own_payoff","lower_own_payoff",4,30
"study2_29",18,"study2",2,"other","higher_own_payoff","lower_own_payoff",4,30
"study2_29",18,"study2",3,"other","lower_own_payoff","lower_own_payoff",4,30
"study2_29",18,"study2",4,"other","lower_own_payoff","lower_own_payoff",4,30
"study2_29",19,"study2",1,"other","lower_own_payoff","lower_own_payoff",4,30
"study2_29",19,"study2",2,"other","lower_own_payoff","lower_own_payoff",4,30
"study2_29",19,"study2",3,"other","higher_own_payoff","lower_own_payoff",4,30
"study2_29",19,"study2",4,"other","higher_own_payoff","lower_own_payoff",4,30
"study2_29",20,"study2",1,"other","higher_own_payoff","lower_own_payoff",4,30
"study2_29",20,"study2",2,"other","higher_own_payoff","lower_own_payoff",4,30
"study2_29",20,"study2",3,"other","lower_own_payoff","lower_own_payoff",4,30
"study2_29",20,"study2",4,"other","lower_own_payoff","lower_own_payoff",4,30
"study2_29",21,"study2",1,"other","higher_own_payoff","higher_own_payoff",4,30
"study2_29",21,"study2",2,"other","higher_own_payoff","higher_own_payoff",4,30
"study2_29",21,"study2",3,"other","lower_own_payoff","higher_own_payoff",4,30
"study2_29",21,"study2",4,"other","lower_own_payoff","higher_own_payoff",4,30
"study2_29",22,"study2",1,"other","higher_own_payoff","higher_own_payoff",4,30
"study2_29",22,"study2",2,"other","higher_own_payoff","higher_own_payoff",4,30
"study2_29",22,"study2",3,"other","lower_own_payoff","higher_own_payoff",4,30
"study2_29",22,"study2",4,"other","lower_own_payoff","higher_own_payoff",4,30
"study2_29",23,"study2",1,"other","higher_own_payoff","higher_own_payoff",4,30
"study2_29",23,"study2",2,"other","higher_own_payoff","higher_own_payoff",4,30
"study2_29",23,"study2",3,"other","lower_own_payoff","higher_own_payoff",4,30
"study2_29",23,"study2",4,"other","lower_own_payoff","higher_own_payoff",4,30
"study2_29",24,"study2",1,"other","lower_own_payoff","lower_own_payoff",4,30
"study2_29",24,"study2",2,"other","lower_own_payoff","lower_own_payoff",4,30
"study2_29",24,"study2",3,"other","higher_own_payoff","lower_own_payoff",4,30
"study2_29",24,"study2",4,"other","higher_own_payoff","lower_own_payoff",4,30
"study2_3",1,"study2",1,"self","higher_own_payoff","higher_own_payoff",1,0
"study2_3",2,"study2",1,"self","higher_own_payoff","higher_own_payoff",1,0
"study2_3",3,"study2",1,"self","higher_own_payoff","higher_own_payoff",2,10
"study2_3",3,"study2",2,"self","higher_own_payoff","higher_own_payoff",2,10
"study2_3",4,"study2",1,"self","higher_own_payoff","higher_own_payoff",1,0
"study2_3",5,"study2",1,"self","higher_own_payoff","higher_own_payoff",1,0
"study2_3",6,"study2",1,"self","lower_own_payoff","lower_own_payoff",1,0
"study2_3",7,"study2",1,"self","higher_own_payoff","higher_own_payoff",2,10
"study2_3",7,"study2",2,"self","higher_own_payoff","higher_own_payoff",2,10
"study2_3",8,"study2",1,"self","lower_own_payoff","lower_own_payoff",1,0
"study2_3",9,"study2",1,"self","higher_own_payoff","higher_own_payoff",2,10
"study2_3",9,"study2",2,"self","higher_own_payoff","higher_own_payoff",2,10
"study2_3",10,"study2",1,"self","higher_own_payoff","higher_own_payoff",2,10
"study2_3",10,"study2",2,"self","higher_own_payoff","higher_own_payoff",2,10
"study2_3",11,"study2",1,"self","higher_own_payoff","lower_own_payoff",2,10
"study2_3",11,"study2",2,"self","lower_own_payoff","lower_own_payoff",2,10
"study2_3",12,"study2",1,"self","higher_own_payoff","higher_own_payoff",2,10
"study2_3",12,"study2",2,"self","lower_own_payoff","higher_own_payoff",2,10
"study2_3",13,"study2",1,"self","higher_own_payoff","higher_own_payoff",3,20
"study2_3",13,"study2",2,"self","lower_own_payoff","higher_own_payoff",3,20
"study2_3",13,"study2",3,"self","higher_own_payoff","higher_own_payoff",3,20
"study2_3",14,"study2",1,"self","higher_own_payoff","higher_own_payoff",4,30
"study2_3",14,"study2",2,"self","higher_own_payoff","higher_own_payoff",4,30
"study2_3",14,"study2",3,"self","lower_own_payoff","higher_own_payoff",4,30
"study2_3",14,"study2",4,"self","lower_own_payoff","higher_own_payoff",4,30
"study2_3",15,"study2",1,"self","higher_own_payoff","higher_own_payoff",1,0
"study2_3",16,"study2",1,"self","higher_own_payoff","higher_own_payoff",1,0
"study2_3",17,"study2",1,"self","higher_own_payoff","higher_own_payoff",1,0
"study2_3",18,"study2",1,"self","higher_own_payoff","higher_own_payoff",2,10
"study2_3",18,"study2",2,"self","higher_own_payoff","higher_own_payoff",2,10
"study2_3",19,"study2",1,"self","lower_own_payoff","higher_own_payoff",4,30
"study2_3",19,"study2",2,"self","lower_own_payoff","higher_own_payoff",4,30
"study2_3",19,"study2",3,"self","higher_own_payoff","higher_own_payoff",4,30
"study2_3",19,"study2",4,"self","higher_own_payoff","higher_own_payoff",4,30
"study2_3",20,"study2",1,"self","higher_own_payoff","higher_own_payoff",1,0
"study2_3",21,"study2",1,"self","higher_own_payoff","higher_own_payoff",1,0
"study2_3",22,"study2",1,"self","lower_own_payoff","lower_own_payoff",1,0
"study2_3",23,"study2",1,"self","higher_own_payoff","higher_own_payoff",1,0
"study2_3",24,"study2",1,"self","higher_own_payoff","higher_own_payoff",1,0
"study2_30",1,"study2",1,"self","higher_own_payoff","higher_own_payoff",1,0
"study2_30",2,"study2",1,"self","higher_own_payoff","higher_own_payoff",1,0
"study2_30",3,"study2",1,"self","higher_own_payoff","higher_own_payoff",1,0
"study2_30",4,"study2",1,"self","higher_own_payoff","higher_own_payoff",1,0
"study2_30",5,"study2",1,"self","higher_own_payoff","higher_own_payoff",1,0
"study2_30",6,"study2",1,"self","higher_own_payoff","higher_own_payoff",1,0
"study2_30",7,"study2",1,"self","higher_own_payoff","higher_own_payoff",1,0
"study2_30",8,"study2",1,"self","higher_own_payoff","higher_own_payoff",2,10
"study2_30",8,"study2",2,"self","higher_own_payoff","higher_own_payoff",2,10
"study2_30",9,"study2",1,"self","higher_own_payoff","higher_own_payoff",1,0
"study2_30",10,"study2",1,"self","higher_own_payoff","higher_own_payoff",1,0
"study2_30",11,"study2",1,"self","higher_own_payoff","lower_own_payoff",2,10
"study2_30",11,"study2",2,"self","lower_own_payoff","lower_own_payoff",2,10
"study2_30",12,"study2",1,"self","higher_own_payoff","higher_own_payoff",1,0
"study2_30",13,"study2",1,"self","higher_own_payoff","higher_own_payoff",1,0
"study2_30",14,"study2",1,"self","higher_own_payoff","higher_own_payoff",1,0
"study2_30",15,"study2",1,"self","higher_own_payoff","higher_own_payoff",1,0
"study2_30",16,"study2",1,"self","higher_own_payoff","higher_own_payoff",1,0
"study2_30",17,"study2",1,"self","higher_own_payoff","higher_own_payoff",1,0
"study2_30",18,"study2",1,"self","higher_own_payoff","higher_own_payoff",1,0
"study2_30",19,"study2",1,"self","higher_own_payoff","higher_own_payoff",1,0
"study2_30",20,"study2",1,"self","higher_own_payoff","higher_own_payoff",1,0
"study2_30",21,"study2",1,"self","higher_own_payoff","higher_own_payoff",1,0
"study2_30",22,"study2",1,"self","higher_own_payoff","higher_own_payoff",1,0
"study2_30",23,"study2",1,"self","higher_own_payoff","higher_own_payoff",1,0
"study2_30",24,"study2",1,"self","higher_own_payoff","higher_own_payoff",1,0
"study2_31",1,"study2",1,"self","higher_own_payoff","lower_own_payoff",2,10
"study2_31",1,"study2",2,"self","lower_own_payoff","lower_own_payoff",2,10
"study2_31",2,"study2",1,"self","higher_own_payoff","higher_own_payoff",2,10
"study2_31",2,"study2",2,"self","lower_own_payoff","higher_own_payoff",2,10
"study2_31",3,"study2",1,"self","higher_own_payoff","lower_own_payoff",2,10
"study2_31",3,"study2",2,"self","lower_own_payoff","lower_own_payoff",2,10
"study2_31",4,"study2",1,"self","higher_own_payoff","higher_own_payoff",1,0
"study2_31",5,"study2",1,"self","higher_own_payoff","lower_own_payoff",2,10
"study2_31",5,"study2",2,"self","lower_own_payoff","lower_own_payoff",2,10
"study2_31",6,"study2",1,"self","higher_own_payoff","higher_own_payoff",1,0
"study2_31",7,"study2",1,"self","higher_own_payoff","higher_own_payoff",1,0
"study2_31",8,"study2",1,"self","higher_own_payoff","lower_own_payoff",2,10
"study2_31",8,"study2",2,"self","lower_own_payoff","lower_own_payoff",2,10
"study2_31",9,"study2",1,"self","higher_own_payoff","higher_own_payoff",1,0
"study2_31",10,"study2",1,"self","higher_own_payoff","higher_own_payoff",1,0
"study2_31",11,"study2",1,"self","higher_own_payoff","higher_own_payoff",1,0
"study2_31",12,"study2",1,"self","higher_own_payoff","higher_own_payoff",1,0
"study2_31",13,"study2",1,"self","higher_own_payoff","higher_own_payoff",1,0
"study2_31",14,"study2",1,"self","higher_own_payoff","higher_own_payoff",3,20
"study2_31",14,"study2",2,"self","lower_own_payoff","higher_own_payoff",3,20
"study2_31",14,"study2",3,"self","higher_own_payoff","higher_own_payoff",3,20
"study2_31",15,"study2",1,"self","higher_own_payoff","higher_own_payoff",1,0
"study2_31",16,"study2",1,"self","higher_own_payoff","lower_own_payoff",2,10
"study2_31",16,"study2",2,"self","lower_own_payoff","lower_own_payoff",2,10
"study2_31",17,"study2",1,"self","higher_own_payoff","higher_own_payoff",1,0
"study2_31",18,"study2",1,"self","higher_own_payoff","higher_own_payoff",1,0
"study2_31",19,"study2",1,"self","higher_own_payoff","higher_own_payoff",1,0
"study2_31",20,"study2",1,"self","higher_own_payoff","higher_own_payoff",2,10
"study2_31",20,"study2",2,"self","lower_own_payoff","higher_own_payoff",2,10
"study2_31",21,"study2",1,"self","higher_own_payoff","higher_own_payoff",1,0
"study2_31",22,"study2",1,"self","higher_own_payoff","higher_own_payoff",1,0
"study2_31",23,"study2",1,"self","higher_own_payoff","lower_own_payoff",2,10
"study2_31",23,"study2",2,"self","lower_own_payoff","lower_own_payoff",2,10
"study2_31",24,"study2",1,"self","higher_own_payoff","higher_own_payoff",1,0
"study2_32",1,"study2",1,"self","lower_own_payoff","lower_own_payoff",1,0
"study2_32",2,"study2",1,"self","higher_own_payoff","higher_own_payoff",1,0
"study2_32",3,"study2",1,"other","higher_own_payoff","lower_own_payoff",2,10
"study2_32",3,"study2",2,"other","lower_own_payoff","lower_own_payoff",2,10
"study2_32",4,"study2",1,"self","higher_own_payoff","higher_own_payoff",1,0
"study2_32",5,"study2",1,"self","higher_own_payoff","lower_own_payoff",1,0
"study2_32",6,"study2",1,"other","lower_own_payoff","lower_own_payoff",1,0
"study2_32",7,"study2",1,"other","lower_own_payoff","higher_own_payoff",1,0
"study2_32",8,"study2",1,"self","lower_own_payoff","lower_own_payoff",1,0
"study2_32",9,"study2",1,"self","higher_own_payoff","lower_own_payoff",1,0
"study2_32",10,"study2",1,"self","lower_own_payoff","lower_own_payoff",1,0
"study2_32",11,"study2",1,"self","higher_own_payoff","higher_own_payoff",2,10
"study2_32",11,"study2",2,"self","higher_own_payoff","higher_own_payoff",2,10
"study2_32",12,"study2",1,"self","higher_own_payoff","lower_own_payoff",1,0
"study2_32",13,"study2",1,"self","higher_own_payoff","lower_own_payoff",2,10
"study2_32",13,"study2",2,"self","higher_own_payoff","lower_own_payoff",2,10
"study2_32",14,"study2",1,"self","higher_own_payoff","higher_own_payoff",2,10
"study2_32",14,"study2",2,"self","higher_own_payoff","higher_own_payoff",2,10
"study2_32",15,"study2",1,"self","higher_own_payoff","higher_own_payoff",2,10
"study2_32",15,"study2",2,"self","higher_own_payoff","higher_own_payoff",2,10
"study2_32",16,"study2",1,"self","higher_own_payoff","higher_own_payoff",2,10
"study2_32",16,"study2",2,"self","higher_own_payoff","higher_own_payoff",2,10
"study2_32",17,"study2",1,"self","higher_own_payoff","higher_own_payoff",2,10
"study2_32",17,"study2",2,"self","higher_own_payoff","higher_own_payoff",2,10
"study2_32",18,"study2",1,"self","higher_own_payoff","higher_own_payoff",2,10
"study2_32",18,"study2",2,"self","higher_own_payoff","higher_own_payoff",2,10
"study2_32",19,"study2",1,"self","higher_own_payoff","higher_own_payoff",2,10
"study2_32",19,"study2",2,"self","higher_own_payoff","higher_own_payoff",2,10
"study2_32",20,"study2",1,"self","higher_own_payoff","higher_own_payoff",1,0
"study2_32",21,"study2",1,"self","higher_own_payoff","higher_own_payoff",1,0
"study2_32",22,"study2",1,"self","higher_own_payoff","higher_own_payoff",2,10
"study2_32",22,"study2",2,"self","higher_own_payoff","higher_own_payoff",2,10
"study2_32",23,"study2",1,"self","lower_own_payoff","lower_own_payoff",2,10
"study2_32",23,"study2",2,"self","lower_own_payoff","lower_own_payoff",2,10
"study2_32",24,"study2",1,"self","lower_own_payoff","lower_own_payoff",2,10
"study2_32",24,"study2",2,"self","lower_own_payoff","lower_own_payoff",2,10
"study2_33",1,"study2",1,"self","higher_own_payoff","lower_own_payoff",1,0
"study2_33",2,"study2",1,"self","higher_own_payoff","higher_own_payoff",1,0
"study2_33",3,"study2",1,"self","higher_own_payoff","higher_own_payoff",1,0
"study2_33",4,"study2",1,"self","higher_own_payoff","higher_own_payoff",1,0
"study2_33",5,"study2",1,"self","higher_own_payoff","higher_own_payoff",1,0
"study2_33",6,"study2",1,"self","higher_own_payoff","higher_own_payoff",1,0
"study2_33",7,"study2",1,"self","higher_own_payoff","higher_own_payoff",1,0
"study2_33",8,"study2",1,"self","higher_own_payoff","higher_own_payoff",1,0
"study2_33",9,"study2",1,"self","higher_own_payoff","higher_own_payoff",1,0
"study2_33",10,"study2",1,"self","higher_own_payoff","higher_own_payoff",1,0
"study2_33",11,"study2",1,"self","higher_own_payoff","higher_own_payoff",1,0
"study2_33",12,"study2",1,"self","higher_own_payoff","higher_own_payoff",1,0
"study2_33",13,"study2",1,"self","higher_own_payoff","higher_own_payoff",1,0
"study2_33",14,"study2",1,"self","higher_own_payoff","higher_own_payoff",1,0
"study2_33",15,"study2",1,"self","higher_own_payoff","higher_own_payoff",1,0
"study2_33",16,"study2",1,"self","higher_own_payoff","higher_own_payoff",1,0
"study2_33",17,"study2",1,"self","higher_own_payoff","lower_own_payoff",1,0
"study2_33",18,"study2",1,"self","higher_own_payoff","lower_own_payoff",1,0
"study2_33",19,"study2",1,"self","higher_own_payoff","higher_own_payoff",1,0
"study2_33",20,"study2",1,"self","higher_own_payoff","higher_own_payoff",1,0
"study2_33",21,"study2",1,"self","higher_own_payoff","higher_own_payoff",1,0
"study2_33",22,"study2",1,"self","higher_own_payoff","higher_own_payoff",1,0
"study2_33",23,"study2",1,"self","higher_own_payoff","higher_own_payoff",1,0
"study2_33",24,"study2",1,"self","higher_own_payoff","lower_own_payoff",1,0
"study2_34",1,"study2",1,"other","lower_own_payoff","lower_own_payoff",1,0
"study2_34",2,"study2",1,"self","higher_own_payoff","higher_own_payoff",1,0
"study2_34",3,"study2",1,"self","higher_own_payoff","higher_own_payoff",2,10
"study2_34",3,"study2",2,"self","lower_own_payoff","higher_own_payoff",2,10
"study2_34",4,"study2",1,"self","higher_own_payoff","higher_own_payoff",1,0
"study2_34",5,"study2",1,"self","higher_own_payoff","lower_own_payoff",2,10
"study2_34",5,"study2",2,"self","lower_own_payoff","lower_own_payoff",2,10
"study2_34",6,"study2",1,"self","higher_own_payoff","higher_own_payoff",1,0
"study2_34",7,"study2",1,"self","higher_own_payoff","lower_own_payoff",2,10
"study2_34",7,"study2",2,"self","lower_own_payoff","lower_own_payoff",2,10
"study2_34",8,"study2",1,"self","lower_own_payoff","higher_own_payoff",2,10
"study2_34",8,"study2",2,"self","higher_own_payoff","higher_own_payoff",2,10
"study2_34",9,"study2",1,"self","higher_own_payoff","higher_own_payoff",1,0
"study2_34",10,"study2",1,"self","higher_own_payoff","lower_own_payoff",2,10
"study2_34",10,"study2",2,"self","lower_own_payoff","lower_own_payoff",2,10
"study2_34",11,"study2",1,"self","higher_own_payoff","lower_own_payoff",2,10
"study2_34",11,"study2",2,"self","lower_own_payoff","lower_own_payoff",2,10
"study2_34",12,"study2",1,"self","higher_own_payoff","lower_own_payoff",2,10
"study2_34",12,"study2",2,"self","lower_own_payoff","lower_own_payoff",2,10
"study2_34",13,"study2",1,"self","lower_own_payoff","lower_own_payoff",2,10
"study2_34",13,"study2",2,"self","higher_own_payoff","lower_own_payoff",2,10
"study2_34",14,"study2",1,"self","higher_own_payoff","higher_own_payoff",2,10
"study2_34",14,"study2",2,"self","lower_own_payoff","higher_own_payoff",2,10
"study2_34",15,"study2",1,"self","lower_own_payoff","lower_own_payoff",1,0
"study2_34",16,"study2",1,"self","higher_own_payoff","higher_own_payoff",2,10
"study2_34",16,"study2",2,"self","lower_own_payoff","higher_own_payoff",2,10
"study2_34",17,"study2",1,"self","higher_own_payoff","higher_own_payoff",1,0
"study2_34",18,"study2",1,"self","higher_own_payoff","higher_own_payoff",2,10
"study2_34",18,"study2",2,"self","lower_own_payoff","higher_own_payoff",2,10
"study2_34",19,"study2",1,"self","lower_own_payoff","lower_own_payoff",2,10
"study2_34",19,"study2",2,"self","higher_own_payoff","lower_own_payoff",2,10
"study2_34",20,"study2",1,"self","higher_own_payoff","higher_own_payoff",1,0
"study2_34",21,"study2",1,"self","higher_own_payoff","higher_own_payoff",1,0
"study2_34",22,"study2",1,"self","higher_own_payoff","higher_own_payoff",2,10
"study2_34",22,"study2",2,"self","lower_own_payoff","higher_own_payoff",2,10
"study2_34",23,"study2",1,"self","higher_own_payoff","higher_own_payoff",1,0
"study2_34",24,"study2",1,"self","higher_own_payoff","higher_own_payoff",2,10
"study2_34",24,"study2",2,"self","lower_own_payoff","higher_own_payoff",2,10
"study2_37",1,"study2",1,"self","higher_own_payoff","higher_own_payoff",1,0
"study2_37",2,"study2",1,"self","higher_own_payoff","higher_own_payoff",1,0
"study2_37",3,"study2",1,"self","higher_own_payoff","higher_own_payoff",1,0
"study2_37",4,"study2",1,"other","lower_own_payoff","lower_own_payoff",1,0
"study2_37",5,"study2",1,"self","lower_own_payoff","lower_own_payoff",1,0
"study2_37",6,"study2",1,"self","higher_own_payoff","higher_own_payoff",1,0
"study2_37",7,"study2",1,"self","higher_own_payoff","higher_own_payoff",1,0
"study2_37",8,"study2",1,"self","higher_own_payoff","higher_own_payoff",1,0
"study2_37",9,"study2",1,"self","lower_own_payoff","lower_own_payoff",1,0
"study2_37",10,"study2",1,"self","lower_own_payoff","lower_own_payoff",1,0
"study2_37",11,"study2",1,"self","higher_own_payoff","higher_own_payoff",1,0
"study2_37",12,"study2",1,"self","lower_own_payoff","lower_own_payoff",1,0
"study2_37",13,"study2",1,"self","higher_own_payoff","higher_own_payoff",1,0
"study2_37",14,"study2",1,"self","lower_own_payoff","lower_own_payoff",1,0
"study2_37",15,"study2",1,"self","higher_own_payoff","higher_own_payoff",1,0
"study2_37",16,"study2",1,"self","higher_own_payoff","higher_own_payoff",1,0
"study2_37",17,"study2",1,"self","higher_own_payoff","higher_own_payoff",1,0
"study2_37",18,"study2",1,"self","lower_own_payoff","lower_own_payoff",1,0
"study2_37",19,"study2",1,"self","higher_own_payoff","higher_own_payoff",1,0
"study2_37",20,"study2",1,"self","higher_own_payoff","higher_own_payoff",1,0
"study2_37",21,"study2",1,"self","lower_own_payoff","lower_own_payoff",1,0
"study2_37",22,"study2",1,"self","higher_own_payoff","higher_own_payoff",1,0
"study2_37",23,"study2",1,"self","higher_own_payoff","higher_own_payoff",1,0
"study2_37",24,"study2",1,"self","higher_own_payoff","higher_own_payoff",1,0
"study2_38",1,"study2",1,"self","higher_own_payoff","higher_own_payoff",2,10
"study2_38",1,"study2",2,"self","lower_own_payoff","higher_own_payoff",2,10
"study2_38",2,"study2",1,"self","higher_own_payoff","higher_own_payoff",2,10
"study2_38",2,"study2",2,"self","lower_own_payoff","higher_own_payoff",2,10
"study2_38",3,"study2",1,"self","higher_own_payoff","lower_own_payoff",2,10
"study2_38",3,"study2",2,"self","lower_own_payoff","lower_own_payoff",2,10
"study2_38",4,"study2",1,"self","higher_own_payoff","higher_own_payoff",2,10
"study2_38",4,"study2",2,"self","higher_own_payoff","higher_own_payoff",2,10
"study2_38",5,"study2",1,"self","higher_own_payoff","higher_own_payoff",1,0
"study2_38",6,"study2",1,"self","higher_own_payoff","lower_own_payoff",4,30
"study2_38",6,"study2",2,"self","higher_own_payoff","lower_own_payoff",4,30
"study2_38",6,"study2",3,"self","lower_own_payoff","lower_own_payoff",4,30
"study2_38",6,"study2",4,"self","lower_own_payoff","lower_own_payoff",4,30
"study2_38",7,"study2",1,"self","higher_own_payoff","higher_own_payoff",2,10
"study2_38",7,"study2",2,"self","lower_own_payoff","higher_own_payoff",2,10
"study2_38",8,"study2",1,"self","higher_own_payoff","higher_own_payoff",1,0
"study2_38",9,"study2",1,"self","higher_own_payoff","higher_own_payoff",3,20
"study2_38",9,"study2",2,"self","higher_own_payoff","higher_own_payoff",3,20
"study2_38",9,"study2",3,"self","lower_own_payoff","higher_own_payoff",3,20
"study2_38",10,"study2",1,"self","higher_own_payoff","higher_own_payoff",3,20
"study2_38",10,"study2",2,"other","higher_own_payoff","higher_own_payoff",3,20
"study2_38",10,"study2",3,"self","lower_own_payoff","higher_own_payoff",3,20
"study2_38",11,"study2",1,"self","higher_own_payoff","higher_own_payoff",2,10
"study2_38",11,"study2",2,"self","lower_own_payoff","higher_own_payoff",2,10
"study2_38",12,"study2",1,"self","higher_own_payoff","higher_own_payoff",2,10
"study2_38",12,"study2",2,"self","higher_own_payoff","higher_own_payoff",2,10
"study2_38",13,"study2",1,"self","higher_own_payoff","lower_own_payoff",4,30
"study2_38",13,"study2",2,"self","higher_own_payoff","lower_own_payoff",4,30
"study2_38",13,"study2",3,"self","lower_own_payoff","lower_own_payoff",4,30
"study2_38",13,"study2",4,"self","lower_own_payoff","lower_own_payoff",4,30
"study2_38",14,"study2",1,"self","higher_own_payoff","higher_own_payoff",2,10
"study2_38",14,"study2",2,"self","lower_own_payoff","higher_own_payoff",2,10
"study2_38",15,"study2",1,"self","higher_own_payoff","lower_own_payoff",3,20
"study2_38",15,"study2",2,"self","higher_own_payoff","lower_own_payoff",3,20
"study2_38",15,"study2",3,"self","lower_own_payoff","lower_own_payoff",3,20
"study2_38",16,"study2",1,"self","higher_own_payoff","higher_own_payoff",2,10
"study2_38",16,"study2",2,"self","higher_own_payoff","higher_own_payoff",2,10
"study2_38",17,"study2",1,"self","higher_own_payoff","higher_own_payoff",2,10
"study2_38",17,"study2",2,"self","higher_own_payoff","higher_own_payoff",2,10
"study2_38",18,"study2",1,"self","higher_own_payoff","lower_own_payoff",4,30
"study2_38",18,"study2",2,"self","higher_own_payoff","lower_own_payoff",4,30
"study2_38",18,"study2",3,"self","lower_own_payoff","lower_own_payoff",4,30
"study2_38",18,"study2",4,"self","lower_own_payoff","lower_own_payoff",4,30
"study2_38",19,"study2",1,"self","higher_own_payoff","lower_own_payoff",3,20
"study2_38",19,"study2",2,"self","lower_own_payoff","lower_own_payoff",3,20
"study2_38",19,"study2",3,"self","lower_own_payoff","lower_own_payoff",3,20
"study2_38",20,"study2",1,"self","higher_own_payoff","higher_own_payoff",1,0
"study2_38",21,"study2",1,"self","higher_own_payoff","lower_own_payoff",4,30
"study2_38",21,"study2",2,"self","lower_own_payoff","lower_own_payoff",4,30
"study2_38",21,"study2",3,"self","lower_own_payoff","lower_own_payoff",4,30
"study2_38",21,"study2",4,"self","higher_own_payoff","lower_own_payoff",4,30
"study2_38",22,"study2",1,"self","higher_own_payoff","higher_own_payoff",3,20
"study2_38",22,"study2",2,"self","higher_own_payoff","higher_own_payoff",3,20
"study2_38",22,"study2",3,"self","lower_own_payoff","higher_own_payoff",3,20
"study2_38",23,"study2",1,"self","higher_own_payoff","higher_own_payoff",3,20
"study2_38",23,"study2",2,"self","higher_own_payoff","higher_own_payoff",3,20
"study2_38",23,"study2",3,"self","lower_own_payoff","higher_own_payoff",3,20
"study2_38",24,"study2",1,"self","higher_own_payoff","higher_own_payoff",1,0
"study2_39",1,"study2",1,"self","lower_own_payoff","higher_own_payoff",1,0
"study2_39",2,"study2",1,"self","higher_own_payoff","higher_own_payoff",1,0
"study2_39",3,"study2",1,"self","higher_own_payoff","higher_own_payoff",1,0
"study2_39",4,"study2",1,"self","higher_own_payoff","higher_own_payoff",1,0
"study2_39",5,"study2",1,"self","higher_own_payoff","higher_own_payoff",1,0
"study2_39",6,"study2",1,"self","higher_own_payoff","higher_own_payoff",1,0
"study2_39",7,"study2",1,"self","higher_own_payoff","lower_own_payoff",1,0
"study2_39",8,"study2",1,"self","higher_own_payoff","higher_own_payoff",1,0
"study2_39",9,"study2",1,"self","higher_own_payoff","higher_own_payoff",1,0
"study2_39",10,"study2",1,"self","higher_own_payoff","higher_own_payoff",1,0
"study2_39",11,"study2",1,"self","higher_own_payoff","higher_own_payoff",1,0
"study2_39",12,"study2",1,"self","lower_own_payoff","higher_own_payoff",1,0
"study2_39",13,"study2",1,"self","higher_own_payoff","lower_own_payoff",1,0
"study2_39",14,"study2",1,"self","higher_own_payoff","higher_own_payoff",1,0
"study2_39",15,"study2",1,"self","lower_own_payoff","higher_own_payoff",1,0
"study2_39",16,"study2",1,"self","lower_own_payoff","lower_own_payoff",1,0
"study2_39",17,"study2",1,"self","higher_own_payoff","higher_own_payoff",1,0
"study2_39",18,"study2",1,"self","higher_own_payoff","higher_own_payoff",1,0
"study2_39",19,"study2",1,"self","lower_own_payoff","higher_own_payoff",1,0
"study2_39",20,"study2",1,"self","lower_own_payoff","higher_own_payoff",1,0
"study2_39",21,"study2",1,"self","lower_own_payoff","higher_own_payoff",1,0
"study2_39",22,"study2",1,"self","lower_own_payoff","higher_own_payoff",1,0
"study2_39",23,"study2",1,"self","lower_own_payoff","higher_own_payoff",1,0
"study2_39",24,"study2",1,"self","lower_own_payoff","higher_own_payoff",1,0
"study2_4",1,"study2",1,"self","lower_own_payoff","lower_own_payoff",1,0
"study2_4",2,"study2",1,"self","higher_own_payoff","higher_own_payoff",1,0
"study2_4",3,"study2",1,"self","higher_own_payoff","lower_own_payoff",1,0
"study2_4",4,"study2",1,"self","higher_own_payoff","higher_own_payoff",1,0
"study2_4",5,"study2",1,"self","lower_own_payoff","lower_own_payoff",1,0
"study2_4",6,"study2",1,"self","higher_own_payoff","higher_own_payoff",1,0
"study2_4",7,"study2",1,"self","higher_own_payoff","higher_own_payoff",1,0
"study2_4",8,"study2",1,"self","higher_own_payoff","lower_own_payoff",2,10
"study2_4",8,"study2",2,"self","lower_own_payoff","lower_own_payoff",2,10
"study2_4",9,"study2",1,"self","higher_own_payoff","higher_own_payoff",1,0
"study2_4",10,"study2",1,"self","higher_own_payoff","higher_own_payoff",1,0
"study2_4",11,"study2",1,"self","higher_own_payoff","higher_own_payoff",1,0
"study2_4",12,"study2",1,"self","higher_own_payoff","higher_own_payoff",1,0
"study2_4",13,"study2",1,"self","higher_own_payoff","higher_own_payoff",1,0
"study2_4",14,"study2",1,"self","higher_own_payoff","higher_own_payoff",1,0
"study2_4",15,"study2",1,"self","higher_own_payoff","higher_own_payoff",1,0
"study2_4",16,"study2",1,"self","higher_own_payoff","higher_own_payoff",1,0
"study2_4",17,"study2",1,"self","higher_own_payoff","lower_own_payoff",1,0
"study2_4",18,"study2",1,"self","higher_own_payoff","higher_own_payoff",1,0
"study2_4",19,"study2",1,"self","higher_own_payoff","higher_own_payoff",1,0
"study2_4",20,"study2",1,"self","higher_own_payoff","lower_own_payoff",2,10
"study2_4",20,"study2",2,"self","lower_own_payoff","lower_own_payoff",2,10
"study2_4",21,"study2",1,"self","higher_own_payoff","higher_own_payoff",1,0
"study2_4",22,"study2",1,"self","higher_own_payoff","higher_own_payoff",1,0
"study2_4",23,"study2",1,"self","higher_own_payoff","higher_own_payoff",1,0
"study2_4",24,"study2",1,"self","higher_own_payoff","higher_own_payoff",1,0
"study2_40",1,"study2",1,"self","higher_own_payoff","higher_own_payoff",2,10
"study2_40",1,"study2",2,"self","higher_own_payoff","higher_own_payoff",2,10
"study2_40",2,"study2",1,"self","higher_own_payoff","higher_own_payoff",1,0
"study2_40",3,"study2",1,"self","lower_own_payoff","higher_own_payoff",2,10
"study2_40",3,"study2",2,"self","lower_own_payoff","higher_own_payoff",2,10
"study2_40",4,"study2",1,"self","lower_own_payoff","higher_own_payoff",2,10
"study2_40",4,"study2",2,"self","higher_own_payoff","higher_own_payoff",2,10
"study2_40",5,"study2",1,"self","higher_own_payoff","higher_own_payoff",2,10
"study2_40",5,"study2",2,"self","higher_own_payoff","higher_own_payoff",2,10
"study2_40",6,"study2",1,"self","higher_own_payoff","higher_own_payoff",2,10
"study2_40",6,"study2",2,"self","higher_own_payoff","higher_own_payoff",2,10
"study2_40",7,"study2",1,"self","higher_own_payoff","higher_own_payoff",2,10
"study2_40",7,"study2",2,"self","lower_own_payoff","higher_own_payoff",2,10
"study2_40",8,"study2",1,"self","lower_own_payoff","lower_own_payoff",2,10
"study2_40",8,"study2",2,"self","lower_own_payoff","lower_own_payoff",2,10
"study2_40",9,"study2",1,"self","higher_own_payoff","higher_own_payoff",2,10
"study2_40",9,"study2",2,"self","lower_own_payoff","higher_own_payoff",2,10
"study2_40",10,"study2",1,"self","higher_own_payoff","higher_own_payoff",1,0
"study2_40",11,"study2",1,"self","higher_own_payoff","higher_own_payoff",2,10
"study2_40",11,"study2",2,"self","higher_own_payoff","higher_own_payoff",2,10
"study2_40",12,"study2",1,"self","higher_own_payoff","higher_own_payoff",1,0
"study2_40",13,"study2",1,"self","higher_own_payoff","higher_own_payoff",1,0
"study2_40",14,"study2",1,"self","lower_own_payoff","lower_own_payoff",1,0
"study2_40",15,"study2",1,"self","lower_own_payoff","lower_own_payoff",1,0
"study2_40",16,"study2",1,"self","higher_own_payoff","higher_own_payoff",1,0
"study2_40",17,"study2",1,"self","higher_own_payoff","higher_own_payoff",1,0
"study2_40",18,"study2",1,"self","lower_own_payoff","higher_own_payoff",1,0
"study2_40",19,"study2",1,"self","higher_own_payoff","lower_own_payoff",2,10
"study2_40",19,"study2",2,"self","lower_own_payoff","lower_own_payoff",2,10
"study2_40",20,"study2",1,"self","lower_own_payoff","higher_own_payoff",2,10
"study2_40",20,"study2",2,"self","higher_own_payoff","higher_own_payoff",2,10
"study2_40",21,"study2",1,"self","higher_own_payoff","lower_own_payoff",2,10
"study2_40",21,"study2",2,"self","lower_own_payoff","lower_own_payoff",2,10
"study2_40",22,"study2",1,"self","higher_own_payoff","lower_own_payoff",2,10
"study2_40",22,"study2",2,"self","lower_own_payoff","lower_own_payoff",2,10
"study2_40",23,"study2",1,"self","lower_own_payoff","lower_own_payoff",2,10
"study2_40",23,"study2",2,"self","higher_own_payoff","lower_own_payoff",2,10
"study2_40",24,"study2",1,"self","higher_own_payoff","higher_own_payoff",2,10
"study2_40",24,"study2",2,"self","lower_own_payoff","higher_own_payoff",2,10
"study2_41",1,"study2",1,"self","higher_own_payoff","higher_own_payoff",2,10
"study2_41",1,"study2",2,"self","lower_own_payoff","higher_own_payoff",2,10
"study2_41",2,"study2",1,"self","higher_own_payoff","lower_own_payoff",1,0
"study2_41",3,"study2",1,"self","lower_own_payoff","lower_own_payoff",2,10
"study2_41",3,"study2",2,"self","higher_own_payoff","lower_own_payoff",2,10
"study2_41",4,"study2",1,"self","higher_own_payoff","higher_own_payoff",2,10
"study2_41",4,"study2",2,"self","lower_own_payoff","higher_own_payoff",2,10
"study2_41",5,"study2",1,"self","higher_own_payoff","lower_own_payoff",2,10
"study2_41",5,"study2",2,"self","lower_own_payoff","lower_own_payoff",2,10
"study2_41",6,"study2",1,"self","lower_own_payoff","lower_own_payoff",2,10
"study2_41",6,"study2",2,"self","higher_own_payoff","lower_own_payoff",2,10
"study2_41",7,"study2",1,"self","higher_own_payoff","higher_own_payoff",2,10
"study2_41",7,"study2",2,"self","lower_own_payoff","higher_own_payoff",2,10
"study2_41",8,"study2",1,"self","higher_own_payoff","lower_own_payoff",4,30
"study2_41",8,"study2",2,"self","lower_own_payoff","lower_own_payoff",4,30
"study2_41",8,"study2",3,"self","higher_own_payoff","lower_own_payoff",4,30
"study2_41",8,"study2",4,"self","lower_own_payoff","lower_own_payoff",4,30
"study2_41",9,"study2",1,"self","lower_own_payoff","lower_own_payoff",4,30
"study2_41",9,"study2",2,"self","higher_own_payoff","lower_own_payoff",4,30
"study2_41",9,"study2",3,"self","lower_own_payoff","lower_own_payoff",4,30
"study2_41",9,"study2",4,"self","higher_own_payoff","lower_own_payoff",4,30
"study2_41",10,"study2",1,"self","higher_own_payoff","higher_own_payoff",3,20
"study2_41",10,"study2",2,"self","lower_own_payoff","higher_own_payoff",3,20
"study2_41",10,"study2",3,"self","lower_own_payoff","higher_own_payoff",3,20
"study2_41",11,"study2",1,"self","higher_own_payoff","lower_own_payoff",4,30
"study2_41",11,"study2",2,"self","lower_own_payoff","lower_own_payoff",4,30
"study2_41",11,"study2",3,"self","lower_own_payoff","lower_own_payoff",4,30
"study2_41",11,"study2",4,"self","higher_own_payoff","lower_own_payoff",4,30
"study2_41",12,"study2",1,"self","higher_own_payoff","higher_own_payoff",2,10
"study2_41",12,"study2",2,"self","lower_own_payoff","higher_own_payoff",2,10
"study2_41",13,"study2",1,"self","lower_own_payoff","lower_own_payoff",4,30
"study2_41",13,"study2",2,"self","higher_own_payoff","lower_own_payoff",4,30
"study2_41",13,"study2",3,"self","lower_own_payoff","lower_own_payoff",4,30
"study2_41",13,"study2",4,"self","higher_own_payoff","lower_own_payoff",4,30
"study2_41",14,"study2",1,"self","lower_own_payoff","higher_own_payoff",2,10
"study2_41",14,"study2",2,"self","higher_own_payoff","higher_own_payoff",2,10
"study2_41",15,"study2",1,"self","lower_own_payoff","higher_own_payoff",2,10
"study2_41",15,"study2",2,"self","lower_own_payoff","higher_own_payoff",2,10
"study2_41",16,"study2",1,"self","lower_own_payoff","lower_own_payoff",5,40
"study2_41",16,"study2",2,"self","lower_own_payoff","lower_own_payoff",5,40
"study2_41",16,"study2",3,"self","higher_own_payoff","lower_own_payoff",5,40
"study2_41",16,"study2",4,"other","higher_own_payoff","lower_own_payoff",5,40
"study2_41",16,"study2",5,"self","higher_own_payoff","lower_own_payoff",5,40
"study2_41",17,"study2",1,"self","lower_own_payoff","higher_own_payoff",2,10
"study2_41",17,"study2",2,"self","lower_own_payoff","higher_own_payoff",2,10
"study2_41",18,"study2",1,"self","lower_own_payoff","higher_own_payoff",3,20
"study2_41",18,"study2",2,"self","higher_own_payoff","higher_own_payoff",3,20
"study2_41",18,"study2",3,"self","lower_own_payoff","higher_own_payoff",3,20
"study2_41",19,"study2",1,"self","higher_own_payoff","higher_own_payoff",2,10
"study2_41",19,"study2",2,"self","lower_own_payoff","higher_own_payoff",2,10
"study2_41",20,"study2",1,"self","lower_own_payoff","lower_own_payoff",4,30
"study2_41",20,"study2",2,"self","higher_own_payoff","lower_own_payoff",4,30
"study2_41",20,"study2",3,"self","lower_own_payoff","lower_own_payoff",4,30
"study2_41",20,"study2",4,"self","higher_own_payoff","lower_own_payoff",4,30
"study2_41",21,"study2",1,"self","lower_own_payoff","higher_own_payoff",2,10
"study2_41",21,"study2",2,"self","lower_own_payoff","higher_own_payoff",2,10
"study2_41",22,"study2",1,"self","lower_own_payoff","higher_own_payoff",2,10
"study2_41",22,"study2",2,"self","lower_own_payoff","higher_own_payoff",2,10
"study2_41",23,"study2",1,"self","lower_own_payoff","higher_own_payoff",2,10
"study2_41",23,"study2",2,"self","lower_own_payoff","higher_own_payoff",2,10
"study2_41",24,"study2",1,"self","lower_own_payoff","higher_own_payoff",3,20
"study2_41",24,"study2",2,"self","lower_own_payoff","higher_own_payoff",3,20
"study2_41",24,"study2",3,"self","higher_own_payoff","higher_own_payoff",3,20
"study2_42",1,"study2",1,"self","higher_own_payoff","higher_own_payoff",2,10
"study2_42",1,"study2",2,"self","higher_own_payoff","higher_own_payoff",2,10
"study2_42",2,"study2",1,"self","higher_own_payoff","higher_own_payoff",1,0
"study2_42",3,"study2",1,"self","lower_own_payoff","higher_own_payoff",2,10
"study2_42",3,"study2",2,"self","higher_own_payoff","higher_own_payoff",2,10
"study2_42",4,"study2",1,"self","higher_own_payoff","lower_own_payoff",2,10
"study2_42",4,"study2",2,"self","higher_own_payoff","lower_own_payoff",2,10
"study2_42",5,"study2",1,"self","higher_own_payoff","higher_own_payoff",1,0
"study2_42",6,"study2",1,"self","higher_own_payoff","higher_own_payoff",1,0
"study2_42",7,"study2",1,"self","higher_own_payoff","higher_own_payoff",1,0
"study2_42",8,"study2",1,"self","higher_own_payoff","higher_own_payoff",1,0
"study2_42",9,"study2",1,"self","higher_own_payoff","higher_own_payoff",1,0
"study2_42",10,"study2",1,"self","higher_own_payoff","higher_own_payoff",1,0
"study2_42",11,"study2",1,"self","lower_own_payoff","higher_own_payoff",2,10
"study2_42",11,"study2",2,"self","higher_own_payoff","higher_own_payoff",2,10
"study2_42",12,"study2",1,"self","higher_own_payoff","higher_own_payoff",1,0
"study2_42",13,"study2",1,"self","lower_own_payoff","lower_own_payoff",1,0
"study2_42",14,"study2",1,"self","higher_own_payoff","higher_own_payoff",2,10
"study2_42",14,"study2",2,"self","lower_own_payoff","higher_own_payoff",2,10
"study2_42",15,"study2",1,"self","higher_own_payoff","higher_own_payoff",1,0
"study2_42",16,"study2",1,"self","higher_own_payoff","lower_own_payoff",2,10
"study2_42",16,"study2",2,"self","higher_own_payoff","lower_own_payoff",2,10
"study2_42",17,"study2",1,"self","higher_own_payoff","higher_own_payoff",1,0
"study2_42",18,"study2",1,"self","higher_own_payoff","lower_own_payoff",1,0
"study2_42",19,"study2",1,"self","higher_own_payoff","higher_own_payoff",1,0
"study2_42",20,"study2",1,"self","higher_own_payoff","higher_own_payoff",1,0
"study2_42",21,"study2",1,"self","higher_own_payoff","higher_own_payoff",2,10
"study2_42",21,"study2",2,"self","higher_own_payoff","higher_own_payoff",2,10
"study2_42",22,"study2",1,"self","higher_own_payoff","higher_own_payoff",2,10
"study2_42",22,"study2",2,"self","lower_own_payoff","higher_own_payoff",2,10
"study2_42",23,"study2",1,"self","higher_own_payoff","higher_own_payoff",1,0
"study2_42",24,"study2",1,"self","higher_own_payoff","higher_own_payoff",1,0
"study2_43",1,"study2",1,"self","higher_own_payoff","higher_own_payoff",1,0
"study2_43",2,"study2",1,"self","higher_own_payoff","higher_own_payoff",1,0
"study2_43",3,"study2",1,"self","lower_own_payoff","higher_own_payoff",1,0
"study2_43",4,"study2",1,"self","higher_own_payoff","higher_own_payoff",1,0
"study2_43",5,"study2",1,"self","higher_own_payoff","lower_own_payoff",1,0
"study2_43",6,"study2",1,"self","higher_own_payoff","higher_own_payoff",1,0
"study2_43",7,"study2",1,"self","lower_own_payoff","higher_own_payoff",1,0
"study2_43",8,"study2",1,"self","higher_own_payoff","lower_own_payoff",1,0
"study2_43",9,"study2",1,"self","lower_own_payoff","lower_own_payoff",1,0
"study2_43",10,"study2",1,"self","lower_own_payoff","higher_own_payoff",1,0
"study2_43",11,"study2",1,"self","higher_own_payoff","higher_own_payoff",1,0
"study2_43",12,"study2",1,"self","lower_own_payoff","lower_own_payoff",1,0
"study2_43",13,"study2",1,"self","lower_own_payoff","lower_own_payoff",1,0
"study2_43",14,"study2",1,"self","higher_own_payoff","higher_own_payoff",1,0
"study2_43",15,"study2",1,"self","higher_own_payoff","lower_own_payoff",1,0
"study2_43",16,"study2",1,"self","higher_own_payoff","higher_own_payoff",1,0
"study2_43",17,"study2",1,"self","higher_own_payoff","higher_own_payoff",1,0
"study2_43",18,"study2",1,"self","lower_own_payoff","lower_own_payoff",1,0
"study2_43",19,"study2",1,"self","higher_own_payoff","higher_own_payoff",1,0
"study2_43",20,"study2",1,"self","higher_own_payoff","higher_own_payoff",1,0
"study2_43",21,"study2",1,"self","higher_own_payoff","higher_own_payoff",1,0
"study2_43",22,"study2",1,"self","higher_own_payoff","higher_own_payoff",1,0
"study2_43",23,"study2",1,"self","lower_own_payoff","lower_own_payoff",1,0
"study2_43",24,"study2",1,"self","higher_own_payoff","lower_own_payoff",1,0
"study2_44",1,"study2",1,"self","higher_own_payoff","higher_own_payoff",3,20
"study2_44",1,"study2",2,"self","lower_own_payoff","higher_own_payoff",3,20
"study2_44",1,"study2",3,"self","lower_own_payoff","higher_own_payoff",3,20
"study2_44",2,"study2",1,"self","higher_own_payoff","higher_own_payoff",4,30
"study2_44",2,"study2",2,"self","lower_own_payoff","higher_own_payoff",4,30
"study2_44",2,"study2",3,"self","higher_own_payoff","higher_own_payoff",4,30
"study2_44",2,"study2",4,"self","lower_own_payoff","higher_own_payoff",4,30
"study2_44",3,"study2",1,"self","higher_own_payoff","higher_own_payoff",3,20
"study2_44",3,"study2",2,"self","lower_own_payoff","higher_own_payoff",3,20
"study2_44",3,"study2",3,"self","higher_own_payoff","higher_own_payoff",3,20
"study2_44",4,"study2",1,"self","higher_own_payoff","higher_own_payoff",2,10
"study2_44",4,"study2",2,"self","lower_own_payoff","higher_own_payoff",2,10
"study2_44",5,"study2",1,"self","higher_own_payoff","higher_own_payoff",3,20
"study2_44",5,"study2",2,"self","higher_own_payoff","higher_own_payoff",3,20
"study2_44",5,"study2",3,"self","lower_own_payoff","higher_own_payoff",3,20
"study2_44",6,"study2",1,"self","higher_own_payoff","higher_own_payoff",4,30
"study2_44",6,"study2",2,"self","lower_own_payoff","higher_own_payoff",4,30
"study2_44",6,"study2",3,"self","higher_own_payoff","higher_own_payoff",4,30
"study2_44",6,"study2",4,"self","lower_own_payoff","higher_own_payoff",4,30
"study2_44",7,"study2",1,"self","higher_own_payoff","lower_own_payoff",4,30
"study2_44",7,"study2",2,"self","lower_own_payoff","lower_own_payoff",4,30
"study2_44",7,"study2",3,"self","lower_own_payoff","lower_own_payoff",4,30
"study2_44",7,"study2",4,"self","higher_own_payoff","lower_own_payoff",4,30
"study2_44",8,"study2",1,"self","lower_own_payoff","higher_own_payoff",4,30
"study2_44",8,"study2",2,"self","lower_own_payoff","higher_own_payoff",4,30
"study2_44",8,"study2",3,"self","higher_own_payoff","higher_own_payoff",4,30
"study2_44",8,"study2",4,"self","higher_own_payoff","higher_own_payoff",4,30
"study2_44",9,"study2",1,"self","higher_own_payoff","lower_own_payoff",3,20
"study2_44",9,"study2",2,"self","higher_own_payoff","lower_own_payoff",3,20
"study2_44",9,"study2",3,"self","lower_own_payoff","lower_own_payoff",3,20
"study2_44",10,"study2",1,"self","higher_own_payoff","lower_own_payoff",4,30
"study2_44",10,"study2",2,"self","higher_own_payoff","lower_own_payoff",4,30
"study2_44",10,"study2",3,"self","lower_own_payoff","lower_own_payoff",4,30
"study2_44",10,"study2",4,"self","lower_own_payoff","lower_own_payoff",4,30
"study2_44",11,"study2",1,"self","lower_own_payoff","lower_own_payoff",4,30
"study2_44",11,"study2",2,"self","higher_own_payoff","lower_own_payoff",4,30
"study2_44",11,"study2",3,"self","higher_own_payoff","lower_own_payoff",4,30
"study2_44",11,"study2",4,"self","lower_own_payoff","lower_own_payoff",4,30
"study2_44",12,"study2",1,"self","higher_own_payoff","lower_own_payoff",4,30
"study2_44",12,"study2",2,"self","higher_own_payoff","lower_own_payoff",4,30
"study2_44",12,"study2",3,"self","lower_own_payoff","lower_own_payoff",4,30
"study2_44",12,"study2",4,"self","lower_own_payoff","lower_own_payoff",4,30
"study2_44",13,"study2",1,"self","lower_own_payoff","higher_own_payoff",2,10
"study2_44",13,"study2",2,"self","higher_own_payoff","higher_own_payoff",2,10
"study2_44",14,"study2",1,"self","lower_own_payoff","lower_own_payoff",3,20
"study2_44",14,"study2",2,"self","higher_own_payoff","lower_own_payoff",3,20
"study2_44",14,"study2",3,"self","higher_own_payoff","lower_own_payoff",3,20
"study2_44",15,"study2",1,"self","lower_own_payoff","higher_own_payoff",4,30
"study2_44",15,"study2",2,"self","lower_own_payoff","higher_own_payoff",4,30
"study2_44",15,"study2",3,"self","higher_own_payoff","higher_own_payoff",4,30
"study2_44",15,"study2",4,"self","higher_own_payoff","higher_own_payoff",4,30
"study2_44",16,"study2",1,"self","lower_own_payoff","higher_own_payoff",4,30
"study2_44",16,"study2",2,"self","lower_own_payoff","higher_own_payoff",4,30
"study2_44",16,"study2",3,"self","higher_own_payoff","higher_own_payoff",4,30
"study2_44",16,"study2",4,"self","higher_own_payoff","higher_own_payoff",4,30
"study2_44",17,"study2",1,"self","lower_own_payoff","lower_own_payoff",4,30
"study2_44",17,"study2",2,"self","lower_own_payoff","lower_own_payoff",4,30
"study2_44",17,"study2",3,"self","higher_own_payoff","lower_own_payoff",4,30
"study2_44",17,"study2",4,"self","higher_own_payoff","lower_own_payoff",4,30
"study2_44",18,"study2",1,"self","lower_own_payoff","higher_own_payoff",2,10
"study2_44",18,"study2",2,"self","lower_own_payoff","higher_own_payoff",2,10
"study2_44",19,"study2",1,"self","higher_own_payoff","lower_own_payoff",4,30
"study2_44",19,"study2",2,"self","higher_own_payoff","lower_own_payoff",4,30
"study2_44",19,"study2",3,"self","lower_own_payoff","lower_own_payoff",4,30
"study2_44",19,"study2",4,"self","lower_own_payoff","lower_own_payoff",4,30
"study2_44",20,"study2",1,"self","lower_own_payoff","higher_own_payoff",4,30
"study2_44",20,"study2",2,"self","higher_own_payoff","higher_own_payoff",4,30
"study2_44",20,"study2",3,"self","higher_own_payoff","higher_own_payoff",4,30
"study2_44",20,"study2",4,"self","lower_own_payoff","higher_own_payoff",4,30
"study2_44",21,"study2",1,"self","lower_own_payoff","lower_own_payoff",4,30
"study2_44",21,"study2",2,"self","higher_own_payoff","lower_own_payoff",4,30
"study2_44",21,"study2",3,"self","higher_own_payoff","lower_own_payoff",4,30
"study2_44",21,"study2",4,"self","lower_own_payoff","lower_own_payoff",4,30
"study2_44",22,"study2",1,"self","lower_own_payoff","lower_own_payoff",4,30
"study2_44",22,"study2",2,"self","lower_own_payoff","lower_own_payoff",4,30
"study2_44",22,"study2",3,"self","higher_own_payoff","lower_own_payoff",4,30
"study2_44",22,"study2",4,"self","higher_own_payoff","lower_own_payoff",4,30
"study2_44",23,"study2",1,"self","lower_own_payoff","lower_own_payoff",4,30
"study2_44",23,"study2",2,"self","higher_own_payoff","lower_own_payoff",4,30
"study2_44",23,"study2",3,"self","lower_own_payoff","lower_own_payoff",4,30
"study2_44",23,"study2",4,"self","higher_own_payoff","lower_own_payoff",4,30
"study2_44",24,"study2",1,"self","lower_own_payoff","higher_own_payoff",3,20
"study2_44",24,"study2",2,"self","lower_own_payoff","higher_own_payoff",3,20
"study2_44",24,"study2",3,"self","higher_own_payoff","higher_own_payoff",3,20
"study2_45",1,"study2",1,"self","higher_own_payoff","higher_own_payoff",1,0
"study2_45",2,"study2",1,"self","higher_own_payoff","higher_own_payoff",1,0
"study2_45",3,"study2",1,"self","higher_own_payoff","higher_own_payoff",1,0
"study2_45",4,"study2",1,"self","higher_own_payoff","higher_own_payoff",1,0
"study2_45",5,"study2",1,"self","higher_own_payoff","higher_own_payoff",1,0
"study2_45",6,"study2",1,"self","higher_own_payoff","higher_own_payoff",1,0
"study2_45",7,"study2",1,"self","higher_own_payoff","higher_own_payoff",1,0
"study2_45",8,"study2",1,"self","higher_own_payoff","higher_own_payoff",1,0
"study2_45",9,"study2",1,"self","higher_own_payoff","higher_own_payoff",1,0
"study2_45",10,"study2",1,"self","higher_own_payoff","lower_own_payoff",1,0
"study2_45",11,"study2",1,"self","higher_own_payoff","higher_own_payoff",1,0
"study2_45",12,"study2",1,"self","higher_own_payoff","higher_own_payoff",1,0
"study2_45",13,"study2",1,"self","higher_own_payoff","higher_own_payoff",1,0
"study2_45",14,"study2",1,"self","higher_own_payoff","lower_own_payoff",1,0
"study2_45",15,"study2",1,"self","higher_own_payoff","higher_own_payoff",1,0
"study2_45",16,"study2",1,"self","higher_own_payoff","higher_own_payoff",1,0
"study2_45",17,"study2",1,"self","higher_own_payoff","higher_own_payoff",1,0
"study2_45",18,"study2",1,"self","higher_own_payoff","higher_own_payoff",1,0
"study2_45",19,"study2",1,"self","higher_own_payoff","lower_own_payoff",1,0
"study2_45",20,"study2",1,"self","higher_own_payoff","higher_own_payoff",1,0
"study2_45",21,"study2",1,"self","higher_own_payoff","higher_own_payoff",1,0
"study2_45",22,"study2",1,"self","higher_own_payoff","higher_own_payoff",1,0
"study2_45",23,"study2",1,"self","higher_own_payoff","higher_own_payoff",1,0
"study2_45",24,"study2",1,"self","higher_own_payoff","higher_own_payoff",1,0
"study2_46",1,"study2",1,"self","higher_own_payoff","lower_own_payoff",4,30
"study2_46",1,"study2",2,"self","lower_own_payoff","lower_own_payoff",4,30
"study2_46",1,"study2",3,"self","higher_own_payoff","lower_own_payoff",4,30
"study2_46",1,"study2",4,"self","lower_own_payoff","lower_own_payoff",4,30
"study2_46",2,"study2",1,"self","higher_own_payoff","lower_own_payoff",2,10
"study2_46",2,"study2",2,"self","lower_own_payoff","lower_own_payoff",2,10
"study2_46",3,"study2",1,"self","higher_own_payoff","higher_own_payoff",1,0
"study2_46",4,"study2",1,"self","higher_own_payoff","higher_own_payoff",1,0
"study2_46",5,"study2",1,"self","higher_own_payoff","higher_own_payoff",2,10
"study2_46",5,"study2",2,"self","lower_own_payoff","higher_own_payoff",2,10
"study2_46",6,"study2",1,"self","lower_own_payoff","lower_own_payoff",2,10
"study2_46",6,"study2",2,"self","higher_own_payoff","lower_own_payoff",2,10
"study2_46",7,"study2",1,"self","higher_own_payoff","higher_own_payoff",1,0
"study2_46",8,"study2",1,"self","higher_own_payoff","higher_own_payoff",1,0
"study2_46",9,"study2",1,"self","higher_own_payoff","higher_own_payoff",4,30
"study2_46",9,"study2",2,"self","higher_own_payoff","higher_own_payoff",4,30
"study2_46",9,"study2",3,"self","lower_own_payoff","higher_own_payoff",4,30
"study2_46",9,"study2",4,"self","lower_own_payoff","higher_own_payoff",4,30
"study2_46",10,"study2",1,"self","higher_own_payoff","higher_own_payoff",1,0
"study2_46",11,"study2",1,"self","lower_own_payoff","lower_own_payoff",1,0
"study2_46",12,"study2",1,"self","lower_own_payoff","higher_own_payoff",4,30
"study2_46",12,"study2",2,"self","higher_own_payoff","higher_own_payoff",4,30
"study2_46",12,"study2",3,"self","lower_own_payoff","higher_own_payoff",4,30
"study2_46",12,"study2",4,"self","higher_own_payoff","higher_own_payoff",4,30
"study2_46",13,"study2",1,"self","higher_own_payoff","lower_own_payoff",3,20
"study2_46",13,"study2",2,"self","lower_own_payoff","lower_own_payoff",3,20
"study2_46",13,"study2",3,"self","lower_own_payoff","lower_own_payoff",3,20
"study2_46",14,"study2",1,"self","higher_own_payoff","higher_own_payoff",1,0
"study2_46",15,"study2",1,"self","higher_own_payoff","higher_own_payoff",1,0
"study2_46",16,"study2",1,"self","higher_own_payoff","higher_own_payoff",1,0
"study2_46",17,"study2",1,"self","higher_own_payoff","higher_own_payoff",1,0
"study2_46",18,"study2",1,"self","higher_own_payoff","higher_own_payoff",4,30
"study2_46",18,"study2",2,"self","lower_own_payoff","higher_own_payoff",4,30
"study2_46",18,"study2",3,"self","lower_own_payoff","higher_own_payoff",4,30
"study2_46",18,"study2",4,"self","higher_own_payoff","higher_own_payoff",4,30
"study2_46",19,"study2",1,"self","higher_own_payoff","higher_own_payoff",2,10
"study2_46",19,"study2",2,"self","higher_own_payoff","higher_own_payoff",2,10
"study2_46",20,"study2",1,"self","lower_own_payoff","higher_own_payoff",4,30
"study2_46",20,"study2",2,"self","higher_own_payoff","higher_own_payoff",4,30
"study2_46",20,"study2",3,"self","lower_own_payoff","higher_own_payoff",4,30
"study2_46",20,"study2",4,"self","higher_own_payoff","higher_own_payoff",4,30
"study2_46",21,"study2",1,"self","higher_own_payoff","higher_own_payoff",1,0
"study2_46",22,"study2",1,"self","lower_own_payoff","lower_own_payoff",1,0
"study2_46",23,"study2",1,"self","lower_own_payoff","higher_own_payoff",2,10
"study2_46",23,"study2",2,"self","higher_own_payoff","higher_own_payoff",2,10
"study2_46",24,"study2",1,"self","higher_own_payoff","higher_own_payoff",4,30
"study2_46",24,"study2",2,"self","lower_own_payoff","higher_own_payoff",4,30
"study2_46",24,"study2",3,"self","lower_own_payoff","higher_own_payoff",4,30
"study2_46",24,"study2",4,"self","higher_own_payoff","higher_own_payoff",4,30
"study2_48",1,"study2",1,"self","lower_own_payoff","higher_own_payoff",2,10
"study2_48",1,"study2",2,"self","lower_own_payoff","higher_own_payoff",2,10
"study2_48",2,"study2",1,"self","lower_own_payoff","higher_own_payoff",2,10
"study2_48",2,"study2",2,"self","lower_own_payoff","higher_own_payoff",2,10
"study2_48",3,"study2",1,"self","lower_own_payoff","lower_own_payoff",4,30
"study2_48",3,"study2",2,"self","higher_own_payoff","lower_own_payoff",4,30
"study2_48",3,"study2",3,"self","lower_own_payoff","lower_own_payoff",4,30
"study2_48",3,"study2",4,"self","higher_own_payoff","lower_own_payoff",4,30
"study2_48",4,"study2",1,"self","lower_own_payoff","lower_own_payoff",4,30
"study2_48",4,"study2",2,"self","higher_own_payoff","lower_own_payoff",4,30
"study2_48",4,"study2",3,"self","higher_own_payoff","lower_own_payoff",4,30
"study2_48",4,"study2",4,"self","lower_own_payoff","lower_own_payoff",4,30
"study2_48",5,"study2",1,"self","lower_own_payoff","higher_own_payoff",3,20
"study2_48",5,"study2",2,"self","lower_own_payoff","higher_own_payoff",3,20
"study2_48",5,"study2",3,"self","higher_own_payoff","higher_own_payoff",3,20
"study2_48",6,"study2",1,"self","lower_own_payoff","higher_own_payoff",3,20
"study2_48",6,"study2",2,"self","higher_own_payoff","higher_own_payoff",3,20
"study2_48",6,"study2",3,"self","lower_own_payoff","higher_own_payoff",3,20
"study2_48",7,"study2",1,"self","lower_own_payoff","higher_own_payoff",2,10
"study2_48",7,"study2",2,"self","lower_own_payoff","higher_own_payoff",2,10
"study2_48",8,"study2",1,"self","lower_own_payoff","higher_own_payoff",3,20
"study2_48",8,"study2",2,"self","lower_own_payoff","higher_own_payoff",3,20
"study2_48",8,"study2",3,"self","higher_own_payoff","higher_own_payoff",3,20
"study2_48",9,"study2",1,"self","lower_own_payoff","lower_own_payoff",4,30
"study2_48",9,"study2",2,"self","higher_own_payoff","lower_own_payoff",4,30
"study2_48",9,"study2",3,"self","higher_own_payoff","lower_own_payoff",4,30
"study2_48",9,"study2",4,"self","lower_own_payoff","lower_own_payoff",4,30
"study2_48",10,"study2",1,"self","lower_own_payoff","higher_own_payoff",4,30
"study2_48",10,"study2",2,"self","higher_own_payoff","higher_own_payoff",4,30
"study2_48",10,"study2",3,"self","higher_own_payoff","higher_own_payoff",4,30
"study2_48",10,"study2",4,"self","lower_own_payoff","higher_own_payoff",4,30
"study2_48",11,"study2",1,"self","lower_own_payoff","lower_own_payoff",3,20
"study2_48",11,"study2",2,"self","higher_own_payoff","lower_own_payoff",3,20
"study2_48",11,"study2",3,"self","higher_own_payoff","lower_own_payoff",3,20
"study2_48",12,"study2",1,"self","lower_own_payoff","higher_own_payoff",3,20
"study2_48",12,"study2",2,"self","lower_own_payoff","higher_own_payoff",3,20
"study2_48",12,"study2",3,"self","higher_own_payoff","higher_own_payoff",3,20
"study2_48",13,"study2",1,"self","lower_own_payoff","higher_own_payoff",3,20
"study2_48",13,"study2",2,"self","lower_own_payoff","higher_own_payoff",3,20
"study2_48",13,"study2",3,"self","higher_own_payoff","higher_own_payoff",3,20
"study2_48",14,"study2",1,"self","lower_own_payoff","lower_own_payoff",3,20
"study2_48",14,"study2",2,"self","higher_own_payoff","lower_own_payoff",3,20
"study2_48",14,"study2",3,"self","higher_own_payoff","lower_own_payoff",3,20
"study2_48",15,"study2",1,"self","lower_own_payoff","lower_own_payoff",3,20
"study2_48",15,"study2",2,"self","higher_own_payoff","lower_own_payoff",3,20
"study2_48",15,"study2",3,"self","higher_own_payoff","lower_own_payoff",3,20
"study2_48",16,"study2",1,"self","lower_own_payoff","higher_own_payoff",3,20
"study2_48",16,"study2",2,"self","lower_own_payoff","higher_own_payoff",3,20
"study2_48",16,"study2",3,"self","higher_own_payoff","higher_own_payoff",3,20
"study2_48",17,"study2",1,"self","higher_own_payoff","lower_own_payoff",3,20
"study2_48",17,"study2",2,"self","lower_own_payoff","lower_own_payoff",3,20
"study2_48",17,"study2",3,"self","higher_own_payoff","lower_own_payoff",3,20
"study2_48",18,"study2",1,"self","lower_own_payoff","higher_own_payoff",3,20
"study2_48",18,"study2",2,"self","higher_own_payoff","higher_own_payoff",3,20
"study2_48",18,"study2",3,"self","lower_own_payoff","higher_own_payoff",3,20
"study2_48",19,"study2",1,"self","lower_own_payoff","lower_own_payoff",1,0
"study2_48",20,"study2",1,"self","lower_own_payoff","lower_own_payoff",4,30
"study2_48",20,"study2",2,"self","higher_own_payoff","lower_own_payoff",4,30
"study2_48",20,"study2",3,"self","lower_own_payoff","lower_own_payoff",4,30
"study2_48",20,"study2",4,"self","higher_own_payoff","lower_own_payoff",4,30
"study2_48",21,"study2",1,"self","lower_own_payoff","higher_own_payoff",3,20
"study2_48",21,"study2",2,"self","higher_own_payoff","higher_own_payoff",3,20
"study2_48",21,"study2",3,"self","lower_own_payoff","higher_own_payoff",3,20
"study2_48",22,"study2",1,"self","lower_own_payoff","higher_own_payoff",3,20
"study2_48",22,"study2",2,"self","lower_own_payoff","higher_own_payoff",3,20
"study2_48",22,"study2",3,"self","higher_own_payoff","higher_own_payoff",3,20
"study2_48",23,"study2",1,"self","higher_own_payoff","lower_own_payoff",4,30
"study2_48",23,"study2",2,"self","lower_own_payoff","lower_own_payoff",4,30
"study2_48",23,"study2",3,"self","lower_own_payoff","lower_own_payoff",4,30
"study2_48",23,"study2",4,"self","higher_own_payoff","lower_own_payoff",4,30
"study2_48",24,"study2",1,"self","lower_own_payoff","lower_own_payoff",4,30
"study2_48",24,"study2",2,"self","higher_own_payoff","lower_own_payoff",4,30
"study2_48",24,"study2",3,"self","higher_own_payoff","lower_own_payoff",4,30
"study2_48",24,"study2",4,"self","lower_own_payoff","lower_own_payoff",4,30
"study2_49",1,"study2",1,"self","higher_own_payoff","lower_own_payoff",8,70
"study2_49",1,"study2",2,"other","higher_own_payoff","lower_own_payoff",8,70
"study2_49",1,"study2",3,"self","higher_own_payoff","lower_own_payoff",8,70
"study2_49",1,"study2",4,"other","higher_own_payoff","lower_own_payoff",8,70
"study2_49",1,"study2",5,"self","lower_own_payoff","lower_own_payoff",8,70
"study2_49",1,"study2",6,"other","lower_own_payoff","lower_own_payoff",8,70
"study2_49",1,"study2",7,"self","lower_own_payoff","lower_own_payoff",8,70
"study2_49",1,"study2",8,"other","lower_own_payoff","lower_own_payoff",8,70
"study2_49",2,"study2",1,"self","lower_own_payoff","higher_own_payoff",2,10
"study2_49",2,"study2",2,"self","higher_own_payoff","higher_own_payoff",2,10
"study2_49",3,"study2",1,"self","lower_own_payoff","lower_own_payoff",2,10
"study2_49",3,"study2",2,"self","higher_own_payoff","lower_own_payoff",2,10
"study2_49",4,"study2",1,"self","lower_own_payoff","lower_own_payoff",2,10
"study2_49",4,"study2",2,"self","higher_own_payoff","lower_own_payoff",2,10
"study2_49",5,"study2",1,"self","lower_own_payoff","higher_own_payoff",2,10
"study2_49",5,"study2",2,"self","higher_own_payoff","higher_own_payoff",2,10
"study2_49",6,"study2",1,"self","higher_own_payoff","lower_own_payoff",2,10
"study2_49",6,"study2",2,"self","lower_own_payoff","lower_own_payoff",2,10
"study2_49",7,"study2",1,"self","higher_own_payoff","lower_own_payoff",2,10
"study2_49",7,"study2",2,"self","lower_own_payoff","lower_own_payoff",2,10
"study2_49",8,"study2",1,"self","lower_own_payoff","higher_own_payoff",2,10
"study2_49",8,"study2",2,"self","higher_own_payoff","higher_own_payoff",2,10
"study2_49",9,"study2",1,"self","lower_own_payoff","higher_own_payoff",3,20
"study2_49",9,"study2",2,"self","higher_own_payoff","higher_own_payoff",3,20
"study2_49",9,"study2",3,"self","higher_own_payoff","higher_own_payoff",3,20
"study2_49",10,"study2",1,"self","lower_own_payoff","higher_own_payoff",2,10
"study2_49",10,"study2",2,"self","higher_own_payoff","higher_own_payoff",2,10
"study2_49",11,"study2",1,"self","higher_own_payoff","lower_own_payoff",2,10
"study2_49",11,"study2",2,"self","lower_own_payoff","lower_own_payoff",2,10
"study2_49",12,"study2",1,"self","higher_own_payoff","lower_own_payoff",2,10
"study2_49",12,"study2",2,"self","lower_own_payoff","lower_own_payoff",2,10
"study2_49",13,"study2",1,"self","lower_own_payoff","lower_own_payoff",1,0
"study2_49",14,"study2",1,"self","higher_own_payoff","higher_own_payoff",2,10
"study2_49",14,"study2",2,"self","lower_own_payoff","higher_own_payoff",2,10
"study2_49",15,"study2",1,"self","higher_own_payoff","lower_own_payoff",2,10
"study2_49",15,"study2",2,"self","lower_own_payoff","lower_own_payoff",2,10
"study2_49",16,"study2",1,"self","higher_own_payoff","higher_own_payoff",1,0
"study2_49",17,"study2",1,"self","higher_own_payoff","lower_own_payoff",2,10
"study2_49",17,"study2",2,"self","lower_own_payoff","lower_own_payoff",2,10
"study2_49",18,"study2",1,"self","lower_own_payoff","lower_own_payoff",1,0
"study2_49",19,"study2",1,"self","higher_own_payoff","lower_own_payoff",2,10
"study2_49",19,"study2",2,"self","lower_own_payoff","lower_own_payoff",2,10
"study2_49",20,"study2",1,"self","higher_own_payoff","higher_own_payoff",2,10
"study2_49",20,"study2",2,"self","lower_own_payoff","higher_own_payoff",2,10
"study2_49",21,"study2",1,"self","lower_own_payoff","lower_own_payoff",1,0
"study2_49",22,"study2",1,"self","higher_own_payoff","higher_own_payoff",1,0
"study2_49",23,"study2",1,"self","higher_own_payoff","lower_own_payoff",2,10
"study2_49",23,"study2",2,"self","lower_own_payoff","lower_own_payoff",2,10
"study2_49",24,"study2",1,"self","lower_own_payoff","lower_own_payoff",1,0
"study2_5",1,"study2",1,"self","higher_own_payoff","higher_own_payoff",1,0
"study2_5",2,"study2",1,"self","higher_own_payoff","higher_own_payoff",1,0
"study2_5",3,"study2",1,"self","higher_own_payoff","higher_own_payoff",1,0
"study2_5",4,"study2",1,"self","higher_own_payoff","higher_own_payoff",1,0
"study2_5",5,"study2",1,"self","higher_own_payoff","higher_own_payoff",1,0
"study2_5",6,"study2",1,"self","lower_own_payoff","higher_own_payoff",1,0
"study2_5",7,"study2",1,"self","lower_own_payoff","higher_own_payoff",1,0
"study2_5",8,"study2",1,"self","higher_own_payoff","higher_own_payoff",1,0
"study2_5",9,"study2",1,"self","higher_own_payoff","higher_own_payoff",1,0
"study2_5",10,"study2",1,"self","lower_own_payoff","higher_own_payoff",1,0
"study2_5",11,"study2",1,"self","lower_own_payoff","higher_own_payoff",1,0
"study2_5",12,"study2",1,"self","lower_own_payoff","higher_own_payoff",1,0
"study2_5",13,"study2",1,"self","higher_own_payoff","higher_own_payoff",1,0
"study2_5",14,"study2",1,"self","higher_own_payoff","higher_own_payoff",2,10
"study2_5",14,"study2",2,"self","higher_own_payoff","higher_own_payoff",2,10
"study2_5",15,"study2",1,"self","lower_own_payoff","lower_own_payoff",2,10
"study2_5",15,"study2",2,"self","lower_own_payoff","lower_own_payoff",2,10
"study2_5",16,"study2",1,"self","higher_own_payoff","higher_own_payoff",1,0
"study2_5",17,"study2",1,"self","higher_own_payoff","higher_own_payoff",1,0
"study2_5",18,"study2",1,"self","higher_own_payoff","lower_own_payoff",1,0
"study2_5",19,"study2",1,"self","higher_own_payoff","higher_own_payoff",1,0
"study2_5",20,"study2",1,"self","lower_own_payoff","higher_own_payoff",1,0
"study2_5",21,"study2",1,"self","lower_own_payoff","higher_own_payoff",1,0
"study2_5",22,"study2",1,"self","higher_own_payoff","higher_own_payoff",1,0
"study2_5",23,"study2",1,"self","higher_own_payoff","higher_own_payoff",1,0
"study2_5",24,"study2",1,"self","higher_own_payoff","higher_own_payoff",1,0
"study2_50",1,"study2",1,"self","higher_own_payoff","lower_own_payoff",4,30
"study2_50",1,"study2",2,"self","higher_own_payoff","lower_own_payoff",4,30
"study2_50",1,"study2",3,"self","lower_own_payoff","lower_own_payoff",4,30
"study2_50",1,"study2",4,"self","lower_own_payoff","lower_own_payoff",4,30
"study2_50",2,"study2",1,"self","higher_own_payoff","lower_own_payoff",1,0
"study2_50",3,"study2",1,"self","higher_own_payoff","higher_own_payoff",1,0
"study2_50",4,"study2",1,"self","higher_own_payoff","lower_own_payoff",1,0
"study2_50",5,"study2",1,"self","higher_own_payoff","higher_own_payoff",1,0
"study2_50",6,"study2",1,"self","higher_own_payoff","higher_own_payoff",1,0
"study2_50",7,"study2",1,"self","higher_own_payoff","higher_own_payoff",1,0
"study2_50",8,"study2",1,"self","higher_own_payoff","higher_own_payoff",1,0
"study2_50",9,"study2",1,"self","higher_own_payoff","higher_own_payoff",4,30
"study2_50",9,"study2",2,"self","higher_own_payoff","higher_own_payoff",4,30
"study2_50",9,"study2",3,"self","lower_own_payoff","higher_own_payoff",4,30
"study2_50",9,"study2",4,"self","lower_own_payoff","higher_own_payoff",4,30
"study2_50",10,"study2",1,"self","higher_own_payoff","higher_own_payoff",1,0
"study2_50",11,"study2",1,"self","higher_own_payoff","higher_own_payoff",1,0
"study2_50",12,"study2",1,"self","higher_own_payoff","higher_own_payoff",1,0
"study2_50",13,"study2",1,"self","higher_own_payoff","lower_own_payoff",1,0
"study2_50",14,"study2",1,"self","higher_own_payoff","lower_own_payoff",2,10
"study2_50",14,"study2",2,"self","lower_own_payoff","lower_own_payoff",2,10
"study2_50",15,"study2",1,"self","higher_own_payoff","higher_own_payoff",1,0
"study2_50",16,"study2",1,"self","higher_own_payoff","higher_own_payoff",1,0
"study2_50",17,"study2",1,"self","higher_own_payoff","higher_own_payoff",1,0
"study2_50",18,"study2",1,"self","higher_own_payoff","higher_own_payoff",1,0
"study2_50",19,"study2",1,"self","higher_own_payoff","higher_own_payoff",1,0
"study2_50",20,"study2",1,"self","higher_own_payoff","higher_own_payoff",1,0
"study2_50",21,"study2",1,"self","higher_own_payoff","higher_own_payoff",1,0
"study2_50",22,"study2",1,"self","higher_own_payoff","higher_own_payoff",1,0
"study2_50",23,"study2",1,"self","higher_own_payoff","higher_own_payoff",1,0
"study2_50",24,"study2",1,"self","higher_own_payoff","higher_own_payoff",1,0
"study2_51",1,"study2",1,"self","higher_own_payoff","higher_own_payoff",1,0
"study2_51",2,"study2",1,"self","higher_own_payoff","lower_own_payoff",1,0
"study2_51",3,"study2",1,"self","lower_own_payoff","lower_own_payoff",1,0
"study2_51",4,"study2",1,"self","higher_own_payoff","higher_own_payoff",1,0
"study2_51",5,"study2",1,"self","higher_own_payoff","lower_own_payoff",1,0
"study2_51",6,"study2",1,"self","higher_own_payoff","higher_own_payoff",1,0
"study2_51",7,"study2",1,"self","higher_own_payoff","higher_own_payoff",1,0
"study2_51",8,"study2",1,"self","higher_own_payoff","lower_own_payoff",1,0
"study2_51",9,"study2",1,"self","higher_own_payoff","higher_own_payoff",1,0
"study2_51",10,"study2",1,"self","lower_own_payoff","lower_own_payoff",1,0
"study2_51",11,"study2",1,"self","lower_own_payoff","lower_own_payoff",1,0
"study2_51",12,"study2",1,"self","higher_own_payoff","higher_own_payoff",1,0
"study2_51",13,"study2",1,"self","lower_own_payoff","lower_own_payoff",1,0
"study2_51",14,"study2",1,"self","lower_own_payoff","lower_own_payoff",1,0
"study2_51",15,"study2",1,"self","higher_own_payoff","higher_own_payoff",1,0
"study2_51",16,"study2",1,"self","lower_own_payoff","lower_own_payoff",1,0
"study2_51",17,"study2",1,"self","higher_own_payoff","higher_own_payoff",1,0
"study2_51",18,"study2",1,"self","higher_own_payoff","higher_own_payoff",1,0
"study2_51",19,"study2",1,"self","lower_own_payoff","lower_own_payoff",1,0
"study2_51",20,"study2",1,"self","higher_own_payoff","lower_own_payoff",2,10
"study2_51",20,"study2",2,"self","lower_own_payoff","lower_own_payoff",2,10
"study2_51",21,"study2",1,"self","lower_own_payoff","higher_own_payoff",1,0
"study2_51",22,"study2",1,"self","higher_own_payoff","higher_own_payoff",1,0
"study2_51",23,"study2",1,"self","lower_own_payoff","lower_own_payoff",1,0
"study2_51",24,"study2",1,"self","higher_own_payoff","higher_own_payoff",1,0
"study2_52",1,"study2",1,"self","lower_own_payoff","higher_own_payoff",1,0
"study2_52",2,"study2",1,"self","lower_own_payoff","lower_own_payoff",1,0
"study2_52",3,"study2",1,"self","lower_own_payoff","lower_own_payoff",1,0
"study2_52",4,"study2",1,"other","higher_own_payoff","higher_own_payoff",1,0
"study2_52",5,"study2",1,"self","lower_own_payoff","higher_own_payoff",1,0
"study2_52",6,"study2",1,"self","lower_own_payoff","higher_own_payoff",1,0
"study2_52",7,"study2",1,"self","lower_own_payoff","lower_own_payoff",1,0
"study2_52",8,"study2",1,"self","lower_own_payoff","higher_own_payoff",1,0
"study2_52",9,"study2",1,"self","higher_own_payoff","higher_own_payoff",1,0
"study2_52",10,"study2",1,"self","lower_own_payoff","higher_own_payoff",1,0
"study2_52",11,"study2",1,"self","lower_own_payoff","lower_own_payoff",1,0
"study2_52",12,"study2",1,"self","lower_own_payoff","lower_own_payoff",1,0
"study2_52",13,"study2",1,"other","higher_own_payoff","higher_own_payoff",1,0
"study2_52",14,"study2",1,"self","higher_own_payoff","higher_own_payoff",1,0
"study2_52",15,"study2",1,"self","lower_own_payoff","lower_own_payoff",1,0
"study2_52",16,"study2",1,"self","higher_own_payoff","higher_own_payoff",1,0
"study2_52",17,"study2",1,"self","higher_own_payoff","lower_own_payoff",1,0
"study2_52",18,"study2",1,"self","lower_own_payoff","lower_own_payoff",1,0
"study2_52",19,"study2",1,"self","higher_own_payoff","higher_own_payoff",1,0
"study2_52",20,"study2",1,"other","lower_own_payoff","lower_own_payoff",1,0
"study2_52",21,"study2",1,"self","lower_own_payoff","lower_own_payoff",1,0
"study2_52",22,"study2",1,"other","lower_own_payoff","lower_own_payoff",1,0
"study2_52",23,"study2",1,"self","lower_own_payoff","higher_own_payoff",1,0
"study2_52",24,"study2",1,"self","higher_own_payoff","higher_own_payoff",1,0
"study2_53",1,"study2",1,"self","higher_own_payoff","higher_own_payoff",4,30
"study2_53",1,"study2",2,"self","lower_own_payoff","higher_own_payoff",4,30
"study2_53",1,"study2",3,"self","lower_own_payoff","higher_own_payoff",4,30
"study2_53",1,"study2",4,"self","higher_own_payoff","higher_own_payoff",4,30
"study2_53",2,"study2",1,"self","lower_own_payoff","lower_own_payoff",4,30
"study2_53",2,"study2",2,"self","lower_own_payoff","lower_own_payoff",4,30
"study2_53",2,"study2",3,"self","higher_own_payoff","lower_own_payoff",4,30
"study2_53",2,"study2",4,"self","higher_own_payoff","lower_own_payoff",4,30
"study2_53",3,"study2",1,"self","higher_own_payoff","lower_own_payoff",4,30
"study2_53",3,"study2",2,"self","lower_own_payoff","lower_own_payoff",4,30
"study2_53",3,"study2",3,"self","lower_own_payoff","lower_own_payoff",4,30
"study2_53",3,"study2",4,"self","higher_own_payoff","lower_own_payoff",4,30
"study2_53",4,"study2",1,"self","lower_own_payoff","lower_own_payoff",4,30
"study2_53",4,"study2",2,"self","lower_own_payoff","lower_own_payoff",4,30
"study2_53",4,"study2",3,"self","higher_own_payoff","lower_own_payoff",4,30
"study2_53",4,"study2",4,"self","higher_own_payoff","lower_own_payoff",4,30
"study2_53",5,"study2",1,"self","higher_own_payoff","lower_own_payoff",4,30
"study2_53",5,"study2",2,"self","higher_own_payoff","lower_own_payoff",4,30
"study2_53",5,"study2",3,"self","lower_own_payoff","lower_own_payoff",4,30
"study2_53",5,"study2",4,"self","lower_own_payoff","lower_own_payoff",4,30
"study2_53",6,"study2",1,"self","lower_own_payoff","higher_own_payoff",4,30
"study2_53",6,"study2",2,"self","lower_own_payoff","higher_own_payoff",4,30
"study2_53",6,"study2",3,"self","higher_own_payoff","higher_own_payoff",4,30
"study2_53",6,"study2",4,"self","higher_own_payoff","higher_own_payoff",4,30
"study2_53",7,"study2",1,"self","higher_own_payoff","higher_own_payoff",4,30
"study2_53",7,"study2",2,"self","higher_own_payoff","higher_own_payoff",4,30
"study2_53",7,"study2",3,"self","lower_own_payoff","higher_own_payoff",4,30
"study2_53",7,"study2",4,"self","lower_own_payoff","higher_own_payoff",4,30
"study2_53",8,"study2",1,"self","lower_own_payoff","higher_own_payoff",4,30
"study2_53",8,"study2",2,"self","lower_own_payoff","higher_own_payoff",4,30
"study2_53",8,"study2",3,"self","higher_own_payoff","higher_own_payoff",4,30
"study2_53",8,"study2",4,"self","higher_own_payoff","higher_own_payoff",4,30
"study2_53",9,"study2",1,"self","higher_own_payoff","higher_own_payoff",4,30
"study2_53",9,"study2",2,"self","higher_own_payoff","higher_own_payoff",4,30
"study2_53",9,"study2",3,"self","lower_own_payoff","higher_own_payoff",4,30
"study2_53",9,"study2",4,"self","lower_own_payoff","higher_own_payoff",4,30
"study2_53",10,"study2",1,"self","higher_own_payoff","lower_own_payoff",4,30
"study2_53",10,"study2",2,"self","higher_own_payoff","lower_own_payoff",4,30
"study2_53",10,"study2",3,"self","lower_own_payoff","lower_own_payoff",4,30
"study2_53",10,"study2",4,"self","lower_own_payoff","lower_own_payoff",4,30
"study2_53",11,"study2",1,"self","higher_own_payoff","higher_own_payoff",4,30
"study2_53",11,"study2",2,"self","higher_own_payoff","higher_own_payoff",4,30
"study2_53",11,"study2",3,"self","lower_own_payoff","higher_own_payoff",4,30
"study2_53",11,"study2",4,"self","lower_own_payoff","higher_own_payoff",4,30
"study2_53",12,"study2",1,"self","lower_own_payoff","higher_own_payoff",4,30
"study2_53",12,"study2",2,"self","lower_own_payoff","higher_own_payoff",4,30
"study2_53",12,"study2",3,"self","higher_own_payoff","higher_own_payoff",4,30
"study2_53",12,"study2",4,"self","higher_own_payoff","higher_own_payoff",4,30
"study2_53",13,"study2",1,"self","higher_own_payoff","higher_own_payoff",4,30
"study2_53",13,"study2",2,"self","higher_own_payoff","higher_own_payoff",4,30
"study2_53",13,"study2",3,"self","lower_own_payoff","higher_own_payoff",4,30
"study2_53",13,"study2",4,"self","lower_own_payoff","higher_own_payoff",4,30
"study2_53",14,"study2",1,"self","lower_own_payoff","higher_own_payoff",4,30
"study2_53",14,"study2",2,"self","lower_own_payoff","higher_own_payoff",4,30
"study2_53",14,"study2",3,"self","higher_own_payoff","higher_own_payoff",4,30
"study2_53",14,"study2",4,"self","higher_own_payoff","higher_own_payoff",4,30
"study2_53",15,"study2",1,"self","higher_own_payoff","lower_own_payoff",4,30
"study2_53",15,"study2",2,"self","higher_own_payoff","lower_own_payoff",4,30
"study2_53",15,"study2",3,"self","lower_own_payoff","lower_own_payoff",4,30
"study2_53",15,"study2",4,"self","lower_own_payoff","lower_own_payoff",4,30
"study2_53",16,"study2",1,"self","lower_own_payoff","higher_own_payoff",4,30
"study2_53",16,"study2",2,"self","lower_own_payoff","higher_own_payoff",4,30
"study2_53",16,"study2",3,"self","higher_own_payoff","higher_own_payoff",4,30
"study2_53",16,"study2",4,"self","higher_own_payoff","higher_own_payoff",4,30
"study2_53",17,"study2",1,"self","higher_own_payoff","lower_own_payoff",4,30
"study2_53",17,"study2",2,"self","higher_own_payoff","lower_own_payoff",4,30
"study2_53",17,"study2",3,"self","lower_own_payoff","lower_own_payoff",4,30
"study2_53",17,"study2",4,"self","lower_own_payoff","lower_own_payoff",4,30
"study2_53",18,"study2",1,"self","higher_own_payoff","lower_own_payoff",4,30
"study2_53",18,"study2",2,"self","higher_own_payoff","lower_own_payoff",4,30
"study2_53",18,"study2",3,"self","lower_own_payoff","lower_own_payoff",4,30
"study2_53",18,"study2",4,"self","lower_own_payoff","lower_own_payoff",4,30
"study2_53",19,"study2",1,"self","lower_own_payoff","lower_own_payoff",4,30
"study2_53",19,"study2",2,"self","lower_own_payoff","lower_own_payoff",4,30
"study2_53",19,"study2",3,"self","higher_own_payoff","lower_own_payoff",4,30
"study2_53",19,"study2",4,"self","higher_own_payoff","lower_own_payoff",4,30
"study2_53",20,"study2",1,"self","higher_own_payoff","lower_own_payoff",4,30
"study2_53",20,"study2",2,"self","higher_own_payoff","lower_own_payoff",4,30
"study2_53",20,"study2",3,"self","lower_own_payoff","lower_own_payoff",4,30
"study2_53",20,"study2",4,"self","lower_own_payoff","lower_own_payoff",4,30
"study2_53",21,"study2",1,"self","lower_own_payoff","lower_own_payoff",4,30
"study2_53",21,"study2",2,"self","lower_own_payoff","lower_own_payoff",4,30
"study2_53",21,"study2",3,"self","higher_own_payoff","lower_own_payoff",4,30
"study2_53",21,"study2",4,"self","higher_own_payoff","lower_own_payoff",4,30
"study2_53",22,"study2",1,"self","lower_own_payoff","higher_own_payoff",4,30
"study2_53",22,"study2",2,"self","lower_own_payoff","higher_own_payoff",4,30
"study2_53",22,"study2",3,"self","higher_own_payoff","higher_own_payoff",4,30
"study2_53",22,"study2",4,"self","higher_own_payoff","higher_own_payoff",4,30
"study2_53",23,"study2",1,"self","higher_own_payoff","higher_own_payoff",4,30
"study2_53",23,"study2",2,"self","higher_own_payoff","higher_own_payoff",4,30
"study2_53",23,"study2",3,"self","lower_own_payoff","higher_own_payoff",4,30
"study2_53",23,"study2",4,"self","lower_own_payoff","higher_own_payoff",4,30
"study2_53",24,"study2",1,"self","lower_own_payoff","higher_own_payoff",4,30
"study2_53",24,"study2",2,"self","lower_own_payoff","higher_own_payoff",4,30
"study2_53",24,"study2",3,"self","higher_own_payoff","higher_own_payoff",4,30
"study2_53",24,"study2",4,"self","higher_own_payoff","higher_own_payoff",4,30
"study2_54",1,"study2",1,"self","higher_own_payoff","lower_own_payoff",4,30
"study2_54",1,"study2",2,"self","higher_own_payoff","lower_own_payoff",4,30
"study2_54",1,"study2",3,"self","lower_own_payoff","lower_own_payoff",4,30
"study2_54",1,"study2",4,"self","lower_own_payoff","lower_own_payoff",4,30
"study2_54",2,"study2",1,"self","lower_own_payoff","higher_own_payoff",1,0
"study2_54",3,"study2",1,"self","higher_own_payoff","lower_own_payoff",3,20
"study2_54",3,"study2",2,"self","lower_own_payoff","lower_own_payoff",3,20
"study2_54",3,"study2",3,"self","higher_own_payoff","lower_own_payoff",3,20
"study2_54",4,"study2",1,"self","higher_own_payoff","higher_own_payoff",1,0
"study2_54",5,"study2",1,"self","higher_own_payoff","higher_own_payoff",1,0
"study2_54",6,"study2",1,"self","higher_own_payoff","higher_own_payoff",2,10
"study2_54",6,"study2",2,"self","lower_own_payoff","higher_own_payoff",2,10
"study2_54",7,"study2",1,"self","lower_own_payoff","higher_own_payoff",3,20
"study2_54",7,"study2",2,"self","higher_own_payoff","higher_own_payoff",3,20
"study2_54",7,"study2",3,"self","lower_own_payoff","higher_own_payoff",3,20
"study2_54",8,"study2",1,"self","higher_own_payoff","lower_own_payoff",2,10
"study2_54",8,"study2",2,"self","lower_own_payoff","lower_own_payoff",2,10
"study2_54",9,"study2",1,"self","higher_own_payoff","lower_own_payoff",2,10
"study2_54",9,"study2",2,"self","lower_own_payoff","lower_own_payoff",2,10
"study2_54",10,"study2",1,"self","higher_own_payoff","lower_own_payoff",4,30
"study2_54",10,"study2",2,"self","lower_own_payoff","lower_own_payoff",4,30
"study2_54",10,"study2",3,"self","lower_own_payoff","lower_own_payoff",4,30
"study2_54",10,"study2",4,"self","higher_own_payoff","lower_own_payoff",4,30
"study2_54",11,"study2",1,"self","higher_own_payoff","higher_own_payoff",3,20
"study2_54",11,"study2",2,"self","lower_own_payoff","higher_own_payoff",3,20
"study2_54",11,"study2",3,"self","lower_own_payoff","higher_own_payoff",3,20
"study2_54",12,"study2",1,"self","higher_own_payoff","higher_own_payoff",2,10
"study2_54",12,"study2",2,"self","lower_own_payoff","higher_own_payoff",2,10
"study2_54",13,"study2",1,"self","lower_own_payoff","higher_own_payoff",1,0
"study2_54",14,"study2",1,"self","higher_own_payoff","lower_own_payoff",4,30
"study2_54",14,"study2",2,"self","lower_own_payoff","lower_own_payoff",4,30
"study2_54",14,"study2",3,"self","lower_own_payoff","lower_own_payoff",4,30
"study2_54",14,"study2",4,"self","higher_own_payoff","lower_own_payoff",4,30
"study2_54",15,"study2",1,"self","higher_own_payoff","higher_own_payoff",3,20
"study2_54",15,"study2",2,"self","higher_own_payoff","higher_own_payoff",3,20
"study2_54",15,"study2",3,"self","lower_own_payoff","higher_own_payoff",3,20
"study2_54",16,"study2",1,"self","higher_own_payoff","lower_own_payoff",4,30
"study2_54",16,"study2",2,"self","higher_own_payoff","lower_own_payoff",4,30
"study2_54",16,"study2",3,"self","lower_own_payoff","lower_own_payoff",4,30
"study2_54",16,"study2",4,"self","lower_own_payoff","lower_own_payoff",4,30
"study2_54",17,"study2",1,"self","lower_own_payoff","lower_own_payoff",3,20
"study2_54",17,"study2",2,"self","higher_own_payoff","lower_own_payoff",3,20
"study2_54",17,"study2",3,"self","lower_own_payoff","lower_own_payoff",3,20
"study2_54",18,"study2",1,"self","lower_own_payoff","higher_own_payoff",1,0
"study2_54",19,"study2",1,"self","lower_own_payoff","lower_own_payoff",4,30
"study2_54",19,"study2",2,"self","lower_own_payoff","lower_own_payoff",4,30
"study2_54",19,"study2",3,"self","higher_own_payoff","lower_own_payoff",4,30
"study2_54",19,"study2",4,"self","higher_own_payoff","lower_own_payoff",4,30
"study2_54",20,"study2",1,"self","higher_own_payoff","higher_own_payoff",4,30
"study2_54",20,"study2",2,"self","lower_own_payoff","higher_own_payoff",4,30
"study2_54",20,"study2",3,"self","lower_own_payoff","higher_own_payoff",4,30
"study2_54",20,"study2",4,"self","higher_own_payoff","higher_own_payoff",4,30
"study2_54",21,"study2",1,"self","lower_own_payoff","lower_own_payoff",2,10
"study2_54",21,"study2",2,"self","higher_own_payoff","lower_own_payoff",2,10
"study2_54",22,"study2",1,"self","lower_own_payoff","higher_own_payoff",3,20
"study2_54",22,"study2",2,"self","higher_own_payoff","higher_own_payoff",3,20
"study2_54",22,"study2",3,"self","higher_own_payoff","higher_own_payoff",3,20
"study2_54",23,"study2",1,"self","higher_own_payoff","higher_own_payoff",3,20
"study2_54",23,"study2",2,"self","lower_own_payoff","higher_own_payoff",3,20
"study2_54",23,"study2",3,"self","lower_own_payoff","higher_own_payoff",3,20
"study2_54",24,"study2",1,"self","higher_own_payoff","higher_own_payoff",3,20
"study2_54",24,"study2",2,"self","lower_own_payoff","higher_own_payoff",3,20
"study2_54",24,"study2",3,"self","lower_own_payoff","higher_own_payoff",3,20
"study2_55",1,"study2",1,"self","higher_own_payoff","higher_own_payoff",1,0
"study2_55",2,"study2",1,"self","higher_own_payoff","higher_own_payoff",1,0
"study2_55",3,"study2",1,"self","higher_own_payoff","higher_own_payoff",1,0
"study2_55",4,"study2",1,"self","higher_own_payoff","higher_own_payoff",1,0
"study2_55",5,"study2",1,"self","higher_own_payoff","higher_own_payoff",1,0
"study2_55",6,"study2",1,"self","higher_own_payoff","lower_own_payoff",2,10
"study2_55",6,"study2",2,"self","lower_own_payoff","lower_own_payoff",2,10
"study2_55",7,"study2",1,"self","higher_own_payoff","higher_own_payoff",1,0
"study2_55",8,"study2",1,"self","higher_own_payoff","lower_own_payoff",2,10
"study2_55",8,"study2",2,"self","lower_own_payoff","lower_own_payoff",2,10
"study2_55",9,"study2",1,"self","higher_own_payoff","higher_own_payoff",1,0
"study2_55",10,"study2",1,"self","higher_own_payoff","higher_own_payoff",1,0
"study2_55",11,"study2",1,"self","higher_own_payoff","higher_own_payoff",1,0
"study2_55",12,"study2",1,"self","higher_own_payoff","higher_own_payoff",1,0
"study2_55",13,"study2",1,"self","higher_own_payoff","lower_own_payoff",2,10
"study2_55",13,"study2",2,"self","lower_own_payoff","lower_own_payoff",2,10
"study2_55",14,"study2",1,"self","higher_own_payoff","higher_own_payoff",1,0
"study2_55",15,"study2",1,"self","higher_own_payoff","higher_own_payoff",1,0
"study2_55",16,"study2",1,"self","higher_own_payoff","higher_own_payoff",1,0
"study2_55",17,"study2",1,"self","higher_own_payoff","higher_own_payoff",1,0
"study2_55",18,"study2",1,"self","higher_own_payoff","higher_own_payoff",1,0
"study2_55",19,"study2",1,"self","higher_own_payoff","higher_own_payoff",1,0
"study2_55",20,"study2",1,"self","higher_own_payoff","higher_own_payoff",1,0
"study2_55",21,"study2",1,"self","higher_own_payoff","higher_own_payoff",1,0
"study2_55",22,"study2",1,"self","higher_own_payoff","higher_own_payoff",1,0
"study2_55",23,"study2",1,"self","higher_own_payoff","lower_own_payoff",2,10
"study2_55",23,"study2",2,"self","lower_own_payoff","lower_own_payoff",2,10
"study2_55",24,"study2",1,"self","higher_own_payoff","higher_own_payoff",1,0
"study2_56",1,"study2",1,"self","higher_own_payoff","higher_own_payoff",2,10
"study2_56",1,"study2",2,"self","lower_own_payoff","higher_own_payoff",2,10
"study2_56",2,"study2",1,"self","higher_own_payoff","higher_own_payoff",2,10
"study2_56",2,"study2",2,"self","higher_own_payoff","higher_own_payoff",2,10
"study2_56",3,"study2",1,"self","higher_own_payoff","lower_own_payoff",2,10
"study2_56",3,"study2",2,"self","lower_own_payoff","lower_own_payoff",2,10
"study2_56",4,"study2",1,"self","higher_own_payoff","higher_own_payoff",2,10
"study2_56",4,"study2",2,"self","lower_own_payoff","higher_own_payoff",2,10
"study2_56",5,"study2",1,"self","higher_own_payoff","higher_own_payoff",1,0
"study2_56",6,"study2",1,"self","lower_own_payoff","higher_own_payoff",1,0
"study2_56",7,"study2",1,"self","lower_own_payoff","higher_own_payoff",1,0
"study2_56",8,"study2",1,"self","lower_own_payoff","lower_own_payoff",1,0
"study2_56",9,"study2",1,"self","lower_own_payoff","lower_own_payoff",1,0
"study2_56",10,"study2",1,"self","lower_own_payoff","higher_own_payoff",1,0
"study2_56",11,"study2",1,"self","lower_own_payoff","higher_own_payoff",1,0
"study2_56",12,"study2",1,"self","lower_own_payoff","higher_own_payoff",1,0
"study2_56",13,"study2",1,"self","lower_own_payoff","lower_own_payoff",1,0
"study2_56",14,"study2",1,"self","lower_own_payoff","lower_own_payoff",1,0
"study2_56",15,"study2",1,"self","lower_own_payoff","higher_own_payoff",1,0
"study2_56",16,"study2",1,"self","lower_own_payoff","lower_own_payoff",1,0
"study2_56",17,"study2",1,"self","lower_own_payoff","higher_own_payoff",1,0
"study2_56",18,"study2",1,"self","lower_own_payoff","higher_own_payoff",1,0
"study2_56",19,"study2",1,"self","lower_own_payoff","higher_own_payoff",1,0
"study2_56",20,"study2",1,"self","lower_own_payoff","higher_own_payoff",1,0
"study2_56",21,"study2",1,"self","lower_own_payoff","higher_own_payoff",1,0
"study2_56",22,"study2",1,"self","lower_own_payoff","higher_own_payoff",1,0
"study2_56",23,"study2",1,"self","lower_own_payoff","higher_own_payoff",1,0
"study2_56",24,"study2",1,"self","lower_own_payoff","lower_own_payoff",1,0
"study2_57",1,"study2",1,"self","lower_own_payoff","higher_own_payoff",1,0
"study2_57",2,"study2",1,"self","higher_own_payoff","higher_own_payoff",1,0
"study2_57",3,"study2",1,"self","higher_own_payoff","higher_own_payoff",1,0
"study2_57",4,"study2",1,"self","higher_own_payoff","higher_own_payoff",1,0
"study2_57",5,"study2",1,"self","higher_own_payoff","higher_own_payoff",1,0
"study2_57",6,"study2",1,"self","higher_own_payoff","higher_own_payoff",1,0
"study2_57",7,"study2",1,"self","higher_own_payoff","lower_own_payoff",1,0
"study2_57",8,"study2",1,"self","higher_own_payoff","higher_own_payoff",1,0
"study2_57",9,"study2",1,"self","lower_own_payoff","lower_own_payoff",1,0
"study2_57",10,"study2",1,"self","higher_own_payoff","higher_own_payoff",1,0
"study2_57",11,"study2",1,"self","higher_own_payoff","higher_own_payoff",1,0
"study2_57",12,"study2",1,"self","higher_own_payoff","higher_own_payoff",1,0
"study2_57",13,"study2",1,"self","higher_own_payoff","lower_own_payoff",2,10
"study2_57",13,"study2",2,"self","lower_own_payoff","lower_own_payoff",2,10
"study2_57",14,"study2",1,"self","higher_own_payoff","higher_own_payoff",1,0
"study2_57",15,"study2",1,"self","lower_own_payoff","lower_own_payoff",1,0
"study2_57",16,"study2",1,"self","lower_own_payoff","higher_own_payoff",1,0
"study2_57",17,"study2",1,"self","higher_own_payoff","higher_own_payoff",1,0
"study2_57",18,"study2",1,"self","lower_own_payoff","lower_own_payoff",1,0
"study2_57",19,"study2",1,"self","higher_own_payoff","higher_own_payoff",1,0
"study2_57",20,"study2",1,"self","lower_own_payoff","lower_own_payoff",1,0
"study2_57",21,"study2",1,"self","lower_own_payoff","lower_own_payoff",1,0
"study2_57",22,"study2",1,"self","higher_own_payoff","higher_own_payoff",1,0
"study2_57",23,"study2",1,"self","higher_own_payoff","higher_own_payoff",1,0
"study2_57",24,"study2",1,"self","lower_own_payoff","higher_own_payoff",1,0
"study2_58",1,"study2",1,"self","lower_own_payoff","lower_own_payoff",2,10
"study2_58",1,"study2",2,"self","higher_own_payoff","lower_own_payoff",2,10
"study2_58",2,"study2",1,"self","higher_own_payoff","lower_own_payoff",2,10
"study2_58",2,"study2",2,"self","lower_own_payoff","lower_own_payoff",2,10
"study2_58",3,"study2",1,"self","lower_own_payoff","lower_own_payoff",2,10
"study2_58",3,"study2",2,"self","lower_own_payoff","lower_own_payoff",2,10
"study2_58",4,"study2",1,"self","lower_own_payoff","higher_own_payoff",1,0
"study2_58",5,"study2",1,"self","higher_own_payoff","higher_own_payoff",1,0
"study2_58",6,"study2",1,"self","higher_own_payoff","higher_own_payoff",1,0
"study2_58",7,"study2",1,"self","higher_own_payoff","higher_own_payoff",1,0
"study2_58",8,"study2",1,"self","lower_own_payoff","higher_own_payoff",1,0
"study2_58",9,"study2",1,"self","lower_own_payoff","higher_own_payoff",1,0
"study2_58",10,"study2",1,"self","higher_own_payoff","higher_own_payoff",1,0
"study2_58",11,"study2",1,"self","higher_own_payoff","higher_own_payoff",1,0
"study2_58",12,"study2",1,"self","higher_own_payoff","higher_own_payoff",1,0
"study2_58",13,"study2",1,"self","higher_own_payoff","lower_own_payoff",2,10
"study2_58",13,"study2",2,"self","higher_own_payoff","lower_own_payoff",2,10
"study2_58",14,"study2",1,"self","higher_own_payoff","higher_own_payoff",1,0
"study2_58",15,"study2",1,"self","lower_own_payoff","higher_own_payoff",1,0
"study2_58",16,"study2",1,"self","higher_own_payoff","lower_own_payoff",1,0
"study2_58",17,"study2",1,"self","higher_own_payoff","higher_own_payoff",1,0
"study2_58",18,"study2",1,"self","lower_own_payoff","higher_own_payoff",4,30
"study2_58",18,"study2",2,"self","lower_own_payoff","higher_own_payoff",4,30
"study2_58",18,"study2",3,"self","higher_own_payoff","higher_own_payoff",4,30
"study2_58",18,"study2",4,"self","higher_own_payoff","higher_own_payoff",4,30
"study2_58",19,"study2",1,"self","higher_own_payoff","lower_own_payoff",4,30
"study2_58",19,"study2",2,"self","higher_own_payoff","lower_own_payoff",4,30
"study2_58",19,"study2",3,"self","lower_own_payoff","lower_own_payoff",4,30
"study2_58",19,"study2",4,"self","lower_own_payoff","lower_own_payoff",4,30
"study2_58",20,"study2",1,"self","lower_own_payoff","higher_own_payoff",2,10
"study2_58",20,"study2",2,"self","lower_own_payoff","higher_own_payoff",2,10
"study2_58",21,"study2",1,"self","higher_own_payoff","lower_own_payoff",2,10
"study2_58",21,"study2",2,"self","higher_own_payoff","lower_own_payoff",2,10
"study2_58",22,"study2",1,"self","higher_own_payoff","higher_own_payoff",4,30
"study2_58",22,"study2",2,"self","higher_own_payoff","higher_own_payoff",4,30
"study2_58",22,"study2",3,"self","lower_own_payoff","higher_own_payoff",4,30
"study2_58",22,"study2",4,"self","lower_own_payoff","higher_own_payoff",4,30
"study2_58",23,"study2",1,"self","higher_own_payoff","higher_own_payoff",1,0
"study2_58",24,"study2",1,"self","higher_own_payoff","higher_own_payoff",2,10
"study2_58",24,"study2",2,"self","lower_own_payoff","higher_own_payoff",2,10
"study2_59",1,"study2",1,"self","lower_own_payoff","lower_own_payoff",4,30
"study2_59",1,"study2",2,"self","higher_own_payoff","lower_own_payoff",4,30
"study2_59",1,"study2",3,"self","higher_own_payoff","lower_own_payoff",4,30
"study2_59",1,"study2",4,"self","lower_own_payoff","lower_own_payoff",4,30
"study2_59",2,"study2",1,"self","higher_own_payoff","higher_own_payoff",2,10
"study2_59",2,"study2",2,"self","lower_own_payoff","higher_own_payoff",2,10
"study2_59",3,"study2",1,"self","higher_own_payoff","higher_own_payoff",1,0
"study2_59",4,"study2",1,"self","higher_own_payoff","higher_own_payoff",2,10
"study2_59",4,"study2",2,"self","lower_own_payoff","higher_own_payoff",2,10
"study2_59",5,"study2",1,"self","higher_own_payoff","higher_own_payoff",1,0
"study2_59",6,"study2",1,"self","higher_own_payoff","higher_own_payoff",1,0
"study2_59",7,"study2",1,"self","higher_own_payoff","higher_own_payoff",2,10
"study2_59",7,"study2",2,"self","lower_own_payoff","higher_own_payoff",2,10
"study2_59",8,"study2",1,"self","higher_own_payoff","lower_own_payoff",2,10
"study2_59",8,"study2",2,"self","lower_own_payoff","lower_own_payoff",2,10
"study2_59",9,"study2",1,"self","higher_own_payoff","lower_own_payoff",2,10
"study2_59",9,"study2",2,"self","lower_own_payoff","lower_own_payoff",2,10
"study2_59",10,"study2",1,"self","lower_own_payoff","lower_own_payoff",4,30
"study2_59",10,"study2",2,"self","higher_own_payoff","lower_own_payoff",4,30
"study2_59",10,"study2",3,"self","higher_own_payoff","lower_own_payoff",4,30
"study2_59",10,"study2",4,"self","lower_own_payoff","lower_own_payoff",4,30
"study2_59",11,"study2",1,"self","higher_own_payoff","higher_own_payoff",4,30
"study2_59",11,"study2",2,"self","lower_own_payoff","higher_own_payoff",4,30
"study2_59",11,"study2",3,"self","lower_own_payoff","higher_own_payoff",4,30
"study2_59",11,"study2",4,"self","higher_own_payoff","higher_own_payoff",4,30
"study2_59",12,"study2",1,"self","lower_own_payoff","higher_own_payoff",4,30
"study2_59",12,"study2",2,"self","lower_own_payoff","higher_own_payoff",4,30
"study2_59",12,"study2",3,"self","higher_own_payoff","higher_own_payoff",4,30
"study2_59",12,"study2",4,"self","higher_own_payoff","higher_own_payoff",4,30
"study2_59",13,"study2",1,"self","higher_own_payoff","higher_own_payoff",2,10
"study2_59",13,"study2",2,"self","lower_own_payoff","higher_own_payoff",2,10
"study2_59",14,"study2",1,"self","lower_own_payoff","higher_own_payoff",4,30
"study2_59",14,"study2",2,"self","higher_own_payoff","higher_own_payoff",4,30
"study2_59",14,"study2",3,"self","higher_own_payoff","higher_own_payoff",4,30
"study2_59",14,"study2",4,"self","lower_own_payoff","higher_own_payoff",4,30
"study2_59",15,"study2",1,"self","higher_own_payoff","higher_own_payoff",1,0
"study2_59",16,"study2",1,"self","higher_own_payoff","lower_own_payoff",2,10
"study2_59",16,"study2",2,"self","lower_own_payoff","lower_own_payoff",2,10
"study2_59",17,"study2",1,"self","higher_own_payoff","higher_own_payoff",4,30
"study2_59",17,"study2",2,"self","lower_own_payoff","higher_own_payoff",4,30
"study2_59",17,"study2",3,"self","lower_own_payoff","higher_own_payoff",4,30
"study2_59",17,"study2",4,"self","higher_own_payoff","higher_own_payoff",4,30
"study2_59",18,"study2",1,"self","higher_own_payoff","higher_own_payoff",2,10
"study2_59",18,"study2",2,"self","lower_own_payoff","higher_own_payoff",2,10
"study2_59",19,"study2",1,"self","lower_own_payoff","higher_own_payoff",2,10
"study2_59",19,"study2",2,"self","higher_own_payoff","higher_own_payoff",2,10
"study2_59",20,"study2",1,"self","higher_own_payoff","higher_own_payoff",4,30
"study2_59",20,"study2",2,"self","lower_own_payoff","higher_own_payoff",4,30
"study2_59",20,"study2",3,"self","higher_own_payoff","higher_own_payoff",4,30
"study2_59",20,"study2",4,"self","lower_own_payoff","higher_own_payoff",4,30
"study2_59",21,"study2",1,"self","higher_own_payoff","lower_own_payoff",2,10
"study2_59",21,"study2",2,"self","lower_own_payoff","lower_own_payoff",2,10
"study2_59",22,"study2",1,"self","higher_own_payoff","higher_own_payoff",2,10
"study2_59",22,"study2",2,"self","lower_own_payoff","higher_own_payoff",2,10
"study2_59",23,"study2",1,"self","higher_own_payoff","lower_own_payoff",2,10
"study2_59",23,"study2",2,"self","lower_own_payoff","lower_own_payoff",2,10
"study2_59",24,"study2",1,"self","higher_own_payoff","higher_own_payoff",2,10
"study2_59",24,"study2",2,"self","lower_own_payoff","higher_own_payoff",2,10
"study2_6",1,"study2",1,"self","lower_own_payoff","higher_own_payoff",1,0
"study2_6",2,"study2",1,"self","lower_own_payoff","lower_own_payoff",1,0
"study2_6",3,"study2",1,"self","higher_own_payoff","higher_own_payoff",1,0
"study2_6",4,"study2",1,"self","lower_own_payoff","higher_own_payoff",1,0
"study2_6",5,"study2",1,"self","lower_own_payoff","lower_own_payoff",1,0
"study2_6",6,"study2",1,"self","lower_own_payoff","higher_own_payoff",1,0
"study2_6",7,"study2",1,"self","lower_own_payoff","lower_own_payoff",1,0
"study2_6",8,"study2",1,"self","higher_own_payoff","higher_own_payoff",1,0
"study2_6",9,"study2",1,"self","higher_own_payoff","higher_own_payoff",1,0
"study2_6",10,"study2",1,"self","higher_own_payoff","higher_own_payoff",1,0
"study2_6",11,"study2",1,"self","higher_own_payoff","higher_own_payoff",1,0
"study2_6",12,"study2",1,"self","lower_own_payoff","lower_own_payoff",1,0
"study2_6",13,"study2",1,"self","lower_own_payoff","lower_own_payoff",1,0
"study2_6",14,"study2",1,"self","lower_own_payoff","higher_own_payoff",1,0
"study2_6",15,"study2",1,"self","lower_own_payoff","lower_own_payoff",1,0
"study2_6",16,"study2",1,"self","lower_own_payoff","higher_own_payoff",1,0
"study2_6",17,"study2",1,"self","higher_own_payoff","higher_own_payoff",1,0
"study2_6",18,"study2",1,"self","lower_own_payoff","higher_own_payoff",1,0
"study2_6",19,"study2",1,"self","higher_own_payoff","higher_own_payoff",1,0
"study2_6",20,"study2",1,"self","lower_own_payoff","higher_own_payoff",1,0
"study2_6",21,"study2",1,"self","higher_own_payoff","higher_own_payoff",1,0
"study2_6",22,"study2",1,"self","higher_own_payoff","higher_own_payoff",1,0
"study2_6",23,"study2",1,"self","higher_own_payoff","higher_own_payoff",1,0
"study2_6",24,"study2",1,"self","higher_own_payoff","higher_own_payoff",1,0
"study2_60",1,"study2",1,"self","higher_own_payoff","higher_own_payoff",1,0
"study2_60",2,"study2",1,"self","higher_own_payoff","higher_own_payoff",1,0
"study2_60",3,"study2",1,"self","higher_own_payoff","higher_own_payoff",2,10
"study2_60",3,"study2",2,"self","lower_own_payoff","higher_own_payoff",2,10
"study2_60",4,"study2",1,"self","higher_own_payoff","higher_own_payoff",1,0
"study2_60",5,"study2",1,"self","higher_own_payoff","higher_own_payoff",1,0
"study2_60",6,"study2",1,"self","higher_own_payoff","higher_own_payoff",1,0
"study2_60",7,"study2",1,"self","lower_own_payoff","higher_own_payoff",1,0
"study2_60",8,"study2",1,"self","higher_own_payoff","higher_own_payoff",1,0
"study2_60",9,"study2",1,"self","higher_own_payoff","higher_own_payoff",1,0
"study2_60",10,"study2",1,"self","higher_own_payoff","higher_own_payoff",1,0
"study2_60",11,"study2",1,"self","higher_own_payoff","higher_own_payoff",1,0
"study2_60",12,"study2",1,"self","higher_own_payoff","higher_own_payoff",1,0
"study2_60",13,"study2",1,"self","higher_own_payoff","higher_own_payoff",1,0
"study2_60",14,"study2",1,"self","higher_own_payoff","higher_own_payoff",1,0
"study2_60",15,"study2",1,"self","higher_own_payoff","higher_own_payoff",1,0
"study2_60",16,"study2",1,"self","higher_own_payoff","higher_own_payoff",1,0
"study2_60",17,"study2",1,"self","higher_own_payoff","higher_own_payoff",1,0
"study2_60",18,"study2",1,"self","higher_own_payoff","higher_own_payoff",1,0
"study2_60",19,"study2",1,"other","higher_own_payoff","higher_own_payoff",1,0
"study2_60",20,"study2",1,"other","higher_own_payoff","higher_own_payoff",1,0
"study2_60",21,"study2",1,"other","higher_own_payoff","higher_own_payoff",1,0
"study2_60",22,"study2",1,"other","lower_own_payoff","higher_own_payoff",1,0
"study2_60",23,"study2",1,"other","higher_own_payoff","higher_own_payoff",1,0
"study2_60",24,"study2",1,"other","higher_own_payoff","higher_own_payoff",1,0
"study2_61",1,"study2",1,"self","higher_own_payoff","higher_own_payoff",2,10
"study2_61",1,"study2",2,"self","lower_own_payoff","higher_own_payoff",2,10
"study2_61",2,"study2",1,"self","lower_own_payoff","lower_own_payoff",1,0
"study2_61",3,"study2",1,"self","lower_own_payoff","higher_own_payoff",3,20
"study2_61",3,"study2",2,"self","higher_own_payoff","higher_own_payoff",3,20
"study2_61",3,"study2",3,"self","lower_own_payoff","higher_own_payoff",3,20
"study2_61",4,"study2",1,"self","higher_own_payoff","higher_own_payoff",1,0
"study2_61",5,"study2",1,"other","higher_own_payoff","higher_own_payoff",1,0
"study2_61",6,"study2",1,"self","higher_own_payoff","higher_own_payoff",1,0
"study2_61",7,"study2",1,"self","higher_own_payoff","higher_own_payoff",2,10
"study2_61",7,"study2",2,"self","lower_own_payoff","higher_own_payoff",2,10
"study2_61",8,"study2",1,"other","higher_own_payoff","higher_own_payoff",1,0
"study2_61",9,"study2",1,"self","lower_own_payoff","lower_own_payoff",2,10
"study2_61",9,"study2",2,"self","lower_own_payoff","lower_own_payoff",2,10
"study2_61",10,"study2",1,"self","higher_own_payoff","higher_own_payoff",1,0
"study2_61",11,"study2",1,"self","lower_own_payoff","lower_own_payoff",1,0
"study2_61",12,"study2",1,"self","higher_own_payoff","higher_own_payoff",2,10
"study2_61",12,"study2",2,"self","lower_own_payoff","higher_own_payoff",2,10
"study2_61",13,"study2",1,"self","lower_own_payoff","lower_own_payoff",1,0
"study2_61",14,"study2",1,"self","higher_own_payoff","higher_own_payoff",1,0
"study2_61",15,"study2",1,"self","lower_own_payoff","lower_own_payoff",4,30
"study2_61",15,"study2",2,"self","higher_own_payoff","lower_own_payoff",4,30
"study2_61",15,"study2",3,"self","lower_own_payoff","lower_own_payoff",4,30
"study2_61",15,"study2",4,"self","higher_own_payoff","lower_own_payoff",4,30
"study2_61",16,"study2",1,"self","lower_own_payoff","lower_own_payoff",1,0
"study2_61",17,"study2",1,"self","higher_own_payoff","lower_own_payoff",2,10
"study2_61",17,"study2",2,"self","lower_own_payoff","lower_own_payoff",2,10
"study2_61",18,"study2",1,"self","higher_own_payoff","higher_own_payoff",1,0
"study2_61",19,"study2",1,"self","higher_own_payoff","higher_own_payoff",1,0
"study2_61",20,"study2",1,"other","higher_own_payoff","higher_own_payoff",2,10
"study2_61",20,"study2",2,"self","higher_own_payoff","higher_own_payoff",2,10
"study2_61",21,"study2",1,"self","higher_own_payoff","higher_own_payoff",1,0
"study2_61",22,"study2",1,"self","lower_own_payoff","lower_own_payoff",1,0
"study2_61",23,"study2",1,"self","lower_own_payoff","higher_own_payoff",4,30
"study2_61",23,"study2",2,"self","lower_own_payoff","higher_own_payoff",4,30
"study2_61",23,"study2",3,"self","higher_own_payoff","higher_own_payoff",4,30
"study2_61",23,"study2",4,"self","higher_own_payoff","higher_own_payoff",4,30
"study2_61",24,"study2",1,"self","lower_own_payoff","lower_own_payoff",1,0
"study2_62",1,"study2",1,"self","higher_own_payoff","lower_own_payoff",4,30
"study2_62",1,"study2",2,"self","higher_own_payoff","lower_own_payoff",4,30
"study2_62",1,"study2",3,"self","lower_own_payoff","lower_own_payoff",4,30
"study2_62",1,"study2",4,"self","lower_own_payoff","lower_own_payoff",4,30
"study2_62",2,"study2",1,"self","higher_own_payoff","higher_own_payoff",4,30
"study2_62",2,"study2",2,"self","higher_own_payoff","higher_own_payoff",4,30
"study2_62",2,"study2",3,"self","lower_own_payoff","higher_own_payoff",4,30
"study2_62",2,"study2",4,"self","lower_own_payoff","higher_own_payoff",4,30
"study2_62",3,"study2",1,"self","lower_own_payoff","lower_own_payoff",4,30
"study2_62",3,"study2",2,"self","lower_own_payoff","lower_own_payoff",4,30
"study2_62",3,"study2",3,"self","higher_own_payoff","lower_own_payoff",4,30
"study2_62",3,"study2",4,"self","higher_own_payoff","lower_own_payoff",4,30
"study2_62",4,"study2",1,"self","lower_own_payoff","higher_own_payoff",4,30
"study2_62",4,"study2",2,"self","lower_own_payoff","higher_own_payoff",4,30
"study2_62",4,"study2",3,"self","higher_own_payoff","higher_own_payoff",4,30
"study2_62",4,"study2",4,"self","higher_own_payoff","higher_own_payoff",4,30
"study2_62",5,"study2",1,"self","lower_own_payoff","lower_own_payoff",4,30
"study2_62",5,"study2",2,"self","lower_own_payoff","lower_own_payoff",4,30
"study2_62",5,"study2",3,"self","higher_own_payoff","lower_own_payoff",4,30
"study2_62",5,"study2",4,"self","higher_own_payoff","lower_own_payoff",4,30
"study2_62",6,"study2",1,"self","lower_own_payoff","higher_own_payoff",3,20
"study2_62",6,"study2",2,"self","lower_own_payoff","higher_own_payoff",3,20
"study2_62",6,"study2",3,"self","higher_own_payoff","higher_own_payoff",3,20
"study2_62",7,"study2",1,"self","higher_own_payoff","lower_own_payoff",4,30
"study2_62",7,"study2",2,"self","higher_own_payoff","lower_own_payoff",4,30
"study2_62",7,"study2",3,"self","lower_own_payoff","lower_own_payoff",4,30
"study2_62",7,"study2",4,"self","lower_own_payoff","lower_own_payoff",4,30
"study2_62",8,"study2",1,"self","lower_own_payoff","lower_own_payoff",4,30
"study2_62",8,"study2",2,"self","lower_own_payoff","lower_own_payoff",4,30
"study2_62",8,"study2",3,"self","higher_own_payoff","lower_own_payoff",4,30
"study2_62",8,"study2",4,"self","higher_own_payoff","lower_own_payoff",4,30
"study2_62",9,"study2",1,"self","lower_own_payoff","lower_own_payoff",4,30
"study2_62",9,"study2",2,"self","lower_own_payoff","lower_own_payoff",4,30
"study2_62",9,"study2",3,"self","higher_own_payoff","lower_own_payoff",4,30
"study2_62",9,"study2",4,"self","higher_own_payoff","lower_own_payoff",4,30
"study2_62",10,"study2",1,"self","lower_own_payoff","higher_own_payoff",2,10
"study2_62",10,"study2",2,"self","lower_own_payoff","higher_own_payoff",2,10
"study2_62",11,"study2",1,"self","lower_own_payoff","higher_own_payoff",2,10
"study2_62",11,"study2",2,"self","lower_own_payoff","higher_own_payoff",2,10
"study2_62",12,"study2",1,"self","lower_own_payoff","higher_own_payoff",4,30
"study2_62",12,"study2",2,"self","lower_own_payoff","higher_own_payoff",4,30
"study2_62",12,"study2",3,"self","higher_own_payoff","higher_own_payoff",4,30
"study2_62",12,"study2",4,"self","higher_own_payoff","higher_own_payoff",4,30
"study2_62",13,"study2",1,"self","lower_own_payoff","lower_own_payoff",4,30
"study2_62",13,"study2",2,"self","lower_own_payoff","lower_own_payoff",4,30
"study2_62",13,"study2",3,"self","higher_own_payoff","lower_own_payoff",4,30
"study2_62",13,"study2",4,"self","higher_own_payoff","lower_own_payoff",4,30
"study2_62",14,"study2",1,"self","lower_own_payoff","higher_own_payoff",3,20
"study2_62",14,"study2",2,"self","higher_own_payoff","higher_own_payoff",3,20
"study2_62",14,"study2",3,"self","lower_own_payoff","higher_own_payoff",3,20
"study2_62",15,"study2",1,"self","lower_own_payoff","lower_own_payoff",4,30
"study2_62",15,"study2",2,"self","higher_own_payoff","lower_own_payoff",4,30
"study2_62",15,"study2",3,"self","higher_own_payoff","lower_own_payoff",4,30
"study2_62",15,"study2",4,"self","lower_own_payoff","lower_own_payoff",4,30
"study2_62",16,"study2",1,"self","lower_own_payoff","lower_own_payoff",4,30
"study2_62",16,"study2",2,"self","lower_own_payoff","lower_own_payoff",4,30
"study2_62",16,"study2",3,"self","higher_own_payoff","lower_own_payoff",4,30
"study2_62",16,"study2",4,"self","higher_own_payoff","lower_own_payoff",4,30
"study2_62",17,"study2",1,"self","lower_own_payoff","higher_own_payoff",2,10
"study2_62",17,"study2",2,"self","higher_own_payoff","higher_own_payoff",2,10
"study2_62",18,"study2",1,"self","lower_own_payoff","lower_own_payoff",4,30
"study2_62",18,"study2",2,"self","lower_own_payoff","lower_own_payoff",4,30
"study2_62",18,"study2",3,"self","higher_own_payoff","lower_own_payoff",4,30
"study2_62",18,"study2",4,"self","higher_own_payoff","lower_own_payoff",4,30
"study2_62",19,"study2",1,"self","lower_own_payoff","lower_own_payoff",4,30
"study2_62",19,"study2",2,"self","lower_own_payoff","lower_own_payoff",4,30
"study2_62",19,"study2",3,"self","higher_own_payoff","lower_own_payoff",4,30
"study2_62",19,"study2",4,"self","higher_own_payoff","lower_own_payoff",4,30
"study2_62",20,"study2",1,"self","higher_own_payoff","lower_own_payoff",4,30
"study2_62",20,"study2",2,"self","lower_own_payoff","lower_own_payoff",4,30
"study2_62",20,"study2",3,"self","lower_own_payoff","lower_own_payoff",4,30
"study2_62",20,"study2",4,"self","higher_own_payoff","lower_own_payoff",4,30
"study2_62",21,"study2",1,"self","lower_own_payoff","higher_own_payoff",2,10
"study2_62",21,"study2",2,"self","lower_own_payoff","higher_own_payoff",2,10
"study2_62",22,"study2",1,"self","lower_own_payoff","higher_own_payoff",2,10
"study2_62",22,"study2",2,"self","lower_own_payoff","higher_own_payoff",2,10
"study2_62",23,"study2",1,"self","lower_own_payoff","higher_own_payoff",3,20
"study2_62",23,"study2",2,"self","lower_own_payoff","higher_own_payoff",3,20
"study2_62",23,"study2",3,"self","higher_own_payoff","higher_own_payoff",3,20
"study2_62",24,"study2",1,"self","lower_own_payoff","higher_own_payoff",4,30
"study2_62",24,"study2",2,"self","higher_own_payoff","higher_own_payoff",4,30
"study2_62",24,"study2",3,"self","higher_own_payoff","higher_own_payoff",4,30
"study2_62",24,"study2",4,"self","lower_own_payoff","higher_own_payoff",4,30
"study2_63",1,"study2",1,"self","higher_own_payoff","higher_own_payoff",1,0
"study2_63",2,"study2",1,"self","lower_own_payoff","higher_own_payoff",2,10
"study2_63",2,"study2",2,"self","higher_own_payoff","higher_own_payoff",2,10
"study2_63",3,"study2",1,"self","higher_own_payoff","higher_own_payoff",1,0
"study2_63",4,"study2",1,"self","higher_own_payoff","lower_own_payoff",2,10
"study2_63",4,"study2",2,"self","lower_own_payoff","lower_own_payoff",2,10
"study2_63",5,"study2",1,"self","higher_own_payoff","higher_own_payoff",1,0
"study2_63",6,"study2",1,"self","higher_own_payoff","lower_own_payoff",2,10
"study2_63",6,"study2",2,"self","lower_own_payoff","lower_own_payoff",2,10
"study2_63",7,"study2",1,"self","higher_own_payoff","higher_own_payoff",1,0
"study2_63",8,"study2",1,"self","higher_own_payoff","lower_own_payoff",2,10
"study2_63",8,"study2",2,"self","lower_own_payoff","lower_own_payoff",2,10
"study2_63",9,"study2",1,"self","lower_own_payoff","lower_own_payoff",2,10
"study2_63",9,"study2",2,"self","higher_own_payoff","lower_own_payoff",2,10
"study2_63",10,"study2",1,"self","higher_own_payoff","lower_own_payoff",2,10
"study2_63",10,"study2",2,"self","lower_own_payoff","lower_own_payoff",2,10
"study2_63",11,"study2",1,"self","lower_own_payoff","lower_own_payoff",2,10
"study2_63",11,"study2",2,"self","higher_own_payoff","lower_own_payoff",2,10
"study2_63",12,"study2",1,"self","higher_own_payoff","lower_own_payoff",2,10
"study2_63",12,"study2",2,"self","lower_own_payoff","lower_own_payoff",2,10
"study2_63",13,"study2",1,"self","higher_own_payoff","higher_own_payoff",1,0
"study2_63",14,"study2",1,"self","higher_own_payoff","lower_own_payoff",2,10
"study2_63",14,"study2",2,"self","lower_own_payoff","lower_own_payoff",2,10
"study2_63",15,"study2",1,"self","higher_own_payoff","higher_own_payoff",2,10
"study2_63",15,"study2",2,"self","lower_own_payoff","higher_own_payoff",2,10
"study2_63",16,"study2",1,"self","lower_own_payoff","higher_own_payoff",3,20
"study2_63",16,"study2",2,"self","higher_own_payoff","higher_own_payoff",3,20
"study2_63",16,"study2",3,"self","lower_own_payoff","higher_own_payoff",3,20
"study2_63",17,"study2",1,"self","higher_own_payoff","higher_own_payoff",1,0
"study2_63",18,"study2",1,"self","higher_own_payoff","lower_own_payoff",2,10
"study2_63",18,"study2",2,"self","lower_own_payoff","lower_own_payoff",2,10
"study2_63",19,"study2",1,"self","higher_own_payoff","higher_own_payoff",2,10
"study2_63",19,"study2",2,"self","lower_own_payoff","higher_own_payoff",2,10
"study2_63",20,"study2",1,"self","lower_own_payoff","higher_own_payoff",2,10
"study2_63",20,"study2",2,"self","higher_own_payoff","higher_own_payoff",2,10
"study2_63",21,"study2",1,"self","higher_own_payoff","higher_own_payoff",2,10
"study2_63",21,"study2",2,"self","lower_own_payoff","higher_own_payoff",2,10
"study2_63",22,"study2",1,"self","higher_own_payoff","higher_own_payoff",2,10
"study2_63",22,"study2",2,"self","lower_own_payoff","higher_own_payoff",2,10
"study2_63",23,"study2",1,"self","higher_own_payoff","higher_own_payoff",1,0
"study2_63",24,"study2",1,"self","higher_own_payoff","higher_own_payoff",2,10
"study2_63",24,"study2",2,"self","lower_own_payoff","higher_own_payoff",2,10
"study2_64",1,"study2",1,"self","higher_own_payoff","higher_own_payoff",2,10
"study2_64",1,"study2",2,"self","lower_own_payoff","higher_own_payoff",2,10
"study2_64",2,"study2",1,"self","higher_own_payoff","higher_own_payoff",4,30
"study2_64",2,"study2",2,"self","lower_own_payoff","higher_own_payoff",4,30
"study2_64",2,"study2",3,"self","higher_own_payoff","higher_own_payoff",4,30
"study2_64",2,"study2",4,"self","lower_own_payoff","higher_own_payoff",4,30
"study2_64",3,"study2",1,"self","higher_own_payoff","lower_own_payoff",1,0
"study2_64",4,"study2",1,"self","higher_own_payoff","lower_own_payoff",2,10
"study2_64",4,"study2",2,"self","lower_own_payoff","lower_own_payoff",2,10
"study2_64",5,"study2",1,"self","lower_own_payoff","lower_own_payoff",2,10
"study2_64",5,"study2",2,"self","lower_own_payoff","lower_own_payoff",2,10
"study2_64",6,"study2",1,"self","higher_own_payoff","higher_own_payoff",4,30
"study2_64",6,"study2",2,"self","higher_own_payoff","higher_own_payoff",4,30
"study2_64",6,"study2",3,"self","lower_own_payoff","higher_own_payoff",4,30
"study2_64",6,"study2",4,"self","lower_own_payoff","higher_own_payoff",4,30
"study2_64",7,"study2",1,"self","higher_own_payoff","higher_own_payoff",4,30
"study2_64",7,"study2",2,"self","lower_own_payoff","higher_own_payoff",4,30
"study2_64",7,"study2",3,"self","lower_own_payoff","higher_own_payoff",4,30
"study2_64",7,"study2",4,"self","higher_own_payoff","higher_own_payoff",4,30
"study2_64",8,"study2",1,"self","higher_own_payoff","higher_own_payoff",4,30
"study2_64",8,"study2",2,"self","higher_own_payoff","higher_own_payoff",4,30
"study2_64",8,"study2",3,"self","lower_own_payoff","higher_own_payoff",4,30
"study2_64",8,"study2",4,"self","lower_own_payoff","higher_own_payoff",4,30
"study2_64",9,"study2",1,"self","higher_own_payoff","lower_own_payoff",4,30
"study2_64",9,"study2",2,"self","higher_own_payoff","lower_own_payoff",4,30
"study2_64",9,"study2",3,"self","lower_own_payoff","lower_own_payoff",4,30
"study2_64",9,"study2",4,"self","lower_own_payoff","lower_own_payoff",4,30
"study2_64",10,"study2",1,"self","higher_own_payoff","higher_own_payoff",2,10
"study2_64",10,"study2",2,"self","lower_own_payoff","higher_own_payoff",2,10
"study2_64",11,"study2",1,"self","higher_own_payoff","lower_own_payoff",4,30
"study2_64",11,"study2",2,"self","higher_own_payoff","lower_own_payoff",4,30
"study2_64",11,"study2",3,"self","lower_own_payoff","lower_own_payoff",4,30
"study2_64",11,"study2",4,"self","lower_own_payoff","lower_own_payoff",4,30
"study2_64",12,"study2",1,"self","lower_own_payoff","higher_own_payoff",4,30
"study2_64",12,"study2",2,"self","higher_own_payoff","higher_own_payoff",4,30
"study2_64",12,"study2",3,"self","higher_own_payoff","higher_own_payoff",4,30
"study2_64",12,"study2",4,"self","lower_own_payoff","higher_own_payoff",4,30
"study2_64",13,"study2",1,"self","higher_own_payoff","higher_own_payoff",3,20
"study2_64",13,"study2",2,"self","higher_own_payoff","higher_own_payoff",3,20
"study2_64",13,"study2",3,"self","lower_own_payoff","higher_own_payoff",3,20
"study2_64",14,"study2",1,"self","higher_own_payoff","lower_own_payoff",4,30
"study2_64",14,"study2",2,"self","lower_own_payoff","lower_own_payoff",4,30
"study2_64",14,"study2",3,"self","lower_own_payoff","lower_own_payoff",4,30
"study2_64",14,"study2",4,"self","higher_own_payoff","lower_own_payoff",4,30
"study2_64",15,"study2",1,"self","higher_own_payoff","higher_own_payoff",4,30
"study2_64",15,"study2",2,"self","higher_own_payoff","higher_own_payoff",4,30
"study2_64",15,"study2",3,"self","lower_own_payoff","higher_own_payoff",4,30
"study2_64",15,"study2",4,"self","lower_own_payoff","higher_own_payoff",4,30
"study2_64",16,"study2",1,"self","higher_own_payoff","lower_own_payoff",4,30
"study2_64",16,"study2",2,"self","higher_own_payoff","lower_own_payoff",4,30
"study2_64",16,"study2",3,"self","lower_own_payoff","lower_own_payoff",4,30
"study2_64",16,"study2",4,"self","lower_own_payoff","lower_own_payoff",4,30
"study2_64",17,"study2",1,"self","higher_own_payoff","lower_own_payoff",4,30
"study2_64",17,"study2",2,"self","higher_own_payoff","lower_own_payoff",4,30
"study2_64",17,"study2",3,"self","lower_own_payoff","lower_own_payoff",4,30
"study2_64",17,"study2",4,"self","lower_own_payoff","lower_own_payoff",4,30
"study2_64",18,"study2",1,"self","higher_own_payoff","lower_own_payoff",3,20
"study2_64",18,"study2",2,"self","lower_own_payoff","lower_own_payoff",3,20
"study2_64",18,"study2",3,"self","lower_own_payoff","lower_own_payoff",3,20
"study2_64",19,"study2",1,"self","higher_own_payoff","lower_own_payoff",4,30
"study2_64",19,"study2",2,"self","higher_own_payoff","lower_own_payoff",4,30
"study2_64",19,"study2",3,"self","lower_own_payoff","lower_own_payoff",4,30
"study2_64",19,"study2",4,"self","lower_own_payoff","lower_own_payoff",4,30
"study2_64",20,"study2",1,"self","higher_own_payoff","higher_own_payoff",4,30
"study2_64",20,"study2",2,"self","higher_own_payoff","higher_own_payoff",4,30
"study2_64",20,"study2",3,"self","lower_own_payoff","higher_own_payoff",4,30
"study2_64",20,"study2",4,"self","lower_own_payoff","higher_own_payoff",4,30
"study2_64",21,"study2",1,"self","higher_own_payoff","lower_own_payoff",4,30
"study2_64",21,"study2",2,"self","higher_own_payoff","lower_own_payoff",4,30
"study2_64",21,"study2",3,"self","lower_own_payoff","lower_own_payoff",4,30
"study2_64",21,"study2",4,"self","lower_own_payoff","lower_own_payoff",4,30
"study2_64",22,"study2",1,"self","higher_own_payoff","lower_own_payoff",4,30
"study2_64",22,"study2",2,"self","higher_own_payoff","lower_own_payoff",4,30
"study2_64",22,"study2",3,"self","lower_own_payoff","lower_own_payoff",4,30
"study2_64",22,"study2",4,"self","lower_own_payoff","lower_own_payoff",4,30
"study2_64",23,"study2",1,"self","higher_own_payoff","lower_own_payoff",4,30
"study2_64",23,"study2",2,"self","lower_own_payoff","lower_own_payoff",4,30
"study2_64",23,"study2",3,"self","higher_own_payoff","lower_own_payoff",4,30
"study2_64",23,"study2",4,"self","lower_own_payoff","lower_own_payoff",4,30
"study2_64",24,"study2",1,"self","higher_own_payoff","higher_own_payoff",2,10
"study2_64",24,"study2",2,"self","higher_own_payoff","higher_own_payoff",2,10
"study2_65",1,"study2",1,"self","higher_own_payoff","lower_own_payoff",2,10
"study2_65",1,"study2",2,"self","lower_own_payoff","lower_own_payoff",2,10
"study2_65",2,"study2",1,"self","lower_own_payoff","higher_own_payoff",2,10
"study2_65",2,"study2",2,"self","higher_own_payoff","higher_own_payoff",2,10
"study2_65",3,"study2",1,"self","higher_own_payoff","higher_own_payoff",1,0
"study2_65",4,"study2",1,"self","lower_own_payoff","higher_own_payoff",4,30
"study2_65",4,"study2",2,"self","lower_own_payoff","higher_own_payoff",4,30
"study2_65",4,"study2",3,"self","higher_own_payoff","higher_own_payoff",4,30
"study2_65",4,"study2",4,"self","higher_own_payoff","higher_own_payoff",4,30
"study2_65",5,"study2",1,"self","higher_own_payoff","higher_own_payoff",2,10
"study2_65",5,"study2",2,"self","lower_own_payoff","higher_own_payoff",2,10
"study2_65",6,"study2",1,"self","lower_own_payoff","higher_own_payoff",2,10
"study2_65",6,"study2",2,"self","lower_own_payoff","higher_own_payoff",2,10
"study2_65",7,"study2",1,"self","higher_own_payoff","higher_own_payoff",2,10
"study2_65",7,"study2",2,"self","lower_own_payoff","higher_own_payoff",2,10
"study2_65",8,"study2",1,"self","lower_own_payoff","higher_own_payoff",3,20
"study2_65",8,"study2",2,"self","higher_own_payoff","higher_own_payoff",3,20
"study2_65",8,"study2",3,"self","higher_own_payoff","higher_own_payoff",3,20
"study2_65",9,"study2",1,"self","higher_own_payoff","lower_own_payoff",4,30
"study2_65",9,"study2",2,"self","lower_own_payoff","lower_own_payoff",4,30
"study2_65",9,"study2",3,"self","lower_own_payoff","lower_own_payoff",4,30
"study2_65",9,"study2",4,"self","higher_own_payoff","lower_own_payoff",4,30
"study2_65",10,"study2",1,"self","higher_own_payoff","higher_own_payoff",3,20
"study2_65",10,"study2",2,"self","lower_own_payoff","higher_own_payoff",3,20
"study2_65",10,"study2",3,"self","higher_own_payoff","higher_own_payoff",3,20
"study2_65",11,"study2",1,"self","higher_own_payoff","higher_own_payoff",1,0
"study2_65",12,"study2",1,"self","lower_own_payoff","lower_own_payoff",1,0
"study2_65",13,"study2",1,"self","higher_own_payoff","higher_own_payoff",4,30
"study2_65",13,"study2",2,"self","lower_own_payoff","higher_own_payoff",4,30
"study2_65",13,"study2",3,"self","lower_own_payoff","higher_own_payoff",4,30
"study2_65",13,"study2",4,"self","higher_own_payoff","higher_own_payoff",4,30
"study2_65",14,"study2",1,"self","higher_own_payoff","lower_own_payoff",2,10
"study2_65",14,"study2",2,"self","lower_own_payoff","lower_own_payoff",2,10
"study2_65",15,"study2",1,"self","lower_own_payoff","higher_own_payoff",3,20
"study2_65",15,"study2",2,"self","higher_own_payoff","higher_own_payoff",3,20
"study2_65",15,"study2",3,"self","higher_own_payoff","higher_own_payoff",3,20
"study2_65",16,"study2",1,"self","higher_own_payoff","higher_own_payoff",1,0
"study2_65",17,"study2",1,"self","higher_own_payoff","lower_own_payoff",4,30
"study2_65",17,"study2",2,"self","higher_own_payoff","lower_own_payoff",4,30
"study2_65",17,"study2",3,"self","lower_own_payoff","lower_own_payoff",4,30
"study2_65",17,"study2",4,"self","lower_own_payoff","lower_own_payoff",4,30
"study2_65",18,"study2",1,"self","higher_own_payoff","lower_own_payoff",2,10
"study2_65",18,"study2",2,"self","lower_own_payoff","lower_own_payoff",2,10
"study2_65",19,"study2",1,"self","higher_own_payoff","higher_own_payoff",4,30
"study2_65",19,"study2",2,"self","lower_own_payoff","higher_own_payoff",4,30
"study2_65",19,"study2",3,"self","lower_own_payoff","higher_own_payoff",4,30
"study2_65",19,"study2",4,"self","higher_own_payoff","higher_own_payoff",4,30
"study2_65",20,"study2",1,"self","higher_own_payoff","lower_own_payoff",4,30
"study2_65",20,"study2",2,"self","higher_own_payoff","lower_own_payoff",4,30
"study2_65",20,"study2",3,"self","lower_own_payoff","lower_own_payoff",4,30
"study2_65",20,"study2",4,"self","lower_own_payoff","lower_own_payoff",4,30
"study2_65",21,"study2",1,"self","lower_own_payoff","lower_own_payoff",1,0
"study2_65",22,"study2",1,"self","lower_own_payoff","higher_own_payoff",4,30
"study2_65",22,"study2",2,"self","lower_own_payoff","higher_own_payoff",4,30
"study2_65",22,"study2",3,"self","higher_own_payoff","higher_own_payoff",4,30
"study2_65",22,"study2",4,"self","higher_own_payoff","higher_own_payoff",4,30
"study2_65",23,"study2",1,"self","higher_own_payoff","lower_own_payoff",2,10
"study2_65",23,"study2",2,"self","lower_own_payoff","lower_own_payoff",2,10
"study2_65",24,"study2",1,"self","higher_own_payoff","higher_own_payoff",4,30
"study2_65",24,"study2",2,"self","higher_own_payoff","higher_own_payoff",4,30
"study2_65",24,"study2",3,"self","lower_own_payoff","higher_own_payoff",4,30
"study2_65",24,"study2",4,"self","lower_own_payoff","higher_own_payoff",4,30
"study2_66",1,"study2",1,"self","higher_own_payoff","lower_own_payoff",3,20
"study2_66",1,"study2",2,"self","lower_own_payoff","lower_own_payoff",3,20
"study2_66",1,"study2",3,"self","lower_own_payoff","lower_own_payoff",3,20
"study2_66",2,"study2",1,"self","higher_own_payoff","lower_own_payoff",2,10
"study2_66",2,"study2",2,"self","lower_own_payoff","lower_own_payoff",2,10
"study2_66",3,"study2",1,"self","higher_own_payoff","higher_own_payoff",1,0
"study2_66",4,"study2",1,"self","higher_own_payoff","lower_own_payoff",2,10
"study2_66",4,"study2",2,"self","lower_own_payoff","lower_own_payoff",2,10
"study2_66",5,"study2",1,"self","higher_own_payoff","lower_own_payoff",2,10
"study2_66",5,"study2",2,"self","lower_own_payoff","lower_own_payoff",2,10
"study2_66",6,"study2",1,"self","lower_own_payoff","lower_own_payoff",2,10
"study2_66",6,"study2",2,"self","higher_own_payoff","lower_own_payoff",2,10
"study2_66",7,"study2",1,"self","lower_own_payoff","higher_own_payoff",2,10
"study2_66",7,"study2",2,"self","higher_own_payoff","higher_own_payoff",2,10
"study2_66",8,"study2",1,"self","higher_own_payoff","higher_own_payoff",2,10
"study2_66",8,"study2",2,"self","lower_own_payoff","higher_own_payoff",2,10
"study2_66",9,"study2",1,"self","lower_own_payoff","lower_own_payoff",1,0
"study2_66",10,"study2",1,"self","higher_own_payoff","higher_own_payoff",2,10
"study2_66",10,"study2",2,"self","lower_own_payoff","higher_own_payoff",2,10
"study2_66",11,"study2",1,"self","lower_own_payoff","lower_own_payoff",2,10
"study2_66",11,"study2",2,"self","higher_own_payoff","lower_own_payoff",2,10
"study2_66",12,"study2",1,"self","higher_own_payoff","higher_own_payoff",2,10
"study2_66",12,"study2",2,"self","lower_own_payoff","higher_own_payoff",2,10
"study2_66",13,"study2",1,"self","lower_own_payoff","higher_own_payoff",2,10
"study2_66",13,"study2",2,"self","higher_own_payoff","higher_own_payoff",2,10
"study2_66",14,"study2",1,"self","lower_own_payoff","higher_own_payoff",2,10
"study2_66",14,"study2",2,"self","higher_own_payoff","higher_own_payoff",2,10
"study2_66",15,"study2",1,"self","higher_own_payoff","higher_own_payoff",2,10
"study2_66",15,"study2",2,"self","lower_own_payoff","higher_own_payoff",2,10
"study2_66",16,"study2",1,"self","higher_own_payoff","higher_own_payoff",2,10
"study2_66",16,"study2",2,"self","lower_own_payoff","higher_own_payoff",2,10
"study2_66",17,"study2",1,"self","higher_own_payoff","higher_own_payoff",3,20
"study2_66",17,"study2",2,"self","lower_own_payoff","higher_own_payoff",3,20
"study2_66",17,"study2",3,"self","higher_own_payoff","higher_own_payoff",3,20
"study2_66",18,"study2",1,"self","higher_own_payoff","lower_own_payoff",2,10
"study2_66",18,"study2",2,"self","lower_own_payoff","lower_own_payoff",2,10
"study2_66",19,"study2",1,"self","higher_own_payoff","higher_own_payoff",1,0
"study2_66",20,"study2",1,"self","higher_own_payoff","higher_own_payoff",2,10
"study2_66",20,"study2",2,"self","lower_own_payoff","higher_own_payoff",2,10
"study2_66",21,"study2",1,"self","higher_own_payoff","higher_own_payoff",2,10
"study2_66",21,"study2",2,"self","lower_own_payoff","higher_own_payoff",2,10
"study2_66",22,"study2",1,"self","higher_own_payoff","higher_own_payoff",3,20
"study2_66",22,"study2",2,"self","lower_own_payoff","higher_own_payoff",3,20
"study2_66",22,"study2",3,"self","higher_own_payoff","higher_own_payoff",3,20
"study2_66",23,"study2",1,"self","lower_own_payoff","lower_own_payoff",3,20
"study2_66",23,"study2",2,"self","higher_own_payoff","lower_own_payoff",3,20
"study2_66",23,"study2",3,"self","lower_own_payoff","lower_own_payoff",3,20
"study2_66",24,"study2",1,"self","higher_own_payoff","higher_own_payoff",2,10
"study2_66",24,"study2",2,"self","lower_own_payoff","higher_own_payoff",2,10
"study2_67",1,"study2",1,"self","higher_own_payoff","higher_own_payoff",3,20
"study2_67",1,"study2",2,"self","lower_own_payoff","higher_own_payoff",3,20
"study2_67",1,"study2",3,"self","lower_own_payoff","higher_own_payoff",3,20
"study2_67",2,"study2",1,"self","lower_own_payoff","lower_own_payoff",2,10
"study2_67",2,"study2",2,"self","higher_own_payoff","lower_own_payoff",2,10
"study2_67",3,"study2",1,"self","higher_own_payoff","higher_own_payoff",1,0
"study2_67",4,"study2",1,"self","lower_own_payoff","higher_own_payoff",1,0
"study2_67",5,"study2",1,"self","lower_own_payoff","lower_own_payoff",1,0
"study2_67",6,"study2",1,"self","higher_own_payoff","lower_own_payoff",2,10
"study2_67",6,"study2",2,"self","lower_own_payoff","lower_own_payoff",2,10
"study2_67",7,"study2",1,"other","lower_own_payoff","higher_own_payoff",1,0
"study2_67",8,"study2",1,"self","higher_own_payoff","higher_own_payoff",2,10
"study2_67",8,"study2",2,"self","lower_own_payoff","higher_own_payoff",2,10
"study2_67",9,"study2",1,"self","higher_own_payoff","higher_own_payoff",1,0
"study2_67",10,"study2",1,"self","higher_own_payoff","higher_own_payoff",2,10
"study2_67",10,"study2",2,"self","lower_own_payoff","higher_own_payoff",2,10
"study2_67",11,"study2",1,"other","higher_own_payoff","higher_own_payoff",1,0
"study2_67",12,"study2",1,"self","lower_own_payoff","lower_own_payoff",1,0
"study2_67",13,"study2",1,"self","higher_own_payoff","higher_own_payoff",2,10
"study2_67",13,"study2",2,"self","lower_own_payoff","higher_own_payoff",2,10
"study2_67",14,"study2",1,"self","higher_own_payoff","higher_own_payoff",1,0
"study2_67",15,"study2",1,"self","higher_own_payoff","higher_own_payoff",1,0
"study2_67",16,"study2",1,"self","lower_own_payoff","higher_own_payoff",1,0
"study2_67",17,"study2",1,"self","lower_own_payoff","lower_own_payoff",1,0
"study2_67",18,"study2",1,"self","lower_own_payoff","higher_own_payoff",1,0
"study2_67",19,"study2",1,"self","higher_own_payoff","higher_own_payoff",1,0
"study2_67",20,"study2",1,"other","higher_own_payoff","lower_own_payoff",1,0
"study2_67",21,"study2",1,"self","higher_own_payoff","higher_own_payoff",2,10
"study2_67",21,"study2",2,"self","lower_own_payoff","higher_own_payoff",2,10
"study2_67",22,"study2",1,"self","lower_own_payoff","higher_own_payoff",1,0
"study2_67",23,"study2",1,"self","higher_own_payoff","higher_own_payoff",1,0
"study2_67",24,"study2",1,"self","higher_own_payoff","higher_own_payoff",1,0
"study2_68",1,"study2",1,"self","lower_own_payoff","lower_own_payoff",1,0
"study2_68",2,"study2",1,"self","higher_own_payoff","higher_own_payoff",1,0
"study2_68",3,"study2",1,"self","lower_own_payoff","lower_own_payoff",1,0
"study2_68",4,"study2",1,"self","lower_own_payoff","higher_own_payoff",2,10
"study2_68",4,"study2",2,"self","higher_own_payoff","higher_own_payoff",2,10
"study2_68",5,"study2",1,"self","lower_own_payoff","lower_own_payoff",2,10
"study2_68",5,"study2",2,"self","higher_own_payoff","lower_own_payoff",2,10
"study2_68",6,"study2",1,"self","higher_own_payoff","higher_own_payoff",2,10
"study2_68",6,"study2",2,"self","lower_own_payoff","higher_own_payoff",2,10
"study2_68",7,"study2",1,"self","lower_own_payoff","lower_own_payoff",1,0
"study2_68",8,"study2",1,"self","higher_own_payoff","higher_own_payoff",1,0
"study2_68",9,"study2",1,"self","higher_own_payoff","lower_own_payoff",2,10
"study2_68",9,"study2",2,"self","lower_own_payoff","lower_own_payoff",2,10
"study2_68",10,"study2",1,"self","higher_own_payoff","higher_own_payoff",1,0
"study2_68",11,"study2",1,"self","higher_own_payoff","higher_own_payoff",2,10
"study2_68",11,"study2",2,"self","lower_own_payoff","higher_own_payoff",2,10
"study2_68",12,"study2",1,"self","higher_own_payoff","higher_own_payoff",4,30
"study2_68",12,"study2",2,"self","lower_own_payoff","higher_own_payoff",4,30
"study2_68",12,"study2",3,"self","lower_own_payoff","higher_own_payoff",4,30
"study2_68",12,"study2",4,"self","higher_own_payoff","higher_own_payoff",4,30
"study2_68",13,"study2",1,"self","lower_own_payoff","higher_own_payoff",2,10
"study2_68",13,"study2",2,"self","higher_own_payoff","higher_own_payoff",2,10
"study2_68",14,"study2",1,"self","lower_own_payoff","lower_own_payoff",1,0
"study2_68",15,"study2",1,"self","higher_own_payoff","higher_own_payoff",1,0
"study2_68",16,"study2",1,"self","higher_own_payoff","higher_own_payoff",4,30
"study2_68",16,"study2",2,"self","lower_own_payoff","higher_own_payoff",4,30
"study2_68",16,"study2",3,"self","lower_own_payoff","higher_own_payoff",4,30
"study2_68",16,"study2",4,"self","higher_own_payoff","higher_own_payoff",4,30
"study2_68",17,"study2",1,"self","higher_own_payoff","higher_own_payoff",1,0
"study2_68",18,"study2",1,"self","lower_own_payoff","lower_own_payoff",1,0
"study2_68",19,"study2",1,"self","lower_own_payoff","lower_own_payoff",1,0
"study2_68",20,"study2",1,"self","lower_own_payoff","higher_own_payoff",1,0
"study2_68",21,"study2",1,"self","higher_own_payoff","higher_own_payoff",1,0
"study2_68",22,"study2",1,"self","higher_own_payoff","lower_own_payoff",2,10
"study2_68",22,"study2",2,"self","lower_own_payoff","lower_own_payoff",2,10
"study2_68",23,"study2",1,"self","lower_own_payoff","lower_own_payoff",1,0
"study2_68",24,"study2",1,"self","lower_own_payoff","lower_own_payoff",1,0
"study2_69",1,"study2",1,"self","higher_own_payoff","higher_own_payoff",2,10
"study2_69",1,"study2",2,"self","lower_own_payoff","higher_own_payoff",2,10
"study2_69",2,"study2",1,"self","lower_own_payoff","lower_own_payoff",2,10
"study2_69",2,"study2",2,"self","higher_own_payoff","lower_own_payoff",2,10
"study2_69",3,"study2",1,"self","lower_own_payoff","lower_own_payoff",2,10
"study2_69",3,"study2",2,"self","higher_own_payoff","lower_own_payoff",2,10
"study2_69",4,"study2",1,"self","higher_own_payoff","lower_own_payoff",2,10
"study2_69",4,"study2",2,"self","lower_own_payoff","lower_own_payoff",2,10
"study2_69",5,"study2",1,"self","higher_own_payoff","lower_own_payoff",2,10
"study2_69",5,"study2",2,"self","lower_own_payoff","lower_own_payoff",2,10
"study2_69",6,"study2",1,"self","lower_own_payoff","higher_own_payoff",2,10
"study2_69",6,"study2",2,"self","higher_own_payoff","higher_own_payoff",2,10
"study2_69",7,"study2",1,"self","higher_own_payoff","lower_own_payoff",2,10
"study2_69",7,"study2",2,"self","lower_own_payoff","lower_own_payoff",2,10
"study2_69",8,"study2",1,"self","lower_own_payoff","higher_own_payoff",2,10
"study2_69",8,"study2",2,"other","higher_own_payoff","higher_own_payoff",2,10
"study2_69",9,"study2",1,"self","higher_own_payoff","higher_own_payoff",2,10
"study2_69",9,"study2",2,"self","lower_own_payoff","higher_own_payoff",2,10
"study2_69",10,"study2",1,"other","lower_own_payoff","lower_own_payoff",2,10
"study2_69",10,"study2",2,"self","higher_own_payoff","lower_own_payoff",2,10
"study2_69",11,"study2",1,"self","higher_own_payoff","higher_own_payoff",2,10
"study2_69",11,"study2",2,"other","lower_own_payoff","higher_own_payoff",2,10
"study2_69",12,"study2",1,"self","higher_own_payoff","higher_own_payoff",2,10
"study2_69",12,"study2",2,"self","lower_own_payoff","higher_own_payoff",2,10
"study2_69",13,"study2",1,"self","higher_own_payoff","higher_own_payoff",2,10
"study2_69",13,"study2",2,"self","lower_own_payoff","higher_own_payoff",2,10
"study2_69",14,"study2",1,"other","lower_own_payoff","lower_own_payoff",2,10
"study2_69",14,"study2",2,"other","higher_own_payoff","lower_own_payoff",2,10
"study2_69",15,"study2",1,"self","lower_own_payoff","lower_own_payoff",2,10
"study2_69",15,"study2",2,"self","higher_own_payoff","lower_own_payoff",2,10
"study2_69",16,"study2",1,"other","lower_own_payoff","lower_own_payoff",2,10
"study2_69",16,"study2",2,"self","higher_own_payoff","lower_own_payoff",2,10
"study2_69",17,"study2",1,"other","lower_own_payoff","lower_own_payoff",2,10
"study2_69",17,"study2",2,"self","higher_own_payoff","lower_own_payoff",2,10
"study2_69",18,"study2",1,"self","lower_own_payoff","lower_own_payoff",2,10
"study2_69",18,"study2",2,"self","higher_own_payoff","lower_own_payoff",2,10
"study2_69",19,"study2",1,"other","lower_own_payoff","higher_own_payoff",2,10
"study2_69",19,"study2",2,"self","higher_own_payoff","higher_own_payoff",2,10
"study2_69",20,"study2",1,"self","higher_own_payoff","higher_own_payoff",2,10
"study2_69",20,"study2",2,"other","lower_own_payoff","higher_own_payoff",2,10
"study2_69",21,"study2",1,"self","higher_own_payoff","lower_own_payoff",2,10
"study2_69",21,"study2",2,"other","lower_own_payoff","lower_own_payoff",2,10
"study2_69",22,"study2",1,"other","lower_own_payoff","lower_own_payoff",2,10
"study2_69",22,"study2",2,"self","higher_own_payoff","lower_own_payoff",2,10
"study2_69",23,"study2",1,"other","lower_own_payoff","higher_own_payoff",2,10
"study2_69",23,"study2",2,"self","higher_own_payoff","higher_own_payoff",2,10
"study2_69",24,"study2",1,"self","higher_own_payoff","higher_own_payoff",2,10
"study2_69",24,"study2",2,"other","lower_own_payoff","higher_own_payoff",2,10
"study2_7",1,"study2",1,"self","higher_own_payoff","lower_own_payoff",2,10
"study2_7",1,"study2",2,"self","lower_own_payoff","lower_own_payoff",2,10
"study2_7",2,"study2",1,"self","higher_own_payoff","higher_own_payoff",1,0
"study2_7",3,"study2",1,"self","higher_own_payoff","higher_own_payoff",2,10
"study2_7",3,"study2",2,"self","lower_own_payoff","higher_own_payoff",2,10
"study2_7",4,"study2",1,"self","higher_own_payoff","lower_own_payoff",2,10
"study2_7",4,"study2",2,"self","lower_own_payoff","lower_own_payoff",2,10
"study2_7",5,"study2",1,"self","higher_own_payoff","higher_own_payoff",1,0
"study2_7",6,"study2",1,"self","higher_own_payoff","higher_own_payoff",2,10
"study2_7",6,"study2",2,"self","lower_own_payoff","higher_own_payoff",2,10
"study2_7",7,"study2",1,"self","higher_own_payoff","higher_own_payoff",1,0
"study2_7",8,"study2",1,"self","lower_own_payoff","higher_own_payoff",2,10
"study2_7",8,"study2",2,"self","higher_own_payoff","higher_own_payoff",2,10
"study2_7",9,"study2",1,"self","higher_own_payoff","higher_own_payoff",1,0
"study2_7",10,"study2",1,"self","higher_own_payoff","higher_own_payoff",1,0
"study2_7",11,"study2",1,"self","higher_own_payoff","higher_own_payoff",1,0
"study2_7",12,"study2",1,"self","higher_own_payoff","lower_own_payoff",2,10
"study2_7",12,"study2",2,"self","lower_own_payoff","lower_own_payoff",2,10
"study2_7",13,"study2",1,"self","lower_own_payoff","higher_own_payoff",2,10
"study2_7",13,"study2",2,"self","higher_own_payoff","higher_own_payoff",2,10
"study2_7",14,"study2",1,"self","lower_own_payoff","lower_own_payoff",1,0
"study2_7",15,"study2",1,"self","higher_own_payoff","lower_own_payoff",2,10
"study2_7",15,"study2",2,"self","lower_own_payoff","lower_own_payoff",2,10
"study2_7",16,"study2",1,"self","higher_own_payoff","lower_own_payoff",4,30
"study2_7",16,"study2",2,"self","lower_own_payoff","lower_own_payoff",4,30
"study2_7",16,"study2",3,"self","lower_own_payoff","lower_own_payoff",4,30
"study2_7",16,"study2",4,"self","higher_own_payoff","lower_own_payoff",4,30
"study2_7",17,"study2",1,"self","higher_own_payoff","higher_own_payoff",1,0
"study2_7",18,"study2",1,"self","higher_own_payoff","higher_own_payoff",1,0
"study2_7",19,"study2",1,"self","higher_own_payoff","higher_own_payoff",1,0
"study2_7",20,"study2",1,"self","higher_own_payoff","higher_own_payoff",1,0
"study2_7",21,"study2",1,"self","higher_own_payoff","higher_own_payoff",1,0
"study2_7",22,"study2",1,"self","higher_own_payoff","lower_own_payoff",2,10
"study2_7",22,"study2",2,"self","lower_own_payoff","lower_own_payoff",2,10
"study2_7",23,"study2",1,"self","higher_own_payoff","higher_own_payoff",1,0
"study2_7",24,"study2",1,"self","higher_own_payoff","lower_own_payoff",3,20
"study2_7",24,"study2",2,"self","lower_own_payoff","lower_own_payoff",3,20
"study2_7",24,"study2",3,"self","lower_own_payoff","lower_own_payoff",3,20
"study2_70",1,"study2",1,"self","higher_own_payoff","higher_own_payoff",1,0
"study2_70",2,"study2",1,"self","higher_own_payoff","higher_own_payoff",2,10
"study2_70",2,"study2",2,"self","lower_own_payoff","higher_own_payoff",2,10
"study2_70",3,"study2",1,"self","higher_own_payoff","higher_own_payoff",1,0
"study2_70",4,"study2",1,"self","higher_own_payoff","higher_own_payoff",2,10
"study2_70",4,"study2",2,"self","lower_own_payoff","higher_own_payoff",2,10
"study2_70",5,"study2",1,"self","higher_own_payoff","higher_own_payoff",1,0
"study2_70",6,"study2",1,"self","higher_own_payoff","higher_own_payoff",1,0
"study2_70",7,"study2",1,"self","lower_own_payoff","higher_own_payoff",2,10
"study2_70",7,"study2",2,"self","lower_own_payoff","higher_own_payoff",2,10
"study2_70",8,"study2",1,"self","higher_own_payoff","higher_own_payoff",1,0
"study2_70",9,"study2",1,"self","higher_own_payoff","higher_own_payoff",1,0
"study2_70",10,"study2",1,"self","lower_own_payoff","higher_own_payoff",1,0
"study2_70",11,"study2",1,"self","lower_own_payoff","lower_own_payoff",2,10
"study2_70",11,"study2",2,"self","higher_own_payoff","lower_own_payoff",2,10
"study2_70",12,"study2",1,"self","lower_own_payoff","higher_own_payoff",1,0
"study2_70",13,"study2",1,"self","lower_own_payoff","lower_own_payoff",2,10
"study2_70",13,"study2",2,"self","higher_own_payoff","lower_own_payoff",2,10
"study2_70",14,"study2",1,"self","lower_own_payoff","higher_own_payoff",1,0
"study2_70",15,"study2",1,"self","lower_own_payoff","higher_own_payoff",2,10
"study2_70",15,"study2",2,"self","higher_own_payoff","higher_own_payoff",2,10
"study2_70",16,"study2",1,"self","lower_own_payoff","lower_own_payoff",1,0
"study2_70",17,"study2",1,"self","lower_own_payoff","lower_own_payoff",2,10
"study2_70",17,"study2",2,"self","lower_own_payoff","lower_own_payoff",2,10
"study2_70",18,"study2",1,"self","higher_own_payoff","lower_own_payoff",2,10
"study2_70",18,"study2",2,"self","lower_own_payoff","lower_own_payoff",2,10
"study2_70",19,"study2",1,"self","lower_own_payoff","lower_own_payoff",2,10
"study2_70",19,"study2",2,"self","higher_own_payoff","lower_own_payoff",2,10
"study2_70",20,"study2",1,"self","lower_own_payoff","lower_own_payoff",4,30
"study2_70",20,"study2",2,"self","higher_own_payoff","lower_own_payoff",4,30
"study2_70",20,"study2",3,"self","lower_own_payoff","lower_own_payoff",4,30
"study2_70",20,"study2",4,"self","higher_own_payoff","lower_own_payoff",4,30
"study2_70",21,"study2",1,"self","lower_own_payoff","higher_own_payoff",1,0
"study2_70",22,"study2",1,"self","lower_own_payoff","higher_own_payoff",2,10
"study2_70",22,"study2",2,"self","higher_own_payoff","higher_own_payoff",2,10
"study2_70",23,"study2",1,"self","lower_own_payoff","lower_own_payoff",2,10
"study2_70",23,"study2",2,"self","higher_own_payoff","lower_own_payoff",2,10
"study2_70",24,"study2",1,"self","lower_own_payoff","higher_own_payoff",2,10
"study2_70",24,"study2",2,"self","lower_own_payoff","higher_own_payoff",2,10
"study2_71",1,"study2",1,"self","lower_own_payoff","higher_own_payoff",2,10
"study2_71",1,"study2",2,"self","higher_own_payoff","higher_own_payoff",2,10
"study2_71",2,"study2",1,"self","higher_own_payoff","lower_own_payoff",4,30
"study2_71",2,"study2",2,"self","lower_own_payoff","lower_own_payoff",4,30
"study2_71",2,"study2",3,"self","lower_own_payoff","lower_own_payoff",4,30
"study2_71",2,"study2",4,"self","higher_own_payoff","lower_own_payoff",4,30
"study2_71",3,"study2",1,"other","higher_own_payoff","higher_own_payoff",3,20
"study2_71",3,"study2",2,"self","higher_own_payoff","higher_own_payoff",3,20
"study2_71",3,"study2",3,"self","lower_own_payoff","higher_own_payoff",3,20
"study2_71",4,"study2",1,"self","higher_own_payoff","lower_own_payoff",2,10
"study2_71",4,"study2",2,"self","lower_own_payoff","lower_own_payoff",2,10
"study2_71",5,"study2",1,"self","lower_own_payoff","higher_own_payoff",2,10
"study2_71",5,"study2",2,"self","higher_own_payoff","higher_own_payoff",2,10
"study2_71",6,"study2",1,"self","lower_own_payoff","higher_own_payoff",1,0
"study2_71",7,"study2",1,"self","higher_own_payoff","higher_own_payoff",1,0
"study2_71",8,"study2",1,"self","lower_own_payoff","lower_own_payoff",1,0
"study2_71",9,"study2",1,"self","higher_own_payoff","lower_own_payoff",1,0
"study2_71",10,"study2",1,"self","lower_own_payoff","higher_own_payoff",1,0
"study2_71",11,"study2",1,"self","higher_own_payoff","lower_own_payoff",1,0
"study2_71",12,"study2",1,"self","lower_own_payoff","lower_own_payoff",1,0
"study2_71",13,"study2",1,"self","higher_own_payoff","higher_own_payoff",1,0
"study2_71",14,"study2",1,"self","lower_own_payoff","lower_own_payoff",1,0
"study2_71",15,"study2",1,"self","lower_own_payoff","higher_own_payoff",1,0
"study2_71",16,"study2",1,"self","lower_own_payoff","lower_own_payoff",1,0
"study2_71",17,"study2",1,"self","higher_own_payoff","higher_own_payoff",1,0
"study2_71",18,"study2",1,"self","higher_own_payoff","higher_own_payoff",1,0
"study2_71",19,"study2",1,"self","lower_own_payoff","lower_own_payoff",1,0
"study2_71",20,"study2",1,"self","higher_own_payoff","higher_own_payoff",1,0
"study2_71",21,"study2",1,"self","lower_own_payoff","higher_own_payoff",1,0
"study2_71",22,"study2",1,"self","lower_own_payoff","higher_own_payoff",1,0
"study2_71",23,"study2",1,"self","higher_own_payoff","higher_own_payoff",1,0
"study2_71",24,"study2",1,"self","higher_own_payoff","higher_own_payoff",1,0
"study2_72",1,"study2",1,"self","lower_own_payoff","higher_own_payoff",1,0
"study2_72",2,"study2",1,"self","lower_own_payoff","lower_own_payoff",1,0
"study2_72",3,"study2",1,"self","lower_own_payoff","lower_own_payoff",1,0
"study2_72",4,"study2",1,"self","lower_own_payoff","higher_own_payoff",1,0
"study2_72",5,"study2",1,"self","lower_own_payoff","higher_own_payoff",1,0
"study2_72",6,"study2",1,"self","lower_own_payoff","higher_own_payoff",1,0
"study2_72",7,"study2",1,"self","lower_own_payoff","lower_own_payoff",1,0
"study2_72",8,"study2",1,"self","lower_own_payoff","higher_own_payoff",1,0
"study2_72",9,"study2",1,"self","higher_own_payoff","higher_own_payoff",1,0
"study2_72",10,"study2",1,"self","lower_own_payoff","higher_own_payoff",1,0
"study2_72",11,"study2",1,"self","higher_own_payoff","higher_own_payoff",1,0
"study2_72",12,"study2",1,"self","lower_own_payoff","higher_own_payoff",1,0
"study2_72",13,"study2",1,"self","lower_own_payoff","lower_own_payoff",1,0
"study2_72",14,"study2",1,"self","higher_own_payoff","higher_own_payoff",1,0
"study2_72",15,"study2",1,"self","higher_own_payoff","higher_own_payoff",1,0
"study2_72",16,"study2",1,"self","lower_own_payoff","higher_own_payoff",1,0
"study2_72",17,"study2",1,"self","lower_own_payoff","lower_own_payoff",1,0
"study2_72",18,"study2",1,"self","lower_own_payoff","higher_own_payoff",1,0
"study2_72",19,"study2",1,"self","lower_own_payoff","higher_own_payoff",1,0
"study2_72",20,"study2",1,"self","lower_own_payoff","higher_own_payoff",1,0
"study2_72",21,"study2",1,"self","higher_own_payoff","higher_own_payoff",1,0
"study2_72",22,"study2",1,"self","lower_own_payoff","higher_own_payoff",1,0
"study2_72",23,"study2",1,"self","lower_own_payoff","lower_own_payoff",1,0
"study2_72",24,"study2",1,"self","lower_own_payoff","higher_own_payoff",1,0
"study2_73",1,"study2",1,"other","higher_own_payoff","higher_own_payoff",1,0
"study2_73",2,"study2",1,"self","lower_own_payoff","lower_own_payoff",1,0
"study2_73",3,"study2",1,"other","higher_own_payoff","lower_own_payoff",1,0
"study2_73",4,"study2",1,"other","higher_own_payoff","lower_own_payoff",1,0
"study2_73",5,"study2",1,"self","lower_own_payoff","higher_own_payoff",1,0
"study2_73",6,"study2",1,"self","lower_own_payoff","lower_own_payoff",1,0
"study2_73",7,"study2",1,"self","higher_own_payoff","higher_own_payoff",1,0
"study2_73",8,"study2",1,"other","higher_own_payoff","higher_own_payoff",1,0
"study2_73",9,"study2",1,"self","lower_own_payoff","lower_own_payoff",1,0
"study2_73",10,"study2",1,"other","higher_own_payoff","higher_own_payoff",1,0
"study2_73",11,"study2",1,"other","higher_own_payoff","higher_own_payoff",1,0
"study2_73",12,"study2",1,"self","lower_own_payoff","lower_own_payoff",1,0
"study2_73",13,"study2",1,"other","higher_own_payoff","lower_own_payoff",1,0
"study2_73",14,"study2",1,"self","lower_own_payoff","lower_own_payoff",1,0
"study2_73",15,"study2",1,"self","lower_own_payoff","lower_own_payoff",1,0
"study2_73",16,"study2",1,"other","lower_own_payoff","lower_own_payoff",1,0
"study2_73",17,"study2",1,"other","higher_own_payoff","higher_own_payoff",1,0
"study2_73",18,"study2",1,"other","higher_own_payoff","higher_own_payoff",1,0
"study2_73",19,"study2",1,"self","lower_own_payoff","lower_own_payoff",1,0
"study2_73",20,"study2",1,"other","lower_own_payoff","higher_own_payoff",1,0
"study2_73",21,"study2",1,"self","lower_own_payoff","lower_own_payoff",1,0
"study2_73",22,"study2",1,"self","lower_own_payoff","lower_own_payoff",1,0
"study2_73",23,"study2",1,"other","higher_own_payoff","lower_own_payoff",1,0
"study2_73",24,"study2",1,"self","lower_own_payoff","lower_own_payoff",1,0
"study2_74",1,"study2",1,"other","lower_own_payoff","lower_own_payoff",1,0
"study2_74",2,"study2",1,"self","higher_own_payoff","lower_own_payoff",1,0
"study2_74",3,"study2",1,"other","lower_own_payoff","lower_own_payoff",1,0
"study2_74",4,"study2",1,"other","lower_own_payoff","lower_own_payoff",1,0
"study2_74",5,"study2",1,"other","lower_own_payoff","lower_own_payoff",1,0
"study2_74",6,"study2",1,"other","higher_own_payoff","lower_own_payoff",1,0
"study2_74",7,"study2",1,"self","higher_own_payoff","lower_own_payoff",1,0
"study2_74",8,"study2",1,"other","lower_own_payoff","lower_own_payoff",1,0
"study2_74",9,"study2",1,"self","lower_own_payoff","lower_own_payoff",1,0
"study2_74",10,"study2",1,"other","lower_own_payoff","lower_own_payoff",1,0
"study2_74",11,"study2",1,"other","lower_own_payoff","lower_own_payoff",1,0
"study2_74",12,"study2",1,"other","higher_own_payoff","lower_own_payoff",1,0
"study2_74",13,"study2",1,"self","higher_own_payoff","lower_own_payoff",1,0
"study2_74",14,"study2",1,"self","lower_own_payoff","lower_own_payoff",1,0
"study2_74",15,"study2",1,"self","lower_own_payoff","lower_own_payoff",1,0
"study2_74",16,"study2",1,"self","lower_own_payoff","lower_own_payoff",1,0
"study2_74",17,"study2",1,"other","lower_own_payoff","lower_own_payoff",2,10
"study2_74",17,"study2",2,"other","higher_own_payoff","lower_own_payoff",2,10
"study2_74",18,"study2",1,"other","higher_own_payoff","higher_own_payoff",1,0
"study2_74",19,"study2",1,"other","lower_own_payoff","lower_own_payoff",1,0
"study2_74",20,"study2",1,"other","lower_own_payoff","lower_own_payoff",1,0
"study2_74",21,"study2",1,"other","lower_own_payoff","lower_own_payoff",1,0
"study2_74",22,"study2",1,"other","lower_own_payoff","lower_own_payoff",1,0
"study2_74",23,"study2",1,"other","lower_own_payoff","lower_own_payoff",1,0
"study2_74",24,"study2",1,"self","lower_own_payoff","higher_own_payoff",1,0
"study2_75",1,"study2",1,"self","lower_own_payoff","lower_own_payoff",8,70
"study2_75",1,"study2",2,"self","lower_own_payoff","lower_own_payoff",8,70
"study2_75",1,"study2",3,"self","higher_own_payoff","lower_own_payoff",8,70
"study2_75",1,"study2",4,"self","higher_own_payoff","lower_own_payoff",8,70
"study2_75",1,"study2",5,"other","higher_own_payoff","lower_own_payoff",8,70
"study2_75",1,"study2",6,"other","higher_own_payoff","lower_own_payoff",8,70
"study2_75",1,"study2",7,"other","lower_own_payoff","lower_own_payoff",8,70
"study2_75",1,"study2",8,"other","lower_own_payoff","lower_own_payoff",8,70
"study2_75",2,"study2",1,"self","higher_own_payoff","lower_own_payoff",4,30
"study2_75",2,"study2",2,"self","higher_own_payoff","lower_own_payoff",4,30
"study2_75",2,"study2",3,"self","lower_own_payoff","lower_own_payoff",4,30
"study2_75",2,"study2",4,"self","lower_own_payoff","lower_own_payoff",4,30
"study2_75",3,"study2",1,"self","lower_own_payoff","higher_own_payoff",4,30
"study2_75",3,"study2",2,"self","lower_own_payoff","higher_own_payoff",4,30
"study2_75",3,"study2",3,"self","higher_own_payoff","higher_own_payoff",4,30
"study2_75",3,"study2",4,"self","higher_own_payoff","higher_own_payoff",4,30
"study2_75",4,"study2",1,"self","higher_own_payoff","higher_own_payoff",6,50
"study2_75",4,"study2",2,"self","higher_own_payoff","higher_own_payoff",6,50
"study2_75",4,"study2",3,"self","lower_own_payoff","higher_own_payoff",6,50
"study2_75",4,"study2",4,"self","lower_own_payoff","higher_own_payoff",6,50
"study2_75",4,"study2",5,"other","higher_own_payoff","higher_own_payoff",6,50
"study2_75",4,"study2",6,"other","higher_own_payoff","higher_own_payoff",6,50
"study2_75",5,"study2",1,"self","higher_own_payoff","higher_own_payoff",4,30
"study2_75",5,"study2",2,"self","higher_own_payoff","higher_own_payoff",4,30
"study2_75",5,"study2",3,"self","lower_own_payoff","higher_own_payoff",4,30
"study2_75",5,"study2",4,"self","lower_own_payoff","higher_own_payoff",4,30
"study2_75",6,"study2",1,"self","higher_own_payoff","higher_own_payoff",4,30
"study2_75",6,"study2",2,"self","higher_own_payoff","higher_own_payoff",4,30
"study2_75",6,"study2",3,"self","lower_own_payoff","higher_own_payoff",4,30
"study2_75",6,"study2",4,"self","lower_own_payoff","higher_own_payoff",4,30
"study2_75",7,"study2",1,"self","higher_own_payoff","higher_own_payoff",4,30
"study2_75",7,"study2",2,"self","higher_own_payoff","higher_own_payoff",4,30
"study2_75",7,"study2",3,"self","lower_own_payoff","higher_own_payoff",4,30
"study2_75",7,"study2",4,"self","lower_own_payoff","higher_own_payoff",4,30
"study2_75",8,"study2",1,"self","higher_own_payoff","lower_own_payoff",4,30
"study2_75",8,"study2",2,"self","higher_own_payoff","lower_own_payoff",4,30
"study2_75",8,"study2",3,"self","lower_own_payoff","lower_own_payoff",4,30
"study2_75",8,"study2",4,"self","lower_own_payoff","lower_own_payoff",4,30
"study2_75",9,"study2",1,"self","lower_own_payoff","higher_own_payoff",4,30
"study2_75",9,"study2",2,"self","lower_own_payoff","higher_own_payoff",4,30
"study2_75",9,"study2",3,"self","higher_own_payoff","higher_own_payoff",4,30
"study2_75",9,"study2",4,"self","higher_own_payoff","higher_own_payoff",4,30
"study2_75",10,"study2",1,"self","lower_own_payoff","lower_own_payoff",4,30
"study2_75",10,"study2",2,"self","lower_own_payoff","lower_own_payoff",4,30
"study2_75",10,"study2",3,"self","higher_own_payoff","lower_own_payoff",4,30
"study2_75",10,"study2",4,"self","higher_own_payoff","lower_own_payoff",4,30
"study2_75",11,"study2",1,"self","lower_own_payoff","lower_own_payoff",4,30
"study2_75",11,"study2",2,"self","lower_own_payoff","lower_own_payoff",4,30
"study2_75",11,"study2",3,"self","higher_own_payoff","lower_own_payoff",4,30
"study2_75",11,"study2",4,"self","higher_own_payoff","lower_own_payoff",4,30
"study2_75",12,"study2",1,"self","higher_own_payoff","lower_own_payoff",4,30
"study2_75",12,"study2",2,"self","higher_own_payoff","lower_own_payoff",4,30
"study2_75",12,"study2",3,"self","lower_own_payoff","lower_own_payoff",4,30
"study2_75",12,"study2",4,"self","lower_own_payoff","lower_own_payoff",4,30
"study2_75",13,"study2",1,"self","lower_own_payoff","lower_own_payoff",4,30
"study2_75",13,"study2",2,"self","lower_own_payoff","lower_own_payoff",4,30
"study2_75",13,"study2",3,"self","higher_own_payoff","lower_own_payoff",4,30
"study2_75",13,"study2",4,"self","higher_own_payoff","lower_own_payoff",4,30
"study2_75",14,"study2",1,"self","higher_own_payoff","higher_own_payoff",4,30
"study2_75",14,"study2",2,"self","higher_own_payoff","higher_own_payoff",4,30
"study2_75",14,"study2",3,"self","lower_own_payoff","higher_own_payoff",4,30
"study2_75",14,"study2",4,"self","lower_own_payoff","higher_own_payoff",4,30
"study2_75",15,"study2",1,"self","lower_own_payoff","lower_own_payoff",4,30
"study2_75",15,"study2",2,"self","lower_own_payoff","lower_own_payoff",4,30
"study2_75",15,"study2",3,"self","higher_own_payoff","lower_own_payoff",4,30
"study2_75",15,"study2",4,"self","higher_own_payoff","lower_own_payoff",4,30
"study2_75",16,"study2",1,"self","lower_own_payoff","lower_own_payoff",4,30
"study2_75",16,"study2",2,"self","lower_own_payoff","lower_own_payoff",4,30
"study2_75",16,"study2",3,"self","higher_own_payoff","lower_own_payoff",4,30
"study2_75",16,"study2",4,"self","higher_own_payoff","lower_own_payoff",4,30
"study2_75",17,"study2",1,"self","lower_own_payoff","higher_own_payoff",4,30
"study2_75",17,"study2",2,"self","lower_own_payoff","higher_own_payoff",4,30
"study2_75",17,"study2",3,"self","higher_own_payoff","higher_own_payoff",4,30
"study2_75",17,"study2",4,"self","higher_own_payoff","higher_own_payoff",4,30
"study2_75",18,"study2",1,"self","lower_own_payoff","higher_own_payoff",4,30
"study2_75",18,"study2",2,"self","lower_own_payoff","higher_own_payoff",4,30
"study2_75",18,"study2",3,"self","higher_own_payoff","higher_own_payoff",4,30
"study2_75",18,"study2",4,"self","higher_own_payoff","higher_own_payoff",4,30
"study2_75",19,"study2",1,"self","higher_own_payoff","higher_own_payoff",4,30
"study2_75",19,"study2",2,"self","higher_own_payoff","higher_own_payoff",4,30
"study2_75",19,"study2",3,"self","lower_own_payoff","higher_own_payoff",4,30
"study2_75",19,"study2",4,"self","lower_own_payoff","higher_own_payoff",4,30
"study2_75",20,"study2",1,"self","lower_own_payoff","lower_own_payoff",4,30
"study2_75",20,"study2",2,"self","lower_own_payoff","lower_own_payoff",4,30
"study2_75",20,"study2",3,"self","higher_own_payoff","lower_own_payoff",4,30
"study2_75",20,"study2",4,"self","higher_own_payoff","lower_own_payoff",4,30
"study2_75",21,"study2",1,"self","higher_own_payoff","lower_own_payoff",4,30
"study2_75",21,"study2",2,"self","higher_own_payoff","lower_own_payoff",4,30
"study2_75",21,"study2",3,"self","lower_own_payoff","lower_own_payoff",4,30
"study2_75",21,"study2",4,"self","lower_own_payoff","lower_own_payoff",4,30
"study2_75",22,"study2",1,"self","higher_own_payoff","higher_own_payoff",4,30
"study2_75",22,"study2",2,"self","higher_own_payoff","higher_own_payoff",4,30
"study2_75",22,"study2",3,"self","lower_own_payoff","higher_own_payoff",4,30
"study2_75",22,"study2",4,"self","lower_own_payoff","higher_own_payoff",4,30
"study2_75",23,"study2",1,"self","lower_own_payoff","lower_own_payoff",4,30
"study2_75",23,"study2",2,"self","lower_own_payoff","lower_own_payoff",4,30
"study2_75",23,"study2",3,"self","higher_own_payoff","lower_own_payoff",4,30
"study2_75",23,"study2",4,"self","higher_own_payoff","lower_own_payoff",4,30
"study2_75",24,"study2",1,"self","higher_own_payoff","higher_own_payoff",4,30
"study2_75",24,"study2",2,"self","higher_own_payoff","higher_own_payoff",4,30
"study2_75",24,"study2",3,"self","lower_own_payoff","higher_own_payoff",4,30
"study2_75",24,"study2",4,"self","lower_own_payoff","higher_own_payoff",4,30
"study2_76",1,"study2",1,"self","higher_own_payoff","higher_own_payoff",1,0
"study2_76",2,"study2",1,"self","higher_own_payoff","higher_own_payoff",1,0
"study2_76",3,"study2",1,"self","higher_own_payoff","higher_own_payoff",1,0
"study2_76",4,"study2",1,"self","higher_own_payoff","higher_own_payoff",2,10
"study2_76",4,"study2",2,"self","higher_own_payoff","higher_own_payoff",2,10
"study2_76",5,"study2",1,"self","higher_own_payoff","higher_own_payoff",1,0
"study2_76",6,"study2",1,"self","higher_own_payoff","higher_own_payoff",1,0
"study2_76",7,"study2",1,"self","higher_own_payoff","higher_own_payoff",1,0
"study2_76",8,"study2",1,"self","higher_own_payoff","higher_own_payoff",1,0
"study2_76",9,"study2",1,"self","higher_own_payoff","higher_own_payoff",1,0
"study2_76",10,"study2",1,"self","higher_own_payoff","higher_own_payoff",1,0
"study2_76",11,"study2",1,"self","higher_own_payoff","higher_own_payoff",1,0
"study2_76",12,"study2",1,"self","higher_own_payoff","higher_own_payoff",1,0
"study2_76",13,"study2",1,"self","higher_own_payoff","lower_own_payoff",2,10
"study2_76",13,"study2",2,"self","lower_own_payoff","lower_own_payoff",2,10
"study2_76",14,"study2",1,"self","higher_own_payoff","higher_own_payoff",1,0
"study2_76",15,"study2",1,"self","higher_own_payoff","higher_own_payoff",1,0
"study2_76",16,"study2",1,"self","lower_own_payoff","lower_own_payoff",1,0
"study2_76",17,"study2",1,"self","higher_own_payoff","higher_own_payoff",1,0
"study2_76",18,"study2",1,"self","higher_own_payoff","higher_own_payoff",1,0
"study2_76",19,"study2",1,"self","higher_own_payoff","higher_own_payoff",1,0
"study2_76",20,"study2",1,"self","higher_own_payoff","higher_own_payoff",2,10
"study2_76",20,"study2",2,"other","higher_own_payoff","higher_own_payoff",2,10
"study2_76",21,"study2",1,"self","higher_own_payoff","higher_own_payoff",1,0
"study2_76",22,"study2",1,"self","higher_own_payoff","higher_own_payoff",1,0
"study2_76",23,"study2",1,"self","higher_own_payoff","higher_own_payoff",1,0
"study2_76",24,"study2",1,"self","higher_own_payoff","higher_own_payoff",1,0
"study2_77",1,"study2",1,"self","higher_own_payoff","higher_own_payoff",1,0
"study2_77",2,"study2",1,"self","higher_own_payoff","higher_own_payoff",1,0
"study2_77",3,"study2",1,"self","higher_own_payoff","higher_own_payoff",1,0
"study2_77",4,"study2",1,"self","lower_own_payoff","lower_own_payoff",1,0
"study2_77",5,"study2",1,"self","higher_own_payoff","higher_own_payoff",1,0
"study2_77",6,"study2",1,"self","higher_own_payoff","lower_own_payoff",1,0
"study2_77",7,"study2",1,"self","lower_own_payoff","lower_own_payoff",2,10
"study2_77",7,"study2",2,"self","higher_own_payoff","lower_own_payoff",2,10
"study2_77",8,"study2",1,"self","higher_own_payoff","higher_own_payoff",1,0
"study2_77",9,"study2",1,"self","higher_own_payoff","higher_own_payoff",1,0
"study2_77",10,"study2",1,"self","lower_own_payoff","higher_own_payoff",1,0
"study2_77",11,"study2",1,"self","lower_own_payoff","higher_own_payoff",1,0
"study2_77",12,"study2",1,"self","higher_own_payoff","higher_own_payoff",1,0
"study2_77",13,"study2",1,"self","lower_own_payoff","higher_own_payoff",1,0
"study2_77",14,"study2",1,"self","higher_own_payoff","higher_own_payoff",1,0
"study2_77",15,"study2",1,"self","lower_own_payoff","higher_own_payoff",1,0
"study2_77",16,"study2",1,"self","lower_own_payoff","lower_own_payoff",2,10
"study2_77",16,"study2",2,"self","higher_own_payoff","lower_own_payoff",2,10
"study2_77",17,"study2",1,"self","higher_own_payoff","higher_own_payoff",1,0
"study2_77",18,"study2",1,"self","higher_own_payoff","lower_own_payoff",1,0
"study2_77",19,"study2",1,"self","higher_own_payoff","lower_own_payoff",1,0
"study2_77",20,"study2",1,"self","higher_own_payoff","higher_own_payoff",1,0
"study2_77",21,"study2",1,"self","lower_own_payoff","higher_own_payoff",1,0
"study2_77",22,"study2",1,"self","lower_own_payoff","lower_own_payoff",1,0
"study2_77",23,"study2",1,"self","lower_own_payoff","higher_own_payoff",1,0
"study2_77",24,"study2",1,"self","higher_own_payoff","lower_own_payoff",1,0
"study2_78",1,"study2",1,"self","lower_own_payoff","higher_own_payoff",1,0
"study2_78",2,"study2",1,"self","lower_own_payoff","lower_own_payoff",1,0
"study2_78",3,"study2",1,"self","lower_own_payoff","higher_own_payoff",1,0
"study2_78",4,"study2",1,"self","lower_own_payoff","higher_own_payoff",1,0
"study2_78",5,"study2",1,"self","lower_own_payoff","higher_own_payoff",1,0
"study2_78",6,"study2",1,"self","lower_own_payoff","higher_own_payoff",1,0
"study2_78",7,"study2",1,"self","lower_own_payoff","higher_own_payoff",1,0
"study2_78",8,"study2",1,"self","lower_own_payoff","lower_own_payoff",1,0
"study2_78",9,"study2",1,"self","lower_own_payoff","lower_own_payoff",1,0
"study2_78",10,"study2",1,"self","lower_own_payoff","higher_own_payoff",1,0
"study2_78",11,"study2",1,"self","lower_own_payoff","higher_own_payoff",1,0
"study2_78",12,"study2",1,"self","lower_own_payoff","lower_own_payoff",1,0
"study2_78",13,"study2",1,"self","lower_own_payoff","higher_own_payoff",1,0
"study2_78",14,"study2",1,"self","lower_own_payoff","higher_own_payoff",1,0
"study2_78",15,"study2",1,"self","higher_own_payoff","lower_own_payoff",1,0
"study2_78",16,"study2",1,"self","lower_own_payoff","lower_own_payoff",1,0
"study2_78",17,"study2",1,"self","lower_own_payoff","lower_own_payoff",1,0
"study2_78",18,"study2",1,"self","lower_own_payoff","higher_own_payoff",1,0
"study2_78",19,"study2",1,"self","lower_own_payoff","higher_own_payoff",1,0
"study2_78",20,"study2",1,"self","lower_own_payoff","lower_own_payoff",1,0
"study2_78",21,"study2",1,"self","lower_own_payoff","lower_own_payoff",1,0
"study2_78",22,"study2",1,"self","lower_own_payoff","lower_own_payoff",1,0
"study2_78",23,"study2",1,"self","lower_own_payoff","lower_own_payoff",1,0
"study2_78",24,"study2",1,"self","lower_own_payoff","lower_own_payoff",1,0
"study2_79",1,"study2",1,"self","higher_own_payoff","higher_own_payoff",1,0
"study2_79",2,"study2",1,"self","higher_own_payoff","higher_own_payoff",2,10
"study2_79",2,"study2",2,"self","lower_own_payoff","higher_own_payoff",2,10
"study2_79",3,"study2",1,"self","higher_own_payoff","higher_own_payoff",1,0
"study2_79",4,"study2",1,"self","lower_own_payoff","higher_own_payoff",1,0
"study2_79",5,"study2",1,"self","higher_own_payoff","higher_own_payoff",1,0
"study2_79",6,"study2",1,"self","higher_own_payoff","higher_own_payoff",1,0
"study2_79",7,"study2",1,"self","higher_own_payoff","higher_own_payoff",1,0
"study2_79",8,"study2",1,"self","higher_own_payoff","higher_own_payoff",1,0
"study2_79",9,"study2",1,"self","lower_own_payoff","higher_own_payoff",1,0
"study2_79",10,"study2",1,"self","higher_own_payoff","higher_own_payoff",1,0
"study2_79",11,"study2",1,"self","higher_own_payoff","higher_own_payoff",1,0
"study2_79",12,"study2",1,"self","higher_own_payoff","higher_own_payoff",1,0
"study2_79",13,"study2",1,"self","higher_own_payoff","higher_own_payoff",1,0
"study2_79",14,"study2",1,"self","higher_own_payoff","higher_own_payoff",1,0
"study2_79",15,"study2",1,"self","lower_own_payoff","higher_own_payoff",1,0
"study2_79",16,"study2",1,"self","higher_own_payoff","higher_own_payoff",1,0
"study2_79",17,"study2",1,"self","higher_own_payoff","higher_own_payoff",1,0
"study2_79",18,"study2",1,"self","higher_own_payoff","higher_own_payoff",1,0
"study2_79",19,"study2",1,"self","higher_own_payoff","higher_own_payoff",1,0
"study2_79",20,"study2",1,"self","higher_own_payoff","lower_own_payoff",1,0
"study2_79",21,"study2",1,"self","higher_own_payoff","higher_own_payoff",1,0
"study2_79",22,"study2",1,"self","higher_own_payoff","higher_own_payoff",1,0
"study2_79",23,"study2",1,"self","higher_own_payoff","higher_own_payoff",1,0
"study2_79",24,"study2",1,"self","higher_own_payoff","higher_own_payoff",1,0
"study2_8",1,"study2",1,"self","higher_own_payoff","higher_own_payoff",1,0
"study2_8",2,"study2",1,"self","higher_own_payoff","higher_own_payoff",1,0
"study2_8",3,"study2",1,"self","higher_own_payoff","lower_own_payoff",1,0
"study2_8",4,"study2",1,"self","higher_own_payoff","higher_own_payoff",1,0
"study2_8",5,"study2",1,"self","higher_own_payoff","higher_own_payoff",1,0
"study2_8",6,"study2",1,"self","higher_own_payoff","lower_own_payoff",1,0
"study2_8",7,"study2",1,"self","lower_own_payoff","higher_own_payoff",1,0
"study2_8",8,"study2",1,"self","higher_own_payoff","higher_own_payoff",1,0
"study2_8",9,"study2",1,"self","higher_own_payoff","higher_own_payoff",1,0
"study2_8",10,"study2",1,"self","higher_own_payoff","higher_own_payoff",1,0
"study2_8",11,"study2",1,"self","lower_own_payoff","lower_own_payoff",1,0
"study2_8",12,"study2",1,"self","higher_own_payoff","higher_own_payoff",1,0
"study2_8",13,"study2",1,"self","higher_own_payoff","lower_own_payoff",2,10
"study2_8",13,"study2",2,"self","higher_own_payoff","lower_own_payoff",2,10
"study2_8",14,"study2",1,"self","higher_own_payoff","lower_own_payoff",2,10
"study2_8",14,"study2",2,"self","lower_own_payoff","lower_own_payoff",2,10
"study2_8",15,"study2",1,"self","higher_own_payoff","higher_own_payoff",1,0
"study2_8",16,"study2",1,"self","higher_own_payoff","higher_own_payoff",1,0
"study2_8",17,"study2",1,"self","higher_own_payoff","higher_own_payoff",1,0
"study2_8",18,"study2",1,"self","higher_own_payoff","higher_own_payoff",1,0
"study2_8",19,"study2",1,"self","higher_own_payoff","lower_own_payoff",2,10
"study2_8",19,"study2",2,"self","lower_own_payoff","lower_own_payoff",2,10
"study2_8",20,"study2",1,"self","higher_own_payoff","higher_own_payoff",1,0
"study2_8",21,"study2",1,"self","higher_own_payoff","higher_own_payoff",1,0
"study2_8",22,"study2",1,"self","lower_own_payoff","lower_own_payoff",1,0
"study2_8",23,"study2",1,"self","higher_own_payoff","higher_own_payoff",1,0
"study2_8",24,"study2",1,"self","higher_own_payoff","higher_own_payoff",1,0
"study2_80",1,"study2",1,"self","lower_own_payoff","higher_own_payoff",1,0
"study2_80",2,"study2",1,"self","higher_own_payoff","lower_own_payoff",2,10
"study2_80",2,"study2",2,"self","lower_own_payoff","lower_own_payoff",2,10
"study2_80",3,"study2",1,"self","lower_own_payoff","higher_own_payoff",2,10
"study2_80",3,"study2",2,"self","higher_own_payoff","higher_own_payoff",2,10
"study2_80",4,"study2",1,"self","higher_own_payoff","higher_own_payoff",1,0
"study2_80",5,"study2",1,"self","lower_own_payoff","higher_own_payoff",2,10
"study2_80",5,"study2",2,"self","higher_own_payoff","higher_own_payoff",2,10
"study2_80",6,"study2",1,"self","higher_own_payoff","higher_own_payoff",1,0
"study2_80",7,"study2",1,"self","lower_own_payoff","higher_own_payoff",2,10
"study2_80",7,"study2",2,"self","lower_own_payoff","higher_own_payoff",2,10
"study2_80",8,"study2",1,"self","higher_own_payoff","higher_own_payoff",2,10
"study2_80",8,"study2",2,"self","lower_own_payoff","higher_own_payoff",2,10
"study2_80",9,"study2",1,"self","higher_own_payoff","higher_own_payoff",1,0
"study2_80",10,"study2",1,"self","lower_own_payoff","higher_own_payoff",1,0
"study2_80",11,"study2",1,"self","higher_own_payoff","lower_own_payoff",2,10
"study2_80",11,"study2",2,"self","lower_own_payoff","lower_own_payoff",2,10
"study2_80",12,"study2",1,"self","lower_own_payoff","lower_own_payoff",1,0
"study2_80",13,"study2",1,"self","lower_own_payoff","lower_own_payoff",1,0
"study2_80",14,"study2",1,"self","higher_own_payoff","lower_own_payoff",2,10
"study2_80",14,"study2",2,"self","lower_own_payoff","lower_own_payoff",2,10
"study2_80",15,"study2",1,"self","lower_own_payoff","higher_own_payoff",2,10
"study2_80",15,"study2",2,"self","lower_own_payoff","higher_own_payoff",2,10
"study2_80",16,"study2",1,"self","higher_own_payoff","higher_own_payoff",2,10
"study2_80",16,"study2",2,"self","lower_own_payoff","higher_own_payoff",2,10
"study2_80",17,"study2",1,"self","lower_own_payoff","lower_own_payoff",3,20
"study2_80",17,"study2",2,"self","higher_own_payoff","lower_own_payoff",3,20
"study2_80",17,"study2",3,"self","lower_own_payoff","lower_own_payoff",3,20
"study2_80",18,"study2",1,"self","lower_own_payoff","lower_own_payoff",3,20
"study2_80",18,"study2",2,"self","higher_own_payoff","lower_own_payoff",3,20
"study2_80",18,"study2",3,"self","higher_own_payoff","lower_own_payoff",3,20
"study2_80",19,"study2",1,"self","higher_own_payoff","higher_own_payoff",2,10
"study2_80",19,"study2",2,"self","lower_own_payoff","higher_own_payoff",2,10
"study2_80",20,"study2",1,"self","higher_own_payoff","lower_own_payoff",3,20
"study2_80",20,"study2",2,"self","higher_own_payoff","lower_own_payoff",3,20
"study2_80",20,"study2",3,"self","lower_own_payoff","lower_own_payoff",3,20
"study2_80",21,"study2",1,"self","higher_own_payoff","higher_own_payoff",4,30
"study2_80",21,"study2",2,"self","lower_own_payoff","higher_own_payoff",4,30
"study2_80",21,"study2",3,"self","lower_own_payoff","higher_own_payoff",4,30
"study2_80",21,"study2",4,"self","higher_own_payoff","higher_own_payoff",4,30
"study2_80",22,"study2",1,"self","higher_own_payoff","lower_own_payoff",4,30
"study2_80",22,"study2",2,"self","higher_own_payoff","lower_own_payoff",4,30
"study2_80",22,"study2",3,"self","lower_own_payoff","lower_own_payoff",4,30
"study2_80",22,"study2",4,"self","lower_own_payoff","lower_own_payoff",4,30
"study2_80",23,"study2",1,"self","lower_own_payoff","higher_own_payoff",2,10
"study2_80",23,"study2",2,"self","higher_own_payoff","higher_own_payoff",2,10
"study2_80",24,"study2",1,"self","lower_own_payoff","higher_own_payoff",2,10
"study2_80",24,"study2",2,"self","higher_own_payoff","higher_own_payoff",2,10
"study2_81",1,"study2",1,"self","higher_own_payoff","higher_own_payoff",1,0
"study2_81",2,"study2",1,"self","higher_own_payoff","higher_own_payoff",2,10
"study2_81",2,"study2",2,"self","lower_own_payoff","higher_own_payoff",2,10
"study2_81",3,"study2",1,"self","higher_own_payoff","higher_own_payoff",2,10
"study2_81",3,"study2",2,"self","higher_own_payoff","higher_own_payoff",2,10
"study2_81",4,"study2",1,"self","higher_own_payoff","higher_own_payoff",1,0
"study2_81",5,"study2",1,"self","higher_own_payoff","higher_own_payoff",2,10
"study2_81",5,"study2",2,"self","lower_own_payoff","higher_own_payoff",2,10
"study2_81",6,"study2",1,"self","higher_own_payoff","higher_own_payoff",2,10
"study2_81",6,"study2",2,"self","lower_own_payoff","higher_own_payoff",2,10
"study2_81",7,"study2",1,"self","higher_own_payoff","higher_own_payoff",2,10
"study2_81",7,"study2",2,"self","lower_own_payoff","higher_own_payoff",2,10
"study2_81",8,"study2",1,"self","higher_own_payoff","higher_own_payoff",1,0
"study2_81",9,"study2",1,"self","higher_own_payoff","higher_own_payoff",2,10
"study2_81",9,"study2",2,"self","higher_own_payoff","higher_own_payoff",2,10
"study2_81",10,"study2",1,"self","higher_own_payoff","higher_own_payoff",1,0
"study2_81",11,"study2",1,"self","higher_own_payoff","higher_own_payoff",1,0
"study2_81",12,"study2",1,"self","higher_own_payoff","higher_own_payoff",1,0
"study2_81",13,"study2",1,"self","higher_own_payoff","higher_own_payoff",2,10
"study2_81",13,"study2",2,"self","lower_own_payoff","higher_own_payoff",2,10
"study2_81",14,"study2",1,"self","higher_own_payoff","higher_own_payoff",1,0
"study2_81",15,"study2",1,"self","higher_own_payoff","higher_own_payoff",1,0
"study2_81",16,"study2",1,"self","higher_own_payoff","higher_own_payoff",2,10
"study2_81",16,"study2",2,"self","higher_own_payoff","higher_own_payoff",2,10
"study2_81",17,"study2",1,"self","higher_own_payoff","higher_own_payoff",1,0
"study2_81",18,"study2",1,"self","higher_own_payoff","lower_own_payoff",2,10
"study2_81",18,"study2",2,"self","lower_own_payoff","lower_own_payoff",2,10
"study2_81",19,"study2",1,"self","higher_own_payoff","higher_own_payoff",1,0
"study2_81",20,"study2",1,"self","higher_own_payoff","higher_own_payoff",1,0
"study2_81",21,"study2",1,"self","higher_own_payoff","higher_own_payoff",2,10
"study2_81",21,"study2",2,"self","higher_own_payoff","higher_own_payoff",2,10
"study2_81",22,"study2",1,"self","higher_own_payoff","higher_own_payoff",1,0
"study2_81",23,"study2",1,"self","higher_own_payoff","lower_own_payoff",2,10
"study2_81",23,"study2",2,"self","lower_own_payoff","lower_own_payoff",2,10
"study2_81",24,"study2",1,"self","higher_own_payoff","lower_own_payoff",4,30
"study2_81",24,"study2",2,"self","higher_own_payoff","lower_own_payoff",4,30
"study2_81",24,"study2",3,"self","lower_own_payoff","lower_own_payoff",4,30
"study2_81",24,"study2",4,"self","lower_own_payoff","lower_own_payoff",4,30
"study2_82",1,"study2",1,"self","lower_own_payoff","higher_own_payoff",2,10
"study2_82",1,"study2",2,"self","lower_own_payoff","higher_own_payoff",2,10
"study2_82",2,"study2",1,"self","higher_own_payoff","higher_own_payoff",1,0
"study2_82",3,"study2",1,"self","lower_own_payoff","higher_own_payoff",1,0
"study2_82",4,"study2",1,"self","lower_own_payoff","lower_own_payoff",1,0
"study2_82",5,"study2",1,"self","lower_own_payoff","higher_own_payoff",1,0
"study2_82",6,"study2",1,"self","lower_own_payoff","higher_own_payoff",1,0
"study2_82",7,"study2",1,"self","lower_own_payoff","higher_own_payoff",1,0
"study2_82",8,"study2",1,"self","lower_own_payoff","higher_own_payoff",1,0
"study2_82",9,"study2",1,"self","lower_own_payoff","higher_own_payoff",1,0
"study2_82",10,"study2",1,"self","lower_own_payoff","higher_own_payoff",1,0
"study2_82",11,"study2",1,"self","lower_own_payoff","lower_own_payoff",1,0
"study2_82",12,"study2",1,"self","lower_own_payoff","higher_own_payoff",1,0
"study2_82",13,"study2",1,"self","lower_own_payoff","higher_own_payoff",1,0
"study2_82",14,"study2",1,"self","lower_own_payoff","lower_own_payoff",1,0
"study2_82",15,"study2",1,"self","higher_own_payoff","lower_own_payoff",1,0
"study2_82",16,"study2",1,"self","lower_own_payoff","higher_own_payoff",1,0
"study2_82",17,"study2",1,"self","lower_own_payoff","higher_own_payoff",1,0
"study2_82",18,"study2",1,"self","lower_own_payoff","higher_own_payoff",1,0
"study2_82",19,"study2",1,"self","lower_own_payoff","higher_own_payoff",1,0
"study2_82",20,"study2",1,"self","lower_own_payoff","higher_own_payoff",1,0
"study2_82",21,"study2",1,"self","lower_own_payoff","lower_own_payoff",1,0
"study2_82",22,"study2",1,"self","lower_own_payoff","lower_own_payoff",1,0
"study2_82",23,"study2",1,"self","lower_own_payoff","higher_own_payoff",1,0
"study2_82",24,"study2",1,"self","lower_own_payoff","lower_own_payoff",1,0
"study2_84",1,"study2",1,"self","higher_own_payoff","higher_own_payoff",4,30
"study2_84",1,"study2",2,"self","lower_own_payoff","higher_own_payoff",4,30
"study2_84",1,"study2",3,"self","lower_own_payoff","higher_own_payoff",4,30
"study2_84",1,"study2",4,"self","higher_own_payoff","higher_own_payoff",4,30
"study2_84",2,"study2",1,"self","higher_own_payoff","higher_own_payoff",4,30
"study2_84",2,"study2",2,"self","higher_own_payoff","higher_own_payoff",4,30
"study2_84",2,"study2",3,"self","lower_own_payoff","higher_own_payoff",4,30
"study2_84",2,"study2",4,"self","lower_own_payoff","higher_own_payoff",4,30
"study2_84",3,"study2",1,"self","higher_own_payoff","higher_own_payoff",4,30
"study2_84",3,"study2",2,"self","higher_own_payoff","higher_own_payoff",4,30
"study2_84",3,"study2",3,"self","lower_own_payoff","higher_own_payoff",4,30
"study2_84",3,"study2",4,"self","lower_own_payoff","higher_own_payoff",4,30
"study2_84",4,"study2",1,"self","higher_own_payoff","lower_own_payoff",4,30
"study2_84",4,"study2",2,"self","higher_own_payoff","lower_own_payoff",4,30
"study2_84",4,"study2",3,"self","lower_own_payoff","lower_own_payoff",4,30
"study2_84",4,"study2",4,"self","lower_own_payoff","lower_own_payoff",4,30
"study2_84",5,"study2",1,"self","lower_own_payoff","lower_own_payoff",4,30
"study2_84",5,"study2",2,"self","lower_own_payoff","lower_own_payoff",4,30
"study2_84",5,"study2",3,"self","higher_own_payoff","lower_own_payoff",4,30
"study2_84",5,"study2",4,"self","higher_own_payoff","lower_own_payoff",4,30
"study2_84",6,"study2",1,"self","higher_own_payoff","higher_own_payoff",4,30
"study2_84",6,"study2",2,"self","higher_own_payoff","higher_own_payoff",4,30
"study2_84",6,"study2",3,"self","lower_own_payoff","higher_own_payoff",4,30
"study2_84",6,"study2",4,"self","lower_own_payoff","higher_own_payoff",4,30
"study2_84",7,"study2",1,"self","lower_own_payoff","higher_own_payoff",4,30
"study2_84",7,"study2",2,"self","lower_own_payoff","higher_own_payoff",4,30
"study2_84",7,"study2",3,"self","higher_own_payoff","higher_own_payoff",4,30
"study2_84",7,"study2",4,"self","higher_own_payoff","higher_own_payoff",4,30
"study2_84",8,"study2",1,"self","lower_own_payoff","higher_own_payoff",4,30
"study2_84",8,"study2",2,"self","lower_own_payoff","higher_own_payoff",4,30
"study2_84",8,"study2",3,"self","higher_own_payoff","higher_own_payoff",4,30
"study2_84",8,"study2",4,"self","higher_own_payoff","higher_own_payoff",4,30
"study2_84",9,"study2",1,"self","higher_own_payoff","lower_own_payoff",4,30
"study2_84",9,"study2",2,"self","higher_own_payoff","lower_own_payoff",4,30
"study2_84",9,"study2",3,"self","lower_own_payoff","lower_own_payoff",4,30
"study2_84",9,"study2",4,"self","lower_own_payoff","lower_own_payoff",4,30
"study2_84",10,"study2",1,"self","lower_own_payoff","higher_own_payoff",4,30
"study2_84",10,"study2",2,"self","lower_own_payoff","higher_own_payoff",4,30
"study2_84",10,"study2",3,"self","higher_own_payoff","higher_own_payoff",4,30
"study2_84",10,"study2",4,"self","higher_own_payoff","higher_own_payoff",4,30
"study2_84",11,"study2",1,"self","lower_own_payoff","lower_own_payoff",4,30
"study2_84",11,"study2",2,"self","lower_own_payoff","lower_own_payoff",4,30
"study2_84",11,"study2",3,"self","higher_own_payoff","lower_own_payoff",4,30
"study2_84",11,"study2",4,"self","higher_own_payoff","lower_own_payoff",4,30
"study2_84",12,"study2",1,"self","higher_own_payoff","higher_own_payoff",4,30
"study2_84",12,"study2",2,"self","higher_own_payoff","higher_own_payoff",4,30
"study2_84",12,"study2",3,"self","lower_own_payoff","higher_own_payoff",4,30
"study2_84",12,"study2",4,"self","lower_own_payoff","higher_own_payoff",4,30
"study2_84",13,"study2",1,"self","lower_own_payoff","lower_own_payoff",4,30
"study2_84",13,"study2",2,"self","lower_own_payoff","lower_own_payoff",4,30
"study2_84",13,"study2",3,"self","higher_own_payoff","lower_own_payoff",4,30
"study2_84",13,"study2",4,"self","higher_own_payoff","lower_own_payoff",4,30
"study2_84",14,"study2",1,"self","higher_own_payoff","lower_own_payoff",4,30
"study2_84",14,"study2",2,"self","higher_own_payoff","lower_own_payoff",4,30
"study2_84",14,"study2",3,"self","lower_own_payoff","lower_own_payoff",4,30
"study2_84",14,"study2",4,"self","lower_own_payoff","lower_own_payoff",4,30
"study2_84",15,"study2",1,"self","lower_own_payoff","lower_own_payoff",4,30
"study2_84",15,"study2",2,"self","lower_own_payoff","lower_own_payoff",4,30
"study2_84",15,"study2",3,"self","higher_own_payoff","lower_own_payoff",4,30
"study2_84",15,"study2",4,"self","higher_own_payoff","lower_own_payoff",4,30
"study2_84",16,"study2",1,"self","lower_own_payoff","higher_own_payoff",4,30
"study2_84",16,"study2",2,"self","lower_own_payoff","higher_own_payoff",4,30
"study2_84",16,"study2",3,"self","higher_own_payoff","higher_own_payoff",4,30
"study2_84",16,"study2",4,"self","higher_own_payoff","higher_own_payoff",4,30
"study2_84",17,"study2",1,"self","lower_own_payoff","lower_own_payoff",4,30
"study2_84",17,"study2",2,"self","lower_own_payoff","lower_own_payoff",4,30
"study2_84",17,"study2",3,"self","higher_own_payoff","lower_own_payoff",4,30
"study2_84",17,"study2",4,"self","higher_own_payoff","lower_own_payoff",4,30
"study2_84",18,"study2",1,"self","higher_own_payoff","higher_own_payoff",4,30
"study2_84",18,"study2",2,"self","higher_own_payoff","higher_own_payoff",4,30
"study2_84",18,"study2",3,"self","lower_own_payoff","higher_own_payoff",4,30
"study2_84",18,"study2",4,"self","lower_own_payoff","higher_own_payoff",4,30
"study2_84",19,"study2",1,"self","higher_own_payoff","higher_own_payoff",4,30
"study2_84",19,"study2",2,"self","higher_own_payoff","higher_own_payoff",4,30
"study2_84",19,"study2",3,"self","lower_own_payoff","higher_own_payoff",4,30
"study2_84",19,"study2",4,"self","lower_own_payoff","higher_own_payoff",4,30
"study2_84",20,"study2",1,"self","higher_own_payoff","lower_own_payoff",4,30
"study2_84",20,"study2",2,"self","higher_own_payoff","lower_own_payoff",4,30
"study2_84",20,"study2",3,"self","lower_own_payoff","lower_own_payoff",4,30
"study2_84",20,"study2",4,"self","lower_own_payoff","lower_own_payoff",4,30
"study2_84",21,"study2",1,"self","higher_own_payoff","lower_own_payoff",4,30
"study2_84",21,"study2",2,"self","higher_own_payoff","lower_own_payoff",4,30
"study2_84",21,"study2",3,"self","lower_own_payoff","lower_own_payoff",4,30
"study2_84",21,"study2",4,"self","lower_own_payoff","lower_own_payoff",4,30
"study2_84",22,"study2",1,"self","lower_own_payoff","higher_own_payoff",4,30
"study2_84",22,"study2",2,"self","lower_own_payoff","higher_own_payoff",4,30
"study2_84",22,"study2",3,"self","higher_own_payoff","higher_own_payoff",4,30
"study2_84",22,"study2",4,"self","higher_own_payoff","higher_own_payoff",4,30
"study2_84",23,"study2",1,"self","higher_own_payoff","lower_own_payoff",4,30
"study2_84",23,"study2",2,"self","higher_own_payoff","lower_own_payoff",4,30
"study2_84",23,"study2",3,"self","lower_own_payoff","lower_own_payoff",4,30
"study2_84",23,"study2",4,"self","lower_own_payoff","lower_own_payoff",4,30
"study2_84",24,"study2",1,"self","higher_own_payoff","lower_own_payoff",4,30
"study2_84",24,"study2",2,"self","higher_own_payoff","lower_own_payoff",4,30
"study2_84",24,"study2",3,"self","lower_own_payoff","lower_own_payoff",4,30
"study2_84",24,"study2",4,"self","lower_own_payoff","lower_own_payoff",4,30
"study2_85",1,"study2",1,"self","lower_own_payoff","higher_own_payoff",1,0
"study2_85",2,"study2",1,"self","lower_own_payoff","lower_own_payoff",2,10
"study2_85",2,"study2",2,"self","higher_own_payoff","lower_own_payoff",2,10
"study2_85",3,"study2",1,"self","lower_own_payoff","higher_own_payoff",1,0
"study2_85",4,"study2",1,"self","lower_own_payoff","lower_own_payoff",1,0
"study2_85",5,"study2",1,"self","higher_own_payoff","higher_own_payoff",1,0
"study2_85",6,"study2",1,"self","lower_own_payoff","lower_own_payoff",1,0
"study2_85",7,"study2",1,"self","higher_own_payoff","lower_own_payoff",1,0
"study2_85",8,"study2",1,"self","lower_own_payoff","higher_own_payoff",1,0
"study2_85",9,"study2",1,"self","lower_own_payoff","lower_own_payoff",1,0
"study2_85",10,"study2",1,"self","higher_own_payoff","lower_own_payoff",1,0
"study2_85",11,"study2",1,"self","lower_own_payoff","higher_own_payoff",1,0
"study2_85",12,"study2",1,"self","lower_own_payoff","higher_own_payoff",1,0
"study2_85",13,"study2",1,"self","lower_own_payoff","higher_own_payoff",1,0
"study2_85",14,"study2",1,"self","lower_own_payoff","higher_own_payoff",1,0
"study2_85",15,"study2",1,"self","lower_own_payoff","lower_own_payoff",1,0
"study2_85",16,"study2",1,"self","lower_own_payoff","higher_own_payoff",1,0
"study2_85",17,"study2",1,"self","lower_own_payoff","higher_own_payoff",1,0
"study2_85",18,"study2",1,"self","lower_own_payoff","lower_own_payoff",1,0
"study2_85",19,"study2",1,"self","lower_own_payoff","lower_own_payoff",1,0
"study2_85",20,"study2",1,"self","lower_own_payoff","higher_own_payoff",1,0
"study2_85",21,"study2",1,"self","lower_own_payoff","higher_own_payoff",1,0
"study2_85",22,"study2",1,"self","lower_own_payoff","higher_own_payoff",1,0
"study2_85",23,"study2",1,"self","lower_own_payoff","higher_own_payoff",1,0
"study2_85",24,"study2",1,"self","lower_own_payoff","higher_own_payoff",1,0
"study2_86",1,"study2",1,"self","higher_own_payoff","higher_own_payoff",2,10
"study2_86",1,"study2",2,"self","lower_own_payoff","higher_own_payoff",2,10
"study2_86",2,"study2",1,"self","lower_own_payoff","lower_own_payoff",2,10
"study2_86",2,"study2",2,"self","higher_own_payoff","lower_own_payoff",2,10
"study2_86",3,"study2",1,"self","lower_own_payoff","higher_own_payoff",1,0
"study2_86",4,"study2",1,"self","lower_own_payoff","lower_own_payoff",1,0
"study2_86",5,"study2",1,"self","lower_own_payoff","higher_own_payoff",1,0
"study2_86",6,"study2",1,"self","higher_own_payoff","higher_own_payoff",1,0
"study2_86",7,"study2",1,"self","higher_own_payoff","higher_own_payoff",2,10
"study2_86",7,"study2",2,"self","lower_own_payoff","higher_own_payoff",2,10
"study2_86",8,"study2",1,"self","higher_own_payoff","higher_own_payoff",2,10
"study2_86",8,"study2",2,"self","lower_own_payoff","higher_own_payoff",2,10
"study2_86",9,"study2",1,"self","lower_own_payoff","lower_own_payoff",2,10
"study2_86",9,"study2",2,"self","higher_own_payoff","lower_own_payoff",2,10
"study2_86",10,"study2",1,"self","lower_own_payoff","higher_own_payoff",2,10
"study2_86",10,"study2",2,"self","higher_own_payoff","higher_own_payoff",2,10
"study2_86",11,"study2",1,"self","higher_own_payoff","higher_own_payoff",1,0
"study2_86",12,"study2",1,"self","higher_own_payoff","lower_own_payoff",2,10
"study2_86",12,"study2",2,"self","lower_own_payoff","lower_own_payoff",2,10
"study2_86",13,"study2",1,"self","lower_own_payoff","higher_own_payoff",2,10
"study2_86",13,"study2",2,"self","higher_own_payoff","higher_own_payoff",2,10
"study2_86",14,"study2",1,"self","higher_own_payoff","higher_own_payoff",2,10
"study2_86",14,"study2",2,"self","lower_own_payoff","higher_own_payoff",2,10
"study2_86",15,"study2",1,"self","lower_own_payoff","lower_own_payoff",2,10
"study2_86",15,"study2",2,"self","higher_own_payoff","lower_own_payoff",2,10
"study2_86",16,"study2",1,"self","higher_own_payoff","higher_own_payoff",1,0
"study2_86",17,"study2",1,"self","higher_own_payoff","higher_own_payoff",2,10
"study2_86",17,"study2",2,"self","lower_own_payoff","higher_own_payoff",2,10
"study2_86",18,"study2",1,"self","higher_own_payoff","higher_own_payoff",2,10
"study2_86",18,"study2",2,"self","lower_own_payoff","higher_own_payoff",2,10
"study2_86",19,"study2",1,"self","lower_own_payoff","higher_own_payoff",2,10
"study2_86",19,"study2",2,"self","higher_own_payoff","higher_own_payoff",2,10
"study2_86",20,"study2",1,"self","higher_own_payoff","lower_own_payoff",2,10
"study2_86",20,"study2",2,"self","lower_own_payoff","lower_own_payoff",2,10
"study2_86",21,"study2",1,"self","higher_own_payoff","lower_own_payoff",2,10
"study2_86",21,"study2",2,"self","lower_own_payoff","lower_own_payoff",2,10
"study2_86",22,"study2",1,"self","lower_own_payoff","higher_own_payoff",2,10
"study2_86",22,"study2",2,"self","higher_own_payoff","higher_own_payoff",2,10
"study2_86",23,"study2",1,"self","lower_own_payoff","higher_own_payoff",3,20
"study2_86",23,"study2",2,"self","higher_own_payoff","higher_own_payoff",3,20
"study2_86",23,"study2",3,"self","higher_own_payoff","higher_own_payoff",3,20
"study2_86",24,"study2",1,"self","higher_own_payoff","higher_own_payoff",2,10
"study2_86",24,"study2",2,"self","higher_own_payoff","higher_own_payoff",2,10
"study2_87",1,"study2",1,"self","higher_own_payoff","higher_own_payoff",1,0
"study2_87",2,"study2",1,"self","lower_own_payoff","lower_own_payoff",1,0
"study2_87",3,"study2",1,"self","higher_own_payoff","higher_own_payoff",1,0
"study2_87",4,"study2",1,"self","higher_own_payoff","lower_own_payoff",1,0
"study2_87",5,"study2",1,"self","higher_own_payoff","lower_own_payoff",1,0
"study2_87",6,"study2",1,"other","higher_own_payoff","higher_own_payoff",1,0
"study2_87",7,"study2",1,"other","lower_own_payoff","higher_own_payoff",1,0
"study2_87",8,"study2",1,"other","higher_own_payoff","higher_own_payoff",1,0
"study2_87",9,"study2",1,"self","higher_own_payoff","lower_own_payoff",1,0
"study2_87",10,"study2",1,"self","lower_own_payoff","higher_own_payoff",1,0
"study2_87",11,"study2",1,"self","lower_own_payoff","lower_own_payoff",1,0
"study2_87",12,"study2",1,"self","higher_own_payoff","higher_own_payoff",1,0
"study2_87",13,"study2",1,"self","higher_own_payoff","higher_own_payoff",1,0
"study2_87",14,"study2",1,"self","lower_own_payoff","higher_own_payoff",1,0
"study2_87",15,"study2",1,"self","lower_own_payoff","lower_own_payoff",1,0
"study2_87",16,"study2",1,"self","lower_own_payoff","higher_own_payoff",1,0
"study2_87",17,"study2",1,"self","higher_own_payoff","lower_own_payoff",1,0
"study2_87",18,"study2",1,"other","lower_own_payoff","higher_own_payoff",1,0
"study2_87",19,"study2",1,"other","higher_own_payoff","higher_own_payoff",1,0
"study2_87",20,"study2",1,"other","higher_own_payoff","higher_own_payoff",1,0
"study2_87",21,"study2",1,"self","higher_own_payoff","lower_own_payoff",1,0
"study2_87",22,"study2",1,"self","lower_own_payoff","higher_own_payoff",1,0
"study2_87",23,"study2",1,"self","higher_own_payoff","higher_own_payoff",1,0
"study2_87",24,"study2",1,"self","lower_own_payoff","higher_own_payoff",1,0
"study2_88",1,"study2",1,"self","higher_own_payoff","lower_own_payoff",4,30
"study2_88",1,"study2",2,"self","higher_own_payoff","lower_own_payoff",4,30
"study2_88",1,"study2",3,"self","lower_own_payoff","lower_own_payoff",4,30
"study2_88",1,"study2",4,"self","lower_own_payoff","lower_own_payoff",4,30
"study2_88",2,"study2",1,"self","higher_own_payoff","lower_own_payoff",2,10
"study2_88",2,"study2",2,"self","lower_own_payoff","lower_own_payoff",2,10
"study2_88",3,"study2",1,"self","higher_own_payoff","higher_own_payoff",2,10
"study2_88",3,"study2",2,"self","lower_own_payoff","higher_own_payoff",2,10
"study2_88",4,"study2",1,"self","higher_own_payoff","lower_own_payoff",4,30
"study2_88",4,"study2",2,"self","lower_own_payoff","lower_own_payoff",4,30
"study2_88",4,"study2",3,"self","lower_own_payoff","lower_own_payoff",4,30
"study2_88",4,"study2",4,"self","higher_own_payoff","lower_own_payoff",4,30
"study2_88",5,"study2",1,"self","higher_own_payoff","higher_own_payoff",2,10
"study2_88",5,"study2",2,"self","lower_own_payoff","higher_own_payoff",2,10
"study2_88",6,"study2",1,"self","higher_own_payoff","lower_own_payoff",3,20
"study2_88",6,"study2",2,"self","lower_own_payoff","lower_own_payoff",3,20
"study2_88",6,"study2",3,"self","lower_own_payoff","lower_own_payoff",3,20
"study2_88",7,"study2",1,"self","higher_own_payoff","higher_own_payoff",2,10
"study2_88",7,"study2",2,"self","lower_own_payoff","higher_own_payoff",2,10
"study2_88",8,"study2",1,"self","higher_own_payoff","higher_own_payoff",2,10
"study2_88",8,"study2",2,"self","lower_own_payoff","higher_own_payoff",2,10
"study2_88",9,"study2",1,"self","higher_own_payoff","higher_own_payoff",2,10
"study2_88",9,"study2",2,"self","lower_own_payoff","higher_own_payoff",2,10
"study2_88",10,"study2",1,"self","higher_own_payoff","lower_own_payoff",2,10
"study2_88",10,"study2",2,"self","lower_own_payoff","lower_own_payoff",2,10
"study2_88",11,"study2",1,"self","higher_own_payoff","lower_own_payoff",2,10
"study2_88",11,"study2",2,"self","lower_own_payoff","lower_own_payoff",2,10
"study2_88",12,"study2",1,"self","lower_own_payoff","higher_own_payoff",2,10
"study2_88",12,"study2",2,"self","lower_own_payoff","higher_own_payoff",2,10
"study2_88",13,"study2",1,"self","higher_own_payoff","higher_own_payoff",2,10
"study2_88",13,"study2",2,"self","lower_own_payoff","higher_own_payoff",2,10
"study2_88",14,"study2",1,"self","higher_own_payoff","lower_own_payoff",2,10
"study2_88",14,"study2",2,"self","lower_own_payoff","lower_own_payoff",2,10
"study2_88",15,"study2",1,"self","higher_own_payoff","higher_own_payoff",2,10
"study2_88",15,"study2",2,"self","lower_own_payoff","higher_own_payoff",2,10
"study2_88",16,"study2",1,"self","higher_own_payoff","higher_own_payoff",2,10
"study2_88",16,"study2",2,"self","lower_own_payoff","higher_own_payoff",2,10
"study2_88",17,"study2",1,"self","higher_own_payoff","lower_own_payoff",2,10
"study2_88",17,"study2",2,"self","lower_own_payoff","lower_own_payoff",2,10
"study2_88",18,"study2",1,"self","higher_own_payoff","higher_own_payoff",2,10
"study2_88",18,"study2",2,"self","lower_own_payoff","higher_own_payoff",2,10
"study2_88",19,"study2",1,"self","higher_own_payoff","higher_own_payoff",2,10
"study2_88",19,"study2",2,"self","lower_own_payoff","higher_own_payoff",2,10
"study2_88",20,"study2",1,"self","higher_own_payoff","higher_own_payoff",2,10
"study2_88",20,"study2",2,"self","lower_own_payoff","higher_own_payoff",2,10
"study2_88",21,"study2",1,"self","lower_own_payoff","lower_own_payoff",2,10
"study2_88",21,"study2",2,"self","higher_own_payoff","lower_own_payoff",2,10
"study2_88",22,"study2",1,"self","higher_own_payoff","higher_own_payoff",2,10
"study2_88",22,"study2",2,"self","lower_own_payoff","higher_own_payoff",2,10
"study2_88",23,"study2",1,"self","higher_own_payoff","lower_own_payoff",2,10
"study2_88",23,"study2",2,"self","lower_own_payoff","lower_own_payoff",2,10
"study2_88",24,"study2",1,"self","higher_own_payoff","higher_own_payoff",1,0
"study2_89",1,"study2",1,"self","higher_own_payoff","lower_own_payoff",4,30
"study2_89",1,"study2",2,"self","higher_own_payoff","lower_own_payoff",4,30
"study2_89",1,"study2",3,"self","lower_own_payoff","lower_own_payoff",4,30
"study2_89",1,"study2",4,"self","lower_own_payoff","lower_own_payoff",4,30
"study2_89",2,"study2",1,"self","higher_own_payoff","lower_own_payoff",3,20
"study2_89",2,"study2",2,"self","higher_own_payoff","lower_own_payoff",3,20
"study2_89",2,"study2",3,"self","lower_own_payoff","lower_own_payoff",3,20
"study2_89",3,"study2",1,"self","lower_own_payoff","higher_own_payoff",3,20
"study2_89",3,"study2",2,"self","lower_own_payoff","higher_own_payoff",3,20
"study2_89",3,"study2",3,"self","higher_own_payoff","higher_own_payoff",3,20
"study2_89",4,"study2",1,"self","higher_own_payoff","higher_own_payoff",3,20
"study2_89",4,"study2",2,"self","lower_own_payoff","higher_own_payoff",3,20
"study2_89",4,"study2",3,"self","lower_own_payoff","higher_own_payoff",3,20
"study2_89",5,"study2",1,"self","higher_own_payoff","lower_own_payoff",4,30
"study2_89",5,"study2",2,"self","higher_own_payoff","lower_own_payoff",4,30
"study2_89",5,"study2",3,"self","lower_own_payoff","lower_own_payoff",4,30
"study2_89",5,"study2",4,"self","lower_own_payoff","lower_own_payoff",4,30
"study2_89",6,"study2",1,"self","lower_own_payoff","higher_own_payoff",3,20
"study2_89",6,"study2",2,"self","lower_own_payoff","higher_own_payoff",3,20
"study2_89",6,"study2",3,"self","higher_own_payoff","higher_own_payoff",3,20
"study2_89",7,"study2",1,"self","higher_own_payoff","lower_own_payoff",3,20
"study2_89",7,"study2",2,"self","higher_own_payoff","lower_own_payoff",3,20
"study2_89",7,"study2",3,"self","lower_own_payoff","lower_own_payoff",3,20
"study2_89",8,"study2",1,"self","higher_own_payoff","higher_own_payoff",4,30
"study2_89",8,"study2",2,"self","higher_own_payoff","higher_own_payoff",4,30
"study2_89",8,"study2",3,"self","lower_own_payoff","higher_own_payoff",4,30
"study2_89",8,"study2",4,"self","lower_own_payoff","higher_own_payoff",4,30
"study2_89",9,"study2",1,"self","lower_own_payoff","lower_own_payoff",4,30
"study2_89",9,"study2",2,"self","lower_own_payoff","lower_own_payoff",4,30
"study2_89",9,"study2",3,"self","higher_own_payoff","lower_own_payoff",4,30
"study2_89",9,"study2",4,"self","higher_own_payoff","lower_own_payoff",4,30
"study2_89",10,"study2",1,"self","lower_own_payoff","higher_own_payoff",3,20
"study2_89",10,"study2",2,"self","lower_own_payoff","higher_own_payoff",3,20
"study2_89",10,"study2",3,"self","higher_own_payoff","higher_own_payoff",3,20
"study2_89",11,"study2",1,"self","higher_own_payoff","higher_own_payoff",4,30
"study2_89",11,"study2",2,"self","higher_own_payoff","higher_own_payoff",4,30
"study2_89",11,"study2",3,"self","lower_own_payoff","higher_own_payoff",4,30
"study2_89",11,"study2",4,"self","lower_own_payoff","higher_own_payoff",4,30
"study2_89",12,"study2",1,"self","higher_own_payoff","lower_own_payoff",3,20
"study2_89",12,"study2",2,"self","higher_own_payoff","lower_own_payoff",3,20
"study2_89",12,"study2",3,"self","lower_own_payoff","lower_own_payoff",3,20
"study2_89",13,"study2",1,"self","lower_own_payoff","higher_own_payoff",2,10
"study2_89",13,"study2",2,"self","lower_own_payoff","higher_own_payoff",2,10
"study2_89",14,"study2",1,"self","lower_own_payoff","higher_own_payoff",2,10
"study2_89",14,"study2",2,"self","lower_own_payoff","higher_own_payoff",2,10
"study2_89",15,"study2",1,"self","higher_own_payoff","lower_own_payoff",3,20
"study2_89",15,"study2",2,"self","higher_own_payoff","lower_own_payoff",3,20
"study2_89",15,"study2",3,"self","lower_own_payoff","lower_own_payoff",3,20
"study2_89",16,"study2",1,"self","lower_own_payoff","lower_own_payoff",4,30
"study2_89",16,"study2",2,"self","lower_own_payoff","lower_own_payoff",4,30
"study2_89",16,"study2",3,"self","higher_own_payoff","lower_own_payoff",4,30
"study2_89",16,"study2",4,"self","higher_own_payoff","lower_own_payoff",4,30
"study2_89",17,"study2",1,"self","lower_own_payoff","higher_own_payoff",2,10
"study2_89",17,"study2",2,"self","lower_own_payoff","higher_own_payoff",2,10
"study2_89",18,"study2",1,"self","higher_own_payoff","higher_own_payoff",4,30
"study2_89",18,"study2",2,"self","higher_own_payoff","higher_own_payoff",4,30
"study2_89",18,"study2",3,"self","lower_own_payoff","higher_own_payoff",4,30
"study2_89",18,"study2",4,"self","lower_own_payoff","higher_own_payoff",4,30
"study2_89",19,"study2",1,"self","higher_own_payoff","higher_own_payoff",4,30
"study2_89",19,"study2",2,"self","higher_own_payoff","higher_own_payoff",4,30
"study2_89",19,"study2",3,"self","lower_own_payoff","higher_own_payoff",4,30
"study2_89",19,"study2",4,"self","lower_own_payoff","higher_own_payoff",4,30
"study2_89",20,"study2",1,"self","lower_own_payoff","lower_own_payoff",4,30
"study2_89",20,"study2",2,"self","higher_own_payoff","lower_own_payoff",4,30
"study2_89",20,"study2",3,"self","lower_own_payoff","lower_own_payoff",4,30
"study2_89",20,"study2",4,"self","higher_own_payoff","lower_own_payoff",4,30
"study2_89",21,"study2",1,"self","lower_own_payoff","higher_own_payoff",3,20
"study2_89",21,"study2",2,"self","lower_own_payoff","higher_own_payoff",3,20
"study2_89",21,"study2",3,"self","higher_own_payoff","higher_own_payoff",3,20
"study2_89",22,"study2",1,"self","lower_own_payoff","lower_own_payoff",4,30
"study2_89",22,"study2",2,"self","lower_own_payoff","lower_own_payoff",4,30
"study2_89",22,"study2",3,"self","higher_own_payoff","lower_own_payoff",4,30
"study2_89",22,"study2",4,"self","higher_own_payoff","lower_own_payoff",4,30
"study2_89",23,"study2",1,"self","higher_own_payoff","higher_own_payoff",4,30
"study2_89",23,"study2",2,"self","higher_own_payoff","higher_own_payoff",4,30
"study2_89",23,"study2",3,"self","lower_own_payoff","higher_own_payoff",4,30
"study2_89",23,"study2",4,"self","lower_own_payoff","higher_own_payoff",4,30
"study2_89",24,"study2",1,"self","lower_own_payoff","lower_own_payoff",4,30
"study2_89",24,"study2",2,"self","lower_own_payoff","lower_own_payoff",4,30
"study2_89",24,"study2",3,"self","higher_own_payoff","lower_own_payoff",4,30
"study2_89",24,"study2",4,"self","higher_own_payoff","lower_own_payoff",4,30
"study2_9",1,"study2",1,"self","higher_own_payoff","lower_own_payoff",2,10
"study2_9",1,"study2",2,"self","lower_own_payoff","lower_own_payoff",2,10
"study2_9",2,"study2",1,"self","higher_own_payoff","higher_own_payoff",4,30
"study2_9",2,"study2",2,"self","lower_own_payoff","higher_own_payoff",4,30
"study2_9",2,"study2",3,"self","higher_own_payoff","higher_own_payoff",4,30
"study2_9",2,"study2",4,"self","lower_own_payoff","higher_own_payoff",4,30
"study2_9",3,"study2",1,"self","higher_own_payoff","higher_own_payoff",2,10
"study2_9",3,"study2",2,"self","lower_own_payoff","higher_own_payoff",2,10
"study2_9",4,"study2",1,"self","higher_own_payoff","lower_own_payoff",2,10
"study2_9",4,"study2",2,"self","lower_own_payoff","lower_own_payoff",2,10
"study2_9",5,"study2",1,"self","lower_own_payoff","lower_own_payoff",4,30
"study2_9",5,"study2",2,"self","higher_own_payoff","lower_own_payoff",4,30
"study2_9",5,"study2",3,"self","lower_own_payoff","lower_own_payoff",4,30
"study2_9",5,"study2",4,"self","higher_own_payoff","lower_own_payoff",4,30
"study2_9",6,"study2",1,"self","higher_own_payoff","lower_own_payoff",4,30
"study2_9",6,"study2",2,"self","lower_own_payoff","lower_own_payoff",4,30
"study2_9",6,"study2",3,"self","higher_own_payoff","lower_own_payoff",4,30
"study2_9",6,"study2",4,"self","lower_own_payoff","lower_own_payoff",4,30
"study2_9",7,"study2",1,"self","higher_own_payoff","higher_own_payoff",4,30
"study2_9",7,"study2",2,"self","lower_own_payoff","higher_own_payoff",4,30
"study2_9",7,"study2",3,"self","higher_own_payoff","higher_own_payoff",4,30
"study2_9",7,"study2",4,"self","lower_own_payoff","higher_own_payoff",4,30
"study2_9",8,"study2",1,"self","higher_own_payoff","higher_own_payoff",2,10
"study2_9",8,"study2",2,"self","lower_own_payoff","higher_own_payoff",2,10
"study2_9",9,"study2",1,"self","higher_own_payoff","higher_own_payoff",2,10
"study2_9",9,"study2",2,"self","lower_own_payoff","higher_own_payoff",2,10
"study2_9",10,"study2",1,"self","higher_own_payoff","higher_own_payoff",2,10
"study2_9",10,"study2",2,"self","lower_own_payoff","higher_own_payoff",2,10
"study2_9",11,"study2",1,"self","lower_own_payoff","higher_own_payoff",1,0
"study2_9",12,"study2",1,"self","lower_own_payoff","higher_own_payoff",2,10
"study2_9",12,"study2",2,"self","higher_own_payoff","higher_own_payoff",2,10
"study2_9",13,"study2",1,"self","lower_own_payoff","higher_own_payoff",2,10
"study2_9",13,"study2",2,"self","higher_own_payoff","higher_own_payoff",2,10
"study2_9",14,"study2",1,"self","lower_own_payoff","lower_own_payoff",4,30
"study2_9",14,"study2",2,"self","higher_own_payoff","lower_own_payoff",4,30
"study2_9",14,"study2",3,"self","higher_own_payoff","lower_own_payoff",4,30
"study2_9",14,"study2",4,"self","lower_own_payoff","lower_own_payoff",4,30
"study2_9",15,"study2",1,"self","higher_own_payoff","lower_own_payoff",2,10
"study2_9",15,"study2",2,"self","lower_own_payoff","lower_own_payoff",2,10
"study2_9",16,"study2",1,"self","lower_own_payoff","higher_own_payoff",2,10
"study2_9",16,"study2",2,"self","higher_own_payoff","higher_own_payoff",2,10
"study2_9",17,"study2",1,"self","lower_own_payoff","higher_own_payoff",2,10
"study2_9",17,"study2",2,"self","higher_own_payoff","higher_own_payoff",2,10
"study2_9",18,"study2",1,"self","higher_own_payoff","lower_own_payoff",2,10
"study2_9",18,"study2",2,"self","lower_own_payoff","lower_own_payoff",2,10
"study2_9",19,"study2",1,"self","higher_own_payoff","lower_own_payoff",2,10
"study2_9",19,"study2",2,"self","lower_own_payoff","lower_own_payoff",2,10
"study2_9",20,"study2",1,"self","lower_own_payoff","higher_own_payoff",1,0
"study2_9",21,"study2",1,"self","lower_own_payoff","higher_own_payoff",2,10
"study2_9",21,"study2",2,"self","higher_own_payoff","higher_own_payoff",2,10
"study2_9",22,"study2",1,"self","higher_own_payoff","lower_own_payoff",2,10
"study2_9",22,"study2",2,"self","lower_own_payoff","lower_own_payoff",2,10
"study2_9",23,"study2",1,"self","higher_own_payoff","higher_own_payoff",4,30
"study2_9",23,"study2",2,"self","lower_own_payoff","higher_own_payoff",4,30
"study2_9",23,"study2",3,"self","lower_own_payoff","higher_own_payoff",4,30
"study2_9",23,"study2",4,"self","higher_own_payoff","higher_own_payoff",4,30
"study2_9",24,"study2",1,"self","higher_own_payoff","higher_own_payoff",2,10
"study2_9",24,"study2",2,"self","lower_own_payoff","higher_own_payoff",2,10
"study2_90",1,"study2",1,"self","higher_own_payoff","lower_own_payoff",1,0
"study2_90",2,"study2",1,"self","higher_own_payoff","higher_own_payoff",1,0
"study2_90",3,"study2",1,"self","higher_own_payoff","higher_own_payoff",1,0
"study2_90",4,"study2",1,"self","lower_own_payoff","lower_own_payoff",1,0
"study2_90",5,"study2",1,"self","higher_own_payoff","higher_own_payoff",1,0
"study2_90",6,"study2",1,"self","higher_own_payoff","higher_own_payoff",1,0
"study2_90",7,"study2",1,"self","higher_own_payoff","higher_own_payoff",1,0
"study2_90",8,"study2",1,"self","higher_own_payoff","higher_own_payoff",1,0
"study2_90",9,"study2",1,"self","lower_own_payoff","lower_own_payoff",1,0
"study2_90",10,"study2",1,"self","lower_own_payoff","higher_own_payoff",1,0
"study2_90",11,"study2",1,"self","lower_own_payoff","lower_own_payoff",1,0
"study2_90",12,"study2",1,"self","higher_own_payoff","higher_own_payoff",2,10
"study2_90",12,"study2",2,"self","higher_own_payoff","higher_own_payoff",2,10
"study2_90",13,"study2",1,"self","higher_own_payoff","higher_own_payoff",1,0
"study2_90",14,"study2",1,"self","higher_own_payoff","higher_own_payoff",1,0
"study2_90",15,"study2",1,"self","higher_own_payoff","higher_own_payoff",1,0
"study2_90",16,"study2",1,"self","higher_own_payoff","higher_own_payoff",1,0
"study2_90",17,"study2",1,"self","higher_own_payoff","higher_own_payoff",2,10
"study2_90",17,"study2",2,"self","higher_own_payoff","higher_own_payoff",2,10
"study2_90",18,"study2",1,"self","lower_own_payoff","higher_own_payoff",2,10
"study2_90",18,"study2",2,"self","higher_own_payoff","higher_own_payoff",2,10
"study2_90",19,"study2",1,"self","higher_own_payoff","higher_own_payoff",1,0
"study2_90",20,"study2",1,"self","lower_own_payoff","higher_own_payoff",1,0
"study2_90",21,"study2",1,"self","higher_own_payoff","higher_own_payoff",1,0
"study2_90",22,"study2",1,"self","higher_own_payoff","higher_own_payoff",1,0
"study2_90",23,"study2",1,"other","lower_own_payoff","lower_own_payoff",1,0
"study2_90",24,"study2",1,"self","higher_own_payoff","higher_own_payoff",1,0
"study2_91",1,"study2",1,"self","lower_own_payoff","higher_own_payoff",1,0
"study2_91",2,"study2",1,"self","lower_own_payoff","higher_own_payoff",1,0
"study2_91",3,"study2",1,"self","lower_own_payoff","lower_own_payoff",1,0
"study2_91",4,"study2",1,"self","lower_own_payoff","higher_own_payoff",1,0
"study2_91",5,"study2",1,"self","lower_own_payoff","lower_own_payoff",1,0
"study2_91",6,"study2",1,"self","lower_own_payoff","higher_own_payoff",2,10
"study2_91",6,"study2",2,"self","higher_own_payoff","higher_own_payoff",2,10
"study2_91",7,"study2",1,"self","lower_own_payoff","higher_own_payoff",1,0
"study2_91",8,"study2",1,"self","lower_own_payoff","higher_own_payoff",1,0
"study2_91",9,"study2",1,"self","lower_own_payoff","higher_own_payoff",1,0
"study2_91",10,"study2",1,"self","lower_own_payoff","higher_own_payoff",1,0
"study2_91",11,"study2",1,"self","lower_own_payoff","higher_own_payoff",1,0
"study2_91",12,"study2",1,"self","lower_own_payoff","lower_own_payoff",2,10
"study2_91",12,"study2",2,"self","higher_own_payoff","lower_own_payoff",2,10
"study2_91",13,"study2",1,"self","lower_own_payoff","higher_own_payoff",1,0
"study2_91",14,"study2",1,"self","lower_own_payoff","lower_own_payoff",2,10
"study2_91",14,"study2",2,"self","higher_own_payoff","lower_own_payoff",2,10
"study2_91",15,"study2",1,"self","lower_own_payoff","lower_own_payoff",1,0
"study2_91",16,"study2",1,"self","lower_own_payoff","higher_own_payoff",1,0
"study2_91",17,"study2",1,"self","lower_own_payoff","higher_own_payoff",1,0
"study2_91",18,"study2",1,"self","lower_own_payoff","higher_own_payoff",1,0
"study2_91",19,"study2",1,"self","lower_own_payoff","lower_own_payoff",1,0
"study2_91",20,"study2",1,"self","lower_own_payoff","lower_own_payoff",1,0
"study2_91",21,"study2",1,"self","lower_own_payoff","higher_own_payoff",1,0
"study2_91",22,"study2",1,"self","lower_own_payoff","higher_own_payoff",1,0
"study2_91",23,"study2",1,"self","lower_own_payoff","higher_own_payoff",1,0
"study2_91",24,"study2",1,"self","lower_own_payoff","higher_own_payoff",1,0
"study2_92",1,"study2",1,"self","lower_own_payoff","higher_own_payoff",1,0
"study2_92",2,"study2",1,"self","higher_own_payoff","higher_own_payoff",2,10
"study2_92",2,"study2",2,"self","lower_own_payoff","higher_own_payoff",2,10
"study2_92",3,"study2",1,"self","higher_own_payoff","higher_own_payoff",1,0
"study2_92",4,"study2",1,"self","higher_own_payoff","higher_own_payoff",1,0
"study2_92",5,"study2",1,"self","lower_own_payoff","higher_own_payoff",1,0
"study2_92",6,"study2",1,"self","higher_own_payoff","higher_own_payoff",1,0
"study2_92",7,"study2",1,"self","higher_own_payoff","higher_own_payoff",1,0
"study2_92",8,"study2",1,"self","higher_own_payoff","higher_own_payoff",1,0
"study2_92",9,"study2",1,"self","higher_own_payoff","higher_own_payoff",1,0
"study2_92",10,"study2",1,"self","higher_own_payoff","higher_own_payoff",1,0
"study2_92",11,"study2",1,"self","lower_own_payoff","higher_own_payoff",1,0
"study2_92",12,"study2",1,"self","lower_own_payoff","lower_own_payoff",1,0
"study2_92",13,"study2",1,"self","lower_own_payoff","higher_own_payoff",1,0
"study2_92",14,"study2",1,"self","lower_own_payoff","higher_own_payoff",1,0
"study2_92",15,"study2",1,"self","lower_own_payoff","higher_own_payoff",1,0
"study2_92",16,"study2",1,"self","lower_own_payoff","higher_own_payoff",1,0
"study2_92",17,"study2",1,"self","lower_own_payoff","higher_own_payoff",1,0
"study2_92",18,"study2",1,"self","lower_own_payoff","higher_own_payoff",1,0
"study2_92",19,"study2",1,"self","lower_own_payoff","higher_own_payoff",1,0
"study2_92",20,"study2",1,"self","higher_own_payoff","higher_own_payoff",1,0
"study2_92",21,"study2",1,"self","lower_own_payoff","higher_own_payoff",1,0
"study2_92",22,"study2",1,"self","higher_own_payoff","lower_own_payoff",1,0
"study2_92",23,"study2",1,"self","higher_own_payoff","higher_own_payoff",1,0
"study2_92",24,"study2",1,"self","higher_own_payoff","higher_own_payoff",1,0
"study2_93",1,"study2",1,"other","lower_own_payoff","higher_own_payoff",2,10
"study2_93",1,"study2",2,"other","higher_own_payoff","higher_own_payoff",2,10
"study2_93",2,"study2",1,"self","higher_own_payoff","higher_own_payoff",2,10
"study2_93",2,"study2",2,"self","lower_own_payoff","higher_own_payoff",2,10
"study2_93",3,"study2",1,"self","higher_own_payoff","higher_own_payoff",1,0
"study2_93",4,"study2",1,"other","higher_own_payoff","higher_own_payoff",2,10
"study2_93",4,"study2",2,"other","lower_own_payoff","higher_own_payoff",2,10
"study2_93",5,"study2",1,"self","lower_own_payoff","lower_own_payoff",1,0
"study2_93",6,"study2",1,"self","lower_own_payoff","higher_own_payoff",2,10
"study2_93",6,"study2",2,"self","higher_own_payoff","higher_own_payoff",2,10
"study2_93",7,"study2",1,"self","higher_own_payoff","higher_own_payoff",2,10
"study2_93",7,"study2",2,"other","lower_own_payoff","higher_own_payoff",2,10
"study2_93",8,"study2",1,"other","higher_own_payoff","lower_own_payoff",1,0
"study2_93",9,"study2",1,"other","higher_own_payoff","lower_own_payoff",1,0
"study2_93",10,"study2",1,"other","higher_own_payoff","higher_own_payoff",1,0
"study2_93",11,"study2",1,"self","lower_own_payoff","lower_own_payoff",3,20
"study2_93",11,"study2",2,"other","lower_own_payoff","lower_own_payoff",3,20
"study2_93",11,"study2",3,"self","higher_own_payoff","lower_own_payoff",3,20
"study2_93",12,"study2",1,"other","higher_own_payoff","higher_own_payoff",2,10
"study2_93",12,"study2",2,"self","higher_own_payoff","higher_own_payoff",2,10
"study2_93",13,"study2",1,"self","lower_own_payoff","higher_own_payoff",1,0
"study2_93",14,"study2",1,"other","higher_own_payoff","lower_own_payoff",1,0
"study2_93",15,"study2",1,"other","higher_own_payoff","lower_own_payoff",2,10
"study2_93",15,"study2",2,"self","lower_own_payoff","lower_own_payoff",2,10
"study2_93",16,"study2",1,"self","lower_own_payoff","higher_own_payoff",2,10
"study2_93",16,"study2",2,"other","lower_own_payoff","higher_own_payoff",2,10
"study2_93",17,"study2",1,"other","higher_own_payoff","lower_own_payoff",1,0
"study2_93",18,"study2",1,"other","higher_own_payoff","lower_own_payoff",2,10
"study2_93",18,"study2",2,"other","lower_own_payoff","lower_own_payoff",2,10
"study2_93",19,"study2",1,"self","lower_own_payoff","higher_own_payoff",2,10
"study2_93",19,"study2",2,"other","higher_own_payoff","higher_own_payoff",2,10
"study2_93",20,"study2",1,"self","lower_own_payoff","lower_own_payoff",2,10
"study2_93",20,"study2",2,"other","higher_own_payoff","lower_own_payoff",2,10
"study2_93",21,"study2",1,"other","higher_own_payoff","higher_own_payoff",2,10
"study2_93",21,"study2",2,"self","lower_own_payoff","higher_own_payoff",2,10
"study2_93",22,"study2",1,"self","lower_own_payoff","higher_own_payoff",1,0
"study2_93",23,"study2",1,"other","higher_own_payoff","lower_own_payoff",1,0
"study2_93",24,"study2",1,"other","higher_own_payoff","higher_own_payoff",2,10
"study2_93",24,"study2",2,"self","higher_own_payoff","higher_own_payoff",2,10
"study2_95",1,"study2",1,"self","higher_own_payoff","higher_own_payoff",3,20
"study2_95",1,"study2",2,"self","lower_own_payoff","higher_own_payoff",3,20
"study2_95",1,"study2",3,"self","lower_own_payoff","higher_own_payoff",3,20
"study2_95",2,"study2",1,"self","higher_own_payoff","higher_own_payoff",2,10
"study2_95",2,"study2",2,"self","lower_own_payoff","higher_own_payoff",2,10
"study2_95",3,"study2",1,"self","higher_own_payoff","higher_own_payoff",1,0
"study2_95",4,"study2",1,"self","higher_own_payoff","lower_own_payoff",1,0
"study2_95",5,"study2",1,"self","lower_own_payoff","higher_own_payoff",1,0
"study2_95",6,"study2",1,"self","higher_own_payoff","lower_own_payoff",4,30
"study2_95",6,"study2",2,"self","lower_own_payoff","lower_own_payoff",4,30
"study2_95",6,"study2",3,"self","lower_own_payoff","lower_own_payoff",4,30
"study2_95",6,"study2",4,"self","higher_own_payoff","lower_own_payoff",4,30
"study2_95",7,"study2",1,"self","higher_own_payoff","higher_own_payoff",4,30
"study2_95",7,"study2",2,"self","lower_own_payoff","higher_own_payoff",4,30
"study2_95",7,"study2",3,"self","higher_own_payoff","higher_own_payoff",4,30
"study2_95",7,"study2",4,"self","lower_own_payoff","higher_own_payoff",4,30
"study2_95",8,"study2",1,"self","higher_own_payoff","higher_own_payoff",3,20
"study2_95",8,"study2",2,"self","lower_own_payoff","higher_own_payoff",3,20
"study2_95",8,"study2",3,"self","lower_own_payoff","higher_own_payoff",3,20
"study2_95",9,"study2",1,"self","lower_own_payoff","lower_own_payoff",4,30
"study2_95",9,"study2",2,"self","higher_own_payoff","lower_own_payoff",4,30
"study2_95",9,"study2",3,"self","higher_own_payoff","lower_own_payoff",4,30
"study2_95",9,"study2",4,"self","lower_own_payoff","lower_own_payoff",4,30
"study2_95",10,"study2",1,"self","lower_own_payoff","lower_own_payoff",2,10
"study2_95",10,"study2",2,"self","higher_own_payoff","lower_own_payoff",2,10
"study2_95",11,"study2",1,"self","lower_own_payoff","higher_own_payoff",1,0
"study2_95",12,"study2",1,"self","lower_own_payoff","lower_own_payoff",3,20
"study2_95",12,"study2",2,"self","higher_own_payoff","lower_own_payoff",3,20
"study2_95",12,"study2",3,"self","higher_own_payoff","lower_own_payoff",3,20
"study2_95",13,"study2",1,"self","lower_own_payoff","higher_own_payoff",2,10
"study2_95",13,"study2",2,"self","lower_own_payoff","higher_own_payoff",2,10
"study2_95",14,"study2",1,"self","lower_own_payoff","lower_own_payoff",4,30
"study2_95",14,"study2",2,"self","higher_own_payoff","lower_own_payoff",4,30
"study2_95",14,"study2",3,"self","lower_own_payoff","lower_own_payoff",4,30
"study2_95",14,"study2",4,"self","higher_own_payoff","lower_own_payoff",4,30
"study2_95",15,"study2",1,"self","lower_own_payoff","higher_own_payoff",1,0
"study2_95",16,"study2",1,"self","lower_own_payoff","higher_own_payoff",1,0
"study2_95",17,"study2",1,"self","lower_own_payoff","lower_own_payoff",4,30
"study2_95",17,"study2",2,"self","lower_own_payoff","lower_own_payoff",4,30
"study2_95",17,"study2",3,"self","higher_own_payoff","lower_own_payoff",4,30
"study2_95",17,"study2",4,"self","higher_own_payoff","lower_own_payoff",4,30
"study2_95",18,"study2",1,"self","lower_own_payoff","higher_own_payoff",2,10
"study2_95",18,"study2",2,"self","lower_own_payoff","higher_own_payoff",2,10
"study2_95",19,"study2",1,"self","lower_own_payoff","lower_own_payoff",3,20
"study2_95",19,"study2",2,"self","higher_own_payoff","lower_own_payoff",3,20
"study2_95",19,"study2",3,"self","higher_own_payoff","lower_own_payoff",3,20
"study2_95",20,"study2",1,"self","lower_own_payoff","higher_own_payoff",2,10
"study2_95",20,"study2",2,"self","lower_own_payoff","higher_own_payoff",2,10
"study2_95",21,"study2",1,"self","lower_own_payoff","higher_own_payoff",2,10
"study2_95",21,"study2",2,"self","lower_own_payoff","higher_own_payoff",2,10
"study2_95",22,"study2",1,"self","lower_own_payoff","higher_own_payoff",2,10
"study2_95",22,"study2",2,"self","lower_own_payoff","higher_own_payoff",2,10
"study2_95",23,"study2",1,"self","lower_own_payoff","lower_own_payoff",4,30
"study2_95",23,"study2",2,"self","lower_own_payoff","lower_own_payoff",4,30
"study2_95",23,"study2",3,"self","higher_own_payoff","lower_own_payoff",4,30
"study2_95",23,"study2",4,"self","higher_own_payoff","lower_own_payoff",4,30
"study2_95",24,"study2",1,"self","lower_own_payoff","higher_own_payoff",2,10
"study2_95",24,"study2",2,"self","lower_own_payoff","higher_own_payoff",2,10
"study2_96",1,"study2",1,"self","higher_own_payoff","higher_own_payoff",1,0
"study2_96",2,"study2",1,"self","higher_own_payoff","higher_own_payoff",2,10
"study2_96",2,"study2",2,"self","lower_own_payoff","higher_own_payoff",2,10
"study2_96",3,"study2",1,"self","higher_own_payoff","higher_own_payoff",1,0
"study2_96",4,"study2",1,"self","higher_own_payoff","higher_own_payoff",1,0
"study2_96",5,"study2",1,"self","higher_own_payoff","lower_own_payoff",1,0
"study2_96",6,"study2",1,"self","higher_own_payoff","higher_own_payoff",1,0
"study2_96",7,"study2",1,"self","higher_own_payoff","higher_own_payoff",1,0
"study2_96",8,"study2",1,"self","higher_own_payoff","lower_own_payoff",1,0
"study2_96",9,"study2",1,"self","higher_own_payoff","higher_own_payoff",1,0
"study2_96",10,"study2",1,"self","higher_own_payoff","higher_own_payoff",1,0
"study2_96",11,"study2",1,"self","higher_own_payoff","higher_own_payoff",1,0
"study2_96",12,"study2",1,"self","higher_own_payoff","higher_own_payoff",1,0
"study2_96",13,"study2",1,"self","higher_own_payoff","higher_own_payoff",1,0
"study2_96",14,"study2",1,"self","higher_own_payoff","higher_own_payoff",1,0
"study2_96",15,"study2",1,"self","higher_own_payoff","higher_own_payoff",1,0
"study2_96",16,"study2",1,"self","higher_own_payoff","higher_own_payoff",2,10
"study2_96",16,"study2",2,"self","lower_own_payoff","higher_own_payoff",2,10
"study2_96",17,"study2",1,"self","higher_own_payoff","lower_own_payoff",1,0
"study2_96",18,"study2",1,"self","higher_own_payoff","higher_own_payoff",1,0
"study2_96",19,"study2",1,"self","higher_own_payoff","higher_own_payoff",1,0
"study2_96",20,"study2",1,"self","higher_own_payoff","lower_own_payoff",2,10
"study2_96",20,"study2",2,"self","lower_own_payoff","lower_own_payoff",2,10
"study2_96",21,"study2",1,"self","higher_own_payoff","higher_own_payoff",1,0
"study2_96",22,"study2",1,"self","lower_own_payoff","lower_own_payoff",1,0
"study2_96",23,"study2",1,"self","higher_own_payoff","higher_own_payoff",1,0
"study2_96",24,"study2",1,"self","higher_own_payoff","lower_own_payoff",1,0
"study2_97",1,"study2",1,"self","higher_own_payoff","lower_own_payoff",2,10
"study2_97",1,"study2",2,"self","lower_own_payoff","lower_own_payoff",2,10
"study2_97",2,"study2",1,"self","higher_own_payoff","higher_own_payoff",1,0
"study2_97",3,"study2",1,"other","higher_own_payoff","lower_own_payoff",2,10
"study2_97",3,"study2",2,"self","higher_own_payoff","lower_own_payoff",2,10
"study2_97",4,"study2",1,"self","lower_own_payoff","higher_own_payoff",1,0
"study2_97",5,"study2",1,"self","lower_own_payoff","higher_own_payoff",1,0
"study2_97",6,"study2",1,"other","higher_own_payoff","higher_own_payoff",2,10
"study2_97",6,"study2",2,"self","higher_own_payoff","higher_own_payoff",2,10
"study2_97",7,"study2",1,"other","higher_own_payoff","lower_own_payoff",1,0
"study2_97",8,"study2",1,"self","lower_own_payoff","higher_own_payoff",2,10
"study2_97",8,"study2",2,"self","lower_own_payoff","higher_own_payoff",2,10
"study2_97",9,"study2",1,"self","higher_own_payoff","higher_own_payoff",2,10
"study2_97",9,"study2",2,"self","lower_own_payoff","higher_own_payoff",2,10
"study2_97",10,"study2",1,"self","lower_own_payoff","lower_own_payoff",1,0
"study2_97",11,"study2",1,"other","higher_own_payoff","higher_own_payoff",1,0
"study2_97",12,"study2",1,"other","higher_own_payoff","lower_own_payoff",1,0
"study2_97",13,"study2",1,"self","lower_own_payoff","higher_own_payoff",2,10
"study2_97",13,"study2",2,"self","higher_own_payoff","higher_own_payoff",2,10
"study2_97",14,"study2",1,"self","higher_own_payoff","lower_own_payoff",2,10
"study2_97",14,"study2",2,"self","lower_own_payoff","lower_own_payoff",2,10
"study2_97",15,"study2",1,"self","lower_own_payoff","lower_own_payoff",2,10
"study2_97",15,"study2",2,"self","lower_own_payoff","lower_own_payoff",2,10
"study2_97",16,"study2",1,"self","lower_own_payoff","higher_own_payoff",1,0
"study2_97",17,"study2",1,"self","lower_own_payoff","lower_own_payoff",2,10
"study2_97",17,"study2",2,"self","higher_own_payoff","lower_own_payoff",2,10
"study2_97",18,"study2",1,"other","higher_own_payoff","lower_own_payoff",2,10
"study2_97",18,"study2",2,"other","higher_own_payoff","lower_own_payoff",2,10
"study2_97",19,"study2",1,"self","lower_own_payoff","higher_own_payoff",2,10
"study2_97",19,"study2",2,"self","lower_own_payoff","higher_own_payoff",2,10
"study2_97",20,"study2",1,"other","higher_own_payoff","higher_own_payoff",1,0
"study2_97",21,"study2",1,"other","higher_own_payoff","lower_own_payoff",2,10
"study2_97",21,"study2",2,"other","higher_own_payoff","lower_own_payoff",2,10
"study2_97",22,"study2",1,"other","higher_own_payoff","higher_own_payoff",2,10
"study2_97",22,"study2",2,"other","lower_own_payoff","higher_own_payoff",2,10
"study2_97",23,"study2",1,"self","lower_own_payoff","lower_own_payoff",1,0
"study2_97",24,"study2",1,"self","lower_own_payoff","higher_own_payoff",1,0
"study2_98",1,"study2",1,"self","lower_own_payoff","higher_own_payoff",4,30
"study2_98",1,"study2",2,"self","higher_own_payoff","higher_own_payoff",4,30
"study2_98",1,"study2",3,"self","lower_own_payoff","higher_own_payoff",4,30
"study2_98",1,"study2",4,"self","higher_own_payoff","higher_own_payoff",4,30
"study2_98",2,"study2",1,"self","higher_own_payoff","higher_own_payoff",4,30
"study2_98",2,"study2",2,"self","higher_own_payoff","higher_own_payoff",4,30
"study2_98",2,"study2",3,"self","lower_own_payoff","higher_own_payoff",4,30
"study2_98",2,"study2",4,"self","lower_own_payoff","higher_own_payoff",4,30
"study2_98",3,"study2",1,"self","higher_own_payoff","lower_own_payoff",3,20
"study2_98",3,"study2",2,"self","lower_own_payoff","lower_own_payoff",3,20
"study2_98",3,"study2",3,"self","higher_own_payoff","lower_own_payoff",3,20
"study2_98",4,"study2",1,"self","higher_own_payoff","higher_own_payoff",3,20
"study2_98",4,"study2",2,"self","lower_own_payoff","higher_own_payoff",3,20
"study2_98",4,"study2",3,"self","lower_own_payoff","higher_own_payoff",3,20
"study2_98",5,"study2",1,"self","higher_own_payoff","higher_own_payoff",3,20
"study2_98",5,"study2",2,"self","lower_own_payoff","higher_own_payoff",3,20
"study2_98",5,"study2",3,"self","lower_own_payoff","higher_own_payoff",3,20
"study2_98",6,"study2",1,"self","lower_own_payoff","lower_own_payoff",4,30
"study2_98",6,"study2",2,"self","higher_own_payoff","lower_own_payoff",4,30
"study2_98",6,"study2",3,"self","higher_own_payoff","lower_own_payoff",4,30
"study2_98",6,"study2",4,"self","lower_own_payoff","lower_own_payoff",4,30
"study2_98",7,"study2",1,"self","higher_own_payoff","higher_own_payoff",4,30
"study2_98",7,"study2",2,"self","higher_own_payoff","higher_own_payoff",4,30
"study2_98",7,"study2",3,"self","lower_own_payoff","higher_own_payoff",4,30
"study2_98",7,"study2",4,"self","lower_own_payoff","higher_own_payoff",4,30
"study2_98",8,"study2",1,"self","lower_own_payoff","higher_own_payoff",3,20
"study2_98",8,"study2",2,"self","lower_own_payoff","higher_own_payoff",3,20
"study2_98",8,"study2",3,"self","higher_own_payoff","higher_own_payoff",3,20
"study2_98",9,"study2",1,"self","lower_own_payoff","higher_own_payoff",2,10
"study2_98",9,"study2",2,"self","lower_own_payoff","higher_own_payoff",2,10
"study2_98",10,"study2",1,"self","lower_own_payoff","lower_own_payoff",4,30
"study2_98",10,"study2",2,"self","lower_own_payoff","lower_own_payoff",4,30
"study2_98",10,"study2",3,"self","higher_own_payoff","lower_own_payoff",4,30
"study2_98",10,"study2",4,"self","higher_own_payoff","lower_own_payoff",4,30
"study2_98",11,"study2",1,"self","lower_own_payoff","higher_own_payoff",3,20
"study2_98",11,"study2",2,"self","lower_own_payoff","higher_own_payoff",3,20
"study2_98",11,"study2",3,"self","higher_own_payoff","higher_own_payoff",3,20
"study2_98",12,"study2",1,"self","lower_own_payoff","lower_own_payoff",4,30
"study2_98",12,"study2",2,"self","lower_own_payoff","lower_own_payoff",4,30
"study2_98",12,"study2",3,"self","higher_own_payoff","lower_own_payoff",4,30
"study2_98",12,"study2",4,"self","higher_own_payoff","lower_own_payoff",4,30
"study2_98",13,"study2",1,"self","lower_own_payoff","lower_own_payoff",3,20
"study2_98",13,"study2",2,"self","higher_own_payoff","lower_own_payoff",3,20
"study2_98",13,"study2",3,"self","higher_own_payoff","lower_own_payoff",3,20
"study2_98",14,"study2",1,"self","lower_own_payoff","higher_own_payoff",2,10
"study2_98",14,"study2",2,"self","lower_own_payoff","higher_own_payoff",2,10
"study2_98",15,"study2",1,"self","higher_own_payoff","lower_own_payoff",3,20
"study2_98",15,"study2",2,"self","higher_own_payoff","lower_own_payoff",3,20
"study2_98",15,"study2",3,"self","lower_own_payoff","lower_own_payoff",3,20
"study2_98",16,"study2",1,"self","higher_own_payoff","higher_own_payoff",4,30
"study2_98",16,"study2",2,"self","higher_own_payoff","higher_own_payoff",4,30
"study2_98",16,"study2",3,"self","lower_own_payoff","higher_own_payoff",4,30
"study2_98",16,"study2",4,"self","lower_own_payoff","higher_own_payoff",4,30
"study2_98",17,"study2",1,"self","higher_own_payoff","lower_own_payoff",3,20
"study2_98",17,"study2",2,"self","higher_own_payoff","lower_own_payoff",3,20
"study2_98",17,"study2",3,"self","lower_own_payoff","lower_own_payoff",3,20
"study2_98",18,"study2",1,"self","higher_own_payoff","higher_own_payoff",4,30
"study2_98",18,"study2",2,"self","higher_own_payoff","higher_own_payoff",4,30
"study2_98",18,"study2",3,"self","lower_own_payoff","higher_own_payoff",4,30
"study2_98",18,"study2",4,"self","lower_own_payoff","higher_own_payoff",4,30
"study2_98",19,"study2",1,"self","lower_own_payoff","lower_own_payoff",4,30
"study2_98",19,"study2",2,"self","lower_own_payoff","lower_own_payoff",4,30
"study2_98",19,"study2",3,"self","higher_own_payoff","lower_own_payoff",4,30
"study2_98",19,"study2",4,"self","higher_own_payoff","lower_own_payoff",4,30
"study2_98",20,"study2",1,"self","lower_own_payoff","lower_own_payoff",4,30
"study2_98",20,"study2",2,"self","lower_own_payoff","lower_own_payoff",4,30
"study2_98",20,"study2",3,"self","higher_own_payoff","lower_own_payoff",4,30
"study2_98",20,"study2",4,"self","higher_own_payoff","lower_own_payoff",4,30
"study2_98",21,"study2",1,"self","lower_own_payoff","lower_own_payoff",4,30
"study2_98",21,"study2",2,"self","lower_own_payoff","lower_own_payoff",4,30
"study2_98",21,"study2",3,"self","higher_own_payoff","lower_own_payoff",4,30
"study2_98",21,"study2",4,"self","higher_own_payoff","lower_own_payoff",4,30
"study2_98",22,"study2",1,"self","higher_own_payoff","lower_own_payoff",4,30
"study2_98",22,"study2",2,"self","higher_own_payoff","lower_own_payoff",4,30
"study2_98",22,"study2",3,"self","lower_own_payoff","lower_own_payoff",4,30
"study2_98",22,"study2",4,"self","lower_own_payoff","lower_own_payoff",4,30
"study2_98",23,"study2",1,"self","higher_own_payoff","higher_own_payoff",4,30
"study2_98",23,"study2",2,"self","higher_own_payoff","higher_own_payoff",4,30
"study2_98",23,"study2",3,"self","lower_own_payoff","higher_own_payoff",4,30
"study2_98",23,"study2",4,"self","lower_own_payoff","higher_own_payoff",4,30
"study2_98",24,"study2",1,"self","lower_own_payoff","lower_own_payoff",4,30
"study2_98",24,"study2",2,"self","lower_own_payoff","lower_own_payoff",4,30
"study2_98",24,"study2",3,"self","higher_own_payoff","lower_own_payoff",4,30
"study2_98",24,"study2",4,"self","higher_own_payoff","lower_own_payoff",4,30
"study2_99",1,"study2",1,"self","lower_own_payoff","lower_own_payoff",1,0
"study2_99",2,"study2",1,"self","lower_own_payoff","lower_own_payoff",1,0
"study2_99",3,"study2",1,"other","lower_own_payoff","lower_own_payoff",1,0
"study2_99",4,"study2",1,"self","lower_own_payoff","higher_own_payoff",1,0
"study2_99",5,"study2",1,"other","higher_own_payoff","higher_own_payoff",1,0
"study2_99",6,"study2",1,"other","lower_own_payoff","lower_own_payoff",1,0
"study2_99",7,"study2",1,"self","lower_own_payoff","lower_own_payoff",1,0
"study2_99",8,"study2",1,"self","lower_own_payoff","higher_own_payoff",1,0
"study2_99",9,"study2",1,"other","higher_own_payoff","higher_own_payoff",1,0
"study2_99",10,"study2",1,"other","lower_own_payoff","lower_own_payoff",1,0
"study2_99",11,"study2",1,"other","lower_own_payoff","lower_own_payoff",1,0
"study2_99",12,"study2",1,"self","higher_own_payoff","higher_own_payoff",1,0
"study2_99",13,"study2",1,"other","higher_own_payoff","lower_own_payoff",1,0
"study2_99",14,"study2",1,"other","higher_own_payoff","lower_own_payoff",1,0
"study2_99",15,"study2",1,"self","lower_own_payoff","lower_own_payoff",1,0
"study2_99",16,"study2",1,"other","higher_own_payoff","higher_own_payoff",1,0
"study2_99",17,"study2",1,"other","higher_own_payoff","lower_own_payoff",1,0
"study2_99",18,"study2",1,"self","lower_own_payoff","lower_own_payoff",1,0
"study2_99",19,"study2",1,"self","higher_own_payoff","higher_own_payoff",1,0
"study2_99",20,"study2",1,"self","lower_own_payoff","lower_own_payoff",1,0
"study2_99",21,"study2",1,"other","higher_own_payoff","higher_own_payoff",1,0
"study2_99",22,"study2",1,"self","lower_own_payoff","higher_own_payoff",1,0
"study2_99",23,"study2",1,"self","lower_own_payoff","higher_own_payoff",1,0
"study2_99",24,"study2",1,"self","lower_own_payoff","higher_own_payoff",1,0
