"uniqueID";"completion_time_min";"completion_time";"completion_time_sec";"timestamp_start";"timestamp_end";"sender";"sender_id";"ended_on";"strategy";"comment_general";"include";"uniqueID_t1";"gender_t1";"age_t1";"entry_via_t1";"seriousness_t1";"condition_t1";"completion_time_min_t1";"completion_time_t1";"completion_time_sec_t1";"timestamp_start_t1";"timestamp_end_t1";"sender_t1";"sender_id_t1";"ended_on_t1";"svs_angle_t1";"SVOtyp_ring_t1";"svs_angle_slider_t1";"SVOtyp_slider_t1";"include_t1";"mean_angle";"measure_self";"dec_self_slider";"dec_self_ring";"get_from";"dec_self";"dec_other";"Betrag_t1";"Betrag";"Betrag_total"
1;6,8309100000004;409854,600000024;409,854600000024;"2026-06-16T13:29:37.930Z";"2026-06-16T13:36:27.828Z";"root";NA;"completion";"Mir, je nach höhe der Ausgangssumme die Wahrscheinlichkeit überlegt, dass die anderen Zahlen höher sind und mir dann eine Zahl aufdecken lassen. Dann habe ich anschließend geschaut ob ich es für wahrscheinlich halte, dass ich dadurch mehr bekommen könnte. Dabei habe ich die Zahl des anderen ignoriert, da es mir nur um meine Auszahlung ging. ";" ";1;3;"female";27;"mouse";"serious";"slider_first";4,14898333333333;248939;248,939;"2026-06-09T07:51:15.245Z";"2026-06-09T07:55:24.204Z";"root";NA;"completion";-1,1523459115664;"Individualist";16,9619533812933;"Individualist";1;7,90480373486345;"slider";13;10;73;300;241;6,41;6,27;12,68
2;5,70792833333332;342475,699999999;342,475699999999;"2026-06-16T13:32:09.862Z";"2026-06-16T13:37:52.341Z";"root";NA;"completion";" ";" ";1;55;"female";23;"touchscreen";"serious";"ring_first";10,6307533333333;637845,199999999;637,845199999999;"2026-06-09T15:46:16.233Z";"2026-06-09T15:56:54.082Z";"root";NA;"completion";15,0791339749611;"Individualist";40,5273536393783;"Prosocial";1;27,8032438071697;"slider";10;20;17;300;256;6,56;6,1;12,66
3;3,49966166666647;209979,699999988;209,979699999988;"2026-06-16T13:33:20.454Z";"2026-06-16T13:36:50.434Z";"root";NA;"completion";" ";" ";1;78;"female";27;"touchscreen";"serious";"slider_first";2,45851333333651;147510,800000191;147,510800000191;"2026-06-09T17:48:29.036Z";"2026-06-09T17:50:56.547Z";"root";NA;"completion";-7,53733805729811;"Individualist";19,4170659861462;"Individualist";1;5,93986396442404;"ring";9;24;145;200;293;5,93;8,57;14,5
4;4,70849833332698;282509,899999619;282,509899999619;"2026-06-16T13:34:27.990Z";"2026-06-16T13:39:10.501Z";"root";NA;"completion";" Ich wollte keine Gebühren zahlen und habe meistens schon vor dem Aufdecken entschieden.";" ";1;65;"female";32;"mouse";"serious";"slider_first";6,67932166666587;400759,299999952;400,759299999952;"2026-06-09T16:05:01.088Z";"2026-06-09T16:11:41.849Z";"root";NA;"completion";30,0212253575505;"Prosocial";40,7281890013095;"Prosocial";1;35,37470717943;"ring";2;16;21;0;256;3,56;5,6;9,16
5;4,57272666666508;274363,599999905;274,363599999905;"2026-06-16T13:33:30.863Z";"2026-06-16T13:38:05.470Z";"root";NA;"completion";" ";" ";1;4;"female";34;"touchscreen";"serious";"slider_first";7,77144500000477;466286,700000286;466,286700000286;"2026-06-09T07:59:52.479Z";"2026-06-09T08:07:38.931Z";"root";NA;"completion";26,6548564005779;"Prosocial";33,6683151430032;"Prosocial";1;30,1615857717905;"slider";1;1;260;300;256;6,56;8,74;15,3
6;5,66693333333333;340016;340,016;"2026-06-16T13:34:09.036Z";"2026-06-16T13:39:49.055Z";"root";NA;"completion";" auf die eigene reihe gachtet";" ";1;96;"female";26;"mouse";"serious";"ring_first";7,52555333333413;451533,200000048;451,533200000048;"2026-06-09T19:57:18.175Z";"2026-06-09T20:04:49.710Z";"root";NA;"completion";5,09368285316337;"Individualist";24,1220717650178;"Prosocial";1;14,6078773090906;"slider";1;23;199;289;152;5,41;6,29;11,7
7;6,40275333333332;384165,199999999;384,165199999999;"2026-06-16T13:35:00.236Z";"2026-06-16T13:41:24.410Z";"root";NA;"completion";" Ich bin nur von meinem eigenen Betrag ausgegangen. Wenn ich nach einer Anzeige schon den Eindruck hatte, mit der Option eine ausreichend gute Wahl zu treffen, habe ich sie genommen, ohne weitere Felder aufzudecken.";" ";1;101;"female";32;"touchscreen";"serious";"slider_first";6,08996333333331;365397,799999999;365,397799999999;"2026-06-09T20:07:01.100Z";"2026-06-09T20:13:06.545Z";"root";NA;"completion";15,0791339749611;"Individualist";25,7948693936012;"Prosocial";1;20,4370016842811;"slider";4;20;271;256;152;5,08;6,27;11,35
8;59,7466199999998;3584797,19999999;3584,79719999999;"2026-06-16T13:35:55.909Z";"2026-06-16T14:35:40.707Z";"root";NA;"completion";" ";" ";1;8;"female";23;"touchscreen";"serious";"ring_first";8,76534833333095;525920,899999857;525,920899999857;"2026-06-09T08:19:16.238Z";"2026-06-09T08:28:02.160Z";"root";NA;"completion";-21,2620734010833;"Competitive";16,9619533812933;"Individualist";1;-2,150060009895;"slider";6;6;115;300;241;6,41;6,91;13,32
9;9,98748166666667;599248,9;599,2489;"2026-06-16T13:36:35.246Z";"2026-06-16T13:46:34.500Z";"root";NA;"completion";"";" ";1;27;"male";32;"mouse";"serious";"slider_first";9,53396;572037,6;572,0376;"2026-06-09T12:03:24.869Z";"2026-06-09T12:12:56.907Z";"root";NA;"completion";0;"Individualist";16,9619533812933;"Individualist";1;8,48097669064665;"slider";1;6;86;300;255;6,55;6,51;13,06
10;2,44315;146589;146,589;"2026-06-16T13:37:22.586Z";"2026-06-16T13:39:49.176Z";"root";NA;"completion";" jeweils eine aufgedeckt und dann entschieden je nachdem wo mehr war ";" ";0;79;"male";64;"mouse";"serious";"ring_first";2,36210666666826;141726,400000095;141,726400000095;"2026-06-09T17:51:09.190Z";"2026-06-09T17:53:30.917Z";"root";NA;"completion";0;"Individualist";16,9619533812933;"Individualist";1;8,48097669064665;NA;NA;NA;NA;NA;NA;1;1;2
11;6,03439500000005;362063,700000003;362,063700000003;"2026-06-16T13:37:44.568Z";"2026-06-16T13:43:46.632Z";"root";NA;"completion";" ";" ";1;98;"male";28;"touchscreen";"serious";"slider_first";4,533425;272005,5;272,0055;"2026-06-09T19:59:48.507Z";"2026-06-09T20:04:20.530Z";"root";NA;"completion";0;"Individualist";16,9619533812933;"Individualist";1;8,48097669064665;"slider";7;7;177;300;273;6,73;9,28;16,01
12;46,330125;2779807,5;2779,8075;"2026-06-16T13:38:24.943Z";"2026-06-16T14:24:44.750Z";"root";NA;"completion";"In etwa der ersten Hälfte habe ich meistens nur einen Betrag aufgedeckt, und zwar bei der Option, die anhand der sichtbaren Beträge insgesamt besser für beide Personen aussah. Dabei habe ich bevorzugt einen meiner eigenen Beträge angesehen.

In der zweiten Hälfte habe ich meist bei beiden Optionen jeweils einen eigenen Betrag aufgedeckt, um sie besser vergleichen zu können.

Grundsätzlich habe ich die Option gewählt, bei der für beide zusammen am meisten Geld herauskam. Wenn beide Optionen insgesamt gleich oder fast gleich waren, habe ich die Option genommen, bei der ich selbst mehr bekommen hätte.

Anfangs habe ich möglichst wenige zusätzliche Informationen aufgedeckt, weil jede weitere Aufdeckung die Auszahlung für beide Personen verringert. Später habe ich die zusätzliche Information für insgesamt 0,20 € genutzt, weil ich gemerkt habe, dass sie für meine Entscheidungsstrategie hilfreich war. Weitere Beträge wollte ich trotzdem nicht aufdecken. Statt noch mehr sicheren Verlust für beide Personen zu verursachen, habe ich mich dann auf die bereits vorhandenen Informationen und den verbleibenden Zufall verlassen.";"";1;48;"male";34;"mouse";"serious";"slider_first";18,47289;1108373,4;1108,3734;"2026-06-09T15:10:09.111Z";"2026-06-09T15:28:37.485Z";"root";NA;"completion";37,7697573607484;"Prosocial";40,9991945322146;"Prosocial";1;39,3844759464815;"slider";13;9;184;300;0;4;6,27;10,27
13;2,8614300000002;171685,800000012;171,685800000012;"2026-06-16T13:39:57.723Z";"2026-06-16T13:42:49.410Z";"root";NA;"completion";" ";" ";0;80;"female";62;"touchscreen";"serious";"slider_first";3,00630833333333;180378,5;180,3785;"2026-06-09T17:53:37.721Z";"2026-06-09T17:56:38.100Z";"root";NA;"completion";0;"Individualist";16,9619533812933;"Individualist";1;8,48097669064665;NA;NA;NA;NA;NA;NA;1;1;2
14;17,0833833333333;1025003;1025,003;"2026-06-16T13:42:58.556Z";"2026-06-16T14:00:03.548Z";"root";NA;"completion";" ";" ";1;29;"female";34;"touchscreen";"serious";"slider_first";64,7077833333333;3882467;3882,467;"2026-06-09T12:06:07.312Z";"2026-06-09T13:10:49.698Z";"root";NA;"completion";0;"Individualist";16,9619533812933;"Individualist";1;8,48097669064665;"ring";15;7;28;48;150;2,98;5,29;8,27
15;5,19348166666677;311608,900000006;311,608900000006;"2026-06-16T13:44:41.054Z";"2026-06-16T13:49:52.912Z";"root";NA;"completion";" Gucken ob bei den niedrigeren Auswahlmöglichkeiten eine höhere Zahl aufgedeckt wird als bei der ursprünglich höheren Variante, um die höchste Auszahlungschance zu haben aber nicht zu. Viel aufdecken zu müssen. ";" ";1;117;"female";25;"touchscreen";"serious";"slider_first";4,13263333333333;247958;247,958;"2026-06-09T22:24:31.649Z";"2026-06-09T22:28:39.832Z";"root";NA;"completion";0;"Individualist";16,9619533812933;"Individualist";1;8,48097669064665;"slider";14;14;31;300;150;5,5;7,4;12,9
16;7,98394499999881;479036,699999928;479,036699999928;"2026-06-16T13:45:50.217Z";"2026-06-16T13:53:49.255Z";"root";NA;"completion";"Erstmal meine beste Option anhand des ersten Feldes gesucht und dann je nach nähe zur anderen Option weitere aufgedeckt.";" ";1;111;"female";11;"keyboard";"serious";"slider_first";34,7121966666669;2082731,80000001;2082,73180000001;"2026-06-09T21:02:50.672Z";"2026-06-09T21:37:33.406Z";"root";NA;"completion";0;"Individualist";16,9619533812933;"Individualist";1;8,48097669064665;"slider";9;12;147;300;150;5,5;5,57;11,07
17;7,666;459960;459,96;"2026-06-16T13:47:53.141Z";"2026-06-16T13:55:57.580Z";"root";NA;"completion";" Ich habe ab der zweiten oder dritten Aufgabe größtenteils versucht bei dem Feld mit dem geringeren Auszahlungsbetrag für mich ein weiteres Feld kostenlos aufzudecken. Dann habe ich kein weiteres mehr aufgedeckt, um nicht sicher -0,10€ zu bekommen. Ich habe kurz überlegt, ob ich ein Muster erkenne und im Zweifel das ausgewählt, wo es den höheren Auszahlungsbetrag gab oder ich aufgrund eines Musters erwartet habe, dass der Betrag höher sein könnte ";" ";1;95;"male";33;"touchscreen";"serious";"ring_first";4,8113550000002;288681,300000012;288,681300000012;"2026-06-09T19:54:32.480Z";"2026-06-09T19:59:21.372Z";"root";NA;"completion";7,53733805729811;"Individualist";19,9298535472136;"Individualist";1;13,7335958022559;"slider";15;13;71;300;210;6,1;7,17;13,27
18;7,1079;426474;426,474;"2026-06-16T13:47:39.796Z";"2026-06-16T13:54:46.279Z";"root";NA;"completion";" Gewinnmaximierung am liebsten für mich und wenn das nicht möglich erscheint, dann für die andere Partei. Sollen beide was davon haben.";" ";1;1;"female";56;"mouse";"serious";"slider_first";7,54375;452625;452,625;"2026-06-09T07:42:28.258Z";"2026-06-09T07:50:00.893Z";"root";NA;"completion";37,5068128696839;"Prosocial";41,384570012072;"Prosocial";1;39,445691440878;"ring";7;23;88;300;256;6,56;8,98;15,54
19;11,5248666666667;691492;691,492;"2026-06-16T13:49:05.949Z";"2026-06-16T14:00:37.446Z";"root";NA;"completion";" Höhe der ersten angezeigten Beträge beider Optionen. Letzten Betrag aufdecken.";" ";1;33;"male";67;"mouse";"serious";"slider_first";12,13815;728289;728,289;"2026-06-09T12:09:55.285Z";"2026-06-09T12:22:03.582Z";"root";NA;"completion";0;"Individualist";16,9619533812933;"Individualist";1;8,48097669064665;"ring";10;13;60;100;48;2,48;5,57;8,05
20;4,17704333333373;250622,600000024;250,622600000024;"2026-06-16T13:50:03.410Z";"2026-06-16T13:54:14.039Z";"root";NA;"completion";" Gewinnmaximierung";" ";1;46;"female";30;"touchscreen";"serious";"slider_first";14,6508366666655;879050,199999928;879,050199999929;"2026-06-09T14:05:19.546Z";"2026-06-09T14:19:58.605Z";"root";NA;"completion";0;"Individualist";16,9619533812933;"Individualist";1;8,48097669064665;"ring";13;7;62;-73;48;0,75;9,34;10,09
21;5,488395;329303,7;329,3037;"2026-06-16T13:50:40.147Z";"2026-06-16T13:56:09.463Z";"root";NA;"completion";" ";" ";1;73;"female";28;"touchscreen";"serious";"slider_first";5,78589333333333;347153,6;347,1536;"2026-06-09T16:31:05.397Z";"2026-06-09T16:36:52.562Z";"root";NA;"completion";0;"Individualist";16,9619533812933;"Individualist";1;8,48097669064665;"ring";13;7;49;-41;241;3;5,49;8,49
22;5,56745;334047;334,047;"2026-06-16T14:03:59.994Z";"2026-06-16T14:09:34.043Z";"root";NA;"completion";" ";" ";1;91;"female";22;"other1";"serious";"ring_first";13,1531166666667;789187;789,187;"2026-06-09T19:41:45.854Z";"2026-06-09T19:54:55.042Z";"root";NA;"completion";38,2835278964403;"Prosocial";38,2528619515734;"Prosocial";1;38,2681949240068;"ring";13;24;161;152;0;2,52;7,12;9,64
23;7,14924166666667;428954,5;428,9545;"2026-06-16T14:04:50.633Z";"2026-06-16T14:11:59.589Z";"root";NA;"completion";" ich habe nur meine eigenen Auszahlungen angeschaut, um den abgezogenen Betrag klein zu halten, dann habe ich verglichen wo ich am ehesten das meiste bekommen würde";" ";1;100;"female";20;"keyboard";"serious";"ring_first";5,28239833333095;316943,899999857;316,943899999857;"2026-06-09T20:04:57.423Z";"2026-06-09T20:10:14.368Z";"root";NA;"completion";24,6915581634781;"Prosocial";30,3607622360074;"Prosocial";1;27,5261601997427;"slider";7;6;27;296;150;5,46;6,81;12,27
24;7,09426666666667;425656;425,656;"2026-06-16T14:07:07.181Z";"2026-06-16T14:14:12.845Z";"root";NA;"completion";" ";" ";1;50;"male";25;"mouse";"serious";"ring_first";6,7779;406674;406,674;"2026-06-09T15:21:24.989Z";"2026-06-09T15:28:11.649Z";"root";NA;"completion";0;"Individualist";16,9619533812933;"Individualist";1;8,48097669064665;"slider";12;19;183;300;150;5,5;5,44;10,94
25;6,4299199999998;385795,199999988;385,795199999988;"2026-06-16T14:07:11.301Z";"2026-06-16T14:13:37.121Z";"root";NA;"completion";" Mir ging es primär um meinen eigenen Gewinn, sodass mich nicht interessiert hat wie hoch der Betrag der anderen Person ist ";" ";1;67;"female";27;"mouse";"serious";"slider_first";10,1271083333333;607626,5;607,6265;"2026-06-09T16:05:50.768Z";"2026-06-09T16:15:58.448Z";"root";NA;"completion";0;"Individualist";16,9619533812933;"Individualist";1;8,48097669064665;"slider";1;24;137;300;100;5;8,15;13,15
26;16,9209783333333;1015258,7;1015,2587;"2026-06-16T14:10:24.574Z";"2026-06-16T14:27:19.837Z";"root";NA;"completion";"- Im großen Kasten mit der kleineren Auszahlung für mich die ersten Fragezeichen aufgedeckt. War der zusammengerechnete Betrag niedriger als der im anderen großen Kasten, im gleichen großen Kasten die dritten Fragezeichen in meiner Reihe aufgedeckt. Sonst im anderen Lasten. Und so weiter.";" ";1;104;"male";38;"mouse";"serious";"slider_first";12,6346166666667;758077;758,077;"2026-06-09T20:27:06.909Z";"2026-06-09T20:39:44.990Z";"root";NA;"completion";25,1699959160965;"Prosocial";34,5568059365031;"Prosocial";1;29,8634009262998;"slider";1;16;242;300;300;7;5,86;12,86
27;2,4384;146304;146,304;"2026-06-16T14:10:56.875Z";"2026-06-16T14:13:23.179Z";"Instruction_payoffs";"9";"form submission";NA;NA;0;24;"female";26;"mouse";"serious";"ring_first";6,56354333333336;393812,600000001;393,812600000002;"2026-06-09T11:20:18.539Z";"2026-06-09T11:26:52.354Z";"root";NA;"completion";71,2001148413473;"Altruist";44,1745776390859;"Prosocial";1;57,6873462402166;"slider";5;7;192;262;255;6,17;7,34;13,51
28;5,08193833333328;304916,299999997;304,916299999997;"2026-06-16T14:13:52.828Z";"2026-06-16T14:18:57.747Z";"root";NA;"completion";" ";" ";1;77;"female";24;"keyboard";"serious";"slider_first";6,78572166666668;407143,300000001;407,143300000001;"2026-06-09T17:41:12.517Z";"2026-06-09T17:47:59.662Z";"root";NA;"completion";43,1858080909701;"Prosocial";35,0500140324312;"Prosocial";1;39,1179110617007;"slider";9;2;164;300;-73;3,27;7,56;10,83
29;37,6123333333333;2256740;2256,74;"2026-06-16T14:10:56.875Z";"2026-06-16T14:48:33.620Z";"root";NA;"completion";" ";" ";1;24;"female";26;"mouse";"serious";"ring_first";6,56354333333336;393812,600000001;393,812600000002;"2026-06-09T11:20:18.539Z";"2026-06-09T11:26:52.354Z";"root";NA;"completion";71,2001148413473;"Altruist";44,1745776390859;"Prosocial";1;57,6873462402166;"slider";5;7;192;262;255;6,17;7,34;13,51
30;10,4515833333333;627095;627,095;"2026-06-16T14:24:10.061Z";"2026-06-16T14:34:37.168Z";"root";NA;"completion";" ";" ";1;116;"male";35;"mouse";"serious";"ring_first";9,73558333333333;584135;584,135;"2026-06-09T22:08:52.055Z";"2026-06-09T22:18:36.196Z";"root";NA;"completion";0;"Individualist";16,9619533812933;"Individualist";1;8,48097669064665;"ring";10;14;2;200;225;5,25;7,05;12,3
31;38,9875566666667;2339253,4;2339,2534;"2026-06-16T14:26:56.590Z";"2026-06-16T15:05:55.872Z";"root";NA;"completion";" Ich habe zuerst die sichtbaren Beträge für mich verglichen. Danach habe ich meistens einen verdeckten Betrag in der Selbst Zeile der vielversprechenderen Option aufgedeckt. Wenn eine Option danach klar besser war, habe ich sie gewählt, ohne weitere kostenpflichtige Informationen aufzudecken. Nur wenn die Entscheidung noch knapp war, habe ich zusätzliche Beträge aufgedeckt.";" ";1;94;"male";26;"mouse";"serious";"slider_first";26,2494083333333;1574964,5;1574,9645;"2026-06-09T19:50:02.823Z";"2026-06-09T20:16:17.793Z";"root";NA;"completion";0;"Individualist";16,9619533812933;"Individualist";1;8,48097669064665;"ring";14;19;214;200;-93;2,07;5,12;7,19
32;16,8221333333333;1009328;1009,328;"2026-06-16T14:27:50.880Z";"2026-06-16T14:44:40.218Z";"root";NA;"completion";" ";" ";1;10;"male";60;"mouse";"serious";"ring_first";18,32535;1099521;1099,521;"2026-06-09T08:30:24.195Z";"2026-06-09T08:48:43.728Z";"root";NA;"completion";-8,98156929931156;"Individualist";28,1416012322617;"Prosocial";1;9,58001596647507;"slider";7;24;6;278;200;5,78;8,24;14,02
33;9,75770166666657;585462,099999994;585,462099999994;"2026-06-16T14:34:20.809Z";"2026-06-16T14:44:06.271Z";"root";NA;"completion";" ich habe mir gedanken gemacht wie der andere und ich am meisten profitieren";" es hat sehr viel spass gemacht";1;37;"male";25;"mouse";"serious";"ring_first";14,32965;859779;859,779;"2026-06-09T12:21:52.247Z";"2026-06-09T12:36:12.026Z";"root";NA;"completion";0;"Individualist";14,3032658067437;"Individualist";1;7,15163290337185;"ring";3;13;69;-73;270;2,97;5,45;8,42
34;4,56387833333313;273832,699999988;273,832699999988;"2026-06-16T14:34:51.842Z";"2026-06-16T14:39:25.676Z";"root";NA;"completion";" Ich habe immer versucht mir beide Optionen anzuschauen und dann zu entscheiden. Meist hab ich die Kosten für das zweite nicht-kostenfreie Aufdecken so auch wieder hereingeholt.";" ";1;53;"male";23;"mouse";"serious";"slider_first";3,77944166666667;226766,5;226,7665;"2026-06-09T15:31:42.158Z";"2026-06-09T15:35:28.925Z";"root";NA;"completion";0;"Individualist";16,9619533812933;"Individualist";1;8,48097669064665;"ring";7;19;16;0;-100;0;8,09;8,09
35;2,76131666666667;165679;165,679;"2026-06-16T14:37:04.809Z";"2026-06-16T14:39:50.508Z";"root";NA;"completion";" ";" ";0;51;"female";20;"mouse";"serious";"slider_first";8,7038;522228;522,228;"2026-06-09T15:26:28.944Z";"2026-06-09T15:35:11.185Z";"root";NA;"completion";7,19923363836765;"Individualist";40,3075444429674;"Prosocial";1;23,7533890406675;NA;NA;NA;NA;NA;NA;1;1;2
36;2,98398333333333;179039;179,039;"2026-06-16T14:40:50.153Z";"2026-06-16T14:43:49.207Z";"root";NA;"completion";" ";" ";0;75;"male";39;"mouse";"serious";"slider_first";6,52133333333333;391280;391,28;"2026-06-09T17:15:27.320Z";"2026-06-09T17:21:58.614Z";"root";NA;"completion";45;"Prosocial";40,4889670655447;"Prosocial";1;42,7444835327723;NA;NA;NA;NA;NA;NA;1;1;2
37;5,68925666666677;341355,400000006;341,355400000006;"2026-06-16T14:49:11.764Z";"2026-06-16T14:54:53.122Z";"root";NA;"completion";"Ich habe immer die Antworten gewählt, bei denen die Verteilung so gleich wie möglich war.";" ";1;21;"female";28;"mouse";"serious";"slider_first";6,22415666666677;373449,400000006;373,449400000006;"2026-06-09T09:48:36.738Z";"2026-06-09T09:54:50.190Z";"root";NA;"completion";27,9736799124164;"Prosocial";42,4283379632255;"Prosocial";1;35,201008937821;"slider";9;6;231;256;225;5,81;5,45;11,26
38;21,4795;1288770;1288,77;"2026-06-16T14:51:18.936Z";"2026-06-16T15:12:47.725Z";"root";NA;"completion";" von meinem höchsten Auszahlungsbetrag, zusammenaddierend und dann geschätzt.";" ";1;28;"male";67;"mouse";"serious";"ring_first";28,9799166666667;1738795;1738,795;"2026-06-09T12:03:28.349Z";"2026-06-09T12:32:27.166Z";"root";NA;"completion";35,116881410898;"Prosocial";44,4632032812896;"Prosocial";1;39,7900423460938;"slider";15;14;1;300;100;5;6,95;11,95
39;6,05638833333333;363383,3;363,3833;"2026-06-16T14:51:59.445Z";"2026-06-16T14:58:02.829Z";"root";NA;"completion";" Habe erst immer einen Betrag bei der Option mit höherem Ausgangswert aufgedeckt, dann Strategie gewechselt";" ";1;60;"male";37;"mouse";"serious";"slider_first";4,73282666666667;283969,6;283,9696;"2026-06-09T14:48:58.436Z";"2026-06-09T14:53:42.408Z";"root";NA;"completion";0;"Individualist";16,9619533812933;"Individualist";1;8,48097669064665;"ring";12;12;181;-93;278;2,85;7,32;10,17
40;6,27291166666659;376374,699999996;376,374699999996;"2026-06-16T15:15:54.015Z";"2026-06-16T15:22:10.381Z";"root";NA;"completion";" welcher Betrag bei \"selber\" größer war, dann 1 aufdecken lassen bei beiden, höheren Gewinn genommen (abgeschätzt höherer Gewinn)";" ";1;16;"female";20;"mouse";"serious";"ring_first";8,07992166666686;484795,300000012;484,795300000012;"2026-06-09T09:13:41.547Z";"2026-06-09T09:21:46.331Z";"root";NA;"completion";7,47155917659238;"Individualist";34,1783306016118;"Prosocial";1;20,8249448891021;"ring";2;23;58;100;225;4,25;5,16;9,41
41;5,21687166666587;313012,299999952;313,012299999952;"2026-06-16T15:19:45.599Z";"2026-06-16T15:24:58.612Z";"root";NA;"completion";" ";" ";1;68;"male";27;"mouse";"serious";"slider_first";7,88675;473205;473,205;"2026-06-09T16:15:46.908Z";"2026-06-09T16:23:40.114Z";"root";NA;"completion";37,5068128696839;"Prosocial";45;"Prosocial";1;41,2534064348419;"ring";10;24;56;152;150;4,02;8,94;12,96
42;15,1569183333337;909415,100000024;909,415100000024;"2026-06-16T15:28:20.017Z";"2026-06-16T15:43:29.433Z";"root";NA;"completion";" ";" ";1;34;"female";25;"mouse";"serious";"ring_first";12,2569549999952;735417,299999714;735,417299999714;"2026-06-09T12:17:20.334Z";"2026-06-09T12:29:35.752Z";"root";NA;"completion";9,86580694308437;"Individualist";36,9544904119328;"Prosocial";1;23,4101486775086;"ring";11;5;54;200;150;4,5;6;10,5
43;5,46226666666667;327736;327,736;"2026-06-16T15:30:51.971Z";"2026-06-16T15:36:19.725Z";"root";NA;"completion";"Ich wollte ZUsatzkosten vermeiden, da ich die Entscheidungsfindung sehr schwierig fand. Daher habe ich nur versucht, einen kleinen Teil aufzudecken und dann eher spontan zu entscheiden.";" ";1;45;"male";37;"mouse";"serious";"slider_first";23,1997;1391982;1391,982;"2026-06-09T13:52:37.476Z";"2026-06-09T14:15:49.469Z";"root";NA;"completion";33,2834008410999;"Prosocial";45;"Prosocial";1;39,14170042055;"ring";14;1;93;0;48;1,48;7,07;8,55
44;5,94885166666657;356931,099999994;356,931099999994;"2026-06-16T15:37:16.511Z";"2026-06-16T15:43:13.443Z";"root";NA;"completion";" ";" ";1;32;"male";37;"mouse";"serious";"slider_first";2,97628333333333;178577;178,577;"2026-06-09T12:15:30.530Z";"2026-06-09T12:18:29.108Z";"root";NA;"completion";0;"Individualist";16,9619533812933;"Individualist";1;8,48097669064665;"ring";4;16;94;48;-73;0,75;5,4;6,15
45;6,40139000000159;384083,400000095;384,083400000095;"2026-06-16T15:40:01.391Z";"2026-06-16T15:46:25.475Z";"root";NA;"completion";" ";" ";1;52;"female";57;"mouse";"serious";"ring_first";9,50245;570147;570,147;"2026-06-09T15:31:15.000Z";"2026-06-09T15:40:45.147Z";"root";NA;"completion";29,5165366559574;"Prosocial";16,9619533812933;"Individualist";1;23,2392450186253;"slider";13;2;13;300;152;5,52;6,63;12,15
46;14,8333666666667;890002;890,002;"2026-06-16T15:43:55.694Z";"2026-06-16T15:58:45.710Z";"root";NA;"completion";" Ich habe mich immer an der höchsten eigenen Auszahlung der beiden zunächst bekannten Optionen für mich orintiert und habe an dieser Stelle also der höchsten eigenen bekannten Auszahlung mit dem Aufdecken des ersten kostenlosen Fragezeichens begonnen: Wenn ich erwartet habe dass diese Option deutlich besser ist als die andere Seite und nicht geschlagen werden kann habe ich abgebrochen mit der weiteren Informationssuche um Kosten zu sparen. Die Auszahlung der anderen Person habe ich nicht in meine Entscheidung einbezogen und auch nicht beachtet.";" ";1;102;"male";35;"touchscreen";"serious";"ring_first";16,1852;971112;971,112;"2026-06-09T19:58:05.640Z";"2026-06-09T20:14:16.773Z";"root";NA;"completion";15,0791339749611;"Individualist";16,9619533812933;"Individualist";1;16,0205436781272;"slider";3;15;240;300;273;6,73;5,81;12,54
47;4,77739333333323;286643,599999994;286,643599999994;"2026-06-16T15:43:45.914Z";"2026-06-16T15:48:32.558Z";"root";NA;"completion";" ";" ";0;251;"female";39;"mouse";"serious";"ring_first";2,03965833333333;122379,5;122,3795;"2026-06-16T15:30:22.271Z";"2026-06-16T15:32:24.652Z";"root";NA;"completion";0;"Individualist";16,9619533812933;"Individualist";1;8,48097669064665;NA;NA;NA;NA;NA;NA;1;1;2
48;5,48655;329193;329,193;"2026-06-16T15:48:46.312Z";"2026-06-16T15:54:15.511Z";"root";NA;"completion";" ";" ";1;113;"male";23;"mouse";"serious";"slider_first";6,84874333333336;410924,600000001;410,924600000001;"2026-06-09T21:39:06.833Z";"2026-06-09T21:45:57.758Z";"root";NA;"completion";0;"Individualist";16,9619533812933;"Individualist";1;8,48097669064665;"slider";10;1;169;256;241;5,97;7,08;13,05
49;4,7428;284568;284,568;"2026-06-16T15:50:16.180Z";"2026-06-16T15:55:00.766Z";"root";NA;"completion";" Intuitiv, wenn ich z.B. einen Wert von 1 € erreicht hatte, hat mir das gereicht und ich wollte keine weiteren Informationen.";" Die Studie war gut und einfach verständlich aufgebaut :-)";1;13;"female";28;"mouse";"serious";"slider_first";3,33216666666667;199930;199,93;"2026-06-09T08:53:54.012Z";"2026-06-09T08:57:13.961Z";"root";NA;"completion";22,8736651906267;"Prosocial";36,3432459033854;"Prosocial";1;29,6084555470061;"ring";4;11;82;293;-41;3,52;4,77;8,29
50;7,41896666666667;445138;445,138;"2026-06-16T15:50:59.871Z";"2026-06-16T15:58:25.023Z";"root";NA;"completion";" spontan";" ";1;76;"female";29;"mouse";"serious";"slider_first";6,1472;368832;368,832;"2026-06-09T17:34:50.237Z";"2026-06-09T17:40:59.088Z";"root";NA;"completion";7,53733805729811;"Individualist";16,9619533812933;"Individualist";1;12,2496457192957;"ring";6;11;46;0;0;1;8,39;9,39
51;81,6591116666667;4899546,7;4899,5467;"2026-06-16T15:53:44.903Z";"2026-06-16T17:55:01.355Z";"root";NA;"completion";" maximaler Gewinn";" keine";1;11;"female";26;"touchscreen";"serious";"slider_first";5,48832;329299,2;329,2992;"2026-06-09T08:39:04.281Z";"2026-06-09T08:44:33.583Z";"root";NA;"completion";0;"Individualist";16,9619533812933;"Individualist";1;8,48097669064665;"ring";4;24;83;48;210;3,58;6,19;9,77
52;5,66484333333323;339890,599999994;339,890599999994;"2026-06-16T16:25:51.012Z";"2026-06-16T16:31:30.917Z";"root";NA;"completion";" ";" ";1;12;"male";48;"mouse";"serious";"ring_first";7,7549283333381;465295,700000286;465,295700000286;"2026-06-09T08:45:12.260Z";"2026-06-09T08:52:57.560Z";"root";NA;"completion";9,93509769345083;"Individualist";33,7348648425068;"Prosocial";1;21,8349812679788;"slider";8;4;248;243;274;6,17;7,69;13,86
53;9,29138333333333;557483;557,483;"2026-06-16T16:45:19.081Z";"2026-06-16T16:54:36.549Z";"root";NA;"completion";" Meine Beiträge aufgedeckt, da insgesamt nur Kosten von 30 Cent und Option mit größerem Gewinn gewählt";" ";1;36;"female";26;"touchscreen";"serious";"ring_first";18,9342166666667;1136053;1136,053;"2026-06-09T12:18:33.380Z";"2026-06-09T12:37:29.361Z";"root";NA;"completion";45;"Prosocial";35,4337385555479;"Prosocial";1;40,216869277774;"ring";3;17;171;-73;-41;-0,14;5,21;5,07
54;21,7825166666667;1306951;1306,951;"2026-06-16T16:46:49.862Z";"2026-06-16T17:08:36.829Z";"root";NA;"completion";" ich interessiere mich eigentlich nur für meine eigenen Gewinne und nicht für die anderer. Nur wenn jemand anderes viel verliert für meinen Gewinn treffe ich andere Entscheidungen. Als logischer Mensch habe ich nur meine Werte berechnet und das wahrscheinlich lukrativste genommen. ";" Sehr interessant, vielen Dank und weiter so!";1;99;"other";24;"mouse";"serious";"slider_first";17,0279350000004;1021676,10000002;1021,67610000002;"2026-06-09T20:02:16.222Z";"2026-06-09T20:19:17.899Z";"root";NA;"completion";7,19923363836765;"Individualist";23,5449690291613;"Prosocial";1;15,3721013337645;"slider";10;18;217;256;-41;3,15;7,56;10,71
55;5,6672699999998;340036,199999988;340,036199999988;"2026-06-16T17:26:56.208Z";"2026-06-16T17:32:36.245Z";"root";NA;"completion";" ";" ";1;40;"female";24;"touchscreen";"serious";"ring_first";8,19973000000318;491983,800000191;491,983800000191;"2026-06-09T12:35:32.319Z";"2026-06-09T12:43:44.303Z";"root";NA;"completion";0;"Individualist";16,9619533812933;"Individualist";1;8,48097669064665;"slider";15;14;170;300;256;6,56;6,27;12,83
56;6,14051499999997;368430,899999999;368,430899999999;"2026-06-16T17:48:32.727Z";"2026-06-16T17:54:41.167Z";"root";NA;"completion";" aufdecken dort wo ich eine niedrigere zahl sehe und wenn das über der andern zahl ist diesen bereich nehmen. ";" ";1;41;"male";27;"mouse";"serious";"slider_first";11,9692166666667;718153;718,153;"2026-06-09T12:42:47.602Z";"2026-06-09T12:54:45.784Z";"root";NA;"completion";15,0078752205107;"Individualist";29,5772031701029;"Prosocial";1;22,2925391953068;"ring";6;1;19;293;293;6,86;5,41;12,27
57;8,33022166666666;499813,3;499,8133;"2026-06-16T18:31:55.536Z";"2026-06-16T18:40:15.335Z";"root";NA;"completion";" Ich habe immer nur bei meinen Felder geschaut, was noch kommen könnte. ";" ";1;54;"female";24;"touchscreen";"serious";"ring_first";11,3181933333333;679091,6;679,0916;"2026-06-09T15:35:15.779Z";"2026-06-09T15:46:34.857Z";"root";NA;"completion";15,0078752205107;"Individualist";16,9619533812933;"Individualist";1;15,984914300902;"slider";11;9;33;300;300;7;5,86;12,86
58;8,05981666666667;483589;483,589;"2026-06-16T18:32:56.427Z";"2026-06-16T18:41:00.048Z";"root";NA;"completion";" ";" ";1;103;"male";34;"mouse";"serious";"slider_first";8,68373333333333;521024;521,024;"2026-06-09T20:20:20.496Z";"2026-06-09T20:29:01.544Z";"root";NA;"completion";0;"Individualist";17,9611707405311;"Individualist";1;8,98058537026555;"slider";9;8;92;300;152;5,52;6,88;12,4
59;3,2822;196932;196,932;"2026-06-16T18:36:13.792Z";"2026-06-16T18:39:30.725Z";"root";NA;"completion";" ";" ";1;64;"male";29;"mouse";"serious";"slider_first";6,39748333333333;383849;383,849;"2026-06-09T16:03:45.083Z";"2026-06-09T16:10:08.947Z";"root";NA;"completion";34,8801769338699;"Prosocial";44,7618033762248;"Prosocial";1;39,8209901550473;"slider";11;24;215;150;210;4,6;6,45;11,05
60;4,86645;291987;291,987;"2026-06-16T18:38:15.646Z";"2026-06-16T18:43:07.630Z";"root";NA;"completion";" Ich habe so gewählt, dass ich möglichst viel ausgezahlt bekäme.";" ";1;63;"female";32;"mouse";"serious";"ring_first";3,65211333333328;219126,799999997;219,126799999997;"2026-06-09T15:56:43.610Z";"2026-06-09T16:00:22.739Z";"root";NA;"completion";0;"Individualist";16,9619533812933;"Individualist";1;8,48097669064665;"slider";5;14;189;256;273;6,29;5,81;12,1
61;16,0281449999998;961688,699999988;961,688699999988;"2026-06-16T18:42:23.844Z";"2026-06-16T18:58:25.535Z";"root";NA;"completion";"Ich habe meist eigenen Gewinn aufgedeckt, wenn ich zufrieden war wollte ich meistens kein Geld für weitere Informationen verschwenden und habe die Option genommen. Wenn aber der insgesamte Outcome bei einer Option deutlich besser war, wo der andere mehr bekommen hat als ich, habe ich dort Felder aufgedeckt, um unseren gemeinsamen Outcome möglichst zu maximieren";" ";1;69;"female";18;"mouse";"serious";"slider_first";17,6869866666666;1061219,2;1061,2192;"2026-06-09T16:21:56.636Z";"2026-06-09T16:39:37.876Z";"root";NA;"completion";45;"Prosocial";42,7945771596961;"Prosocial";1;43,8972885798481;"slider";6;10;187;300;255;6,55;5,87;12,42
62;10,7721816666663;646330,899999976;646,330899999976;"2026-06-16T18:48:10.083Z";"2026-06-16T18:58:56.416Z";"root";NA;"completion";"";" ";1;93;"male";26;"mouse";"serious";"ring_first";4,14125166666607;248475,099999964;248,475099999964;"2026-06-09T19:42:22.035Z";"2026-06-09T19:46:30.511Z";"root";NA;"completion";8,63713141507075;"Individualist";11,5801935805144;"Individualist";1;10,1086624977926;"ring";8;4;116;-93;273;2,8;5,57;8,37
63;9,67087833333314;580252,699999988;580,252699999988;"2026-06-16T19:12:59.728Z";"2026-06-16T19:22:40.009Z";"root";NA;"completion";" geschaut welche Beiträge bei mir am höchsten sind, bei gleichstand das höhere für den anderen ausgewählt";" ";1;88;"female";27;"mouse";"serious";"ring_first";10,5770966666669;634625,800000012;634,625800000012;"2026-06-09T19:04:44.118Z";"2026-06-09T19:15:18.777Z";"root";NA;"completion";21,1285598606071;"Individualist";44,550336665744;"Prosocial";1;32,8394482631755;"slider";6;7;198;256;44;4;4,88;8,88
64;4,94920166666667;296952,1;296,9521;"2026-06-16T19:34:04.622Z";"2026-06-16T19:39:01.574Z";"root";NA;"completion";" Ich habe nur meinen Anteil beachtet und aufgedeckt bis ich denke einen guten Eindruck zu haben. Dann habe ich die Wahl für meinen (vermeintlich wenn nicht alle aufgedeckt) höheren Betrag getroffen, unabhängig von der Auszahlung für andere.";" ";1;71;"male";27;"mouse";"serious";"ring_first";4,711615;282696,9;282,6969;"2026-06-09T16:28:48.530Z";"2026-06-09T16:33:31.227Z";"root";NA;"completion";0;"Individualist";17,4619871606664;"Individualist";1;8,7309935803332;"slider";10;11;133;300;256;6,56;6,99;13,55
65;13,5111683333333;810670,1;810,6701;"2026-06-16T19:41:47.272Z";"2026-06-16T19:55:17.943Z";"root";NA;"completion";" ich habe bei jedem Durchgang geschaut und mir vorher schon Gedanken gemacht, meistens ist es ja so wenn der andere Teilnehmer einen höheren Betrag hat, hat man selber meist einen niedrigeren Betrag, dann kam meist schon die andere Option in Frage. Jedoch habe ich dann immer per Zufall ein Feld geöffnet. Wenn das Feld vom Wert her schon so hoch was, dass ich für mich gesagt habe, mir ist egal was die anderen Felder beinhalten, dann habe ich diese Option dann auch direkt genommen. ";" ";1;112;"male";43;"mouse";"serious";"ring_first";12,10863;726517,8;726,5178;"2026-06-09T21:26:24.363Z";"2026-06-09T21:38:30.883Z";"root";NA;"completion";7,19923363836765;"Individualist";26,3185939978819;"Prosocial";1;16,7589138181248;"slider";1;9;202;300;-41;3,59;5,79;9,38
66;9,50503833333254;570302,299999952;570,302299999952;"2026-06-16T20:13:01.387Z";"2026-06-16T20:22:31.932Z";"root";NA;"completion";" ich habe versucht, möglich wenig aufzudecken. ich habe nur darauf geachtet, was mein Betrag wäre, der des anderen war mir egal.";" ";1;35;"female";33;"touchscreen";"serious";"ring_first";6,9381649999996;416289,899999976;416,289899999976;"2026-06-09T12:17:39.543Z";"2026-06-09T12:24:36.024Z";"root";NA;"completion";0;"Individualist";16,9619533812933;"Individualist";1;8,48097669064665;"slider";3;23;174;300;225;6,25;6,01;12,26
67;6,023575;361414,5;361,4145;"2026-06-16T20:13:08.004Z";"2026-06-16T20:19:09.428Z";"root";NA;"completion";"- da wo ich anfangs am meisten bekomme das zweite oder dritte ausgewählt
- wenn ich das nicht überzeugend fand, die andere Seite genommen";" ";1;84;"female";24;"mouse";"serious";"slider_first";9,331425;559885,5;559,8855;"2026-06-09T18:15:34.836Z";"2026-06-09T18:24:54.721Z";"root";NA;"completion";33,2834008410999;"Prosocial";39,3006552975721;"Prosocial";1;36,292028069336;"slider";11;22;186;278;150;5,28;5,29;10,57
68;6,1068899999996;366413,399999976;366,413399999976;"2026-06-16T20:22:57.691Z";"2026-06-16T20:29:04.113Z";"root";NA;"completion";" ";" ";1;82;"female";29;"mouse";"serious";"slider_first";8,58364666666662;515018,799999997;515,018799999997;"2026-06-09T17:55:42.851Z";"2026-06-09T18:04:17.853Z";"root";NA;"completion";52,5634958970672;"Prosocial";31,5538344280056;"Prosocial";1;42,0586651625364;"ring";3;12;209;241;152;4,93;6,13;11,06
69;7,20261666666667;432157;432,157;"2026-06-16T20:48:40.195Z";"2026-06-16T20:55:52.354Z";"root";NA;"completion";" Relativ schnell die Einträge mit den beiden höchsten Startwerten um eine weitere Information erweitert, daraus extrapoliert wo bei verbleibend ungefähr gleicher Verteilung die insgesamt höchste Gesamtsumme zu erwarten ist - gleichgültig ob für mich oder die andere Person.";" ";1;2;"male";50;"mouse";"serious";"ring_first";235,705428333334;14142325,7;14142,3257;"2026-06-09T07:50:31.257Z";"2026-06-09T11:46:13.582Z";"root";NA;"completion";41,6475927528969;"Prosocial";45,8014118533944;"Prosocial";1;43,7245023031456;"slider";11;3;230;225;-93;2,32;6,28;8,6
70;7,9478349999994;476870,099999964;476,870099999964;"2026-06-16T21:01:16.358Z";"2026-06-16T21:09:13.232Z";"root";NA;"completion";" Geschaut, welcher Betrag für mich der höchste ist. Dann einen Betrag auf der anderen Seite für mich aufgedeckt. War die Summe kleiner als der erste Betrag, habe ich den erste Betrag genommen.";" ";1;26;"female";30;"mouse";"serious";"slider_first";72,9387333333333;4376324;4376,324;"2026-06-09T12:00:20.274Z";"2026-06-09T13:13:16.600Z";"root";NA;"completion";7,53733805729811;"Individualist";23,8704867629436;"Prosocial";1;15,7039124101209;"slider";13;13;8;300;210;6,1;8,92;15,02
71;11,7009083333333;702054,5;702,0545;"2026-06-16T21:37:59.066Z";"2026-06-16T21:49:41.122Z";"root";NA;"completion";" möglich wenig risiko eingegangen und möglichst wenig info eingeholt um nicht unnötiges Geld zu verlieren";" ";1;115;"female";34;"mouse";"serious";"ring_first";13,0199533333333;781197,2;781,1972;"2026-06-09T22:00:30.736Z";"2026-06-09T22:13:31.934Z";"root";NA;"completion";5,92643238178527;"Individualist";16,9619533812933;"Individualist";1;11,4441928815393;"ring";6;19;114;241;100;4,41;7,17;11,58
72;11,1625666666667;669754;669,754;"2026-06-16T22:40:27.660Z";"2026-06-16T22:51:37.419Z";"root";NA;"completion";" Ich wollte kein Geld für die Informationen ausgeben. Ich habe mich meist für ein Aufdecken bei der (auf den ersten Blick) geringerwertigen Option entschieden, um herauszufinden, ob sich diese lohnt. Manchmal bin ich davon abgewichen, aber weniger aus einem spezifischen Grund als auf Neugier.

Wenn sich die Option dann gelohnt hätte, hab ich diese gewählt.";" Viel Erfolg mit Ihrer Studie, es war mir wieder ein Vergnügen!";1;114;"male";36;"mouse";"serious";"slider_first";10,9970666666667;659824;659,824;"2026-06-09T21:54:46.619Z";"2026-06-09T22:05:46.450Z";"root";NA;"completion";0;"Individualist";16,9619533812933;"Individualist";1;8,48097669064665;"ring";10;14;263;300;273;6,73;6,96;13,69
73;7,22008166666627;433204,899999976;433,204899999976;"2026-06-17T07:07:46.406Z";"2026-06-17T07:14:59.670Z";"root";NA;"completion";"- habe versucht gleich aufzuteilen, ohne für Aufdeckungen zu bezahlen 
- und möglichst den relativ gleichen aber höheren Block auszuwählen";" ";1;86;"female";28;"touchscreen";"serious";"ring_first";11,6329233333309;697975,399999857;697,975399999857;"2026-06-09T18:40:31.431Z";"2026-06-09T18:52:09.408Z";"root";NA;"completion";59,5110595001691;"Altruist";42,0342485279496;"Prosocial";1;50,7726540140593;"slider";11;21;153;255;273;6,28;6,07;12,35
74;9,61696833333323;577018,099999994;577,018099999994;"2026-06-17T07:10:53.839Z";"2026-06-17T07:20:30.871Z";"root";NA;"completion";" Das bei dem Feld anderer immer in der Summe mehr ist, als Selbst.";" Den Gesamtanteil von kosten von aufdecken anderer Summen insgesamt anzeigen.";1;5;"male";24;"touchscreen";"serious";"ring_first";10,7772116666667;646632,699999999;646,632699999999;"2026-06-09T08:02:36.510Z";"2026-06-09T08:13:23.152Z";"root";NA;"completion";-37,5068128696839;"Competitive";8,98681224954417;"Individualist";1;-14,2600003100699;"slider";7;22;9;300;210;6,1;6,41;12,51
75;3,81673166666677;229003,900000006;229,003900000006;"2026-06-17T07:18:39.127Z";"2026-06-17T07:22:28.136Z";"root";NA;"completion";" Auswahl des größtmöglichen Gewinns, bei ähnlichem Gewinn Abgleich mit höchstmöglichem Gewinn für Teilnehmer 2";" ";1;74;"male";29;"mouse";"serious";"slider_first";3,31089666666662;198653,799999997;198,653799999997;"2026-06-09T16:32:26.684Z";"2026-06-09T16:35:45.344Z";"root";NA;"completion";6,35727966055777;"Individualist";22,9609072268993;"Prosocial";1;14,6590934437285;"ring";5;8;87;293;300;6,93;6,82;13,75
76;9,55365833333333;573219,5;573,2195;"2026-06-17T07:24:53.902Z";"2026-06-17T07:34:27.133Z";"root";NA;"completion";" ich habe immer geschaut bei welchem Wahlfeld ich mehr bekommen würde, habe dann die zweite Auszahlung aufgedeckt und nahezu immer die option dann gewählt, auch nur zwie mal habe ich zwei Kästchen mir aufdecken lassen";" :)";1;20;"female";22;"mouse";"serious";"slider_first";6,1815;370890;370,89;"2026-06-09T09:38:00.041Z";"2026-06-09T09:44:10.937Z";"root";NA;"completion";2,48126480119584;"Individualist";41,0847918558947;"Prosocial";1;21,7830283285453;"ring";6;21;34;0;273;3,73;7,05;10,78
77;9,19406666666667;551644;551,644;"2026-06-17T08:07:00.283Z";"2026-06-17T08:16:11.933Z";"root";NA;"completion";" ";" ";1;59;"male";52;"mouse";"serious";"slider_first";19,4464833333333;1166789;1166,789;"2026-06-09T15:49:27.607Z";"2026-06-09T16:08:54.379Z";"root";NA;"completion";7,53733805729811;"Individualist";40,7281890013095;"Prosocial";1;24,1327635293038;"ring";6;15;24;-41;278;3,37;5,81;9,18
78;5,52787333333334;331672,4;331,6724;"2026-06-17T08:56:33.175Z";"2026-06-17T09:02:04.848Z";"root";NA;"completion";" ";" ";1;38;"female";27;"mouse";"serious";"slider_first";6,00343000000001;360205,800000001;360,205800000001;"2026-06-09T12:27:37.227Z";"2026-06-09T12:33:37.411Z";"root";NA;"completion";28,7882688668514;"Prosocial";36,6646728074596;"Prosocial";1;32,7264708371555;"ring";8;7;136;293;293;6,86;7,52;14,38
79;6,95621666666667;417373;417,373;"2026-06-17T10:44:05.309Z";"2026-06-17T10:51:02.694Z";"root";NA;"completion";" Das genommen wo ich kein Minus mache, wo der andere meistens etwas weniger bekommt.";" ";1;150;"female";29;"mouse";"serious";"slider_first";21,20515;1272309;1272,309;"2026-06-10T08:34:39.297Z";"2026-06-10T08:55:51.602Z";"root";NA;"completion";0;"Individualist";24,9030243257089;"Prosocial";1;12,4515121628544;"slider";9;14;85;300;-93;3,07;6,99;10,06
80;6,98216833333323;418930,099999994;418,930099999994;"2026-06-17T10:45:01.958Z";"2026-06-17T10:52:00.891Z";"root";NA;"completion";" Ich habe generell geguckt, was für mich am besten ist und die unteren Zahlen gar nicht richtig beachtet. Ich wollte zu Beginn möglichst wenig Geld für Informationen ausgeben und hab mich dann aber zwischendurch dazu entschieden, dass es sich trotz des Verlustes lohnen könnte, weitere Informationen aufzudecken. Ich hoffe trotzdem sehr, dass die andere Seite auch profitiert. ";" ";1;178;"female";31;"mouse";"serious";"slider_first";6,50750666666677;390450,400000006;390,450400000006;"2026-06-10T12:42:30.658Z";"2026-06-10T12:49:01.085Z";"root";NA;"completion";22,4645922129485;"Prosocial";30,1953725756785;"Prosocial";1;26,3299823943135;"ring";14;12;167;-41;270;3,29;5,9;9,19
81;5,29464833333334;317678,9;317,6789;"2026-06-17T10:47:51.689Z";"2026-06-17T10:53:09.384Z";"root";NA;"completion";" ";" ";1;128;"female";29;"mouse";"serious";"ring_first";5,73326666666667;343996;343,996;"2026-06-10T05:46:02.289Z";"2026-06-10T05:51:46.286Z";"root";NA;"completion";0;"Individualist";16,9619533812933;"Individualist";1;8,48097669064665;"slider";11;21;7;300;273;6,73;7,78;14,51
82;13,6494566666603;818967,399999619;818,967399999619;"2026-06-17T10:45:50.829Z";"2026-06-17T10:59:29.798Z";"root";NA;"completion";"";" ";1;162;"female";19;"touchscreen";"serious";"slider_first";13,247798333327;794867,899999619;794,867899999619;"2026-06-10T09:47:32.708Z";"2026-06-10T10:00:47.578Z";"root";NA;"completion";0;"Individualist";17,3184054574351;"Individualist";1;8,65920272871755;"slider";6;22;26;289;150;5,39;8,51;13,9
83;2,8513199999998;171079,199999988;171,079199999988;"2026-06-17T10:49:39.190Z";"2026-06-17T10:52:30.269Z";"root";NA;"completion";" hatte kein System";" ";0;140;"female";23;"mouse";"serious";"slider_first";4,72789500000477;283673,700000286;283,673700000286;"2026-06-10T07:02:30.145Z";"2026-06-10T07:07:13.819Z";"root";NA;"completion";2,48126480119584;"Individualist";34,5183099679683;"Prosocial";1;18,4997873845821;NA;NA;NA;NA;NA;NA;1;1;2
84;8,76246666666667;525748;525,748;"2026-06-17T10:51:23.305Z";"2026-06-17T11:00:09.057Z";"root";NA;"completion";" ";" ";1;180;"male";37;"mouse";"serious";"slider_first";4,12643333333333;247586;247,586;"2026-06-10T13:23:05.785Z";"2026-06-10T13:27:13.374Z";"root";NA;"completion";0;"Individualist";16,9619533812933;"Individualist";1;8,48097669064665;"slider";2;1;103;300;150;5,5;8,21;13,71
85;6,4632650000001;387795,900000006;387,795900000006;"2026-06-17T10:51:33.271Z";"2026-06-17T10:58:01.084Z";"root";NA;"completion";" Ich habe versucht die Kosten gering zu halten, also größtenteils meine Entscheidung auf einer Aufdeckung basieren zu lassen. Dabei habe ich ebenfalls zum großteil versucht die Zahl neben meiner \"kleineren\" Zahl aufzudecken. Was der andere bekommt war dabei irrelavant für meine Entscheidungen";" ";1;125;"female";39;"touchscreen";"serious";"slider_first";3,65816166666349;219489,699999809;219,489699999809;"2026-06-10T05:12:57.279Z";"2026-06-10T05:16:36.784Z";"root";NA;"completion";0;"Individualist";16,9619533812933;"Individualist";1;8,48097669064665;"slider";14;8;98;300;210;6,1;7,02;13,12
86;16,5004816666663;990028,899999976;990,028899999976;"2026-06-17T10:59:26.057Z";"2026-06-17T11:15:56.063Z";"root";NA;"completion";" Ich habe versucht, so wenig Informationen wie möglich einzusehen, aber am Ende habe ich festgestellt, dass es profitabler gewesen wäre, mehr Informationen zu sehen.";" ";1;159;"female";33;"mouse";"serious";"ring_first";8,266325;495979,5;495,9795;"2026-06-10T09:20:24.964Z";"2026-06-10T09:28:40.927Z";"root";NA;"completion";-7,53733805729811;"Individualist";16,9619533812933;"Individualist";1;4,71230766199759;"ring";9;17;111;293;270;6,63;5,79;12,42
87;5,6423100000004;338538,600000024;338,538600000024;"2026-06-17T10:59:56.633Z";"2026-06-17T11:05:35.172Z";"root";NA;"completion";"a) höchstmögliche Summe für SELBST
b) ausgewogenes, faires Verhältnis zu ANDERE
c) Völlige Ignoranz des Faktors Kostenanteil";" ";1;39;"male";60;"mouse";"serious";"ring_first";8,08387999999995;485032,799999997;485,032799999997;"2026-06-09T12:29:02.964Z";"2026-06-09T12:37:07.997Z";"root";NA;"completion";23,4160307582304;"Prosocial";41,5915433634278;"Prosocial";1;32,5037870608291;"slider";4;19;38;274;48;4,22;9,68;13,9
88;5,62335;337401;337,401;"2026-06-17T11:04:03.093Z";"2026-06-17T11:09:40.516Z";"root";NA;"completion";" ";" ";1;124;"male";54;"mouse";"serious";"slider_first";6,639;398340;398,34;"2026-06-10T04:59:40.962Z";"2026-06-10T05:06:19.303Z";"root";NA;"completion";0;"Individualist";16,9619533812933;"Individualist";1;8,48097669064665;"slider";6;13;119;300;152;5,52;5,8;11,32
89;15,0467966666667;902807,8;902,8078;"2026-06-17T11:21:30.585Z";"2026-06-17T11:36:33.394Z";"root";NA;"completion";" Andere aufdecken sind überflüssige Kosten, daher verworfener Ansatz.
Selbst Aufdecken zu dem Grad, dass ersichtlich wird oder es hochwahrscheinlich ist, die bessere Alternative zu erkennen. Oftmals konnte man eine Aufdeckung sparen, anstatt alle aufzudecken. Wenn das nicht möglich war, decke ich alle auf. Denn immerhin könnte man komplett falsch liegen und 10 Cent Kosten gegenüber Versäumten 2 Euro z.B. sind gut investiert.";" Ich habe aus Versehen heute vor dem Beantworten dieses Teils 2 nochmal Teil 1 bearbeitet, weil ich den alten Whatsapp Link angeklickt hatte, den ich mir vom Handy auf den PC geschickt hatte. Das können Sie dann rausfiltern. Bitte um Entschuldigung.";1;22;"male";37;"mouse";"serious";"slider_first";6,10821333333304;366492,799999982;366,492799999982;"2026-06-09T10:03:05.074Z";"2026-06-09T10:09:11.567Z";"root";NA;"completion";0;"Individualist";16,9619533812933;"Individualist";1;8,48097669064665;"ring";7;18;99;293;256;6,49;7,89;14,38
90;6,01668333333333;361001;361,001;"2026-06-17T11:50:11.862Z";"2026-06-17T11:56:12.867Z";"root";NA;"completion";" ";" ";1;137;"female";35;"mouse";"serious";"slider_first";12,90085;774051;774,051;"2026-06-10T06:57:24.455Z";"2026-06-10T07:10:18.519Z";"root";NA;"completion";19,8507159961252;"Individualist";41,1098755959382;"Prosocial";1;30,4802957960317;"ring";12;22;163;300;270;6,7;7,57;14,27
91;11,8464;710784;710,784;"2026-06-17T12:00:07.797Z";"2026-06-17T12:11:58.600Z";"root";NA;"completion";" ";" ";1;176;"male";58;"mouse";"serious";"ring_first";15,4674333333333;928046;928,046;"2026-06-10T12:37:37.435Z";"2026-06-10T12:53:05.506Z";"root";NA;"completion";0;"Individualist";16,9619533812933;"Individualist";1;8,48097669064665;"slider";4;23;108;300;300;7;8,92;15,92
92;5,8419;350514;350,514;"2026-06-17T12:03:36.764Z";"2026-06-17T12:09:27.278Z";"root";NA;"completion";" Ich habe darauf geachtet, dass ich kein Geld fürs erneute Aufdecken ausgebe. Meist habe ich in der Option, die geringere Beiträge zeigt, ein weiteres Feld aufgedeckt. Wenn die andere Option nur mit einem Feld mehr Geld als die zwei aufgedeckten Felder der anderen Option aufweist, habe ich mich dafür entschieden.";" ";1;132;"female";28;"mouse";"serious";"slider_first";9,37333333333333;562400;562,4;"2026-06-10T06:10:53.705Z";"2026-06-10T06:20:16.108Z";"root";NA;"completion";45;"Prosocial";41,1446317926776;"Prosocial";1;43,0723158963388;"ring";10;5;141;273;0;3,73;8,05;11,78
93;28,6356083333333;1718136,5;1718,1365;"2026-06-17T12:11:31.093Z";"2026-06-17T13:09:12.878Z";"root";NA;"completion";" Mir ging es darum, keine der Betieligten zu sehr zu benachteiligen. Ab und zu ging ich allerdings auch ein Risiko ein und wurde ungerecht. ";" ";1;85;"male";58;"mouse";"serious";"slider_first";11,1743816666667;670462,9;670,4629;"2026-06-09T18:35:25.160Z";"2026-06-09T18:46:35.649Z";"root";NA;"completion";40,1792339219073;"Prosocial";42,8733323872234;"Prosocial";1;41,5262831545653;"ring";15;23;172;152;200;4,52;6,24;10,76
94;2,84060833333333;170436,5;170,4365;"2026-06-17T12:12:29.751Z";"2026-06-17T12:15:20.189Z";"root";NA;"completion";" ";" ";0;142;"female";23;"mouse";"serious";"ring_first";7,81128333333333;468677;468,677;"2026-06-10T07:12:55.230Z";"2026-06-10T07:20:43.908Z";"root";NA;"completion";20,2656974709475;"Individualist";37,872632283286;"Prosocial";1;29,0691648771168;NA;NA;NA;NA;NA;NA;1;1;2
95;8,29674499999881;497804,699999928;497,804699999928;"2026-06-17T12:23:54.819Z";"2026-06-17T12:32:12.630Z";"root";NA;"completion";"immer das niedrigste bisher offenbarte für mich selsbt weiter aufdecken, solange bis die summe höher wird als die andere option";" ";1;155;"male";26;"mouse";"serious";"ring_first";7,77971499999998;466782,899999999;466,782899999999;"2026-06-10T08:51:26.395Z";"2026-06-10T08:59:13.179Z";"root";NA;"completion";1,74531474977637;"Individualist";23,2926060074673;"Prosocial";1;12,5189603786218;"slider";6;16;205;300;256;6,56;5,91;12,47
96;7,48224500000079;448934,700000048;448,934700000048;"2026-06-17T12:26:06.708Z";"2026-06-17T12:33:35.643Z";"root";NA;"completion";" Erste Orientierung anhand der eigenen Auszahlung, bei geringem zweiten Betrag ggf. Orientierung an Auszahlung des Partners";" ";1;158;"female";20;"touchscreen";"serious";"ring_first";11,1985683333397;671914,100000381;671,914100000381;"2026-06-10T09:15:42.068Z";"2026-06-10T09:26:51.279Z";"root";NA;"completion";0;"Individualist";25,483258635722;"Prosocial";1;12,741629317861;"slider";15;18;127;300;225;6,25;5,81;12,06
97;11,8919166666667;713515;713,515;"2026-06-17T12:40:00.152Z";"2026-06-17T12:51:53.688Z";"root";NA;"completion";"Eine Option finden, die für beide TN wahrscheinlich Vorteile bringt, nicht nur auf meinen Gewinn achten.
Nur dann weitere Werte aufdecken, wenn der mögliche Gewinn für eine Partei sehr gering = 0,XX € beträgt.";" ";1;87;"female";32;"keyboard";"serious";"ring_first";15,9613299999992;957679,799999952;957,679799999952;"2026-06-09T19:03:42.214Z";"2026-06-09T19:19:39.895Z";"root";NA;"completion";53,3229085120094;"Prosocial";43,7391481338819;"Prosocial";1;48,5310283229456;"slider";7;5;196;270;281;6,51;6,46;12,97
98;15,1303283333302;907819,699999809;907,819699999809;"2026-06-17T12:46:24.380Z";"2026-06-17T13:01:32.197Z";"root";NA;"completion";" Ich habe lediglich meine eigenen Beträge betrachtet und gehofft, dass ich durch möglichst wenige Informationen ermitteln kann, welche Option lukrativer ist";" ";1;161;"male";26;"mouse";"serious";"slider_first";7,50910333333015;450546,199999809;450,546199999809;"2026-06-10T09:36:47.766Z";"2026-06-10T09:44:18.315Z";"root";NA;"completion";30,0212253575505;"Prosocial";34,4805022314074;"Prosocial";1;32,2508637944789;"ring";2;24;235;273;256;6,29;7,09;13,38
99;9,330425;559825,5;559,8255;"2026-06-17T12:51:12.665Z";"2026-06-17T13:00:32.490Z";"root";NA;"completion";" Suche nach verstecktem hohen Betrag, bei niedrigen Startern";" ";1;190;"male";29;"mouse";"serious";"ring_first";10,4255866666667;625535,2;625,5352;"2026-06-10T16:24:38.752Z";"2026-06-10T16:35:04.287Z";"root";NA;"completion";58,4412048370986;"Altruist";42,8940750818402;"Prosocial";1;50,6676399594694;"slider";3;21;124;190;150;4,4;5,25;9,65
100;9,2087850000004;552527,100000024;552,527100000024;"2026-06-17T12:17:30.735Z";"2026-06-17T13:02:14.056Z";"root";NA;"completion";" Ich habe immer die Summe für das was ich bereits sehen konnte addiert. Wenn die zwei Felder noch kleiner waren als das eine Feld auf der anderen Seite, habe ich mich für die mit nur einem aufgedeckten Kasten entschieden. Die untere Zeile habe ich so gut wie ignoriert.";" ";1;198;"female";21;"mouse";"serious";"ring_first";7,84111666666667;470467;470,467;"2026-06-10T19:31:52.128Z";"2026-06-10T19:39:42.623Z";"root";NA;"completion";30,0294017615146;"Prosocial";19,8057139093724;"Individualist";1;24,9175578354435;"slider";7;4;216;256;-100;2,56;6,92;9,48
101;5,2026199999998;312157,199999988;312,157199999988;"2026-06-17T13:06:15.187Z";"2026-06-17T13:11:27.560Z";"root";NA;"completion";" ";" ";1;193;"female";60;"other1";"serious";"ring_first";9,40086666666667;564052;564,052;"2026-06-10T18:10:13.651Z";"2026-06-10T18:19:37.725Z";"root";NA;"completion";3,25194560036386;"Individualist";11,5801935805144;"Individualist";1;7,41606959043913;"ring";4;12;180;-41;270;3,29;8,38;11,67
102;11,649351666673;698961,100000381;698,961100000382;"2026-06-17T13:41:34.575Z";"2026-06-17T13:53:13.525Z";"root";NA;"completion";"Ich habe probiert zu denken wie ein Homo Ökonomikus, gerade habe ich 0€, gleich könnte ich was haben. Wenn ich mehr wie einen Hinweis nutze ist klar, dass die andere Person und ich 10 Cent verlieren. Klar kann es sein, dass die Option gegen die ich mich entschieden habe besser ist, als die andere, dass weiß ich ja nicht, weil diese immer noch verdeckt ist, aber sie kann auch schlechter sein. Also habe ich mich für die höhere Summe entschieden und Kosten vermieden.";"Ich hätte es spannend gefunden, wenn die verdeckten Beträge aufgedeckt worden wären. Ich Fällen, wo die andere Option doch die bessere gewesen wäre, hätte man sich vielleicht geärgert und basierend darauf, hätte man vielleicht beim nächsten Mal doch die 10 Cent eher in Kauf genommen. Prinzipiell ist es ja schon so, dass man im normalen Leben ja probiert so viele Informationen zusammenzutragen wie möglich, um eine fundierte Entscheidung zu treffen und dass man auch probiert aus \"Fehlern\" auch wenn es hier ja Zufall ist, zu lernen.";1;17;"female";25;"mouse";"serious";"slider_first";8,54513999999762;512708,399999857;512,708399999857;"2026-06-09T09:18:13.670Z";"2026-06-09T09:26:46.388Z";"root";NA;"completion";0;"Individualist";20,5469226563159;"Individualist";1;10,2734613281579;"slider";11;24;96;256;244;6;8,07;14,07
103;2,90215;174129;174,129;"2026-06-17T13:59:54.277Z";"2026-06-17T14:02:48.421Z";"root";NA;"completion";" ";" ";0;160;"female";34;"mouse";"serious";"ring_first";4,69316666666667;281590;281,59;"2026-06-10T09:26:14.227Z";"2026-06-10T09:30:55.830Z";"root";NA;"completion";-7,12501634890177;"Individualist";21,8241413953012;"Individualist";1;7,34956252319972;NA;NA;NA;NA;NA;NA;1;1;2
104;5,97848333333333;358709;358,709;"2026-06-17T14:07:38.557Z";"2026-06-17T14:13:37.268Z";"search_task";"10";"completion";NA;NA;1;123;"female";35;"mouse";"serious";"ring_first";2,45568333333333;147341;147,341;"2026-06-10T04:51:37.310Z";"2026-06-10T04:54:04.656Z";"root";NA;"completion";0;"Individualist";16,9619533812933;"Individualist";1;8,48097669064665;"slider";3;9;61;300;293;6,93;6,85;13,78
105;8,71088000000001;522652,800000001;522,652800000001;"2026-06-17T14:10:47.713Z";"2026-06-17T14:19:30.355Z";"root";NA;"completion";" ";" ";1;141;"female";28;"mouse";"serious";"ring_first";12,4396816666667;746380,9;746,3809;"2026-06-10T07:12:33.099Z";"2026-06-10T07:24:59.454Z";"root";NA;"completion";30,0212253575505;"Prosocial";26,9302876785118;"Prosocial";1;28,4757565180311;"ring";13;20;245;273;48;4,21;8,26;12,47
106;2,10626666666667;126376;126,376;"2026-06-17T14:14:04.402Z";"2026-06-17T14:16:10.787Z";"root";NA;"completion";" schnell";" ";0;123;"female";35;"mouse";"serious";"ring_first";2,45568333333333;147341;147,341;"2026-06-10T04:51:37.310Z";"2026-06-10T04:54:04.656Z";"root";NA;"completion";0;"Individualist";16,9619533812933;"Individualist";1;8,48097669064665;"slider";3;9;61;300;293;6,93;6,85;13,78
107;17,3641166666667;1041847;1041,847;"2026-06-17T14:21:13.128Z";"2026-06-17T14:38:34.991Z";"root";NA;"completion";" DIe zweite Zahl von der niedrigeren Summe aufgedeckt, um abschätzen zu können, ob es mehr oder weniger sein könnte als die andere Summe. Wenn die Summe der beiden aufgedeckten Zahlen unter der anderen ersten Zahl lag, immer die. Anders als beim ersten Teil der Studie habe ich kaum auf den Gewinn der anderen Person geachtet (außer er war sehr niedrig), da es ja nur Gewinn sein konnte und da die Entscheidung für den eigenen Anteil schon kompliziert genug war. Ich habe also versucht immer mit dem möglichst höchsten Gewinn zu gehen und habe weitere Zahlen nur aufgedeckt, wenn es sehr knapp war und auch nur Zahlen von mir.";" Hätte gerne nach der Auswahl alle Zahlen aufgedeckt gesehen. Das hätte mir auch eine bessere Einschätzung für die weiteren Runden gegeben und wäre einfach interessant, ob man sich \"richtig\" entschieden hat.";1;188;"female";30;"mouse";"serious";"ring_first";14,79555;887733;887,733;"2026-06-10T16:19:37.825Z";"2026-06-10T16:34:25.570Z";"root";NA;"completion";15,0078752205107;"Individualist";26,0949425102565;"Prosocial";1;20,5514088653836;"ring";9;9;151;200;204;5,04;5,97;11,01
108;4,23275500000119;253965,300000072;253,965300000072;"2026-06-17T14:21:47.120Z";"2026-06-17T14:26:01.085Z";"root";NA;"completion";" ich habe geraten irgendwie ";" ";1;139;"male";36;"mouse";"serious";"ring_first";4,12688333333333;247613;247,613;"2026-06-10T07:02:23.233Z";"2026-06-10T07:06:30.846Z";"root";NA;"completion";0;"Individualist";16,9619533812933;"Individualist";1;8,48097669064665;"slider";14;15;84;300;262;6,62;6,17;12,79
109;6,74789833333343;404873,900000006;404,873900000006;"2026-06-17T14:28:03.269Z";"2026-06-17T14:34:48.143Z";"root";NA;"completion";" Summe";" ";1;119;"female";30;"mouse";"serious";"slider_first";45,9452666666667;2756716;2756,716;"2026-06-09T23:45:42.972Z";"2026-06-10T00:31:39.688Z";"root";NA;"completion";0;"Individualist";16,9619533812933;"Individualist";1;8,48097669064665;"ring";12;10;258;-93;225;2,32;6,64;8,96
110;4,74328333333333;284597;284,597;"2026-06-17T14:28:17.122Z";"2026-06-17T14:33:01.736Z";"root";NA;"completion";" ";" ";1;138;"female";27;"mouse";"serious";"ring_first";10,40885;624531;624,531;"2026-06-10T06:57:40.026Z";"2026-06-10T07:08:04.565Z";"root";NA;"completion";59,7035518237615;"Altruist";42,4782403475464;"Prosocial";1;51,090896085654;"slider";4;18;150;255;270;6,25;5,71;11,96
111;9,92926666666667;595756;595,756;"2026-06-17T14:37:46.153Z";"2026-06-17T14:47:41.917Z";"root";NA;"completion";"- Immer zwei bei beiden Seiten aufmachen
- Jede Seite zusammenrechnen und dann für die Seite entscheiden wo insgesamt für beide am meisten bei rumkommt";" ";1;153;"male";27;"mouse";"serious";"ring_first";13,8035333333333;828212;828,212;"2026-06-10T08:43:35.422Z";"2026-06-10T08:57:23.634Z";"root";NA;"completion";52,4931871303161;"Prosocial";41,1365407791171;"Prosocial";1;46,8148639547166;"ring";6;24;117;200;270;5,7;5,78;11,48
112;18,0777550000002;1084665,30000001;1084,66530000001;"2026-06-17T14:38:58.488Z";"2026-06-17T14:57:03.158Z";"root";NA;"completion";" Zu Beginn bin ich recht willkürlich vorgegangen, zwischendrin habe ich auch etwas herumprobiert, indem ich bspw. alle Beträge aufgedeckt habe. Ansonsten habe ich die kostenfreie Aufdeckung meist für einen eigenen Betrag jener Option genutzt, die die geringere Auszahlung (zwischen meinen beiden Auszahlungsoptionen) hatte. Der Gedanke dabei war, dass wenn der zweite Betrag ebenfalls sehr niedrig ist (in Summe vielleicht sogar noch immer niedriger als der einzelne offene Auszahlungsbetrag für mich aus der anderen Option), dass die Chance eher gering war, dass der 3. Betrag die Summe nicht soweit wird erhöhen können, dass sie die Summe der anderen Option übertrifft. Die Beträge für die andere Person habe ich komplett ignoriert und bin ganz auf den eigenen Vorteil gegangen. Das habe ich letzte Woche anders gemacht und immer versucht, dass die Beträge ungefähr gleich sind oder welche Option in der Gesamtsumme am meisten abwirft.";" ";1;177;"male";31;"keyboard";"serious";"ring_first";12,012775;720766,5;720,7665;"2026-06-10T12:38:47.922Z";"2026-06-10T12:50:48.693Z";"root";NA;"completion";52,4786895081482;"Prosocial";42,4535334516806;"Prosocial";1;47,4661114799144;"ring";15;11;32;200;293;5,93;6,26;12,19
113;6,368755;382125,3;382,1253;"2026-06-17T14:39:47.615Z";"2026-06-17T14:46:09.741Z";"root";NA;"completion";"Ich habe geschaut, dass ich mind. 2,00 Euro bekomme, was etwas weniger als 50 Prozent der Gesamtsumme entspräche.";" ";1;184;"female";38;"mouse";"serious";"slider_first";3,259375;195562,5;195,5625;"2026-06-10T14:09:19.157Z";"2026-06-10T14:12:34.720Z";"root";NA;"completion";0;"Individualist";16,9619533812933;"Individualist";1;8,48097669064665;"ring";4;4;241;273;285;6,58;5,27;11,85
114;7,01793333333333;421076;421,076;"2026-06-17T14:45:30.417Z";"2026-06-17T14:52:31.499Z";"root";NA;"completion";" ";" ";1;183;"female";24;"mouse";"serious";"ring_first";6,90508333333333;414305;414,305;"2026-06-10T13:56:55.409Z";"2026-06-10T14:03:49.722Z";"root";NA;"completion";0;"Individualist";16,9619533812933;"Individualist";1;8,48097669064665;"slider";1;6;138;300;255;6,55;7,17;13,72
115;4,41356666666667;264814;264,814;"2026-06-17T14:51:04.804Z";"2026-06-17T14:55:29.629Z";"root";NA;"completion";"- Vergleichen der aufgedeckten Werte
- Möglichst wenig eigene Kosten durch unnötiges Aufdecken zu verursachen
";" ";1;56;"other";26;"mouse";"serious";"slider_first";9,9725;598350;598,35;"2026-06-09T15:47:17.402Z";"2026-06-09T15:57:15.763Z";"root";NA;"completion";3,25194560036386;"Individualist";42,0090909817406;"Prosocial";1;22,6305182910522;"slider";7;3;113;300;256;6,56;9,24;15,8
116;5,36685;322011;322,011;"2026-06-17T15:22:11.694Z";"2026-06-17T15:27:33.705Z";"search_task";"10";"completion";NA;NA;1;7;"female";19;"touchscreen";"serious";"ring_first";13,1578333333333;789470;789,47;"2026-06-09T08:14:09.667Z";"2026-06-09T08:27:54.909Z";"root";NA;"completion";7,19923363836765;"Individualist";34,6023195962172;"Prosocial";1;20,9007766172924;"ring";7;1;59;200;241;5,41;5,85;11,26
117;3,59241666666667;215545;215,545;"2026-06-17T15:28:51.603Z";"2026-06-17T15:32:27.149Z";"root";NA;"completion";" sobald der aufedeckte betrag >1 war habe ich mich für diese option entschieden ";" ";0;7;"female";19;"touchscreen";"serious";"ring_first";13,1578333333333;789470;789,47;"2026-06-09T08:14:09.667Z";"2026-06-09T08:27:54.909Z";"root";NA;"completion";7,19923363836765;"Individualist";34,6023195962172;"Prosocial";1;20,9007766172924;"ring";7;1;59;200;241;5,41;5,85;11,26
118;10,915935;654956,1;654,9561;"2026-06-17T15:33:17.564Z";"2026-06-17T15:44:12.524Z";"root";NA;"completion";" Ich habe erst einmal die kleinsten Beträge da etwas aufgedeckt und versucht zu schauen ob sich das mehr lohnt";" ";1;44;"female";26;"mouse";"serious";"slider_first";12,8264616666667;769587,699999999;769,587699999999;"2026-06-09T13:32:02.136Z";"2026-06-09T13:44:51.769Z";"root";NA;"completion";0;"Individualist";16,9619533812933;"Individualist";1;8,48097669064665;"ring";2;2;225;48;-41;1,07;6,16;7,23
119;11,0302166666667;661813;661,813;"2026-06-17T15:38:29.717Z";"2026-06-17T15:49:31.532Z";"root";NA;"completion";"Ziel: mindestens die Hälfte des möglichen Betrags (=2,55) für beide Parteien und keine starke Benachteiligung einer Partei.
Es wird daher dort aufgedeckt, wo zunächst ein kleiner Betrag angezeigt wird. Erscheint ein weiterer kleiner Betrag, wird eher die andere Option gewählt, sofern diese einen größeren Betrag verheißt - bei Unklarheit wird bei der jeweils anderen Option noch einmal aufgedeckt, um mehr Informationen zu haben.
Zusätzliche Abzüge durch weiteres Aufdecken werden eher in Kauf genommen bei kleinen angezeigten Beträgen.";" ";1;171;"male";49;"mouse";"serious";"ring_first";10,1530166666667;609181;609,181;"2026-06-10T11:38:02.582Z";"2026-06-10T11:48:11.765Z";"root";NA;"completion";45;"Prosocial";45;"Prosocial";1;45;"ring";6;17;41;-41;48;1,07;5,86;6,93
120;13,3222166666667;799333;799,333;"2026-06-17T16:07:43.389Z";"2026-06-17T16:21:02.724Z";"root";NA;"completion";" Vermeidung von kostpflichtigem Aufdecken, gefühlt hohe Prognose gewählt";" ";1;143;"male";71;"mouse";"serious";"ring_first";17,9075733333333;1074454,4;1074,4544;"2026-06-10T07:17:07.203Z";"2026-06-10T07:35:01.543Z";"root";NA;"completion";22,5531385269108;"Prosocial";26,2226501963255;"Prosocial";1;24,3878943616182;"ring";7;20;166;0;203;3,03;4,46;7,49
121;7,77735;466641;466,641;"2026-06-17T16:16:56.864Z";"2026-06-17T16:24:43.510Z";"root";NA;"completion";" - Abschätzung der Auszahlungen 
- Auswahl der Option mit möglicherweise hohem Gewinn";" ";1;189;"female";22;"mouse";"serious";"ring_first";10,10025;606015;606,015;"2026-06-10T16:20:41.516Z";"2026-06-10T16:30:47.539Z";"root";NA;"completion";26,2219667775545;"Prosocial";40,2898587810887;"Prosocial";1;33,2559127793216;"ring";13;4;22;200;152;4,52;7,04;11,56
122;9,63616499999998;578169,899999999;578,169899999999;"2026-06-17T16:18:06.627Z";"2026-06-17T16:27:44.799Z";"root";NA;"completion";" Ich habe in den meisten Fällen meine Auswahl vom höchsten Erstbetrag abhängig gemacht und überlegt wie wahrscheinlich es ist dass der andere Betrag, zusammengerechnet mit den anderen unbekannten Zahlen, höher ist als der höhere Erstbetrag.";" ";1;179;"female";25;"keyboard";"serious";"ring_first";10,3838299999999;623029,799999997;623,029799999997;"2026-06-10T13:03:52.756Z";"2026-06-10T13:14:15.798Z";"root";NA;"completion";-7,12501634890178;"Individualist";16,9619533812933;"Individualist";1;4,91846851619576;"slider";9;22;188;300;273;6,73;6,41;13,14
123;15,14731;908838,600000001;908,838600000002;"2026-06-17T16:18:06.649Z";"2026-06-17T16:33:15.489Z";"root";NA;"completion";" Zu Beginn habe ich bei der Option nachgeschaut, bei der es keinen zu großen Unterschied zwischen mir und dem Mitspielenden gibt. Dann habe ich eigene Zusatzbeträge aufgedeckt,  und zwar so viele, bis mir die Wahrscheinlichkeit hoch genug erschien, dass mein Betrag ziemlich hoch sein wird. Bei diesen Schritten habe ich keine Beträge des Mitspielenden aufgedeckt, das war für mich zweitrangig.";" ";1;167;"female";69;"mouse";"serious";"slider_first";13,2146433333333;792878,6;792,8786;"2026-06-10T10:48:22.937Z";"2026-06-10T11:01:35.816Z";"root";NA;"completion";13,9564443837118;"Individualist";23,8555441066844;"Prosocial";1;18,9059942451981;"slider";10;21;210;300;262;6,62;8,05;14,67
124;30,5722781;1834336,686;1834,336686;"2026-06-17T16:21:34.719Z";"2026-06-17T16:52:12.206Z";"root";NA;"completion";"Ich habe mich schwer getan, für die Infos zu bezahlen. Meistens war mir direkt am Anfang (bei den ersten aufgedeckten Spalte), was ich wähle. Durch das Aufdecken habe ich evtl. meine Meinung geändert.";" ";1;43;"female";33;"mouse";"serious";"slider_first";14,9768666666667;898612;898,612;"2026-06-09T13:25:35.515Z";"2026-06-09T13:40:34.146Z";"root";NA;"completion";37,5213104918518;"Prosocial";41,7019802665181;"Prosocial";1;39,6116453791849;"ring";3;5;91;-41;-93;-0,34;5,2;4,86
125;10,5796;634776;634,776;"2026-06-17T16:55:58.641Z";"2026-06-17T17:06:33.433Z";"root";NA;"completion";"Bei ähnlichen Studien habe ich eigentlich immer versucht, es so „fair” wie möglich zu machen. Dieses Vorgehen ist mir hier ehrlich gesagt etwas schwergefallen. ";" ";1;195;"male";24;"mouse";"serious";"slider_first";6,61071666666667;396643;396,643;"2026-06-10T20:00:59.227Z";"2026-06-10T20:07:35.877Z";"root";NA;"completion";61,2117311331486;"Altruist";41,3248177403936;"Prosocial";1;51,2682744367711;"ring";2;4;194;152;163;4,15;4,59;8,74
126;5,45436666666667;327262;327,262;"2026-06-17T17:10:35.184Z";"2026-06-17T17:16:02.461Z";"root";NA;"completion";" ";" ";1;133;"male";33;"mouse";"serious";"ring_first";8,7989;527934;527,934;"2026-06-10T06:15:06.383Z";"2026-06-10T06:23:54.323Z";"root";NA;"completion";26,0149028495681;"Prosocial";25,9435464074863;"Prosocial";1;25,9792246285272;"slider";11;1;10;256;278;6,34;5,81;12,15
127;8,13893333333333;488336;488,336;"2026-06-17T17:40:35.034Z";"2026-06-17T17:48:43.365Z";"root";NA;"completion";" ";" ";1;126;"female";51;"mouse";"serious";"slider_first";11,892645;713558,7;713,5587;"2026-06-10T05:15:19.669Z";"2026-06-10T05:27:13.251Z";"root";NA;"completion";6,35727966055777;"Individualist";40,7236279825471;"Prosocial";1;23,5404538215524;"ring";11;13;14;273;100;4,73;4,56;9,29
128;12,3652833333333;741917;741,917;"2026-06-17T18:22:15.951Z";"2026-06-17T18:34:37.869Z";"root";NA;"completion";"nur an eigenem Betrag orientiert, möglichst hoch, aber zwischen möglichen Beträgen nicht zu große differenzen (also wenn Wahl zwischen sehr hohem Betrag in Kombi mit sehr niedrigem Betrag, lieber nur gemäßigte Beträge, weil sicherer)";" ";1;156;"female";24;"keyboard";"serious";"ring_first";18,6792166666667;1120753;1120,753;"2026-06-10T08:56:01.388Z";"2026-06-10T09:14:42.147Z";"root";NA;"completion";19,8507159961252;"Individualist";28,7794795068526;"Prosocial";1;24,3150977514889;"slider";8;24;78;256;-73;2,83;6,8;9,63
129;4,60518333333333;276311;276,311;"2026-06-17T19:13:31.199Z";"2026-06-17T19:18:07.515Z";"root";NA;"completion";" Ich habe geschaut welche option mir den höchsten gewinn bringt und dann nach aufdecken entschieden ob ich das nach wie vor denke oder mir die Summe der anderen option mehr bringt 
";" ";1;105;"female";25;"mouse";"serious";"ring_first";5,53108333333333;331865;331,865;"2026-06-09T20:32:26.413Z";"2026-06-09T20:37:58.291Z";"root";NA;"completion";2,6351845824514;"Individualist";26,4521655929301;"Prosocial";1;14,5436750876908;"ring";14;22;47;300;-73;3,27;6,16;9,43
130;8,79438666666746;527663,200000048;527,663200000048;"2026-06-17T19:14:47.202Z";"2026-06-17T19:23:34.821Z";"root";NA;"completion";" ich habe mir meine Zahlen anzeigen lassen, wenn die erste zusätzliche zahl extrem niedrig war, habe ich mir noch eine zweite anzeigen lassen";" ";1;147;"female";21;"touchscreen";"serious";"ring_first";3,71138333333333;222683;222,683;"2026-06-10T08:18:37.956Z";"2026-06-10T08:22:20.636Z";"root";NA;"completion";22,4645922129485;"Prosocial";19,9720044100576;"Individualist";1;21,218298311503;"slider";13;2;50;300;270;6,7;7,58;14,28
131;5,2916649999996;317499,899999976;317,499899999976;"2026-06-17T19:34:07.351Z";"2026-06-17T19:39:24.852Z";"root";NA;"completion";" den höchten betrag genommen und das kästchen aufgedeckt";" ";1;120;"female";24;"mouse";"serious";"ring_first";4,54354166666667;272612,5;272,6125;"2026-06-10T03:40:40.634Z";"2026-06-10T03:45:13.242Z";"root";NA;"completion";0;"Individualist";16,9619533812933;"Individualist";1;8,48097669064665;"slider";9;19;130;256;200;5,56;6,27;11,83
132;3,93770500000001;236262,300000001;236,262300000001;"2026-06-17T19:40:57.003Z";"2026-06-17T19:44:53.266Z";"root";NA;"completion";" habe natürlich einfach versucht den Ertrag zu optimieren";" ";1;146;"male";39;"mouse";"serious";"slider_first";5,40455499999995;324273,299999997;324,273299999997;"2026-06-10T07:51:35.306Z";"2026-06-10T07:56:59.580Z";"root";NA;"completion";7,53733805729811;"Individualist";20,4110082223078;"Individualist";1;13,974173139803;"ring";1;19;179;200;270;5,7;7,35;13,05
133;6,4171900000001;385031,400000006;385,031400000006;"2026-06-17T19:46:02.934Z";"2026-06-17T19:52:27.981Z";"root";NA;"completion";" ich habe eigetnlich imer das feld genommen bei den der erste betrag hoher war..wenn dieser fuer mich okay war habe ich den genommen...wenn er mir sehr niedrig erschien habe ich den zweiten anderen aufgedeckt und dann die bessere wahl genommen..ich habe nie den dritten aufgedeckt weil ich dachte der einsatz ist es nicht wert ";" ";1;165;"female";34;"keyboard";"serious";"slider_first";9,12731666666667;547639;547,639;"2026-06-10T10:40:38.963Z";"2026-06-10T10:49:46.611Z";"root";NA;"completion";0;"Individualist";20,1671726830557;"Individualist";1;10,0835863415278;"ring";13;21;219;241;100;4,41;6,8;11,21
134;8,56957666666508;514174,599999905;514,174599999905;"2026-06-17T20:01:49.277Z";"2026-06-17T20:10:23.377Z";"root";NA;"completion";" ausgewogene Entscheidung zwischen Eigenoptimierung und Gleichberechtigung";" ";1;129;"male";32;"mouse";"serious";"ring_first";7,20663499999841;432398,099999905;432,398099999905;"2026-06-10T05:47:11.898Z";"2026-06-10T05:54:24.290Z";"root";NA;"completion";17,969139740157;"Individualist";30,5516282439195;"Prosocial";1;24,2603839920382;"ring";3;22;45;241;273;6,14;8,32;14,46
135;5,96893333333333;358136;358,136;"2026-06-17T20:36:01.976Z";"2026-06-17T20:42:00.112Z";"MouseLabSequence";"10_17";"completion";NA;NA;0;148;"female";30;"keyboard";"serious";"slider_first";9,1601;549606;549,606;"2026-06-10T08:19:16.903Z";"2026-06-10T08:28:26.504Z";"root";NA;"completion";15,0078752205107;"Individualist";19,9298535472136;"Individualist";1;17,4688643838622;NA;NA;NA;NA;NA;NA;1;1;2
136;2,3175350000004;139052,100000024;139,052100000024;"2026-06-17T21:04:08.635Z";"2026-06-17T21:06:27.689Z";"root";NA;"completion";" Wollte kein Geld für Informationen ausgeben und habe dann eine Information bei der aus für mich höchsten Auszahlung gewählt.";" ";0;122;"female";21;"mouse";"serious";"ring_first";2,0321600000004;121929,600000024;121,929600000024;"2026-06-10T04:48:59.673Z";"2026-06-10T04:51:01.604Z";"root";NA;"completion";1,1523459115664;"Individualist";16,9619533812933;"Individualist";1;9,05714964642985;NA;NA;NA;NA;NA;NA;1;1;2
137;14,1657049999992;849942,299999952;849,942299999952;"2026-06-17T21:30:54.318Z";"2026-06-17T21:45:04.260Z";"root";NA;"completion";" Ich habe geschaut, wo für mich das meiste Geld rauskommt.";" ";1;157;"female";69;"mouse";"serious";"ring_first";9,28472666666667;557083,6;557,0836;"2026-06-10T09:08:32.370Z";"2026-06-10T09:17:49.454Z";"root";NA;"completion";1,74531474977637;"Individualist";26,1395075138898;"Prosocial";1;13,9424111318331;"ring";7;24;4;-93;150;1,57;6,64;8,21
138;5,42266666666667;325360;325,36;"2026-06-17T22:01:35.535Z";"2026-06-17T22:07:00.894Z";"root";NA;"completion";" ";" ";0;148;"female";30;"keyboard";"serious";"slider_first";9,1601;549606;549,606;"2026-06-10T08:19:16.903Z";"2026-06-10T08:28:26.504Z";"root";NA;"completion";15,0078752205107;"Individualist";19,9298535472136;"Individualist";1;17,4688643838622;NA;NA;NA;NA;NA;NA;1;1;2
139;10,1331783333333;607990,699999996;607,990699999996;"2026-06-18T00:44:26.634Z";"2026-06-18T00:54:34.641Z";"root";NA;"completion";" Erst habe ich immer eins fur beide seiten aufgedeckt und dann einmal versucht, nur eine seite aufzudecken komplett und wenn mir die summe gefallen hat, die seite dann gewahlt oder auf gluck falls es mir nicht gefallen hat die andere aber ich habe mich mit der auf beiden seite eins aufdecken besser gefuhlt.";" ";1;6;"female";25;"mouse";"serious";"ring_first";6,4998800000002;389992,800000012;389,992800000012;"2026-06-09T08:09:40.114Z";"2026-06-09T08:16:10.118Z";"root";NA;"completion";-9,81616337875373;"Individualist";16,9619533812933;"Individualist";1;3,57289500126978;"ring";10;17;223;273;244;6,17;7,27;13,44
140;11,1216300000012;667297,800000072;667,297800000072;"2026-06-18T06:45:10.027Z";"2026-06-18T06:56:17.326Z";"root";NA;"completion";" mein eigenanteil spielt natürlich eine rolle. ich versuche für beide eine faire aufteilung gestalten, sodass jeder bei einer möglichen max. summe viel erhält. ist eine summe deutlich höher als die niedrige summe des anderen, ist das okay, weil der gesamtbetrag entscheidend ist. also bekomm jemand 1 oder 5 euro und der andere bei 1 euro auch 1 euro und wenn einer 5 euro erhält und der andere dann nur 0,3 Euro, ist das okay weil der Betrag sehr hoch ist und im gesamtverhältnis akzeptabel, dass jemand dann deutlich den kürzeren zieht. Insgesamt gilt es beiden eine hohe Summe zu ermöglichen. ich versuche möglichst genug infos beim aufdecken zu erhalten. allerdings nicht zu viel, da mich jede Info Geld kostet. und manchmal reichen Teilinfos.";" ";1;144;"male";30;"mouse";"serious";"ring_first";8,08538333333333;485123;485,123;"2026-06-10T07:21:23.741Z";"2026-06-10T07:29:28.864Z";"root";NA;"completion";50,2792800556457;"Prosocial";42,9734844528352;"Prosocial";1;46,6263822542405;"ring";10;24;131;100;210;4,1;5,36;9,46
141;12,1823800000002;730942,800000012;730,942800000012;"2026-06-18T06:54:19.089Z";"2026-06-18T07:06:30.032Z";"root";NA;"completion";" Ich habe mich nur von meinem gefühl leiten lassen";" ";1;149;"male";74;"mouse";"serious";"ring_first";14,0928783333336;845572,700000018;845,572700000018;"2026-06-10T08:26:43.081Z";"2026-06-10T08:40:48.655Z";"root";NA;"completion";12,5808711019216;"Individualist";32,314994986322;"Prosocial";1;22,4479330441218;"slider";14;7;156;278;256;6,34;5,37;11,71
142;12,9790466666667;778742,8;778,7428;"2026-06-18T07:02:40.338Z";"2026-06-18T07:15:39.094Z";"root";NA;"completion";" -ich wollte nicht zu viel aufklicken, um nicht unnötig Geld zu verlieren
-insgesamt versuchte ich, dass es fair sein könnte
-vermutlich waren mir aber meine gewinne insgesamt wichtig 
";" ";1;106;"female";19;"mouse";"serious";"ring_first";8,72231666666667;523339;523,339;"2026-06-09T20:33:30.085Z";"2026-06-09T20:42:13.437Z";"root";NA;"completion";15,0078752205107;"Individualist";33,0326996154613;"Prosocial";1;24,020287417986;"ring";14;19;193;-41;241;3;7,55;10,55
143;7,01258166666664;420754,899999999;420,754899999998;"2026-06-18T08:22:43.703Z";"2026-06-18T08:29:44.458Z";"root";NA;"completion";" Ich habe versucht möglichst wenige Felder aufzudecken, um kein Geld zu verlieren. Dann habe ich meist den Betrag gewählt, der nach dem ersten Aufdecken größer war
";" ";1;145;"male";25;"mouse";"serious";"slider_first";8,77064166666667;526238,5;526,2385;"2026-06-10T07:31:46.441Z";"2026-06-10T07:40:32.681Z";"root";NA;"completion";52,1446583705914;"Prosocial";35,5899353155345;"Prosocial";1;43,8672968430629;"ring";15;19;146;48;-73;0,75;6,14;6,89
144;9,62813666666672;577688,200000003;577,688200000003;"2026-06-18T08:29:32.279Z";"2026-06-18T08:39:09.986Z";"root";NA;"completion";" Ich habe 1-2 MEINER weiteren Beträge geöffnet. Wenn bereits nach einem klar war, was ich will, habe ich mich entschieden. Spätestens nach 2 geöffneten Beträgen habe ich zusammengerechnet und mich für das entschieden, was höher war. Auf die Beträge der anderen Person habe ich hier garnicht geachtet.";" ";1;182;"female";23;"mouse";"serious";"slider_first";14,4382183333334;866293,100000001;866,293100000001;"2026-06-10T13:37:33.060Z";"2026-06-10T13:51:59.372Z";"root";NA;"completion";7,19923363836765;"Individualist";35,6730994509839;"Prosocial";1;21,4361665446758;"ring";14;13;132;152;200;4,52;7,67;12,19
145;3,06057666666669;183634,600000001;183,634600000001;"2026-06-18T08:57:44.262Z";"2026-06-18T09:00:47.897Z";"root";NA;"completion";" ";" ";1;181;"female";34;"mouse";"serious";"ring_first";6,64151500000001;398490,9;398,4909;"2026-06-10T13:24:33.183Z";"2026-06-10T13:31:11.674Z";"root";NA;"completion";39,7800609516922;"Prosocial";42,0089543732967;"Prosocial";1;40,8945076624944;"slider";1;13;143;278;273;6,51;5,43;11,94
146;5,71635;342981;342,981;"2026-06-18T09:14:59.728Z";"2026-06-18T09:20:42.711Z";"root";NA;"completion";" immer eins aufdecken
danach das meiste auswählen
falls unsicher noch eins aufdecken";" ";1;170;"male";26;"keyboard";"serious";"slider_first";12,2071466666659;732428,799999952;732,428799999952;"2026-06-10T11:37:37.247Z";"2026-06-10T11:49:49.678Z";"root";NA;"completion";0;"Individualist";16,9619533812933;"Individualist";1;8,48097669064665;"slider";10;9;190;256;204;5,6;9,97;15,57
147;13,2463416666667;794780,5;794,7805;"2026-06-18T09:36:13.412Z";"2026-06-18T09:49:28.189Z";"root";NA;"completion";"Fast immer nur eins aufgedeckt um zusätzliche kosten zu vermeiden. Aufgedeckt neben dem geringsten Betrag, wenn die summe der beiden offenen dann kleiner war als der Betrag der anderen Option habe ich die andere gewält, sonst bin ich dabei geblieben. Und immer bisschen bauchgefühl ";" ";1;185;"female";20;"mouse";"serious";"ring_first";11,7286399999996;703718,399999976;703,718399999976;"2026-06-10T14:21:00.156Z";"2026-06-10T14:32:43.871Z";"root";NA;"completion";22,4645922129485;"Prosocial";34,1448446004196;"Prosocial";1;28,3047184066841;"slider";13;14;123;285;270;6,55;8,49;15,04
148;10,5294583333333;631767,5;631,7675;"2026-06-18T09:55:20.819Z";"2026-06-18T10:05:52.587Z";"root";NA;"completion";" ";" ";1;72;"female";32;"mouse";"serious";"ring_first";9,57146333332856;574287,799999714;574,287799999714;"2026-06-09T16:30:27.860Z";"2026-06-09T16:40:02.149Z";"root";NA;"completion";37,5213104918518;"Prosocial";33,0106161470678;"Prosocial";1;35,2659633194598;"slider";1;13;222;256;270;6,26;6,06;12,32
149;7,01685;421011;421,011;"2026-06-18T10:06:42.078Z";"2026-06-18T10:13:43.087Z";"root";NA;"completion";"Ich habe überwiegend meine Auszahlungen aufgedeckt, da sie mir relevanter erschienen. Dann habe ich versucht ausgleichend aufzudecken und geschaut, wo mehr Geld dabei ist und dann diese Version ausgewählt. ";" ";1;14;"female";20;"touchscreen";"serious";"slider_first";7,97151666666667;478291;478,291;"2026-06-09T08:54:54.045Z";"2026-06-09T09:02:52.331Z";"root";NA;"completion";18,632292862906;"Individualist";23,7620240590652;"Prosocial";1;21,1971584609856;"ring";13;18;112;300;270;6,7;8,67;15,37
150;8,53622666666667;512173,6;512,1736;"2026-06-18T10:29:55.553Z";"2026-06-18T10:38:27.717Z";"root";NA;"completion";" Ich habe versucht mit möglichst wenigen Aufdeckungen den höchsten Betrag für mich zu finden. ";" ";1;168;"male";27;"keyboard";"serious";"ring_first";15,8481233333333;950887,4;950,8874;"2026-06-10T10:59:14.415Z";"2026-06-10T11:15:05.269Z";"root";NA;"completion";7,53733805729811;"Individualist";29,9773041656621;"Prosocial";1;18,7573211114801;"slider";6;21;120;300;256;6,56;8,03;14,59
151;5,64515166666706;338709,100000024;338,709100000024;"2026-06-18T10:52:23.871Z";"2026-06-18T10:58:02.582Z";"root";NA;"completion";" Ich habe versucht herauszufinden in welche Richtung sich die weiteren Zahlen bewegen. Ich wollte aber ungern Geld für die Infos ausgeben.";" ";1;175;"female";24;"keyboard";"serious";"ring_first";10,5961733333334;635770,400000006;635,770400000006;"2026-06-10T12:32:30.595Z";"2026-06-10T12:43:06.366Z";"root";NA;"completion";51,7164721035597;"Prosocial";41,1406559261068;"Prosocial";1;46,4285640148333;"ring";15;2;11;48;293;4,41;7,09;11,5
152;6,48831833333336;389299,100000001;389,299100000001;"2026-06-18T11:11:29.447Z";"2026-06-18T11:17:58.750Z";"Instruction_pay_for_search";"5";"form submission";NA;NA;0;173;"female";63;"mouse";"serious";"slider_first";14,5131833333333;870791;870,791;"2026-06-10T12:26:11.095Z";"2026-06-10T12:40:41.897Z";"root";NA;"completion";45;"Prosocial";36,6033316621998;"Prosocial";1;40,8016658310999;"ring";4;19;63;100;256;4,56;5,32;9,88
153;9,57189166666667;574313,5;574,3135;"2026-06-18T11:18:09.448Z";"2026-06-18T11:27:43.820Z";"root";NA;"completion";" Immer alle eigenen Felder aufdecken, da der Unterschied fast immer mehr als doppelt so groß sind wie die 30 cent und sich deshalb die 30 cent als Investment lohnen statt der 50/50 Chance.";" ";1;49;"female";19;"keyboard";"serious";"ring_first";16,0976150000006;965856,900000036;965,856900000036;"2026-06-09T15:16:00.094Z";"2026-06-09T15:32:05.953Z";"root";NA;"completion";23,5719191710989;"Prosocial";30,3736565455994;"Prosocial";1;26,9727878583492;"ring";14;13;101;241;256;5,97;7,89;13,86
154;12,8706216666659;772237,299999952;772,237299999952;"2026-06-18T12:06:15.583Z";"2026-06-18T12:19:07.828Z";"root";NA;"completion";" zuerst prüfen, welcher eigener Betrag schon am höchsten ist, dann dort ein weiteres feld aufdecken
nie verlust durch eine zweite Aufdeckung machen";" ";1;61;"female";19;"keyboard";"serious";"slider_first";18,3595400000016;1101572,4000001;1101,5724000001;"2026-06-09T15:51:15.637Z";"2026-06-09T16:09:37.212Z";"root";NA;"completion";34,4245885602346;"Prosocial";22,6460035317714;"Prosocial";1;28,535296046003;"ring";15;9;128;48;150;2,98;6,57;9,55
155;7,691425;461485,5;461,4855;"2026-06-18T12:16:04.241Z";"2026-06-18T12:23:45.740Z";"root";NA;"completion";"Ich habe versucht so wenig wie möglich aufzudecken& trotzdem einen möglichst guten Überblick über die Fairness zu bekommen. Ich habe mich letzendlich für die Option entschieden, bei der ich das Gefühl hatte, sie sei die Optimalste für meinen Partner und mich.";" ";1;214;"female";15;"mouse";"serious";"slider_first";11,5325;691950;691,95;"2026-06-11T16:35:46.671Z";"2026-06-11T16:47:18.631Z";"root";NA;"completion";53,3229085120094;"Prosocial";42,4535334516806;"Prosocial";1;47,888220981845;"ring";4;4;218;152;278;5,3;8,58;13,88
156;6,60063333333333;396038;396,038;"2026-06-18T12:18:21.217Z";"2026-06-18T12:24:57.268Z";"root";NA;"completion";"";" ";1;215;"male";23;"mouse";"serious";"slider_first";6,61598333333333;396959;396,959;"2026-06-11T16:35:12.478Z";"2026-06-11T16:41:49.430Z";"root";NA;"completion";10,8473468429534;"Individualist";20,5469226563159;"Individualist";1;15,6971347496346;"slider";3;6;176;300;210;6,1;4,35;10,45
157;2,22157;133294,2;133,2942;"2026-06-18T12:29:36.733Z";"2026-06-18T12:31:50.046Z";"root";NA;"completion";" ";" ";0;197;"male";21;"touchscreen";"serious";"slider_first";3,01226666666667;180736;180,736;"2026-06-10T21:41:46.779Z";"2026-06-10T21:44:47.539Z";"root";NA;"completion";0;"Individualist";16,9619533812933;"Individualist";1;8,48097669064665;NA;NA;NA;NA;NA;NA;1;1;2
158;5,5835;335010;335,01;"2026-06-18T12:35:07.554Z";"2026-06-18T12:40:42.576Z";"root";NA;"completion";" ";" ";1;199;"male";26;"mouse";"serious";"ring_first";4,17806666666667;250684;250,684;"2026-06-11T06:41:16.539Z";"2026-06-11T06:45:27.229Z";"root";NA;"completion";0;"Individualist";16,9619533812933;"Individualist";1;8,48097669064665;"ring";4;22;126;293;0;3,93;7,85;11,78
159;4,77868333333333;286721;286,721;"2026-06-18T12:53:56.141Z";"2026-06-18T12:58:42.863Z";"MouseLabSequence";"10_7";"completion";NA;NA;0;192;"female";24;"mouse";"serious";"slider_first";6,15471666666667;369283;369,283;"2026-06-10T17:26:48.694Z";"2026-06-10T17:32:57.980Z";"root";NA;"completion";14,3457382538586;"Individualist";30,8078178883269;"Prosocial";1;22,5767780710928;"slider";4;10;158;255;210;5,65;6,54;12,19
160;6,86506666666667;411904;411,904;"2026-06-18T12:53:56.141Z";"2026-06-18T13:00:48.048Z";"root";NA;"completion";" ";" ";1;192;"female";24;"mouse";"serious";"slider_first";6,15471666666667;369283;369,283;"2026-06-10T17:26:48.694Z";"2026-06-10T17:32:57.980Z";"root";NA;"completion";14,3457382538586;"Individualist";30,8078178883269;"Prosocial";1;22,5767780710928;"slider";4;10;158;255;210;5,65;6,54;12,19
161;7,21994166666667;433196,5;433,1965;"2026-06-18T13:06:59.742Z";"2026-06-18T13:14:12.959Z";"root";NA;"completion";" Ich bin davon ausgeangen, dass die unterschiede nicht alzu groß sein werden. Dann habe ich versuchst den größtmöglichen Betrag zu raten, der für mich raus kommen kann. Das kann auch deutlcih daneben gewesen sein. ";" ";1;108;"female";36;"mouse";"serious";"slider_first";8,5404;512424;512,424;"2026-06-09T20:54:35.777Z";"2026-06-09T21:03:08.195Z";"root";NA;"completion";22,4645922129485;"Prosocial";30,5573455290817;"Prosocial";1;26,5109688710151;"ring";6;12;173;100;300;5;7,36;12,36
162;10,73405;644043;644,043;"2026-06-18T13:17:27.361Z";"2026-06-18T13:28:11.424Z";"root";NA;"completion";"ein feld pro option öffnen, wenn deutlicher unterschied im gesamtsumme für mich selbst, dann für diese entscheiden/wählen. Wenn ähnlich, dann weiteres Feld öffnen und dann erst wählen";" ";1;202;"female";23;"mouse";"serious";"ring_first";11,7018;702108;702,108;"2026-06-11T09:11:38.726Z";"2026-06-11T09:23:20.837Z";"root";NA;"completion";15,5652599264169;"Individualist";32,4472158187456;"Prosocial";1;24,0062378725812;"ring";5;18;105;-41;100;1,59;5,19;6,78
163;3,82038333333333;229223;229,223;"2026-06-18T13:30:46.768Z";"2026-06-18T13:34:36.008Z";"root";NA;"completion";" Ich habe mir die Seite mit dem höheren Preis ausgesucht und dort aufgedeckt ";" ";1;205;"female";38;"mouse";"serious";"slider_first";33,6476666666667;2018860;2018,86;"2026-06-11T10:12:47.261Z";"2026-06-11T10:46:26.052Z";"root";NA;"completion";3,25194560036386;"Individualist";16,9619533812933;"Individualist";1;10,1069494908286;"slider";12;1;29;256;-93;2,63;6,54;9,17
164;4,6726;280356;280,356;"2026-06-18T13:42:57.470Z";"2026-06-18T13:47:37.827Z";"root";NA;"completion";" ";" ";1;66;"male";29;"touchscreen";"serious";"slider_first";5,94978500000238;356987,100000143;356,987100000143;"2026-06-09T16:04:06.430Z";"2026-06-09T16:10:03.432Z";"root";NA;"completion";22,5531385269108;"Prosocial";33,6468363122172;"Prosocial";1;28,099987419564;"ring";13;15;149;48;233;3,81;9,87;13,68
165;6,19662666666905;371797,600000143;371,797600000143;"2026-06-18T14:01:23.148Z";"2026-06-18T14:07:34.946Z";"root";NA;"completion";" Ich habe versucht öfter mal bei den niedrigeren Beträgen zu schauen ob ein zweiter Betrag höher ist als der einzelne offen gedeckte bei der anderen option";" ";1;201;"female";22;"mouse";"serious";"slider_first";10,1538916666667;609233,5;609,2335;"2026-06-11T08:05:52.788Z";"2026-06-11T08:16:02.020Z";"root";NA;"completion";43,909937001787;"Prosocial";41,1406559261068;"Prosocial";1;42,5252964639469;"slider";9;21;74;225;152;4,77;4,96;9,73
166;16,609215;996552,899999999;996,552899999999;"2026-06-18T14:14:54.635Z";"2026-06-18T14:31:31.193Z";"search_task";"10";"completion";NA;NA;1;173;"female";63;"mouse";"serious";"slider_first";14,5131833333333;870791;870,791;"2026-06-10T12:26:11.095Z";"2026-06-10T12:40:41.897Z";"root";NA;"completion";45;"Prosocial";36,6033316621998;"Prosocial";1;40,8016658310999;"ring";4;19;63;100;256;4,56;5,32;9,88
167;2,06345333333333;123807,2;123,8072;"2026-06-18T15:29:36.631Z";"2026-06-18T15:31:40.438Z";"Instruction_questionmarks";"4";"form submission";NA;NA;0;163;"female";21;"mouse";"serious";"slider_first";8,50881166666666;510528,7;510,5287;"2026-06-10T10:14:19.584Z";"2026-06-10T10:22:50.114Z";"root";NA;"completion";0;"Individualist";16,9619533812933;"Individualist";1;8,48097669064665;"slider";12;1;175;300;-93;3,07;9,38;12,45
168;7,716775;463006,5;463,0065;"2026-06-18T16:51:45.013Z";"2026-06-18T16:59:28.029Z";"root";NA;"completion";" - meistens bei der Option mit mehr Geld geschaut ob die verdeckten auch mehr Geld geben würden";" ";1;92;"female";22;"mouse";"serious";"slider_first";13,0018466666669;780110,800000012;780,110800000012;"2026-06-09T19:41:57.456Z";"2026-06-09T19:54:57.608Z";"root";NA;"completion";6,35727966055777;"Individualist";25,0459743472257;"Prosocial";1;15,7016270038917;"ring";15;5;100;293;221;6,14;4,76;10,9
169;4,48024166666667;268814,5;268,8145;"2026-06-18T18:29:10.864Z";"2026-06-18T18:33:39.679Z";"root";NA;"completion";" ";" ";1;186;"female";40;"mouse";"serious";"ring_first";12,0158066666673;720948,400000036;720,948400000036;"2026-06-10T15:00:32.896Z";"2026-06-10T15:12:33.845Z";"root";NA;"completion";0;"Individualist";16,9619533812933;"Individualist";1;8,48097669064665;"slider";6;24;89;300;172;5,72;7,39;13,11
170;41,2016666666667;2472100;2472,1;"2026-06-18T18:46:59.763Z";"2026-06-18T19:28:11.868Z";"root";NA;"completion";" Ich suchte die Spalte aus, bei der ich immer ein wenig mehr in der Additon hatte.";" ";1;211;"female";84;"keyboard";"serious";"slider_first";37,2821666666667;2236930;2236,93;"2026-06-11T14:25:33.711Z";"2026-06-11T15:02:53.754Z";"root";NA;"completion";16,9492242338214;"Individualist";40,6128859415312;"Prosocial";1;28,7810550876763;"ring";15;10;39;48;281;4,29;6,48;10,77
171;15,6199633333286;937197,799999714;937,197799999714;"2026-06-18T18:48:35.813Z";"2026-06-18T19:04:13.011Z";"root";NA;"completion";" ";" ";1;109;"female";31;"mouse";"serious";"slider_first";7,15588666666349;429353,199999809;429,353199999809;"2026-06-09T20:56:06.361Z";"2026-06-09T21:03:15.715Z";"root";NA;"completion";7,53733805729811;"Individualist";16,9619533812933;"Individualist";1;12,2496457192957;"ring";10;8;182;48;293;4,41;8,19;12,6
172;9,72113833333353;583268,300000012;583,268300000012;"2026-06-18T18:56:04.454Z";"2026-06-18T19:05:47.724Z";"root";NA;"completion";" Wenn beim höheren Betrag wieder ein einigermaßen hoher Betrag als Information kam, habe ich auf den Kauf weiterer Infos verzichtet.";" ";1;121;"female";29;"mouse";"serious";"ring_first";20,3668149999996;1222008,89999998;1222,00889999998;"2026-06-10T04:22:09.938Z";"2026-06-10T04:42:31.949Z";"root";NA;"completion";18,3834701489816;"Individualist";24,0985210692069;"Prosocial";1;21,2409956090942;"ring";15;24;3;-73;210;2,37;6,85;9,22
173;8,27152333333343;496291,400000006;496,291400000006;"2026-06-18T20:25:23.302Z";"2026-06-18T20:33:39.595Z";"root";NA;"completion";" ";" ";1;203;"female";27;"keyboard";"serious";"slider_first";41,1399166666667;2468395;2468,395;"2026-06-11T09:27:02.850Z";"2026-06-11T10:08:11.255Z";"root";NA;"completion";14,4462908423528;"Individualist";16,9619533812933;"Individualist";1;15,7041221118231;"slider";2;4;77;300;270;6,7;8,2;14,9
174;10,2026833333333;612161;612,161;"2026-06-19T06:49:59.123Z";"2026-06-19T07:00:11.290Z";"root";NA;"completion";" ";" ";1;210;"female";40;"mouse";"serious";"slider_first";11,9958666666667;719752;719,752;"2026-06-11T11:58:11.846Z";"2026-06-11T12:10:11.620Z";"root";NA;"completion";39,0394383426646;"Prosocial";32,4610172279981;"Prosocial";1;35,7502277853313;"slider";2;22;12;278;262;6,4;5,53;11,93
175;6,42821666666667;385693;385,693;"2026-06-19T09:30:12.697Z";"2026-06-19T09:36:38.388Z";"root";NA;"completion";" Sobald eine gewisse Nähe zu 4€ auf einer Seite erreicht ist, akzeptieren. Ist der Betrag weit weg von den 4€, die andere Seite wählen. Auszahlungen der anderen Person nur einfließen lassen, wenn beide Seiten vergleichbar sind da sonst zu kompliziert.";" ";1;62;"male";20;"mouse";"serious";"slider_first";7,67576666666667;460546;460,546;"2026-06-09T15:48:17.360Z";"2026-06-09T15:55:57.902Z";"root";NA;"completion";30,0212253575505;"Prosocial";33,9920650380479;"Prosocial";1;32,0066451977992;"ring";2;10;72;293;256;6,49;5,57;12,06
176;14,93315;895989;895,989;"2026-06-19T10:43:53.595Z";"2026-06-19T10:58:49.586Z";"root";NA;"completion";" - Möglichst hohe summierte Beträge für mich
- Wenn die Optionen ähnlich waren oder es nur cent unterschiede gabe, dann die option wo die andere Person den höchsten Profit draus zieht";" ";1;164;"female";21;"keyboard";"serious";"slider_first";13,3437833333333;800627;800,627;"2026-06-10T10:39:05.995Z";"2026-06-10T10:52:26.624Z";"root";NA;"completion";37,5068128696839;"Prosocial";33,0780916809943;"Prosocial";1;35,2924522753391;"ring";2;16;43;0;-41;0,59;9,34;9,93
177;4,17951666666667;250771;250,771;"2026-06-19T12:22:16.944Z";"2026-06-19T12:26:27.714Z";"Instruction_pay_for_search";"5";"form submission";NA;NA;0;169;"female";28;"mouse";"serious";"ring_first";4,60401666666667;276241;276,241;"2026-06-10T11:03:43.249Z";"2026-06-10T11:08:19.505Z";"root";NA;"completion";0;"Individualist";12,2535423445899;"Individualist";1;6,12677117229495;"ring";1;8;204;-41;-100;-0,41;7,93;7,52
178;7,51896666666667;451138;451,138;"2026-06-19T12:22:16.944Z";"2026-06-19T12:29:48.097Z";"root";NA;"completion";" ";" ";1;169;"female";28;"mouse";"serious";"ring_first";4,60401666666667;276241;276,241;"2026-06-10T11:03:43.249Z";"2026-06-10T11:08:19.505Z";"root";NA;"completion";0;"Individualist";12,2535423445899;"Individualist";1;6,12677117229495;"ring";1;8;204;-41;-100;-0,41;7,93;7,52
179;4,11238333333333;246743;246,743;"2026-06-19T13:18:48.726Z";"2026-06-19T13:22:55.481Z";"root";NA;"completion";" Wollte meinen Gewinn maximieren und möglichst wenig zusätzlich aufdecken";" ";1;230;"male";32;"mouse";"serious";"slider_first";3,23221666666667;193933;193,933;"2026-06-12T23:24:24.132Z";"2026-06-12T23:27:38.081Z";"root";NA;"completion";0;"Individualist";16,9619533812933;"Individualist";1;8,48097669064665;"ring";10;5;53;48;273;4,21;7,05;11,26
180;12,5046333333333;750278;750,278;"2026-06-19T14:34:05.110Z";"2026-06-19T14:46:35.406Z";"root";NA;"completion";" Ich habe zunächst eine Zahl bei dem höheren Betrag aufdecken lassen, wenn mir dieser \"groß genug\" war, habe ich die Option gewählt, wenn nicht, auch noch bei der anderen Seite ein Fel aufdecken lassen und dann zwischen den beiden entschieden.";" Es wäre schön im Nachhinein zu erfahren, was genau untersucht wird und was die Ergebnisse der Studie waren.";1;194;"female";34;"mouse";"serious";"slider_first";11,3493166666667;680959;680,959;"2026-06-10T19:21:30.305Z";"2026-06-10T19:32:51.284Z";"root";NA;"completion";7,68104365997097;"Individualist";25,6923546354276;"Prosocial";1;16,6866991476993;"slider";1;19;228;295;200;5,95;6,78;12,73
181;5,69625;341775;341,775;"2026-06-19T15:36:33.657Z";"2026-06-19T15:42:15.422Z";"root";NA;"completion";" Möglichst gleiche/ ähnliche Beträge ";" ";1;222;"female";20;"touchscreen";"serious";"slider_first";8,53676666666667;512206;512,206;"2026-06-11T19:39:22.138Z";"2026-06-11T19:47:54.328Z";"root";NA;"completion";58,0274322405123;"Altruist";47,9563106575037;"Prosocial";1;52,991871449008;"slider";6;8;203;300;150;5,5;8,1;13,6
182;9,70057833333314;582034,699999988;582,034699999988;"2026-06-19T17:51:53.095Z";"2026-06-19T18:01:35.130Z";"root";NA;"completion";" Ich habe die zwei bekannten Beträge miteinander addiert und dann geschaut, ob dies schon mehr ist als der eine andere bekannte Betrag. War der addierte Betrag weniger als der einzelne bekannte Betrag, habe ich mich für die Option entschieden, wo mir nur eins bekannt war. ";" ";1;219;"female";23;"mouse";"serious";"slider_first";8,97961500000159;538776,900000095;538,776900000095;"2026-06-11T18:30:39.439Z";"2026-06-11T18:39:38.216Z";"root";NA;"completion";29,9208660250389;"Prosocial";42,2610277550263;"Prosocial";1;36,0909468900326;"ring";3;4;81;300;270;6,7;5,98;12,68
183;13,2383;794298;794,298;"2026-06-19T17:54:14.982Z";"2026-06-19T18:07:29.289Z";"root";NA;"completion";" Ohne spezielles Vorgehen. Geschaut, dass der Andere auch etwas bekommt. Manchmal an eigenem Vorteil orientiert. Anfangs versucht oder gedacht einfach kein Geld für das Aufdecken auszugeben, dann hat mich doch die Neugierde gepackt. ";" ";1;216;"female";27;"mouse";"serious";"ring_first";15,9003666666667;954022;954,022;"2026-06-11T17:35:02.472Z";"2026-06-11T17:50:56.501Z";"root";NA;"completion";37,4475292864697;"Prosocial";37,278481312102;"Prosocial";1;37,3630052992859;"ring";15;22;159;100;48;2,48;6,83;9,31
184;8,30335333333313;498201,199999988;498,201199999988;"2026-06-19T19:57:30.692Z";"2026-06-19T20:05:48.894Z";"root";NA;"completion";" ";" ";1;224;"female";58;"mouse";"serious";"slider_first";10,3981483333309;623888,899999857;623,888899999857;"2026-06-12T08:37:46.166Z";"2026-06-12T08:48:10.055Z";"root";NA;"completion";-5,65621563451599;"Individualist";35,6336816567741;"Prosocial";1;14,9887330111291;"ring";10;23;168;152;270;5,22;7,11;12,33
185;14,4089833333333;864539;864,539;"2026-06-19T20:45:14.927Z";"2026-06-19T20:59:39.476Z";"root";NA;"completion";"Ich habe mich auf die Beträge für mich konzentiert, habe dann zunächst geschaut welche der beiden sichtbaren Optionen den höheren Betrag haben und anschließend einen Kasten in dieser Reihe geöffnet. Falls mir der geöffnete Betrag gefallen hat, habe ich auf weiter geklickt. Wenn ich neugierig oder den geöffneten Betrag als zu niedrig empfunden habe, habe ich weitere Kästen geöffnet.";" ";1;58;"female";27;"mouse";"serious";"ring_first";9,37678333333333;562607;562,607;"2026-04-29T22:17:10.765Z";"2026-04-29T22:26:33.383Z";"root";NA;"completion";24,3255752391261;"Prosocial";40,9197128120765;"Prosocial";1;32,6226440256013;"slider";10;2;155;225;270;5,95;6,27;12,22
186;15,80865;948519;948,519;"2026-06-19T21:48:37.555Z";"2026-06-19T22:04:26.075Z";"root";NA;"completion";" Ich habe mich primär auf meine (potentielle) Auszahlung fokussiert und den Betrag aufgedeckt, der neben dem höchsten Betrag für mich stand. ";" ";1;163;"female";21;"mouse";"serious";"slider_first";8,50881166666666;510528,7;510,5287;"2026-06-10T10:14:19.584Z";"2026-06-10T10:22:50.114Z";"root";NA;"completion";0;"Individualist";16,9619533812933;"Individualist";1;8,48097669064665;"slider";12;1;175;300;-93;3,07;9,38;12,45
187;4,7109;282654;282,654;"2026-06-20T08:47:30.461Z";"2026-06-20T08:52:13.113Z";"root";NA;"completion";"Den Kostenfaktor möglichst gering halten, also so wenig Informationen aufdecken wie möglich. Dann intuitive Auswahl der Optionen";" ";1;172;"male";26;"mouse";"serious";"ring_first";5,50665333333214;330399,199999928;330,399199999928;"2026-06-10T12:00:30.897Z";"2026-06-10T12:06:01.295Z";"root";NA;"completion";45;"Prosocial";33,8004780641189;"Prosocial";1;39,4002390320594;"ring";4;13;195;273;-93;2,8;4,68;7,48
188;6,96595;417957;417,957;"2026-06-20T16:04:13.388Z";"2026-06-20T16:11:11.352Z";"root";NA;"completion";" ";" ";1;228;"female";26;"mouse";"serious";"ring_first";8,40931666666667;504559;504,559;"2026-06-12T16:54:13.957Z";"2026-06-12T17:02:38.514Z";"root";NA;"completion";18,7257878452726;"Individualist";41,2757005408863;"Prosocial";1;30,0007441930794;"ring";10;24;118;273;241;6,14;6,1;12,24
189;6,85124666666667;411074,8;411,0748;"2026-06-20T18:58:06.146Z";"2026-06-20T19:04:57.218Z";"root";NA;"completion";"Tendenziell habe ich zunächst meine Anteile aufgedeckt, danach die der anderen Person. Dies allerdings nur, wenn ich noch nicht mit meinen eigenen Anteilen zufrieden war.";" ";1;200;"female";28;"mouse";"serious";"slider_first";6,62730333333313;397638,199999988;397,638199999988;"2026-06-11T07:48:32.287Z";"2026-06-11T07:55:09.911Z";"root";NA;"completion";9,93092500513145;"Individualist";33,290800264133;"Prosocial";1;21,6108626346322;"ring";4;7;109;300;293;6,93;5,3;12,23
190;9,2579;555474;555,474;"2026-06-21T07:21:37.624Z";"2026-06-21T07:30:53.088Z";"root";NA;"completion";" Manchmal einfach nach Gefühl. Manchmal, wenn ich dachte, dass ich für mich in der letzten Runde mehr Geld „eingefordert“ habe, habe ich auch der Anderen mal was „gegönnt“.";" ";1;187;"female";22;"mouse";"serious";"slider_first";12,1529;729174;729,174;"2026-06-10T16:08:12.236Z";"2026-06-10T16:20:21.423Z";"root";NA;"completion";36,6770914879906;"Prosocial";42,0515852285238;"Prosocial";1;39,3643383582572;"slider";12;8;15;225;210;5,35;8,99;14,34
191;4,969825;298189,5;298,1895;"2026-06-21T12:23:43.904Z";"2026-06-21T12:28:42.095Z";"root";NA;"completion";" Ich habe hauptsächlich nur versucht die Option mit einem möglichst hohen Gewinn für mich selber zu finden, ohne hohe Kosten zur Aufdeckung zu verursachen ";" ";1;131;"female";27;"mouse";"serious";"ring_first";7,22700666666428;433620,399999857;433,620399999857;"2026-06-10T06:05:07.888Z";"2026-06-10T06:12:21.509Z";"root";NA;"completion";15,0791339749611;"Individualist";20,2118936519114;"Individualist";1;17,6455138134362;"slider";14;23;262;300;210;6,1;5,82;11,92
192;5,84956666666667;350974;350,974;"2026-06-21T17:20:21.389Z";"2026-06-21T17:26:12.377Z";"root";NA;"completion";" Ca ähnlicher Geldanteil (z.T. ich eher mehr)";" ";1;209;"male";22;"mouse";"serious";"ring_first";9,34686666666667;560812;560,812;"2026-06-11T11:42:58.215Z";"2026-06-11T11:52:19.034Z";"root";NA;"completion";38,2835278964403;"Prosocial";37,8034031095766;"Prosocial";1;38,0434655030084;"ring";6;9;67;-93;150;1,57;5,66;7,23
193;21,35605;1281363;1281,363;"2026-06-21T21:57:30.119Z";"2026-06-21T22:18:51.493Z";"root";NA;"completion";" Wollte so gut es mir erschien Fairness walten lassen, aber auch nicht altruistisch entscheiden. Daher oft eine Bauchentscheidung ohne logische Begründung.";" ";1;130;"male";57;"mouse";"serious";"ring_first";55,3641;3321846;3321,846;"2026-06-10T06:02:27.897Z";"2026-06-10T06:57:49.748Z";"root";NA;"completion";28,8468378873835;"Prosocial";35,6670273217164;"Prosocial";1;32,2569326045499;"ring";3;7;106;-73;241;2,68;6,52;9,2
194;4,36004833333294;261602,899999976;261,602899999976;"2026-06-22T07:21:21.257Z";"2026-06-22T07:25:42.857Z";"root";NA;"completion";" ";" ";1;223;"female";30;"keyboard";"serious";"ring_first";12,2998983333329;737993,899999976;737,993899999976;"2026-06-12T07:37:47.899Z";"2026-06-12T07:50:05.899Z";"root";NA;"completion";55,1198230661301;"Prosocial";42,4535334516806;"Prosocial";1;48,7866782589054;"slider";10;3;42;244;-93;2,51;7,93;10,44
195;9,1718501;550311,006;550,311006;"2026-06-22T10:43:33.387Z";"2026-06-22T10:52:43.881Z";"root";NA;"completion";"1) Zufällige Auswahl innerhalb der eigenen Reihe, um den zunächst höheren Gesamtbetrag zu ermitteln. 2) Sollten so nur geringe Beträge aufgedeckt worden sein, Aufdecken eines weiteren Feldes in der eigenen Reihe und dann Auswahl des höheren Gesamtbetrags";" ";1;31;"male";24;"mouse";"serious";"ring_first";8,75961963333333;525577,178;525,577178;"2026-06-09T12:12:33.397Z";"2026-06-09T12:21:19.141Z";"root";NA;"completion";6,35727966055777;"Individualist";19,4385678496704;"Individualist";1;12,8979237551141;"slider";8;17;5;300;210;6,1;6,98;13,08
196;8,06340666666826;483804,400000095;483,804400000095;"2026-06-22T11:08:59.265Z";"2026-06-22T11:17:03.070Z";"root";NA;"completion";" Ich habe mich immer für die größeren Beträge entschieden, lag der erste Betrag unter 1 Euro habe ich mir ebenfalls die andere Option angesehen. ";" ";1;42;"female";26;"mouse";"serious";"slider_first";4,80206333333353;288123,800000012;288,123800000012;"2026-06-09T13:10:45.531Z";"2026-06-09T13:15:33.649Z";"root";NA;"completion";0;"Individualist";14,3018379475877;"Individualist";1;7,15091897379385;"ring";11;2;76;152;-73;1,79;7,01;8,8
197;7,34493666666665;440696,199999999;440,696199999999;"2026-06-22T11:31:05.897Z";"2026-06-22T11:38:26.596Z";"root";NA;"completion";"habe hauptsächlich geschaut wie ich mein Anteil maximiere. danach hab ich geschaut wie viel die andere Person bekommt und je nachdem entschieden. ";" ";1;151;"female";30;"mouse";"serious";"ring_first";6,98548333333333;419129;419,129;"2026-06-10T08:42:34.833Z";"2026-06-10T08:49:33.959Z";"root";NA;"completion";36,4222834749835;"Prosocial";41,2809146808327;"Prosocial";1;38,8515990779081;"slider";3;22;125;190;150;4,4;7,87;12,27
198;5,0405399999996;302432,399999976;302,432399999976;"2026-06-22T13:50:51.684Z";"2026-06-22T13:55:54.118Z";"root";NA;"completion";" ";" ";1;240;"female";20;"mouse";"serious";"ring_first";7,51748833333328;451049,299999997;451,049299999997;"2026-06-15T11:11:25.457Z";"2026-06-15T11:18:56.507Z";"root";NA;"completion";45;"Prosocial";41,1406559261068;"Prosocial";1;43,0703279630534;"ring";1;6;129;200;-41;2,59;5,38;7,97
199;11,8868183333317;713209,099999905;713,209099999905;"2026-06-22T13:56:27.733Z";"2026-06-22T14:08:20.944Z";"root";NA;"completion";" Ich habe meine Strategie geändert und bei dem niedrigeren Angebot ein weiteres Feld ausgewählt, um zu sehen, ob dort noch ein vielversprechender Gewinn darunter ist oder ob es sich eher lohnt auf die andere Auswahlmöglichkeit zu gehen, Ich habe keine Extra-Informationen gekauft, da mir das zu teuer wäre bei der Gewinnspanne.";" ";1;244;"female";24;"touchscreen";"serious";"slider_first";7,70243499999999;462146,1;462,1461;"2026-06-15T14:20:21.204Z";"2026-06-15T14:28:03.351Z";"root";NA;"completion";3,25194560036386;"Individualist";16,9619533812933;"Individualist";1;10,1069494908286;"slider";13;4;64;300;300;7;9,65;16,65
200;2,22683333333333;133610;133,61;"2026-06-22T13:56:38.678Z";"2026-06-22T13:58:52.290Z";"root";NA;"completion";" ";" ";0;240;"female";20;"mouse";"serious";"ring_first";7,51748833333328;451049,299999997;451,049299999997;"2026-06-15T11:11:25.457Z";"2026-06-15T11:18:56.507Z";"root";NA;"completion";45;"Prosocial";41,1406559261068;"Prosocial";1;43,0703279630534;"ring";1;6;129;200;-41;2,59;5,38;7,97
201;8,85741166666746;531444,700000048;531,444700000048;"2026-06-22T14:13:31.189Z";"2026-06-22T14:22:22.634Z";"root";NA;"completion";"Ich habe versucht, möglichst wenig Felder aufzudecken und die Option zu finden, bei der ich leicht besser rausgehe als mein Gegenüber, aber zu vermeiden, dass der der Unterschied zu groß ist.";" ";1;238;"prefer not to say";39;"mouse";"serious";"ring_first";6,99802333333492;419881,400000095;419,881400000095;"2026-06-15T06:54:51.190Z";"2026-06-15T07:01:51.072Z";"root";NA;"completion";13,8286509722801;"Individualist";41,5915433634278;"Prosocial";1;27,710097167854;"slider";6;17;162;225;221;5,46;6,18;11,64
202;5,58272666666682;334963,600000009;334,963600000009;"2026-06-22T14:36:15.883Z";"2026-06-22T14:41:50.864Z";"root";NA;"completion";" ";" ";1;235;"female";25;"mouse";"serious";"slider_first";8,91917333333343;535150,400000006;535,150400000006;"2026-06-14T10:44:54.680Z";"2026-06-14T10:53:49.838Z";"root";NA;"completion";15,0078752205107;"Individualist";32,4222772946108;"Prosocial";1;23,7150762575607;"slider";10;14;55;256;270;6,26;8,46;14,72
203;17,3081916666667;1038491,5;1038,4915;"2026-06-22T17:13:28.377Z";"2026-06-22T17:30:46.869Z";"root";NA;"completion";" Ich habe versucht meine Gewinne abzuschätzen. Was der andere dabei verdient, habe ich nicht berücksichtigt, weil cih nicht alle Informationen aufdecken kann (zu teuer).";" ";1;89;"female";35;"mouse";"serious";"slider_first";10,64462;638677,2;638,6772;"2026-06-09T19:34:46.805Z";"2026-06-09T19:45:25.483Z";"root";NA;"completion";45;"Prosocial";39,0018685454486;"Prosocial";1;42,0009342727243;"slider";15;14;104;203;270;5,73;5,82;11,55
204;11,4366666666667;686200;686,2;"2026-06-22T18:12:07.940Z";"2026-06-22T18:23:34.155Z";"root";NA;"completion";"ich habe darauf geachtet das der Abstand zwischen den Beträgen von der anderen Person und mir nicht soweit auseinander sind. Wenn der Abstand bei beiden Optionen sehr weit auseinander war haben ich durch das Aufdecken geschaut, ob es eine hähere Summe ist und diese dann ausgewählt.";" ";1;218;"female";20;"touchscreen";"serious";"ring_first";7,34763166666666;440857,9;440,8579;"2026-06-11T18:20:41.437Z";"2026-06-11T18:28:02.295Z";"root";NA;"completion";-74,8904248776596;"Competitive";40,6914645961946;"Prosocial";1;-17,0994801407325;"slider";15;22;95;278;150;5,28;5,69;10,97
205;11,66215;699729;699,729;"2026-06-22T18:24:07.332Z";"2026-06-22T18:35:47.071Z";"root";NA;"completion";" ";" ";1;217;"female";59;"mouse";"serious";"ring_first";12,672975;760378,5;760,3785;"2026-06-11T17:59:19.631Z";"2026-06-11T18:12:00.011Z";"root";NA;"completion";7,3940086425983;"Individualist";18,8398884524106;"Individualist";1;13,1169485475045;"ring";10;10;220;-41;200;2,59;6,37;8,96
206;7,67887000000079;460732,200000048;460,732200000048;"2026-06-22T18:37:34.464Z";"2026-06-22T18:45:15.200Z";"root";NA;"completion";"Ich habe dieses Mal nur auf meine eigenen Beträge geachtet und geschaut, wo ich am meisten bekommen könnte";" ";1;229;"female";19;"keyboard";"serious";"ring_first";18,2866316666663;1097197,89999998;1097,19789999998;"2026-06-12T18:50:11.751Z";"2026-06-12T19:08:28.963Z";"root";NA;"completion";52,4931871303161;"Prosocial";36,2703661603277;"Prosocial";1;44,3817766453219;"ring";5;6;48;300;150;5,5;7,24;12,74
207;12,572;754320;754,32;"2026-06-22T18:43:48.460Z";"2026-06-22T18:56:22.795Z";"root";NA;"completion";" habe versucht das optimale an betrag zu verteilen";" ";1;220;"female";63;"touchscreen";"serious";"ring_first";10,6306383333333;637838,3;637,8383;"2026-06-11T18:45:28.190Z";"2026-06-11T18:56:06.029Z";"root";NA;"completion";7,15266874999468;"Individualist";39,7545780659345;"Prosocial";1;23,4536234079646;"ring";15;12;261;-73;150;1,77;5,53;7,3
208;5,91516666666667;354910;354,91;"2026-06-22T19:28:46.829Z";"2026-06-22T19:34:41.760Z";"root";NA;"completion";" ";" ";1;245;"male";38;"other1";"serious";"ring_first";4,9809;298854;298,854;"2026-06-15T15:10:50.936Z";"2026-06-15T15:15:49.813Z";"root";NA;"completion";-7,19923363836765;"Individualist";16,9619533812933;"Individualist";1;4,88135987146282;"ring";13;19;246;293;200;5,93;8,07;14
209;8,76968333333333;526181;526,181;"2026-06-22T19:58:39.033Z";"2026-06-22T20:07:25.214Z";"root";NA;"completion";" ich habe zuerst geschaut, bei welcher Option ich im Vorhinein (mit einer Angabe) mehr erhalten würde und habe dann meistens dort eine zweite Option aufgedeckt. War diese auch gut, habe ich die Seite ausgewählt. War sie nicht so gut und die andere Seite erschien mir eben so gut, habe ich geschaut, was die andere Person erhält. Manchmal waren die Beträge aber auch so niedrig, dass ich dort ein Fragezeichen aufgedeckt habe, weil ich neugierig war, ob die anderen Option zum Aufdecken eventuell sehr hoch sind";" ";1;246;"female";22;"touchscreen";"serious";"ring_first";9,76482833333332;585889,699999999;585,889699999999;"2026-06-15T19:11:47.851Z";"2026-06-15T19:21:33.741Z";"root";NA;"completion";0;"Individualist";25,7916348813819;"Prosocial";1;12,8958174406909;"ring";11;3;157;273;152;5,25;6,56;11,81
210;10,8830583333333;652983,5;652,9835;"2026-06-23T08:04:15.697Z";"2026-06-23T08:15:08.682Z";"root";NA;"completion";" idR habe ich das kostenlose Aufdecken links genutzt und dann ein weiteres aufdecken \"bezahlt\". Das habe ich getan, um mit 2/3 bekannten Werten auf beiden Seiten einen guten Überblick über die jeweiligen Summen zu erhalten. Ich meine damit auch in fast jedem Durchgang einen höheren Betrag erzielt zu haben, als Kosten investiert. Bei 3/3 Aufdeckungen hätte ich befürchtet, dass sich das zu nicht lohnt. Würde ich links 2 aufdecken, hätte ich schon 0,20 Cent ausgegeben. Ich hätte rechts aber ebenso noch ein Feld aufdecken müssen um die gleiche Anzahl an Vergleichswerten zu haben. Auf die Auszahlungen der anderen Personen habe ich nicht geachtet, da es mich Ressourcen gekostet hätte, die schwer absehbar waren. Im vorigen Experiment habe ich idR auf sehr geringe Beträge verzichtet, wenn die andere Person dafür einen deutlich höheren Wert bekommt.";" ";1;136;"female";27;"mouse";"serious";"slider_first";12,1503266666651;729019,599999905;729,019599999905;"2026-06-10T06:54:06.034Z";"2026-06-10T07:06:15.054Z";"root";NA;"completion";15,0791339749611;"Individualist";19,7755300280018;"Individualist";1;17,4273320014814;"ring";2;9;256;152;150;4,02;8,51;12,53
211;11,4160149999996;684960,899999976;684,960899999976;"2026-06-23T10:36:22.688Z";"2026-06-23T10:47:47.648Z";"root";NA;"completion";"Die Auszahlungen für meinen Partner habe ich vollständig ignoriert. Meistens habe ich einen weiteres Feld aus der Option mit dem geringeren Betrag ausgewählt. Wenn der immer noch niedriger war, die andere Option gewählt. Wenn ich einen hohen Betrag auf einer der beiden Seiten gewittert habe, habe ich die 30 Cent in Kauf genommen und alles aufgedeckt.";" ";1;242;"male";29;"mouse";"serious";"slider_first";9,72215666666627;583329,399999976;583,329399999976;"2026-06-15T12:43:12.538Z";"2026-06-15T12:52:55.868Z";"root";NA;"completion";22,5531385269108;"Prosocial";29,9502416344371;"Prosocial";1;26,2516900806739;"slider";5;3;229;270;100;4,7;5,22;9,92
212;27,7465149999996;1664790,89999998;1664,79089999998;"2026-06-23T13:10:03.739Z";"2026-06-23T13:37:48.519Z";"root";NA;"completion";" ";" ";1;231;"male";34;"mouse";"serious";"ring_first";8,56478499999841;513887,099999905;513,887099999905;"2026-06-13T12:54:28.536Z";"2026-06-13T13:03:02.424Z";"root";NA;"completion";50,6375428844599;"Prosocial";54,4719103899264;"Prosocial";1;52,5547266371931;"slider";15;13;35;255;150;5,05;4,73;9,78
213;17,0847100000004;1025082,60000002;1025,08260000002;"2026-06-23T17:47:50.008Z";"2026-06-23T18:04:55.091Z";"root";NA;"completion";" Ich habe alle mich betreffenden Beträge angesehen und die höchste Summe gewählt. Es ging mir dabei ausschließlich um meine Bezahlung und die andere Person war mir egal, weil ich kein Geld für sie ausgeben wollte (um die Fairness gegen den Computer eventuell zu gewährleisten).";" ";1;83;"female";41;"mouse";"serious";"slider_first";15,4628416666667;927770,5;927,7705;"2026-06-09T18:03:59.508Z";"2026-06-09T18:19:27.278Z";"root";NA;"completion";30,0212253575505;"Prosocial";19,4170659861462;"Individualist";1;24,7191456718483;"slider";11;16;139;300;210;6,1;8,56;14,66
214;7,95867166666587;477520,299999952;477,520299999952;"2026-06-23T18:14:19.387Z";"2026-06-23T18:22:16.891Z";"root";NA;"completion";" Ich habe auf meine beiden Auszahlungen geschaut und bei der höheren dann eine weitere Option geöffnet, und diese dann auch gewählt.";" ";1;118;"other";28;"mouse";"serious";"ring_first";10,4970783333321;629824,699999928;629,824699999928;"2026-06-09T22:38:01.103Z";"2026-06-09T22:48:30.930Z";"root";NA;"completion";0;"Individualist";11,5801935805144;"Individualist";1;5,7900967902572;"ring";10;18;68;241;-93;2,48;7,51;9,99
215;13,1827833333333;790967;790,967;"2026-06-23T19:32:37.310Z";"2026-06-23T19:45:48.278Z";"root";NA;"completion";"";" ";1;241;"female";20;"mouse";"serious";"ring_first";17,1294783333302;1027768,69999981;1027,76869999981;"2026-06-15T11:34:30.395Z";"2026-06-15T11:51:38.167Z";"root";NA;"completion";45;"Prosocial";36,1357331015502;"Prosocial";1;40,5678665507751;"slider";14;10;37;285;0;3,85;7,53;11,38
216;17,28765;1037259;1037,259;"2026-06-24T04:51:31.666Z";"2026-06-24T05:08:48.930Z";"root";NA;"completion";" Habe versucht, möglichst ähnliche Beträge für beide Beteiligte zu finden,ohne allerdings mich selbst stärker zu benachteiligen";" ";1;174;"female";68;"mouse";"serious";"slider_first";13,05615;783369;783,369;"2026-06-10T12:27:11.142Z";"2026-06-10T12:40:14.520Z";"root";NA;"completion";39,6926731506687;"Prosocial";40,9781582472598;"Prosocial";1;40,3354156989643;"slider";7;1;244;225;150;4,75;5,26;10,01
217;5,23712000000005;314227,200000003;314,227200000003;"2026-06-24T06:33:33.947Z";"2026-06-24T06:38:48.211Z";"root";NA;"completion";"Ich habe mir meistens den höheren Betrag für mich selber angeschaut, und dann entweder die zweite oder dritte Zelle angeschaut. Teilweise habe ich mir den anderen Block auch angeschaut, aber nur, wenn die vorherigen aufgedeckten Zellen relativ gering waren.  ";" ";1;204;"female";23;"other1";"serious";"ring_first";13,2829466666666;796976,799999997;796,976799999997;"2026-06-11T10:04:54.658Z";"2026-06-11T10:18:11.658Z";"root";NA;"completion";14,3457382538586;"Individualist";23,2926060074673;"Prosocial";1;18,8191721306629;"ring";12;23;237;100;-73;1,27;6,92;8,19
218;21,7627666666667;1305766;1305,766;"2026-06-24T07:21:40.721Z";"2026-06-24T07:43:26.501Z";"root";NA;"completion";" Ich habe mir angeschaut, wo der bislang höchste Betrag abgebildet ist und dann in dieser Reihe weiter geforscht. Falls auf diesem Pad zu wenig rummkommt automatisch die andere Seite gewählt.";" nein danke";1;47;"male";64;"mouse";"serious";"ring_first";11,6961333333333;701768;701,768;"2026-06-09T14:47:40.501Z";"2026-06-09T14:59:22.291Z";"root";NA;"completion";11,7881832991076;"Individualist";41,4145428196482;"Prosocial";1;26,6013630593779;"ring";12;1;211;0;293;3,93;5,87;9,8
219;3,03137999999921;181882,799999952;181,882799999952;"2026-06-24T08:51:15.185Z";"2026-06-24T08:54:17.068Z";"root";NA;"completion";" ";" ";1;248;"female";24;"keyboard";"serious";"slider_first";5,5137699999998;330826,199999988;330,826199999988;"2026-06-16T10:42:04.056Z";"2026-06-16T10:47:34.878Z";"root";NA;"completion";-11,2739200466362;"Individualist";18,2654351769449;"Individualist";1;3,49575756515435;"slider";10;20;52;281;270;6,51;7,93;14,44
220;4,74916666666667;284950;284,95;"2026-06-24T09:20:57.813Z";"2026-06-24T09:25:42.765Z";"root";NA;"completion";" ";" ";1;249;"female";24;"touchscreen";"serious";"ring_first";21,0368433333333;1262210,6;1262,2106;"2026-06-16T11:30:03.276Z";"2026-06-16T11:51:05.488Z";"root";NA;"completion";5,29008120537124;"Individualist";42,0089543732967;"Prosocial";1;23,649517789334;"ring";13;19;66;-41;293;3,52;5,32;8,84
221;7,28524166666667;437114,5;437,1145;"2026-06-24T10:37:01.037Z";"2026-06-24T10:44:18.152Z";"search_task";"10";"completion";NA;NA;1;225;"female";30;"touchscreen";"serious";"ring_first";16,6992433333332;1001954,59999999;1001,95459999999;"2026-06-12T14:05:38.806Z";"2026-06-12T14:22:20.761Z";"root";NA;"completion";0;"Individualist";16,9619533812933;"Individualist";1;8,48097669064665;"ring";1;12;65;-41;273;3,32;5,08;8,4
222;3,44523166666428;206713,899999857;206,713899999857;"2026-06-24T10:46:10.281Z";"2026-06-24T10:49:36.998Z";"root";NA;"completion";" Ich habe einen kostenlosen verdeckten Beitrag aufgedeckt und geschaut, ob das für mich die günstigere Alternative sein könnte. Dabei habe ich mal beim höheren, mal beim niedrigeren Beitrag angesetzt.";" ";0;225;"female";30;"touchscreen";"serious";"ring_first";16,6992433333332;1001954,59999999;1001,95459999999;"2026-06-12T14:05:38.806Z";"2026-06-12T14:22:20.761Z";"root";NA;"completion";0;"Individualist";16,9619533812933;"Individualist";1;8,48097669064665;"ring";1;12;65;-41;273;3,32;5,08;8,4
223;5,47601666666667;328561;328,561;"2026-06-24T14:20:31.264Z";"2026-06-24T14:25:59.835Z";"root";NA;"completion";" Ich habe abgewogen, wie viel ich bzw. die andere Person jeweils an Geld bekommen würden. Wenn ich bei mir kleine Abschnitte machen muss, damit die andere Person deutlich mehr Geld erhält, mache ich das. Wenn die Differenz zu groß war habe ich die für mich lohnenswerteste Variante genommen.";" ";1;237;"male";25;"mouse";"serious";"ring_first";4,31566666666667;258940;258,94;"2026-06-14T16:15:46.630Z";"2026-06-14T16:20:05.580Z";"root";NA;"completion";15,0791339749611;"Individualist";19,7076163789304;"Individualist";1;17,3933751769457;"ring";1;18;44;200;-93;2,07;6,03;8,1
224;13,3581833333333;801491;801,491;"2026-06-24T15:43:30.162Z";"2026-06-24T15:56:51.678Z";"root";NA;"completion";" Ich wollte kein Geld verlieren, daher habe ich immer nur einen Betrag aufgedeckt. Beide Optionen habe ich verglichen nach Gleichheit für mich und die andere Person. Wenn möglich habe ich das meiste für beide ausgewählt mit den verfügbaren Informationen. Nach aufdecken eines Betrags habe ich die Option gewählt die nun einen höheren Betrag hatte.";" ";1;256;"female";30;"keyboard";"serious";"ring_first";13,0765333333333;784592;784,592;"2026-06-17T13:06:05.669Z";"2026-06-17T13:19:10.277Z";"root";NA;"completion";29,9706156499833;"Prosocial";39,7474929861225;"Prosocial";1;34,8590543180529;"slider";12;14;165;300;-41;3,59;8,32;11,91
225;9,44523833333254;566714,299999952;566,714299999952;"2026-06-24T22:12:46.416Z";"2026-06-24T22:22:18.503Z";"root";NA;"completion";" ";" ";0;32;"male";37;"mouse";"serious";"slider_first";2,97628333333333;178577;178,577;"2026-06-09T12:15:30.530Z";"2026-06-09T12:18:29.108Z";"root";NA;"completion";0;"Individualist";16,9619533812933;"Individualist";1;8,48097669064665;"ring";4;16;94;48;-73;0,75;5,4;6,15
226;6,79356833333373;407614,100000024;407,614100000024;"2026-06-24T22:22:43.053Z";"2026-06-24T22:29:30.668Z";"root";NA;"completion";" ";" ";0;251;"female";39;"mouse";"serious";"ring_first";2,03965833333333;122379,5;122,3795;"2026-06-16T15:30:22.271Z";"2026-06-16T15:32:24.652Z";"root";NA;"completion";0;"Individualist";16,9619533812933;"Individualist";1;8,48097669064665;NA;NA;NA;NA;NA;NA;1;1;2
227;4,32481666666667;259489;259,489;"2026-06-24T22:30:18.182Z";"2026-06-24T22:34:37.679Z";"root";NA;"completion";" ";" ";0;113;"male";23;"mouse";"serious";"slider_first";6,84874333333336;410924,600000001;410,924600000001;"2026-06-09T21:39:06.833Z";"2026-06-09T21:45:57.758Z";"root";NA;"completion";0;"Individualist";16,9619533812933;"Individualist";1;8,48097669064665;"slider";10;1;169;256;241;5,97;7,08;13,05
228;6,8902599999999;413415,599999994;413,415599999994;"2026-06-25T11:05:31.698Z";"2026-06-25T11:12:25.110Z";"root";NA;"completion";"";" ";1;9;"female";26;"mouse";"serious";"slider_first";14,3383283333333;860299,7;860,2997;"2026-06-09T08:25:06.052Z";"2026-06-09T08:39:26.339Z";"root";NA;"completion";28,7882688668514;"Prosocial";34,9962831187928;"Prosocial";1;31,8922759928221;"slider";4;4;201;300;225;6,25;5,1;11,35
229;12,3087666666667;738526;738,526;"2026-06-29T17:50:06.185Z";"2026-06-29T18:02:24.702Z";"root";NA;"completion";" Meist alle aus meiner Reihe angeklickt und verglichen, wo ich das meiste bekomme.";" ";1;258;"male";39;"other1";"serious";"ring_first";20,2501;1215006;1215,006;"2026-06-18T19:58:48.676Z";"2026-06-18T20:19:03.733Z";"root";NA;"completion";45;"Prosocial";42,0089543732967;"Prosocial";1;43,5044771866484;"slider";10;7;36;225;200;5,25;6,07;11,32
230;3,168;190080;190,08;"2026-06-30T18:07:09.582Z";"2026-06-30T18:10:19.677Z";"root";NA;"completion";" ";" ";1;263;"female";27;"touchscreen";"serious";"ring_first";4,63017166666687;277810,300000012;277,810300000012;"2026-06-22T18:02:44.044Z";"2026-06-22T18:07:21.868Z";"root";NA;"completion";0;"Individualist";16,9619533812933;"Individualist";1;8,48097669064665;"ring";4;12;238;0;225;3,25;9,05;12,3
231;8,42255;505353;505,353;"2026-07-01T08:28:48.830Z";"2026-07-01T08:37:14.191Z";"root";NA;"completion";" Ich bin meist von dem höchsten (eigenen Wert) ausgegangen und habe in dem Kästchen ein weitere geöffnet ";" ";1;196;"female";28;"keyboard";"serious";"slider_first";16,9973166666667;1019839;1019,839;"2026-06-10T20:01:40.586Z";"2026-06-10T20:18:40.445Z";"root";NA;"completion";37,7697573607484;"Prosocial";38,9243756297571;"Prosocial";1;38,3470664952527;"slider";6;22;224;274;293;6,67;8,86;15,53
232;10,5232766666667;631396,600000001;631,396600000002;"2026-07-01T18:01:36.918Z";"2026-07-01T18:12:08.315Z";"root";NA;"completion";" ";" ";1;262;"male";24;"mouse";"serious";"ring_first";8,9031550000002;534189,300000012;534,189300000012;"2026-06-22T14:30:20.748Z";"2026-06-22T14:39:14.938Z";"root";NA;"completion";7,53733805729811;"Individualist";19,8369271859;"Individualist";1;13,6871326215991;"slider";2;22;102;300;150;5,5;5,84;11,34
233;4,91121666666667;294673;294,673;"2026-07-02T16:36:39.523Z";"2026-07-02T16:41:34.196Z";"MouseLabSequence";"10_2";"completion";NA;NA;0;260;"female";42;"keyboard";"serious";"ring_first";7,51565;450939;450,939;"2026-06-21T12:53:34.322Z";"2026-06-21T13:01:05.269Z";"root";NA;"completion";22,5531385269108;"Prosocial";31,9605771335314;"Prosocial";1;27,2568578302211;"slider";9;14;272;256;0;3,56;5,36;8,92
234;9,46281666666667;567769;567,769;"2026-07-02T16:36:39.523Z";"2026-07-02T16:46:07.300Z";"root";NA;"completion";" So viele Felder aufgedeckt, dass ich sicher sein konnte, die höhere Chance bei meiner Wahl zu haben.";" ";1;260;"female";42;"keyboard";"serious";"ring_first";7,51565;450939;450,939;"2026-06-21T12:53:34.322Z";"2026-06-21T13:01:05.269Z";"root";NA;"completion";22,5531385269108;"Prosocial";31,9605771335314;"Prosocial";1;27,2568578302211;"slider";9;14;272;256;0;3,56;5,36;8,92
235;8,22611666666667;493567;493,567;"2026-07-03T16:14:06.904Z";"2026-07-03T16:22:20.481Z";"root";NA;"completion";" Ich habe immer versucht mich möglcihst dem Maximalbetrag von 4,40€ zu nähern ohne viele Optionen zu kaufen. Wenn ich also offensichtlich mit zwei optionen schon nah dran war, habe ich keine weiteren Optionen gekauft. Ich habe allerdings immer 30 Cent mehr investiert, um im Zweifel die bessere Option auszumachen und glaube damit auch gut gefahren zu sein. Die Fremdauszahlung habe ich ehrlich gesagt ginoriert.";" ";1;261;"male";27;"mouse";"serious";"slider_first";5,3787;322722;322,722;"2026-06-22T10:23:15.543Z";"2026-06-22T10:28:38.286Z";"root";NA;"completion";0;"Individualist";16,9619533812933;"Individualist";1;8,48097669064665;"slider";4;6;249;300;-41;3,59;6,03;9,62
236;8,46451833333274;507871,099999964;507,871099999964;"2026-07-13T09:59:30.850Z";"2026-07-13T10:07:58.722Z";"root";NA;"completion";"Meist habe ich das Feld freigeschaltet, wo der gezeigte Betrag für mich bereits deutlich größer war. Je kleiner der Wert dann war, desto eher habe ich mir einen Betrag der zweiten Option angeschaut. Wenn Option A und B jeweils unter einem Euro oder unter 50ct lagen, habe ich mir direkt für beide Optionen ein Feld freigeschaltet. ";" ";1;271;"male";28;"mouse";"serious";"ring_first";25,9962366666675;1559774,20000005;1559,77420000005;"2026-06-30T15:36:26.460Z";"2026-06-30T16:02:30.023Z";"root";NA;"completion";22,4645922129485;"Prosocial";19,6359598801914;"Individualist";1;21,0502760465699;"ring";15;13;40;293;270;6,63;7,67;14,3
237;5,26595;315957;315,957;"2026-07-14T07:40:19.431Z";"2026-07-14T07:45:35.391Z";"root";NA;"completion";" Ich habe mich mehr auf meinen eigenen Betrag konzentriert, als auf den der anderen Person und pro Tabelle ein weiteres Feld aufgedeckt, so dass ich besser einschätzen konnte, welches die höhere Summe hat. Dann habe ich mich für den höheren Betrag entschieden.";" ";1;81;"female";21;"keyboard";"serious";"ring_first";2,4645;147870;147,87;"2026-06-09T17:54:47.849Z";"2026-06-09T17:57:15.723Z";"root";NA;"completion";5,14276455788424;"Individualist";16,9619533812933;"Individualist";1;11,0523589695888;"slider";2;21;185;300;255;6,55;10,22;16,77
238;8,73957000000005;524374,200000003;524,374200000003;"2026-07-14T13:39:21.515Z";"2026-07-14T13:48:05.889Z";"root";NA;"completion";" Ich habe hauptsächlich nach meiner Auszahlung geschaut und versucht, diese möglichst hoch auszuwählen.";" ";1;127;"female";34;"mouse";"serious";"ring_first";513,622028333333;30817321,7;30817,3217;"2026-06-10T05:39:06.300Z";"2026-06-10T14:12:42.446Z";"root";NA;"completion";36,0779991987571;"Prosocial";41,9368033904102;"Prosocial";1;39,0074012945836;"slider";13;6;178;225;-41;2,84;6,1;8,94
239;17,9523350000004;1077140,10000002;1077,14010000002;"2026-07-14T17:35:45.610Z";"2026-07-14T17:53:42.752Z";"root";NA;"completion";" Wenn der Gesamtbetrag bei einer kostenlosen \"Aufdeckung\" im Durchschnitt lag, habe ich mich für diese Option entschieden. Wenn der Gesamtbetrag niedrig war, entschied ich mich für eine weitere Aufdeckung, um aufzuwägen, welche Option wahrscheinlich gewinnbringender ist.";" ";1;166;"female";35;"touchscreen";"serious";"slider_first";8,44815666666826;506889,400000095;506,889400000095;"2026-06-10T10:43:43.868Z";"2026-06-10T10:52:10.760Z";"root";NA;"completion";15,0791339749611;"Individualist";30,5331716499609;"Prosocial";1;22,806152812461;"slider";9;18;20;278;-73;3,05;5,82;8,87
240;5,32539833333333;319523,9;319,5239;"2026-07-14T19:10:13.696Z";"2026-07-14T19:15:33.223Z";"root";NA;"completion";"Möglichst günstig oder kostenlos aufgedeckt, nur meine Beträge angeschaut";" ";1;15;"female";33;"mouse";"serious";"slider_first";7,04664333333174;422798,599999905;422,798599999905;"2026-06-09T09:01:07.402Z";"2026-06-09T09:08:10.204Z";"root";NA;"completion";27,1174727041902;"Prosocial";27,1490736366169;"Prosocial";1;27,1332731704035;"slider";15;10;144;300;-100;3;6,27;9,27
241;7,41536666666667;444922;444,922;"2026-07-15T08:59:08.043Z";"2026-07-15T09:06:32.966Z";"search_task";"10";"completion";NA;NA;1;19;"female";36;"mouse";"serious";"ring_first";7,40986999999682;444592,199999809;444,592199999809;"2026-06-09T09:34:53.117Z";"2026-06-09T09:42:17.710Z";"root";NA;"completion";-64,3497737413499;"Competitive";42,4147517685549;"Prosocial";1;-10,9675109863975;"ring";12;22;200;48;100;2,48;6,19;8,67
242;11,0204133333345;661224,800000072;661,224800000072;"2026-07-15T16:18:17.644Z";"2026-07-15T16:29:18.870Z";"root";NA;"completion";"Ich habe nur auf den Betrag geachtet, den ich selbst ausgezahlt bekomme. Zudem wollte ich eigentlich nie diese 10ct ausgeben. Einmal habe ich es jedoch dann doch ausprobiert und es hat sich gelohnt, weshalb ich es in den nachfolgenden Runden noch ein paar mal gemacht habe, insbesondere wenn für mich die vorgeschlagenen Beträge zu gering waren. ";"Die Anleitungen waren komplizierter formuliert, als die Studie an sich eigentlich ist. Das war für mich persönlich verwirrend. ";1;272;"male";25;"mouse";"serious";"ring_first";14,7124133333335;882744,800000012;882,744800000012;"2026-07-01T18:59:58.932Z";"2026-07-01T19:14:41.693Z";"root";NA;"completion";0;"Individualist";16,9619533812933;"Individualist";1;8,48097669064665;"ring";3;7;121;-73;0;0,27;7,86;8,13
