"uniqueID";"item";"self_A";"other_A";"self_B";"other_B";"choice_self";"choice_other";"optionSide";"count_trials"
1;"6";"+1,52";"+2,93";"+1,00";"+3,00";152;293;"A_left";0
1;"3";"+2,73";"+2,00";"+2,41";"+2,41";241;241;"B_left";1
1;"23";"+2,73";"-0,00";"+2,93";"+0,48";293;48;"A_left";2
1;"7";"+1,00";"+3,00";"+0,48";"+2,93";100;300;"B_left";3
1;"1";"+3,00";"+1,00";"+2,93";"+1,52";293;152;"A_left";4
1;"13";"-1,00";"+1,00";"-0,93";"+0,48";-100;100;"A_left";5
1;"8";"+0,48";"+2,93";"+0,00";"+2,73";48;293;"A_left";6
1;"15";"-0,73";"-0,00";"-0,41";"-0,41";-41;-41;"B_left";7
1;"9";"+0,00";"+2,73";"-0,41";"+2,41";0;273;"A_left";8
1;"22";"+2,41";"-0,41";"+2,73";"-0,00";273;0;"A_left";9
1;"19";"+1,00";"-1,00";"+1,52";"-0,93";152;-93;"B_left";10
1;"4";"+2,41";"+2,41";"+2,00";"+2,73";241;241;"A_left";11
1;"16";"-0,41";"-0,41";"-0,00";"-0,73";0;-73;"B_left";12
1;"14";"-0,93";"+0,48";"-0,73";"-0,00";-93;48;"A_left";13
1;"20";"+1,52";"-0,93";"+2,00";"-0,73";200;-73;"B_left";14
1;"12";"-0,93";"+1,52";"-1,00";"+1,00";-93;152;"B_left";15
1;"18";"+0,48";"-0,93";"+1,00";"-1,00";100;-100;"A_left";16
1;"10";"-0,41";"+2,41";"-0,73";"+2,00";-41;241;"B_left";17
1;"2";"+2,93";"+1,52";"+2,73";"+2,00";273;200;"A_left";18
1;"11";"-0,73";"+2,00";"-0,93";"+1,52";-73;200;"A_left";19
1;"21";"+2,00";"-0,73";"+2,41";"-0,41";241;-41;"B_left";20
1;"17";"-0,00";"-0,73";"+0,48";"-0,93";48;-93;"B_left";21
1;"24";"+2,93";"+0,48";"+3,00";"+1,00";300;100;"B_left";22
1;"5";"+2,00";"+2,73";"+1,52";"+2,93";200;273;"B_left";23
2;"6";"+1,52";"+2,93";"+1,00";"+3,00";152;293;"B_left";0
2;"5";"+2,00";"+2,73";"+1,52";"+2,93";200;273;"A_left";1
2;"1";"+3,00";"+1,00";"+2,93";"+1,52";293;152;"A_left";2
2;"11";"-0,73";"+2,00";"-0,93";"+1,52";-73;200;"B_left";3
2;"7";"+1,00";"+3,00";"+0,48";"+2,93";100;300;"A_left";4
2;"13";"-1,00";"+1,00";"-0,93";"+0,48";-100;100;"A_left";5
2;"15";"-0,73";"-0,00";"-0,41";"-0,41";-41;-41;"B_left";6
2;"23";"+2,73";"-0,00";"+2,93";"+0,48";273;0;"A_left";7
2;"8";"+0,48";"+2,93";"+0,00";"+2,73";48;293;"A_left";8
2;"20";"+1,52";"-0,93";"+2,00";"-0,73";200;-73;"B_left";9
2;"9";"+0,00";"+2,73";"-0,41";"+2,41";0;273;"A_left";10
2;"10";"-0,41";"+2,41";"-0,73";"+2,00";-41;241;"B_left";11
2;"17";"-0,00";"-0,73";"+0,48";"-0,93";48;-93;"A_left";12
2;"16";"-0,41";"-0,41";"-0,00";"-0,73";-41;-41;"A_left";13
2;"22";"+2,41";"-0,41";"+2,73";"-0,00";273;0;"B_left";14
2;"14";"-0,93";"+0,48";"-0,73";"-0,00";-93;48;"A_left";15
2;"18";"+0,48";"-0,93";"+1,00";"-1,00";100;-100;"B_left";16
2;"21";"+2,00";"-0,73";"+2,41";"-0,41";241;-41;"B_left";17
2;"4";"+2,41";"+2,41";"+2,00";"+2,73";241;241;"A_left";18
2;"12";"-0,93";"+1,52";"-1,00";"+1,00";-93;152;"B_left";19
2;"19";"+1,00";"-1,00";"+1,52";"-0,93";152;-93;"A_left";20
2;"2";"+2,93";"+1,52";"+2,73";"+2,00";273;200;"B_left";21
2;"24";"+2,93";"+0,48";"+3,00";"+1,00";300;100;"B_left";22
2;"3";"+2,73";"+2,00";"+2,41";"+2,41";241;241;"A_left";23
3;"5";"+2,00";"+2,73";"+1,52";"+2,93";200;273;"A_left";0
3;"23";"+2,73";"-0,00";"+2,93";"+0,48";293;48;"B_left";1
3;"10";"-0,41";"+2,41";"-0,73";"+2,00";-41;241;"A_left";2
3;"21";"+2,00";"-0,73";"+2,41";"-0,41";241;-41;"A_left";3
3;"9";"+0,00";"+2,73";"-0,41";"+2,41";0;273;"B_left";4
3;"14";"-0,93";"+0,48";"-0,73";"-0,00";-73;0;"B_left";5
3;"20";"+1,52";"-0,93";"+2,00";"-0,73";200;-73;"A_left";6
3;"22";"+2,41";"-0,41";"+2,73";"-0,00";273;0;"A_left";7
3;"6";"+1,52";"+2,93";"+1,00";"+3,00";152;293;"A_left";8
3;"24";"+2,93";"+0,48";"+3,00";"+1,00";300;100;"A_left";9
3;"11";"-0,73";"+2,00";"-0,93";"+1,52";-73;200;"B_left";10
3;"1";"+3,00";"+1,00";"+2,93";"+1,52";300;100;"B_left";11
3;"4";"+2,41";"+2,41";"+2,00";"+2,73";241;241;"B_left";12
3;"12";"-0,93";"+1,52";"-1,00";"+1,00";-93;152;"B_left";13
3;"8";"+0,48";"+2,93";"+0,00";"+2,73";48;293;"A_left";14
3;"7";"+1,00";"+3,00";"+0,48";"+2,93";48;293;"B_left";15
3;"19";"+1,00";"-1,00";"+1,52";"-0,93";152;-93;"A_left";16
3;"2";"+2,93";"+1,52";"+2,73";"+2,00";293;152;"B_left";17
3;"13";"-1,00";"+1,00";"-0,93";"+0,48";-93;48;"A_left";18
3;"3";"+2,73";"+2,00";"+2,41";"+2,41";273;200;"B_left";19
3;"16";"-0,41";"-0,41";"-0,00";"-0,73";0;-73;"B_left";20
3;"18";"+0,48";"-0,93";"+1,00";"-1,00";100;-100;"A_left";21
3;"17";"-0,00";"-0,73";"+0,48";"-0,93";48;-93;"A_left";22
3;"15";"-0,73";"-0,00";"-0,41";"-0,41";-41;-41;"A_left";23
4;"8";"+0,48";"+2,93";"+0,00";"+2,73";48;293;"B_left";0
4;"5";"+2,00";"+2,73";"+1,52";"+2,93";200;273;"A_left";1
4;"14";"-0,93";"+0,48";"-0,73";"-0,00";-73;0;"B_left";2
4;"16";"-0,41";"-0,41";"-0,00";"-0,73";-41;-41;"B_left";3
4;"18";"+0,48";"-0,93";"+1,00";"-1,00";48;-93;"A_left";4
4;"2";"+2,93";"+1,52";"+2,73";"+2,00";273;200;"B_left";5
4;"3";"+2,73";"+2,00";"+2,41";"+2,41";241;241;"B_left";6
4;"24";"+2,93";"+0,48";"+3,00";"+1,00";300;100;"A_left";7
4;"23";"+2,73";"-0,00";"+2,93";"+0,48";293;48;"A_left";8
4;"1";"+3,00";"+1,00";"+2,93";"+1,52";300;100;"B_left";9
4;"4";"+2,41";"+2,41";"+2,00";"+2,73";241;241;"B_left";10
4;"12";"-0,93";"+1,52";"-1,00";"+1,00";-93;152;"B_left";11
4;"20";"+1,52";"-0,93";"+2,00";"-0,73";200;-73;"A_left";12
4;"13";"-1,00";"+1,00";"-0,93";"+0,48";-93;48;"B_left";13
4;"9";"+0,00";"+2,73";"-0,41";"+2,41";0;273;"B_left";14
4;"11";"-0,73";"+2,00";"-0,93";"+1,52";-73;200;"A_left";15
4;"19";"+1,00";"-1,00";"+1,52";"-0,93";152;-93;"A_left";16
4;"21";"+2,00";"-0,73";"+2,41";"-0,41";241;-41;"A_left";17
4;"17";"-0,00";"-0,73";"+0,48";"-0,93";48;-93;"B_left";18
4;"7";"+1,00";"+3,00";"+0,48";"+2,93";100;300;"B_left";19
4;"22";"+2,41";"-0,41";"+2,73";"-0,00";273;0;"A_left";20
4;"6";"+1,52";"+2,93";"+1,00";"+3,00";152;293;"A_left";21
4;"15";"-0,73";"-0,00";"-0,41";"-0,41";-41;-41;"B_left";22
4;"10";"-0,41";"+2,41";"-0,73";"+2,00";-41;241;"B_left";23
5;"1";"+3,00";"+1,00";"+2,93";"+1,52";300;100;"B_left";0
5;"13";"-1,00";"+1,00";"-0,93";"+0,48";-93;48;"A_left";1
5;"19";"+1,00";"-1,00";"+1,52";"-0,93";152;-93;"A_left";2
5;"24";"+2,93";"+0,48";"+3,00";"+1,00";293;48;"A_left";3
5;"6";"+1,52";"+2,93";"+1,00";"+3,00";152;293;"B_left";4
5;"16";"-0,41";"-0,41";"-0,00";"-0,73";0;-73;"A_left";5
5;"2";"+2,93";"+1,52";"+2,73";"+2,00";293;152;"B_left";6
5;"11";"-0,73";"+2,00";"-0,93";"+1,52";-93;152;"A_left";7
5;"23";"+2,73";"-0,00";"+2,93";"+0,48";273;0;"A_left";8
5;"17";"-0,00";"-0,73";"+0,48";"-0,93";48;-93;"A_left";9
5;"20";"+1,52";"-0,93";"+2,00";"-0,73";200;-73;"A_left";10
5;"22";"+2,41";"-0,41";"+2,73";"-0,00";241;-41;"B_left";11
5;"14";"-0,93";"+0,48";"-0,73";"-0,00";-73;0;"B_left";12
5;"8";"+0,48";"+2,93";"+0,00";"+2,73";48;293;"B_left";13
5;"5";"+2,00";"+2,73";"+1,52";"+2,93";200;273;"A_left";14
5;"18";"+0,48";"-0,93";"+1,00";"-1,00";100;-100;"A_left";15
5;"7";"+1,00";"+3,00";"+0,48";"+2,93";100;300;"A_left";16
5;"15";"-0,73";"-0,00";"-0,41";"-0,41";-41;-41;"A_left";17
5;"9";"+0,00";"+2,73";"-0,41";"+2,41";0;273;"A_left";18
5;"21";"+2,00";"-0,73";"+2,41";"-0,41";241;-41;"B_left";19
5;"12";"-0,93";"+1,52";"-1,00";"+1,00";-100;100;"A_left";20
5;"10";"-0,41";"+2,41";"-0,73";"+2,00";-41;241;"B_left";21
5;"4";"+2,41";"+2,41";"+2,00";"+2,73";241;241;"A_left";22
5;"3";"+2,73";"+2,00";"+2,41";"+2,41";273;200;"A_left";23
6;"24";"+2,93";"+0,48";"+3,00";"+1,00";300;100;"B_left";0
6;"17";"-0,00";"-0,73";"+0,48";"-0,93";48;-93;"B_left";1
6;"20";"+1,52";"-0,93";"+2,00";"-0,73";200;-73;"A_left";2
6;"15";"-0,73";"-0,00";"-0,41";"-0,41";-73;0;"A_left";3
6;"2";"+2,93";"+1,52";"+2,73";"+2,00";293;152;"B_left";4
6;"12";"-0,93";"+1,52";"-1,00";"+1,00";-100;100;"B_left";5
6;"21";"+2,00";"-0,73";"+2,41";"-0,41";241;-41;"A_left";6
6;"5";"+2,00";"+2,73";"+1,52";"+2,93";200;273;"A_left";7
6;"14";"-0,93";"+0,48";"-0,73";"-0,00";-73;0;"A_left";8
6;"6";"+1,52";"+2,93";"+1,00";"+3,00";152;293;"A_left";9
6;"1";"+3,00";"+1,00";"+2,93";"+1,52";300;100;"A_left";10
6;"7";"+1,00";"+3,00";"+0,48";"+2,93";100;300;"B_left";11
6;"23";"+2,73";"-0,00";"+2,93";"+0,48";293;48;"B_left";12
6;"13";"-1,00";"+1,00";"-0,93";"+0,48";-93;48;"B_left";13
6;"22";"+2,41";"-0,41";"+2,73";"-0,00";273;0;"B_left";14
6;"8";"+0,48";"+2,93";"+0,00";"+2,73";48;293;"B_left";15
6;"3";"+2,73";"+2,00";"+2,41";"+2,41";273;200;"B_left";16
6;"11";"-0,73";"+2,00";"-0,93";"+1,52";-93;152;"A_left";17
6;"9";"+0,00";"+2,73";"-0,41";"+2,41";0;273;"B_left";18
6;"16";"-0,41";"-0,41";"-0,00";"-0,73";0;-73;"A_left";19
6;"10";"-0,41";"+2,41";"-0,73";"+2,00";-41;241;"B_left";20
6;"4";"+2,41";"+2,41";"+2,00";"+2,73";241;241;"B_left";21
6;"18";"+0,48";"-0,93";"+1,00";"-1,00";100;-100;"B_left";22
6;"19";"+1,00";"-1,00";"+1,52";"-0,93";152;-93;"B_left";23
7;"5";"+2,00";"+2,73";"+1,52";"+2,93";200;273;"A_left";0
7;"13";"-1,00";"+1,00";"-0,93";"+0,48";-93;48;"B_left";1
7;"20";"+1,52";"-0,93";"+2,00";"-0,73";200;-73;"A_left";2
7;"4";"+2,41";"+2,41";"+2,00";"+2,73";241;241;"A_left";3
7;"7";"+1,00";"+3,00";"+0,48";"+2,93";100;300;"B_left";4
7;"14";"-0,93";"+0,48";"-0,73";"-0,00";-73;0;"A_left";5
7;"22";"+2,41";"-0,41";"+2,73";"-0,00";273;0;"A_left";6
7;"2";"+2,93";"+1,52";"+2,73";"+2,00";273;200;"B_left";7
7;"24";"+2,93";"+0,48";"+3,00";"+1,00";300;100;"B_left";8
7;"17";"-0,00";"-0,73";"+0,48";"-0,93";48;-93;"B_left";9
7;"10";"-0,41";"+2,41";"-0,73";"+2,00";-41;241;"B_left";10
7;"12";"-0,93";"+1,52";"-1,00";"+1,00";-93;152;"A_left";11
7;"3";"+2,73";"+2,00";"+2,41";"+2,41";273;200;"A_left";12
7;"16";"-0,41";"-0,41";"-0,00";"-0,73";0;-73;"B_left";13
7;"1";"+3,00";"+1,00";"+2,93";"+1,52";300;100;"A_left";14
7;"6";"+1,52";"+2,93";"+1,00";"+3,00";152;293;"A_left";15
7;"9";"+0,00";"+2,73";"-0,41";"+2,41";0;273;"B_left";16
7;"18";"+0,48";"-0,93";"+1,00";"-1,00";100;-100;"B_left";17
7;"15";"-0,73";"-0,00";"-0,41";"-0,41";-41;-41;"A_left";18
7;"11";"-0,73";"+2,00";"-0,93";"+1,52";-73;200;"A_left";19
7;"23";"+2,73";"-0,00";"+2,93";"+0,48";293;48;"B_left";20
7;"21";"+2,00";"-0,73";"+2,41";"-0,41";241;-41;"A_left";21
7;"8";"+0,48";"+2,93";"+0,00";"+2,73";48;293;"B_left";22
7;"19";"+1,00";"-1,00";"+1,52";"-0,93";152;-93;"A_left";23
8;"19";"+1,00";"-1,00";"+1,52";"-0,93";152;-93;"A_left";0
8;"21";"+2,00";"-0,73";"+2,41";"-0,41";241;-41;"B_left";1
8;"12";"-0,93";"+1,52";"-1,00";"+1,00";-100;100;"B_left";2
8;"22";"+2,41";"-0,41";"+2,73";"-0,00";273;0;"A_left";3
8;"9";"+0,00";"+2,73";"-0,41";"+2,41";-41;241;"A_left";4
8;"3";"+2,73";"+2,00";"+2,41";"+2,41";273;200;"A_left";5
8;"20";"+1,52";"-0,93";"+2,00";"-0,73";200;-73;"B_left";6
8;"15";"-0,73";"-0,00";"-0,41";"-0,41";-41;-41;"A_left";7
8;"18";"+0,48";"-0,93";"+1,00";"-1,00";100;-100;"A_left";8
8;"16";"-0,41";"-0,41";"-0,00";"-0,73";-41;-41;"A_left";9
8;"4";"+2,41";"+2,41";"+2,00";"+2,73";241;241;"B_left";10
8;"2";"+2,93";"+1,52";"+2,73";"+2,00";293;152;"B_left";11
8;"10";"-0,41";"+2,41";"-0,73";"+2,00";-73;200;"A_left";12
8;"17";"-0,00";"-0,73";"+0,48";"-0,93";48;-93;"B_left";13
8;"11";"-0,73";"+2,00";"-0,93";"+1,52";-93;152;"A_left";14
8;"5";"+2,00";"+2,73";"+1,52";"+2,93";200;273;"B_left";15
8;"1";"+3,00";"+1,00";"+2,93";"+1,52";300;100;"B_left";16
8;"8";"+0,48";"+2,93";"+0,00";"+2,73";48;293;"B_left";17
8;"14";"-0,93";"+0,48";"-0,73";"-0,00";-93;48;"A_left";18
8;"6";"+1,52";"+2,93";"+1,00";"+3,00";152;293;"A_left";19
8;"23";"+2,73";"-0,00";"+2,93";"+0,48";293;48;"B_left";20
8;"24";"+2,93";"+0,48";"+3,00";"+1,00";300;100;"B_left";21
8;"7";"+1,00";"+3,00";"+0,48";"+2,93";100;300;"B_left";22
8;"13";"-1,00";"+1,00";"-0,93";"+0,48";-93;48;"A_left";23
9;"19";"+1,00";"-1,00";"+1,52";"-0,93";152;-93;"B_left";0
9;"8";"+0,48";"+2,93";"+0,00";"+2,73";48;293;"B_left";1
9;"24";"+2,93";"+0,48";"+3,00";"+1,00";300;100;"B_left";2
9;"15";"-0,73";"-0,00";"-0,41";"-0,41";-41;-41;"B_left";3
9;"4";"+2,41";"+2,41";"+2,00";"+2,73";241;241;"A_left";4
9;"9";"+0,00";"+2,73";"-0,41";"+2,41";0;273;"A_left";5
9;"1";"+3,00";"+1,00";"+2,93";"+1,52";293;152;"B_left";6
9;"7";"+1,00";"+3,00";"+0,48";"+2,93";100;300;"A_left";7
9;"17";"-0,00";"-0,73";"+0,48";"-0,93";0;-73;"B_left";8
9;"21";"+2,00";"-0,73";"+2,41";"-0,41";241;-41;"A_left";9
9;"23";"+2,73";"-0,00";"+2,93";"+0,48";293;48;"B_left";10
9;"16";"-0,41";"-0,41";"-0,00";"-0,73";0;-73;"B_left";11
9;"5";"+2,00";"+2,73";"+1,52";"+2,93";200;273;"B_left";12
9;"2";"+2,93";"+1,52";"+2,73";"+2,00";273;200;"A_left";13
9;"20";"+1,52";"-0,93";"+2,00";"-0,73";200;-73;"A_left";14
9;"11";"-0,73";"+2,00";"-0,93";"+1,52";-73;200;"B_left";15
9;"3";"+2,73";"+2,00";"+2,41";"+2,41";241;241;"A_left";16
9;"12";"-0,93";"+1,52";"-1,00";"+1,00";-93;152;"B_left";17
9;"22";"+2,41";"-0,41";"+2,73";"-0,00";273;0;"B_left";18
9;"18";"+0,48";"-0,93";"+1,00";"-1,00";100;-100;"B_left";19
9;"14";"-0,93";"+0,48";"-0,73";"-0,00";-73;0;"A_left";20
9;"13";"-1,00";"+1,00";"-0,93";"+0,48";-93;48;"B_left";21
9;"10";"-0,41";"+2,41";"-0,73";"+2,00";-41;241;"A_left";22
9;"6";"+1,52";"+2,93";"+1,00";"+3,00";152;293;"B_left";23
10;"13";"-1,00";"+1,00";"-0,93";"+0,48";-93;48;"A_left";0
10;"21";"+2,00";"-0,73";"+2,41";"-0,41";241;-41;"A_left";1
10;"9";"+0,00";"+2,73";"-0,41";"+2,41";0;273;"B_left";2
10;"15";"-0,73";"-0,00";"-0,41";"-0,41";-73;0;"A_left";3
10;"20";"+1,52";"-0,93";"+2,00";"-0,73";200;-73;"B_left";4
10;"24";"+2,93";"+0,48";"+3,00";"+1,00";300;100;"B_left";5
10;"7";"+1,00";"+3,00";"+0,48";"+2,93";100;300;"A_left";6
10;"23";"+2,73";"-0,00";"+2,93";"+0,48";293;48;"A_left";7
10;"2";"+2,93";"+1,52";"+2,73";"+2,00";293;152;"B_left";8
10;"16";"-0,41";"-0,41";"-0,00";"-0,73";0;-73;"B_left";9
10;"12";"-0,93";"+1,52";"-1,00";"+1,00";-100;100;"A_left";10
10;"10";"-0,41";"+2,41";"-0,73";"+2,00";-73;200;"A_left";11
10;"11";"-0,73";"+2,00";"-0,93";"+1,52";-73;200;"A_left";12
10;"22";"+2,41";"-0,41";"+2,73";"-0,00";273;0;"B_left";13
10;"8";"+0,48";"+2,93";"+0,00";"+2,73";48;293;"A_left";14
10;"1";"+3,00";"+1,00";"+2,93";"+1,52";300;100;"B_left";15
10;"5";"+2,00";"+2,73";"+1,52";"+2,93";200;273;"A_left";16
10;"18";"+0,48";"-0,93";"+1,00";"-1,00";100;-100;"A_left";17
10;"17";"-0,00";"-0,73";"+0,48";"-0,93";48;-93;"B_left";18
10;"14";"-0,93";"+0,48";"-0,73";"-0,00";-73;0;"B_left";19
10;"3";"+2,73";"+2,00";"+2,41";"+2,41";273;200;"A_left";20
10;"19";"+1,00";"-1,00";"+1,52";"-0,93";152;-93;"B_left";21
10;"6";"+1,52";"+2,93";"+1,00";"+3,00";152;293;"A_left";22
10;"4";"+2,41";"+2,41";"+2,00";"+2,73";241;241;"B_left";23
11;"12";"-0,93";"+1,52";"-1,00";"+1,00";-93;152;"B_left";0
11;"18";"+0,48";"-0,93";"+1,00";"-1,00";100;-100;"A_left";1
11;"2";"+2,93";"+1,52";"+2,73";"+2,00";293;152;"B_left";2
11;"7";"+1,00";"+3,00";"+0,48";"+2,93";100;300;"B_left";3
11;"3";"+2,73";"+2,00";"+2,41";"+2,41";273;200;"A_left";4
11;"17";"-0,00";"-0,73";"+0,48";"-0,93";48;-93;"B_left";5
11;"6";"+1,52";"+2,93";"+1,00";"+3,00";152;293;"B_left";6
11;"14";"-0,93";"+0,48";"-0,73";"-0,00";-73;0;"A_left";7
11;"23";"+2,73";"-0,00";"+2,93";"+0,48";293;48;"A_left";8
11;"13";"-1,00";"+1,00";"-0,93";"+0,48";-93;48;"A_left";9
11;"24";"+2,93";"+0,48";"+3,00";"+1,00";300;100;"B_left";10
11;"20";"+1,52";"-0,93";"+2,00";"-0,73";200;-73;"A_left";11
11;"19";"+1,00";"-1,00";"+1,52";"-0,93";152;-93;"A_left";12
11;"10";"-0,41";"+2,41";"-0,73";"+2,00";-41;241;"B_left";13
11;"1";"+3,00";"+1,00";"+2,93";"+1,52";300;100;"A_left";14
11;"9";"+0,00";"+2,73";"-0,41";"+2,41";0;273;"A_left";15
11;"16";"-0,41";"-0,41";"-0,00";"-0,73";0;-73;"A_left";16
11;"11";"-0,73";"+2,00";"-0,93";"+1,52";-73;200;"A_left";17
11;"4";"+2,41";"+2,41";"+2,00";"+2,73";241;241;"B_left";18
11;"21";"+2,00";"-0,73";"+2,41";"-0,41";241;-41;"B_left";19
11;"22";"+2,41";"-0,41";"+2,73";"-0,00";273;0;"B_left";20
11;"15";"-0,73";"-0,00";"-0,41";"-0,41";-41;-41;"B_left";21
11;"5";"+2,00";"+2,73";"+1,52";"+2,93";200;273;"B_left";22
11;"8";"+0,48";"+2,93";"+0,00";"+2,73";48;293;"A_left";23
12;"20";"+1,52";"-0,93";"+2,00";"-0,73";200;-73;"B_left";0
12;"10";"-0,41";"+2,41";"-0,73";"+2,00";-41;241;"A_left";1
12;"5";"+2,00";"+2,73";"+1,52";"+2,93";200;273;"A_left";2
12;"23";"+2,73";"-0,00";"+2,93";"+0,48";293;48;"B_left";3
12;"24";"+2,93";"+0,48";"+3,00";"+1,00";300;100;"A_left";4
12;"6";"+1,52";"+2,93";"+1,00";"+3,00";152;293;"B_left";5
12;"8";"+0,48";"+2,93";"+0,00";"+2,73";48;293;"A_left";6
12;"4";"+2,41";"+2,41";"+2,00";"+2,73";241;241;"A_left";7
12;"18";"+0,48";"-0,93";"+1,00";"-1,00";48;-93;"A_left";8
12;"17";"-0,00";"-0,73";"+0,48";"-0,93";48;-93;"A_left";9
12;"12";"-0,93";"+1,52";"-1,00";"+1,00";-100;100;"B_left";10
12;"11";"-0,73";"+2,00";"-0,93";"+1,52";-73;200;"A_left";11
12;"21";"+2,00";"-0,73";"+2,41";"-0,41";241;-41;"A_left";12
12;"19";"+1,00";"-1,00";"+1,52";"-0,93";152;-93;"A_left";13
12;"9";"+0,00";"+2,73";"-0,41";"+2,41";0;273;"A_left";14
12;"7";"+1,00";"+3,00";"+0,48";"+2,93";100;300;"A_left";15
12;"16";"-0,41";"-0,41";"-0,00";"-0,73";0;-73;"B_left";16
12;"13";"-1,00";"+1,00";"-0,93";"+0,48";-93;48;"B_left";17
12;"1";"+3,00";"+1,00";"+2,93";"+1,52";293;152;"A_left";18
12;"15";"-0,73";"-0,00";"-0,41";"-0,41";-41;-41;"A_left";19
12;"3";"+2,73";"+2,00";"+2,41";"+2,41";273;200;"A_left";20
12;"22";"+2,41";"-0,41";"+2,73";"-0,00";273;0;"B_left";21
12;"14";"-0,93";"+0,48";"-0,73";"-0,00";-73;0;"A_left";22
12;"2";"+2,93";"+1,52";"+2,73";"+2,00";273;200;"B_left";23
13;"22";"+2,41";"-0,41";"+2,73";"-0,00";273;0;"A_left";0
13;"6";"+1,52";"+2,93";"+1,00";"+3,00";152;293;"A_left";1
13;"16";"-0,41";"-0,41";"-0,00";"-0,73";0;-73;"A_left";2
13;"8";"+0,48";"+2,93";"+0,00";"+2,73";48;293;"B_left";3
13;"12";"-0,93";"+1,52";"-1,00";"+1,00";-100;100;"A_left";4
13;"24";"+2,93";"+0,48";"+3,00";"+1,00";300;100;"B_left";5
13;"20";"+1,52";"-0,93";"+2,00";"-0,73";200;-73;"B_left";6
13;"17";"-0,00";"-0,73";"+0,48";"-0,93";0;-73;"A_left";7
13;"11";"-0,73";"+2,00";"-0,93";"+1,52";-93;152;"A_left";8
13;"14";"-0,93";"+0,48";"-0,73";"-0,00";-93;48;"A_left";9
13;"2";"+2,93";"+1,52";"+2,73";"+2,00";293;152;"B_left";10
13;"18";"+0,48";"-0,93";"+1,00";"-1,00";100;-100;"B_left";11
13;"3";"+2,73";"+2,00";"+2,41";"+2,41";241;241;"B_left";12
13;"10";"-0,41";"+2,41";"-0,73";"+2,00";-73;200;"A_left";13
13;"15";"-0,73";"-0,00";"-0,41";"-0,41";-73;0;"B_left";14
13;"9";"+0,00";"+2,73";"-0,41";"+2,41";0;273;"A_left";15
13;"7";"+1,00";"+3,00";"+0,48";"+2,93";48;293;"A_left";16
13;"19";"+1,00";"-1,00";"+1,52";"-0,93";100;-100;"A_left";17
13;"13";"-1,00";"+1,00";"-0,93";"+0,48";-93;48;"B_left";18
13;"23";"+2,73";"-0,00";"+2,93";"+0,48";293;48;"A_left";19
13;"4";"+2,41";"+2,41";"+2,00";"+2,73";200;273;"A_left";20
13;"5";"+2,00";"+2,73";"+1,52";"+2,93";200;273;"B_left";21
13;"1";"+3,00";"+1,00";"+2,93";"+1,52";300;100;"A_left";22
13;"21";"+2,00";"-0,73";"+2,41";"-0,41";241;-41;"B_left";23
14;"15";"-0,73";"-0,00";"-0,41";"-0,41";-41;-41;"B_left";0
14;"12";"-0,93";"+1,52";"-1,00";"+1,00";-93;152;"B_left";1
14;"4";"+2,41";"+2,41";"+2,00";"+2,73";241;241;"B_left";2
14;"5";"+2,00";"+2,73";"+1,52";"+2,93";200;273;"A_left";3
14;"3";"+2,73";"+2,00";"+2,41";"+2,41";241;241;"B_left";4
14;"6";"+1,52";"+2,93";"+1,00";"+3,00";152;293;"B_left";5
14;"2";"+2,93";"+1,52";"+2,73";"+2,00";293;152;"A_left";6
14;"1";"+3,00";"+1,00";"+2,93";"+1,52";293;152;"B_left";7
14;"11";"-0,73";"+2,00";"-0,93";"+1,52";-73;200;"A_left";8
14;"20";"+1,52";"-0,93";"+2,00";"-0,73";200;-73;"B_left";9
14;"19";"+1,00";"-1,00";"+1,52";"-0,93";152;-93;"A_left";10
14;"22";"+2,41";"-0,41";"+2,73";"-0,00";273;0;"A_left";11
14;"16";"-0,41";"-0,41";"-0,00";"-0,73";-41;-41;"B_left";12
14;"23";"+2,73";"-0,00";"+2,93";"+0,48";273;0;"B_left";13
14;"13";"-1,00";"+1,00";"-0,93";"+0,48";-100;100;"A_left";14
14;"8";"+0,48";"+2,93";"+0,00";"+2,73";48;293;"A_left";15
14;"7";"+1,00";"+3,00";"+0,48";"+2,93";100;300;"A_left";16
14;"24";"+2,93";"+0,48";"+3,00";"+1,00";300;100;"B_left";17
14;"9";"+0,00";"+2,73";"-0,41";"+2,41";0;273;"A_left";18
14;"17";"-0,00";"-0,73";"+0,48";"-0,93";48;-93;"A_left";19
14;"18";"+0,48";"-0,93";"+1,00";"-1,00";100;-100;"B_left";20
14;"21";"+2,00";"-0,73";"+2,41";"-0,41";241;-41;"B_left";21
14;"14";"-0,93";"+0,48";"-0,73";"-0,00";-73;0;"B_left";22
14;"10";"-0,41";"+2,41";"-0,73";"+2,00";-73;200;"B_left";23
15;"4";"+2,41";"+2,41";"+2,00";"+2,73";241;241;"B_left";0
15;"19";"+1,00";"-1,00";"+1,52";"-0,93";152;-93;"B_left";1
15;"11";"-0,73";"+2,00";"-0,93";"+1,52";-73;200;"B_left";2
15;"2";"+2,93";"+1,52";"+2,73";"+2,00";273;200;"A_left";3
15;"16";"-0,41";"-0,41";"-0,00";"-0,73";0;-73;"B_left";4
15;"15";"-0,73";"-0,00";"-0,41";"-0,41";-41;-41;"B_left";5
15;"21";"+2,00";"-0,73";"+2,41";"-0,41";241;-41;"A_left";6
15;"1";"+3,00";"+1,00";"+2,93";"+1,52";293;152;"A_left";7
15;"14";"-0,93";"+0,48";"-0,73";"-0,00";-73;0;"A_left";8
15;"17";"-0,00";"-0,73";"+0,48";"-0,93";48;-93;"A_left";9
15;"22";"+2,41";"-0,41";"+2,73";"-0,00";273;0;"A_left";10
15;"24";"+2,93";"+0,48";"+3,00";"+1,00";300;100;"B_left";11
15;"7";"+1,00";"+3,00";"+0,48";"+2,93";100;300;"B_left";12
15;"3";"+2,73";"+2,00";"+2,41";"+2,41";241;241;"A_left";13
15;"12";"-0,93";"+1,52";"-1,00";"+1,00";-93;152;"A_left";14
15;"8";"+0,48";"+2,93";"+0,00";"+2,73";48;293;"B_left";15
15;"10";"-0,41";"+2,41";"-0,73";"+2,00";-41;241;"B_left";16
15;"23";"+2,73";"-0,00";"+2,93";"+0,48";293;48;"B_left";17
15;"5";"+2,00";"+2,73";"+1,52";"+2,93";200;273;"A_left";18
15;"6";"+1,52";"+2,93";"+1,00";"+3,00";152;293;"A_left";19
15;"13";"-1,00";"+1,00";"-0,93";"+0,48";-93;48;"A_left";20
15;"18";"+0,48";"-0,93";"+1,00";"-1,00";48;-93;"A_left";21
15;"9";"+0,00";"+2,73";"-0,41";"+2,41";0;273;"A_left";22
15;"20";"+1,52";"-0,93";"+2,00";"-0,73";200;-73;"A_left";23
16;"21";"+2,00";"-0,73";"+2,41";"-0,41";241;-41;"A_left";0
16;"12";"-0,93";"+1,52";"-1,00";"+1,00";-100;100;"B_left";1
16;"7";"+1,00";"+3,00";"+0,48";"+2,93";100;300;"A_left";2
16;"15";"-0,73";"-0,00";"-0,41";"-0,41";-41;-41;"B_left";3
16;"14";"-0,93";"+0,48";"-0,73";"-0,00";-73;0;"A_left";4
16;"9";"+0,00";"+2,73";"-0,41";"+2,41";0;273;"B_left";5
16;"16";"-0,41";"-0,41";"-0,00";"-0,73";0;-73;"B_left";6
16;"13";"-1,00";"+1,00";"-0,93";"+0,48";-100;100;"B_left";7
16;"10";"-0,41";"+2,41";"-0,73";"+2,00";-41;241;"B_left";8
16;"20";"+1,52";"-0,93";"+2,00";"-0,73";200;-73;"A_left";9
16;"17";"-0,00";"-0,73";"+0,48";"-0,93";48;-93;"B_left";10
16;"3";"+2,73";"+2,00";"+2,41";"+2,41";273;200;"B_left";11
16;"8";"+0,48";"+2,93";"+0,00";"+2,73";48;293;"A_left";12
16;"22";"+2,41";"-0,41";"+2,73";"-0,00";273;0;"A_left";13
16;"24";"+2,93";"+0,48";"+3,00";"+1,00";300;100;"A_left";14
16;"1";"+3,00";"+1,00";"+2,93";"+1,52";300;100;"B_left";15
16;"2";"+2,93";"+1,52";"+2,73";"+2,00";273;200;"A_left";16
16;"19";"+1,00";"-1,00";"+1,52";"-0,93";152;-93;"B_left";17
16;"6";"+1,52";"+2,93";"+1,00";"+3,00";152;293;"A_left";18
16;"11";"-0,73";"+2,00";"-0,93";"+1,52";-73;200;"B_left";19
16;"4";"+2,41";"+2,41";"+2,00";"+2,73";241;241;"B_left";20
16;"23";"+2,73";"-0,00";"+2,93";"+0,48";293;48;"A_left";21
16;"18";"+0,48";"-0,93";"+1,00";"-1,00";100;-100;"A_left";22
16;"5";"+2,00";"+2,73";"+1,52";"+2,93";200;273;"A_left";23
17;"2";"+2,93";"+1,52";"+2,73";"+2,00";293;152;"A_left";0
17;"19";"+1,00";"-1,00";"+1,52";"-0,93";152;-93;"B_left";1
17;"8";"+0,48";"+2,93";"+0,00";"+2,73";48;293;"B_left";2
17;"12";"-0,93";"+1,52";"-1,00";"+1,00";-93;152;"A_left";3
17;"23";"+2,73";"-0,00";"+2,93";"+0,48";293;48;"A_left";4
17;"15";"-0,73";"-0,00";"-0,41";"-0,41";-41;-41;"B_left";5
17;"4";"+2,41";"+2,41";"+2,00";"+2,73";241;241;"B_left";6
17;"22";"+2,41";"-0,41";"+2,73";"-0,00";273;0;"A_left";7
17;"1";"+3,00";"+1,00";"+2,93";"+1,52";300;100;"B_left";8
17;"16";"-0,41";"-0,41";"-0,00";"-0,73";0;-73;"A_left";9
17;"9";"+0,00";"+2,73";"-0,41";"+2,41";0;273;"A_left";10
17;"17";"-0,00";"-0,73";"+0,48";"-0,93";48;-93;"A_left";11
17;"13";"-1,00";"+1,00";"-0,93";"+0,48";-93;48;"A_left";12
17;"7";"+1,00";"+3,00";"+0,48";"+2,93";100;300;"A_left";13
17;"10";"-0,41";"+2,41";"-0,73";"+2,00";-41;241;"B_left";14
17;"3";"+2,73";"+2,00";"+2,41";"+2,41";273;200;"B_left";15
17;"18";"+0,48";"-0,93";"+1,00";"-1,00";100;-100;"B_left";16
17;"21";"+2,00";"-0,73";"+2,41";"-0,41";241;-41;"B_left";17
17;"11";"-0,73";"+2,00";"-0,93";"+1,52";-73;200;"A_left";18
17;"5";"+2,00";"+2,73";"+1,52";"+2,93";200;273;"B_left";19
17;"24";"+2,93";"+0,48";"+3,00";"+1,00";300;100;"B_left";20
17;"6";"+1,52";"+2,93";"+1,00";"+3,00";152;293;"B_left";21
17;"20";"+1,52";"-0,93";"+2,00";"-0,73";200;-73;"A_left";22
17;"14";"-0,93";"+0,48";"-0,73";"-0,00";-73;0;"A_left";23
19;"2";"+2,93";"+1,52";"+2,73";"+2,00";293;152;"A_left";0
19;"1";"+3,00";"+1,00";"+2,93";"+1,52";300;100;"A_left";1
19;"14";"-0,93";"+0,48";"-0,73";"-0,00";-73;0;"B_left";2
19;"9";"+0,00";"+2,73";"-0,41";"+2,41";-41;241;"B_left";3
19;"4";"+2,41";"+2,41";"+2,00";"+2,73";200;273;"B_left";4
19;"20";"+1,52";"-0,93";"+2,00";"-0,73";152;-93;"A_left";5
19;"11";"-0,73";"+2,00";"-0,93";"+1,52";-73;200;"A_left";6
19;"5";"+2,00";"+2,73";"+1,52";"+2,93";200;273;"A_left";7
19;"21";"+2,00";"-0,73";"+2,41";"-0,41";200;-73;"A_left";8
19;"3";"+2,73";"+2,00";"+2,41";"+2,41";273;200;"A_left";9
19;"17";"-0,00";"-0,73";"+0,48";"-0,93";48;-93;"B_left";10
19;"16";"-0,41";"-0,41";"-0,00";"-0,73";-41;-41;"A_left";11
19;"22";"+2,41";"-0,41";"+2,73";"-0,00";241;-41;"A_left";12
19;"7";"+1,00";"+3,00";"+0,48";"+2,93";100;300;"A_left";13
19;"6";"+1,52";"+2,93";"+1,00";"+3,00";152;293;"A_left";14
19;"15";"-0,73";"-0,00";"-0,41";"-0,41";-41;-41;"B_left";15
19;"24";"+2,93";"+0,48";"+3,00";"+1,00";300;100;"B_left";16
19;"10";"-0,41";"+2,41";"-0,73";"+2,00";-73;200;"B_left";17
19;"19";"+1,00";"-1,00";"+1,52";"-0,93";152;-93;"B_left";18
19;"12";"-0,93";"+1,52";"-1,00";"+1,00";-100;100;"B_left";19
19;"23";"+2,73";"-0,00";"+2,93";"+0,48";273;0;"A_left";20
19;"8";"+0,48";"+2,93";"+0,00";"+2,73";48;293;"A_left";21
19;"13";"-1,00";"+1,00";"-0,93";"+0,48";-93;48;"B_left";22
19;"18";"+0,48";"-0,93";"+1,00";"-1,00";100;-100;"B_left";23
20;"13";"-1,00";"+1,00";"-0,93";"+0,48";-100;100;"A_left";0
20;"7";"+1,00";"+3,00";"+0,48";"+2,93";100;300;"B_left";1
20;"15";"-0,73";"-0,00";"-0,41";"-0,41";-41;-41;"A_left";2
20;"18";"+0,48";"-0,93";"+1,00";"-1,00";100;-100;"A_left";3
20;"8";"+0,48";"+2,93";"+0,00";"+2,73";48;293;"B_left";4
20;"5";"+2,00";"+2,73";"+1,52";"+2,93";200;273;"A_left";5
20;"24";"+2,93";"+0,48";"+3,00";"+1,00";300;100;"A_left";6
20;"20";"+1,52";"-0,93";"+2,00";"-0,73";200;-73;"A_left";7
20;"14";"-0,93";"+0,48";"-0,73";"-0,00";-73;0;"B_left";8
20;"19";"+1,00";"-1,00";"+1,52";"-0,93";152;-93;"B_left";9
20;"10";"-0,41";"+2,41";"-0,73";"+2,00";-41;241;"B_left";10
20;"3";"+2,73";"+2,00";"+2,41";"+2,41";241;241;"A_left";11
20;"22";"+2,41";"-0,41";"+2,73";"-0,00";273;0;"A_left";12
20;"2";"+2,93";"+1,52";"+2,73";"+2,00";293;152;"B_left";13
20;"23";"+2,73";"-0,00";"+2,93";"+0,48";293;48;"B_left";14
20;"1";"+3,00";"+1,00";"+2,93";"+1,52";300;100;"B_left";15
20;"12";"-0,93";"+1,52";"-1,00";"+1,00";-93;152;"B_left";16
20;"11";"-0,73";"+2,00";"-0,93";"+1,52";-93;152;"A_left";17
20;"6";"+1,52";"+2,93";"+1,00";"+3,00";152;293;"B_left";18
20;"17";"-0,00";"-0,73";"+0,48";"-0,93";48;-93;"A_left";19
20;"16";"-0,41";"-0,41";"-0,00";"-0,73";0;-73;"A_left";20
20;"9";"+0,00";"+2,73";"-0,41";"+2,41";0;273;"B_left";21
20;"4";"+2,41";"+2,41";"+2,00";"+2,73";241;241;"A_left";22
20;"21";"+2,00";"-0,73";"+2,41";"-0,41";200;-73;"B_left";23
21;"1";"+3,00";"+1,00";"+2,93";"+1,52";293;152;"A_left";0
21;"19";"+1,00";"-1,00";"+1,52";"-0,93";152;-93;"A_left";1
21;"13";"-1,00";"+1,00";"-0,93";"+0,48";-93;48;"A_left";2
21;"16";"-0,41";"-0,41";"-0,00";"-0,73";-41;-41;"A_left";3
21;"3";"+2,73";"+2,00";"+2,41";"+2,41";241;241;"A_left";4
21;"14";"-0,93";"+0,48";"-0,73";"-0,00";-73;0;"B_left";5
21;"18";"+0,48";"-0,93";"+1,00";"-1,00";48;-93;"B_left";6
21;"6";"+1,52";"+2,93";"+1,00";"+3,00";152;293;"B_left";7
21;"12";"-0,93";"+1,52";"-1,00";"+1,00";-100;100;"A_left";8
21;"23";"+2,73";"-0,00";"+2,93";"+0,48";293;48;"B_left";9
21;"7";"+1,00";"+3,00";"+0,48";"+2,93";100;300;"A_left";10
21;"24";"+2,93";"+0,48";"+3,00";"+1,00";300;100;"B_left";11
21;"2";"+2,93";"+1,52";"+2,73";"+2,00";273;200;"A_left";12
21;"22";"+2,41";"-0,41";"+2,73";"-0,00";273;0;"B_left";13
21;"9";"+0,00";"+2,73";"-0,41";"+2,41";0;273;"A_left";14
21;"11";"-0,73";"+2,00";"-0,93";"+1,52";-73;200;"A_left";15
21;"8";"+0,48";"+2,93";"+0,00";"+2,73";48;293;"A_left";16
21;"20";"+1,52";"-0,93";"+2,00";"-0,73";200;-73;"B_left";17
21;"17";"-0,00";"-0,73";"+0,48";"-0,93";48;-93;"A_left";18
21;"4";"+2,41";"+2,41";"+2,00";"+2,73";241;241;"B_left";19
21;"15";"-0,73";"-0,00";"-0,41";"-0,41";-41;-41;"A_left";20
21;"5";"+2,00";"+2,73";"+1,52";"+2,93";200;273;"A_left";21
21;"10";"-0,41";"+2,41";"-0,73";"+2,00";-41;241;"A_left";22
21;"21";"+2,00";"-0,73";"+2,41";"-0,41";241;-41;"A_left";23
22;"11";"-0,73";"+2,00";"-0,93";"+1,52";-73;200;"A_left";0
22;"14";"-0,93";"+0,48";"-0,73";"-0,00";-73;0;"A_left";1
22;"17";"-0,00";"-0,73";"+0,48";"-0,93";48;-93;"A_left";2
22;"4";"+2,41";"+2,41";"+2,00";"+2,73";241;241;"B_left";3
22;"6";"+1,52";"+2,93";"+1,00";"+3,00";152;293;"A_left";4
22;"10";"-0,41";"+2,41";"-0,73";"+2,00";-41;241;"B_left";5
22;"12";"-0,93";"+1,52";"-1,00";"+1,00";-93;152;"A_left";6
22;"15";"-0,73";"-0,00";"-0,41";"-0,41";-41;-41;"B_left";7
22;"20";"+1,52";"-0,93";"+2,00";"-0,73";200;-73;"A_left";8
22;"21";"+2,00";"-0,73";"+2,41";"-0,41";241;-41;"B_left";9
22;"3";"+2,73";"+2,00";"+2,41";"+2,41";273;200;"A_left";10
22;"8";"+0,48";"+2,93";"+0,00";"+2,73";48;293;"A_left";11
22;"19";"+1,00";"-1,00";"+1,52";"-0,93";152;-93;"A_left";12
22;"9";"+0,00";"+2,73";"-0,41";"+2,41";0;273;"A_left";13
22;"1";"+3,00";"+1,00";"+2,93";"+1,52";300;100;"B_left";14
22;"22";"+2,41";"-0,41";"+2,73";"-0,00";273;0;"B_left";15
22;"24";"+2,93";"+0,48";"+3,00";"+1,00";300;100;"B_left";16
22;"2";"+2,93";"+1,52";"+2,73";"+2,00";293;152;"B_left";17
22;"7";"+1,00";"+3,00";"+0,48";"+2,93";100;300;"A_left";18
22;"5";"+2,00";"+2,73";"+1,52";"+2,93";200;273;"A_left";19
22;"16";"-0,41";"-0,41";"-0,00";"-0,73";0;-73;"B_left";20
22;"23";"+2,73";"-0,00";"+2,93";"+0,48";293;48;"B_left";21
22;"13";"-1,00";"+1,00";"-0,93";"+0,48";-93;48;"B_left";22
22;"18";"+0,48";"-0,93";"+1,00";"-1,00";100;-100;"A_left";23
23;"18";"+0,48";"-0,93";"+1,00";"-1,00";100;-100;"A_left";0
23;"22";"+2,41";"-0,41";"+2,73";"-0,00";273;0;"A_left";1
23;"12";"-0,93";"+1,52";"-1,00";"+1,00";-93;152;"B_left";2
23;"21";"+2,00";"-0,73";"+2,41";"-0,41";241;-41;"A_left";3
23;"6";"+1,52";"+2,93";"+1,00";"+3,00";152;293;"B_left";4
23;"17";"-0,00";"-0,73";"+0,48";"-0,93";48;-93;"B_left";5
23;"19";"+1,00";"-1,00";"+1,52";"-0,93";152;-93;"B_left";6
23;"20";"+1,52";"-0,93";"+2,00";"-0,73";200;-73;"B_left";7
23;"3";"+2,73";"+2,00";"+2,41";"+2,41";241;241;"B_left";8
23;"5";"+2,00";"+2,73";"+1,52";"+2,93";200;273;"B_left";9
23;"14";"-0,93";"+0,48";"-0,73";"-0,00";-93;48;"B_left";10
23;"16";"-0,41";"-0,41";"-0,00";"-0,73";0;-73;"A_left";11
23;"11";"-0,73";"+2,00";"-0,93";"+1,52";-73;200;"A_left";12
23;"9";"+0,00";"+2,73";"-0,41";"+2,41";0;273;"A_left";13
23;"7";"+1,00";"+3,00";"+0,48";"+2,93";100;300;"B_left";14
23;"13";"-1,00";"+1,00";"-0,93";"+0,48";-100;100;"A_left";15
23;"8";"+0,48";"+2,93";"+0,00";"+2,73";48;293;"B_left";16
23;"15";"-0,73";"-0,00";"-0,41";"-0,41";-73;0;"A_left";17
23;"23";"+2,73";"-0,00";"+2,93";"+0,48";293;48;"B_left";18
23;"2";"+2,93";"+1,52";"+2,73";"+2,00";273;200;"A_left";19
23;"10";"-0,41";"+2,41";"-0,73";"+2,00";-41;241;"A_left";20
23;"24";"+2,93";"+0,48";"+3,00";"+1,00";300;100;"B_left";21
23;"4";"+2,41";"+2,41";"+2,00";"+2,73";241;241;"A_left";22
23;"1";"+3,00";"+1,00";"+2,93";"+1,52";300;100;"A_left";23
24;"10";"-0,41";"+2,41";"-0,73";"+2,00";-41;241;"A_left";0
24;"17";"-0,00";"-0,73";"+0,48";"-0,93";0;-73;"B_left";1
24;"2";"+2,93";"+1,52";"+2,73";"+2,00";273;200;"B_left";2
24;"3";"+2,73";"+2,00";"+2,41";"+2,41";241;241;"A_left";3
24;"5";"+2,00";"+2,73";"+1,52";"+2,93";200;273;"A_left";4
24;"8";"+0,48";"+2,93";"+0,00";"+2,73";48;293;"A_left";5
24;"19";"+1,00";"-1,00";"+1,52";"-0,93";100;-100;"B_left";6
24;"23";"+2,73";"-0,00";"+2,93";"+0,48";293;48;"A_left";7
24;"13";"-1,00";"+1,00";"-0,93";"+0,48";-93;48;"B_left";8
24;"16";"-0,41";"-0,41";"-0,00";"-0,73";-41;-41;"A_left";9
24;"7";"+1,00";"+3,00";"+0,48";"+2,93";100;300;"A_left";10
24;"24";"+2,93";"+0,48";"+3,00";"+1,00";300;100;"A_left";11
24;"4";"+2,41";"+2,41";"+2,00";"+2,73";241;241;"A_left";12
24;"20";"+1,52";"-0,93";"+2,00";"-0,73";200;-73;"A_left";13
24;"11";"-0,73";"+2,00";"-0,93";"+1,52";-73;200;"A_left";14
24;"14";"-0,93";"+0,48";"-0,73";"-0,00";-93;48;"B_left";15
24;"22";"+2,41";"-0,41";"+2,73";"-0,00";273;0;"A_left";16
24;"12";"-0,93";"+1,52";"-1,00";"+1,00";-93;152;"A_left";17
24;"9";"+0,00";"+2,73";"-0,41";"+2,41";0;273;"A_left";18
24;"6";"+1,52";"+2,93";"+1,00";"+3,00";152;293;"A_left";19
24;"1";"+3,00";"+1,00";"+2,93";"+1,52";293;152;"B_left";20
24;"18";"+0,48";"-0,93";"+1,00";"-1,00";48;-93;"B_left";21
24;"15";"-0,73";"-0,00";"-0,41";"-0,41";-73;0;"B_left";22
24;"21";"+2,00";"-0,73";"+2,41";"-0,41";241;-41;"A_left";23
25;"19";"+1,00";"-1,00";"+1,52";"-0,93";152;-93;"B_left";0
25;"16";"-0,41";"-0,41";"-0,00";"-0,73";-41;-41;"A_left";1
25;"11";"-0,73";"+2,00";"-0,93";"+1,52";-73;200;"A_left";2
25;"20";"+1,52";"-0,93";"+2,00";"-0,73";200;-73;"A_left";3
25;"23";"+2,73";"-0,00";"+2,93";"+0,48";293;48;"B_left";4
25;"1";"+3,00";"+1,00";"+2,93";"+1,52";293;152;"A_left";5
25;"5";"+2,00";"+2,73";"+1,52";"+2,93";200;273;"A_left";6
25;"9";"+0,00";"+2,73";"-0,41";"+2,41";0;273;"A_left";7
25;"2";"+2,93";"+1,52";"+2,73";"+2,00";273;200;"B_left";8
25;"24";"+2,93";"+0,48";"+3,00";"+1,00";300;100;"B_left";9
25;"13";"-1,00";"+1,00";"-0,93";"+0,48";-100;100;"B_left";10
25;"4";"+2,41";"+2,41";"+2,00";"+2,73";241;241;"A_left";11
25;"21";"+2,00";"-0,73";"+2,41";"-0,41";241;-41;"A_left";12
25;"22";"+2,41";"-0,41";"+2,73";"-0,00";273;0;"A_left";13
25;"17";"-0,00";"-0,73";"+0,48";"-0,93";48;-93;"A_left";14
25;"10";"-0,41";"+2,41";"-0,73";"+2,00";-41;241;"B_left";15
25;"6";"+1,52";"+2,93";"+1,00";"+3,00";152;293;"B_left";16
25;"12";"-0,93";"+1,52";"-1,00";"+1,00";-93;152;"B_left";17
25;"8";"+0,48";"+2,93";"+0,00";"+2,73";48;293;"B_left";18
25;"18";"+0,48";"-0,93";"+1,00";"-1,00";100;-100;"B_left";19
25;"3";"+2,73";"+2,00";"+2,41";"+2,41";241;241;"A_left";20
25;"14";"-0,93";"+0,48";"-0,73";"-0,00";-93;48;"B_left";21
25;"15";"-0,73";"-0,00";"-0,41";"-0,41";-41;-41;"A_left";22
25;"7";"+1,00";"+3,00";"+0,48";"+2,93";100;300;"B_left";23
26;"3";"+2,73";"+2,00";"+2,41";"+2,41";273;200;"B_left";0
26;"18";"+0,48";"-0,93";"+1,00";"-1,00";100;-100;"B_left";1
26;"19";"+1,00";"-1,00";"+1,52";"-0,93";152;-93;"B_left";2
26;"5";"+2,00";"+2,73";"+1,52";"+2,93";200;273;"B_left";3
26;"14";"-0,93";"+0,48";"-0,73";"-0,00";-73;0;"B_left";4
26;"15";"-0,73";"-0,00";"-0,41";"-0,41";-41;-41;"A_left";5
26;"6";"+1,52";"+2,93";"+1,00";"+3,00";152;293;"A_left";6
26;"21";"+2,00";"-0,73";"+2,41";"-0,41";241;-41;"A_left";7
26;"22";"+2,41";"-0,41";"+2,73";"-0,00";273;0;"A_left";8
26;"1";"+3,00";"+1,00";"+2,93";"+1,52";293;152;"B_left";9
26;"9";"+0,00";"+2,73";"-0,41";"+2,41";0;273;"A_left";10
26;"8";"+0,48";"+2,93";"+0,00";"+2,73";48;293;"B_left";11
26;"17";"-0,00";"-0,73";"+0,48";"-0,93";48;-93;"A_left";12
26;"7";"+1,00";"+3,00";"+0,48";"+2,93";100;300;"B_left";13
26;"12";"-0,93";"+1,52";"-1,00";"+1,00";-93;152;"B_left";14
26;"16";"-0,41";"-0,41";"-0,00";"-0,73";0;-73;"B_left";15
26;"10";"-0,41";"+2,41";"-0,73";"+2,00";-41;241;"A_left";16
26;"2";"+2,93";"+1,52";"+2,73";"+2,00";293;152;"A_left";17
26;"20";"+1,52";"-0,93";"+2,00";"-0,73";200;-73;"A_left";18
26;"11";"-0,73";"+2,00";"-0,93";"+1,52";-73;200;"B_left";19
26;"23";"+2,73";"-0,00";"+2,93";"+0,48";293;48;"B_left";20
26;"13";"-1,00";"+1,00";"-0,93";"+0,48";-93;48;"B_left";21
26;"4";"+2,41";"+2,41";"+2,00";"+2,73";241;241;"A_left";22
26;"24";"+2,93";"+0,48";"+3,00";"+1,00";300;100;"A_left";23
27;"6";"+1,52";"+2,93";"+1,00";"+3,00";152;293;"B_left";0
27;"21";"+2,00";"-0,73";"+2,41";"-0,41";241;-41;"B_left";1
27;"20";"+1,52";"-0,93";"+2,00";"-0,73";200;-73;"B_left";2
27;"7";"+1,00";"+3,00";"+0,48";"+2,93";100;300;"A_left";3
27;"17";"-0,00";"-0,73";"+0,48";"-0,93";48;-93;"B_left";4
27;"4";"+2,41";"+2,41";"+2,00";"+2,73";241;241;"A_left";5
27;"10";"-0,41";"+2,41";"-0,73";"+2,00";-41;241;"B_left";6
27;"11";"-0,73";"+2,00";"-0,93";"+1,52";-73;200;"A_left";7
27;"5";"+2,00";"+2,73";"+1,52";"+2,93";200;273;"B_left";8
27;"3";"+2,73";"+2,00";"+2,41";"+2,41";273;200;"A_left";9
27;"1";"+3,00";"+1,00";"+2,93";"+1,52";300;100;"A_left";10
27;"24";"+2,93";"+0,48";"+3,00";"+1,00";300;100;"B_left";11
27;"14";"-0,93";"+0,48";"-0,73";"-0,00";-73;0;"B_left";12
27;"8";"+0,48";"+2,93";"+0,00";"+2,73";48;293;"B_left";13
27;"9";"+0,00";"+2,73";"-0,41";"+2,41";0;273;"A_left";14
27;"15";"-0,73";"-0,00";"-0,41";"-0,41";-41;-41;"B_left";15
27;"18";"+0,48";"-0,93";"+1,00";"-1,00";100;-100;"B_left";16
27;"22";"+2,41";"-0,41";"+2,73";"-0,00";273;0;"B_left";17
27;"19";"+1,00";"-1,00";"+1,52";"-0,93";152;-93;"A_left";18
27;"16";"-0,41";"-0,41";"-0,00";"-0,73";0;-73;"A_left";19
27;"23";"+2,73";"-0,00";"+2,93";"+0,48";293;48;"A_left";20
27;"13";"-1,00";"+1,00";"-0,93";"+0,48";-93;48;"B_left";21
27;"2";"+2,93";"+1,52";"+2,73";"+2,00";293;152;"B_left";22
27;"12";"-0,93";"+1,52";"-1,00";"+1,00";-93;152;"B_left";23
28;"22";"+2,41";"-0,41";"+2,73";"-0,00";273;0;"A_left";0
28;"18";"+0,48";"-0,93";"+1,00";"-1,00";100;-100;"B_left";1
28;"24";"+2,93";"+0,48";"+3,00";"+1,00";293;48;"A_left";2
28;"17";"-0,00";"-0,73";"+0,48";"-0,93";48;-93;"B_left";3
28;"16";"-0,41";"-0,41";"-0,00";"-0,73";-41;-41;"A_left";4
28;"11";"-0,73";"+2,00";"-0,93";"+1,52";-73;200;"B_left";5
28;"7";"+1,00";"+3,00";"+0,48";"+2,93";48;293;"B_left";6
28;"13";"-1,00";"+1,00";"-0,93";"+0,48";-100;100;"B_left";7
28;"14";"-0,93";"+0,48";"-0,73";"-0,00";-93;48;"A_left";8
28;"19";"+1,00";"-1,00";"+1,52";"-0,93";152;-93;"B_left";9
28;"10";"-0,41";"+2,41";"-0,73";"+2,00";-41;241;"A_left";10
28;"20";"+1,52";"-0,93";"+2,00";"-0,73";200;-73;"B_left";11
28;"15";"-0,73";"-0,00";"-0,41";"-0,41";-41;-41;"A_left";12
28;"8";"+0,48";"+2,93";"+0,00";"+2,73";48;293;"A_left";13
28;"3";"+2,73";"+2,00";"+2,41";"+2,41";273;200;"A_left";14
28;"12";"-0,93";"+1,52";"-1,00";"+1,00";-93;152;"B_left";15
28;"6";"+1,52";"+2,93";"+1,00";"+3,00";152;293;"A_left";16
28;"2";"+2,93";"+1,52";"+2,73";"+2,00";273;200;"A_left";17
28;"5";"+2,00";"+2,73";"+1,52";"+2,93";200;273;"A_left";18
28;"21";"+2,00";"-0,73";"+2,41";"-0,41";241;-41;"B_left";19
28;"4";"+2,41";"+2,41";"+2,00";"+2,73";241;241;"B_left";20
28;"23";"+2,73";"-0,00";"+2,93";"+0,48";293;48;"B_left";21
28;"9";"+0,00";"+2,73";"-0,41";"+2,41";0;273;"B_left";22
28;"1";"+3,00";"+1,00";"+2,93";"+1,52";293;152;"B_left";23
29;"15";"-0,73";"-0,00";"-0,41";"-0,41";-41;-41;"B_left";0
29;"24";"+2,93";"+0,48";"+3,00";"+1,00";300;100;"A_left";1
29;"18";"+0,48";"-0,93";"+1,00";"-1,00";100;-100;"A_left";2
29;"5";"+2,00";"+2,73";"+1,52";"+2,93";200;273;"A_left";3
29;"3";"+2,73";"+2,00";"+2,41";"+2,41";273;200;"B_left";4
29;"2";"+2,93";"+1,52";"+2,73";"+2,00";293;152;"B_left";5
29;"17";"-0,00";"-0,73";"+0,48";"-0,93";48;-93;"B_left";6
29;"20";"+1,52";"-0,93";"+2,00";"-0,73";200;-73;"A_left";7
29;"4";"+2,41";"+2,41";"+2,00";"+2,73";241;241;"B_left";8
29;"16";"-0,41";"-0,41";"-0,00";"-0,73";0;-73;"B_left";9
29;"22";"+2,41";"-0,41";"+2,73";"-0,00";273;0;"A_left";10
29;"21";"+2,00";"-0,73";"+2,41";"-0,41";241;-41;"B_left";11
29;"13";"-1,00";"+1,00";"-0,93";"+0,48";-93;48;"A_left";12
29;"9";"+0,00";"+2,73";"-0,41";"+2,41";0;273;"A_left";13
29;"19";"+1,00";"-1,00";"+1,52";"-0,93";152;-93;"B_left";14
29;"1";"+3,00";"+1,00";"+2,93";"+1,52";300;100;"A_left";15
29;"10";"-0,41";"+2,41";"-0,73";"+2,00";-41;241;"A_left";16
29;"14";"-0,93";"+0,48";"-0,73";"-0,00";-73;0;"A_left";17
29;"6";"+1,52";"+2,93";"+1,00";"+3,00";152;293;"B_left";18
29;"8";"+0,48";"+2,93";"+0,00";"+2,73";48;293;"A_left";19
29;"11";"-0,73";"+2,00";"-0,93";"+1,52";-73;200;"A_left";20
29;"12";"-0,93";"+1,52";"-1,00";"+1,00";-93;152;"A_left";21
29;"7";"+1,00";"+3,00";"+0,48";"+2,93";100;300;"A_left";22
29;"23";"+2,73";"-0,00";"+2,93";"+0,48";293;48;"B_left";23
31;"1";"+3,00";"+1,00";"+2,93";"+1,52";300;100;"B_left";0
31;"5";"+2,00";"+2,73";"+1,52";"+2,93";200;273;"B_left";1
31;"2";"+2,93";"+1,52";"+2,73";"+2,00";293;152;"B_left";2
31;"10";"-0,41";"+2,41";"-0,73";"+2,00";-41;241;"B_left";3
31;"7";"+1,00";"+3,00";"+0,48";"+2,93";100;300;"A_left";4
31;"6";"+1,52";"+2,93";"+1,00";"+3,00";152;293;"B_left";5
31;"13";"-1,00";"+1,00";"-0,93";"+0,48";-93;48;"B_left";6
31;"12";"-0,93";"+1,52";"-1,00";"+1,00";-93;152;"A_left";7
31;"24";"+2,93";"+0,48";"+3,00";"+1,00";300;100;"B_left";8
31;"14";"-0,93";"+0,48";"-0,73";"-0,00";-73;0;"A_left";9
31;"11";"-0,73";"+2,00";"-0,93";"+1,52";-73;200;"A_left";10
31;"16";"-0,41";"-0,41";"-0,00";"-0,73";0;-73;"B_left";11
31;"8";"+0,48";"+2,93";"+0,00";"+2,73";48;293;"A_left";12
31;"22";"+2,41";"-0,41";"+2,73";"-0,00";273;0;"B_left";13
31;"3";"+2,73";"+2,00";"+2,41";"+2,41";273;200;"B_left";14
31;"4";"+2,41";"+2,41";"+2,00";"+2,73";241;241;"A_left";15
31;"17";"-0,00";"-0,73";"+0,48";"-0,93";48;-93;"B_left";16
31;"21";"+2,00";"-0,73";"+2,41";"-0,41";241;-41;"B_left";17
31;"18";"+0,48";"-0,93";"+1,00";"-1,00";100;-100;"A_left";18
31;"19";"+1,00";"-1,00";"+1,52";"-0,93";152;-93;"B_left";19
31;"15";"-0,73";"-0,00";"-0,41";"-0,41";-73;0;"B_left";20
31;"20";"+1,52";"-0,93";"+2,00";"-0,73";200;-73;"B_left";21
31;"23";"+2,73";"-0,00";"+2,93";"+0,48";293;48;"B_left";22
31;"9";"+0,00";"+2,73";"-0,41";"+2,41";0;273;"A_left";23
32;"2";"+2,93";"+1,52";"+2,73";"+2,00";293;152;"A_left";0
32;"4";"+2,41";"+2,41";"+2,00";"+2,73";241;241;"B_left";1
32;"14";"-0,93";"+0,48";"-0,73";"-0,00";-73;0;"B_left";2
32;"21";"+2,00";"-0,73";"+2,41";"-0,41";241;-41;"A_left";3
32;"15";"-0,73";"-0,00";"-0,41";"-0,41";-41;-41;"B_left";4
32;"18";"+0,48";"-0,93";"+1,00";"-1,00";100;-100;"B_left";5
32;"1";"+3,00";"+1,00";"+2,93";"+1,52";300;100;"B_left";6
32;"6";"+1,52";"+2,93";"+1,00";"+3,00";152;293;"B_left";7
32;"13";"-1,00";"+1,00";"-0,93";"+0,48";-93;48;"A_left";8
32;"19";"+1,00";"-1,00";"+1,52";"-0,93";152;-93;"B_left";9
32;"5";"+2,00";"+2,73";"+1,52";"+2,93";200;273;"A_left";10
32;"24";"+2,93";"+0,48";"+3,00";"+1,00";300;100;"B_left";11
32;"3";"+2,73";"+2,00";"+2,41";"+2,41";273;200;"A_left";12
32;"22";"+2,41";"-0,41";"+2,73";"-0,00";273;0;"A_left";13
32;"11";"-0,73";"+2,00";"-0,93";"+1,52";-73;200;"A_left";14
32;"8";"+0,48";"+2,93";"+0,00";"+2,73";48;293;"A_left";15
32;"20";"+1,52";"-0,93";"+2,00";"-0,73";200;-73;"A_left";16
32;"16";"-0,41";"-0,41";"-0,00";"-0,73";0;-73;"B_left";17
32;"23";"+2,73";"-0,00";"+2,93";"+0,48";293;48;"B_left";18
32;"17";"-0,00";"-0,73";"+0,48";"-0,93";48;-93;"B_left";19
32;"7";"+1,00";"+3,00";"+0,48";"+2,93";100;300;"B_left";20
32;"12";"-0,93";"+1,52";"-1,00";"+1,00";-93;152;"B_left";21
32;"9";"+0,00";"+2,73";"-0,41";"+2,41";0;273;"A_left";22
32;"10";"-0,41";"+2,41";"-0,73";"+2,00";-41;241;"B_left";23
33;"24";"+2,93";"+0,48";"+3,00";"+1,00";300;100;"B_left";0
33;"15";"-0,73";"-0,00";"-0,41";"-0,41";-41;-41;"B_left";1
33;"1";"+3,00";"+1,00";"+2,93";"+1,52";300;100;"A_left";2
33;"9";"+0,00";"+2,73";"-0,41";"+2,41";0;273;"B_left";3
33;"6";"+1,52";"+2,93";"+1,00";"+3,00";152;293;"A_left";4
33;"14";"-0,93";"+0,48";"-0,73";"-0,00";-73;0;"A_left";5
33;"11";"-0,73";"+2,00";"-0,93";"+1,52";-73;200;"A_left";6
33;"17";"-0,00";"-0,73";"+0,48";"-0,93";48;-93;"B_left";7
33;"8";"+0,48";"+2,93";"+0,00";"+2,73";48;293;"A_left";8
33;"3";"+2,73";"+2,00";"+2,41";"+2,41";273;200;"B_left";9
33;"18";"+0,48";"-0,93";"+1,00";"-1,00";100;-100;"B_left";10
33;"20";"+1,52";"-0,93";"+2,00";"-0,73";200;-73;"B_left";11
33;"7";"+1,00";"+3,00";"+0,48";"+2,93";100;300;"B_left";12
33;"22";"+2,41";"-0,41";"+2,73";"-0,00";273;0;"B_left";13
33;"2";"+2,93";"+1,52";"+2,73";"+2,00";293;152;"A_left";14
33;"13";"-1,00";"+1,00";"-0,93";"+0,48";-93;48;"A_left";15
33;"16";"-0,41";"-0,41";"-0,00";"-0,73";0;-73;"A_left";16
33;"4";"+2,41";"+2,41";"+2,00";"+2,73";241;241;"A_left";17
33;"19";"+1,00";"-1,00";"+1,52";"-0,93";152;-93;"A_left";18
33;"12";"-0,93";"+1,52";"-1,00";"+1,00";-93;152;"A_left";19
33;"5";"+2,00";"+2,73";"+1,52";"+2,93";200;273;"B_left";20
33;"23";"+2,73";"-0,00";"+2,93";"+0,48";293;48;"B_left";21
33;"21";"+2,00";"-0,73";"+2,41";"-0,41";241;-41;"B_left";22
33;"10";"-0,41";"+2,41";"-0,73";"+2,00";-41;241;"B_left";23
34;"8";"+0,48";"+2,93";"+0,00";"+2,73";48;293;"B_left";0
34;"12";"-0,93";"+1,52";"-1,00";"+1,00";-93;152;"B_left";1
34;"19";"+1,00";"-1,00";"+1,52";"-0,93";152;-93;"B_left";2
34;"10";"-0,41";"+2,41";"-0,73";"+2,00";-41;241;"A_left";3
34;"5";"+2,00";"+2,73";"+1,52";"+2,93";200;273;"B_left";4
34;"4";"+2,41";"+2,41";"+2,00";"+2,73";241;241;"B_left";5
34;"2";"+2,93";"+1,52";"+2,73";"+2,00";273;200;"B_left";6
34;"21";"+2,00";"-0,73";"+2,41";"-0,41";241;-41;"A_left";7
34;"11";"-0,73";"+2,00";"-0,93";"+1,52";-73;200;"B_left";8
34;"20";"+1,52";"-0,93";"+2,00";"-0,73";200;-73;"A_left";9
34;"15";"-0,73";"-0,00";"-0,41";"-0,41";-41;-41;"A_left";10
34;"14";"-0,93";"+0,48";"-0,73";"-0,00";-73;0;"B_left";11
34;"6";"+1,52";"+2,93";"+1,00";"+3,00";152;293;"A_left";12
34;"23";"+2,73";"-0,00";"+2,93";"+0,48";273;0;"A_left";13
34;"9";"+0,00";"+2,73";"-0,41";"+2,41";0;273;"B_left";14
34;"22";"+2,41";"-0,41";"+2,73";"-0,00";273;0;"B_left";15
34;"13";"-1,00";"+1,00";"-0,93";"+0,48";-93;48;"A_left";16
34;"3";"+2,73";"+2,00";"+2,41";"+2,41";241;241;"B_left";17
34;"16";"-0,41";"-0,41";"-0,00";"-0,73";0;-73;"A_left";18
34;"1";"+3,00";"+1,00";"+2,93";"+1,52";300;100;"B_left";19
34;"18";"+0,48";"-0,93";"+1,00";"-1,00";48;-93;"A_left";20
34;"24";"+2,93";"+0,48";"+3,00";"+1,00";300;100;"B_left";21
34;"17";"-0,00";"-0,73";"+0,48";"-0,93";48;-93;"A_left";22
34;"7";"+1,00";"+3,00";"+0,48";"+2,93";100;300;"A_left";23
35;"10";"-0,41";"+2,41";"-0,73";"+2,00";-41;241;"A_left";0
35;"8";"+0,48";"+2,93";"+0,00";"+2,73";48;293;"B_left";1
35;"2";"+2,93";"+1,52";"+2,73";"+2,00";293;152;"B_left";2
35;"17";"-0,00";"-0,73";"+0,48";"-0,93";48;-93;"B_left";3
35;"14";"-0,93";"+0,48";"-0,73";"-0,00";-73;0;"B_left";4
35;"22";"+2,41";"-0,41";"+2,73";"-0,00";273;0;"A_left";5
35;"21";"+2,00";"-0,73";"+2,41";"-0,41";241;-41;"B_left";6
35;"18";"+0,48";"-0,93";"+1,00";"-1,00";100;-100;"A_left";7
35;"24";"+2,93";"+0,48";"+3,00";"+1,00";300;100;"A_left";8
35;"6";"+1,52";"+2,93";"+1,00";"+3,00";152;293;"A_left";9
35;"9";"+0,00";"+2,73";"-0,41";"+2,41";0;273;"B_left";10
35;"13";"-1,00";"+1,00";"-0,93";"+0,48";-93;48;"B_left";11
35;"4";"+2,41";"+2,41";"+2,00";"+2,73";241;241;"A_left";12
35;"23";"+2,73";"-0,00";"+2,93";"+0,48";293;48;"A_left";13
35;"20";"+1,52";"-0,93";"+2,00";"-0,73";200;-73;"A_left";14
35;"15";"-0,73";"-0,00";"-0,41";"-0,41";-41;-41;"A_left";15
35;"11";"-0,73";"+2,00";"-0,93";"+1,52";-73;200;"B_left";16
35;"5";"+2,00";"+2,73";"+1,52";"+2,93";200;273;"B_left";17
35;"1";"+3,00";"+1,00";"+2,93";"+1,52";300;100;"B_left";18
35;"19";"+1,00";"-1,00";"+1,52";"-0,93";152;-93;"A_left";19
35;"16";"-0,41";"-0,41";"-0,00";"-0,73";0;-73;"B_left";20
35;"7";"+1,00";"+3,00";"+0,48";"+2,93";100;300;"A_left";21
35;"12";"-0,93";"+1,52";"-1,00";"+1,00";-93;152;"B_left";22
35;"3";"+2,73";"+2,00";"+2,41";"+2,41";273;200;"A_left";23
36;"16";"-0,41";"-0,41";"-0,00";"-0,73";0;-73;"B_left";0
36;"12";"-0,93";"+1,52";"-1,00";"+1,00";-93;152;"B_left";1
36;"1";"+3,00";"+1,00";"+2,93";"+1,52";293;152;"A_left";2
36;"2";"+2,93";"+1,52";"+2,73";"+2,00";273;200;"B_left";3
36;"13";"-1,00";"+1,00";"-0,93";"+0,48";-100;100;"A_left";4
36;"21";"+2,00";"-0,73";"+2,41";"-0,41";241;-41;"A_left";5
36;"17";"-0,00";"-0,73";"+0,48";"-0,93";48;-93;"A_left";6
36;"19";"+1,00";"-1,00";"+1,52";"-0,93";152;-93;"B_left";7
36;"14";"-0,93";"+0,48";"-0,73";"-0,00";-93;48;"B_left";8
36;"20";"+1,52";"-0,93";"+2,00";"-0,73";200;-73;"A_left";9
36;"7";"+1,00";"+3,00";"+0,48";"+2,93";100;300;"B_left";10
36;"24";"+2,93";"+0,48";"+3,00";"+1,00";300;100;"B_left";11
36;"22";"+2,41";"-0,41";"+2,73";"-0,00";273;0;"B_left";12
36;"9";"+0,00";"+2,73";"-0,41";"+2,41";0;273;"A_left";13
36;"10";"-0,41";"+2,41";"-0,73";"+2,00";-41;241;"A_left";14
36;"23";"+2,73";"-0,00";"+2,93";"+0,48";293;48;"A_left";15
36;"11";"-0,73";"+2,00";"-0,93";"+1,52";-73;200;"B_left";16
36;"6";"+1,52";"+2,93";"+1,00";"+3,00";152;293;"A_left";17
36;"18";"+0,48";"-0,93";"+1,00";"-1,00";100;-100;"A_left";18
36;"8";"+0,48";"+2,93";"+0,00";"+2,73";48;293;"B_left";19
36;"15";"-0,73";"-0,00";"-0,41";"-0,41";-73;0;"B_left";20
36;"5";"+2,00";"+2,73";"+1,52";"+2,93";200;273;"B_left";21
36;"3";"+2,73";"+2,00";"+2,41";"+2,41";241;241;"B_left";22
36;"4";"+2,41";"+2,41";"+2,00";"+2,73";241;241;"A_left";23
37;"9";"+0,00";"+2,73";"-0,41";"+2,41";0;273;"A_left";0
37;"2";"+2,93";"+1,52";"+2,73";"+2,00";293;152;"A_left";1
37;"21";"+2,00";"-0,73";"+2,41";"-0,41";241;-41;"A_left";2
37;"19";"+1,00";"-1,00";"+1,52";"-0,93";152;-93;"A_left";3
37;"8";"+0,48";"+2,93";"+0,00";"+2,73";48;293;"B_left";4
37;"11";"-0,73";"+2,00";"-0,93";"+1,52";-73;200;"B_left";5
37;"23";"+2,73";"-0,00";"+2,93";"+0,48";293;48;"A_left";6
37;"5";"+2,00";"+2,73";"+1,52";"+2,93";200;273;"A_left";7
37;"15";"-0,73";"-0,00";"-0,41";"-0,41";-41;-41;"A_left";8
37;"13";"-1,00";"+1,00";"-0,93";"+0,48";-93;48;"A_left";9
37;"3";"+2,73";"+2,00";"+2,41";"+2,41";273;200;"A_left";10
37;"16";"-0,41";"-0,41";"-0,00";"-0,73";0;-73;"B_left";11
37;"14";"-0,93";"+0,48";"-0,73";"-0,00";-73;0;"A_left";12
37;"18";"+0,48";"-0,93";"+1,00";"-1,00";100;-100;"A_left";13
37;"20";"+1,52";"-0,93";"+2,00";"-0,73";200;-73;"B_left";14
37;"1";"+3,00";"+1,00";"+2,93";"+1,52";300;100;"B_left";15
37;"7";"+1,00";"+3,00";"+0,48";"+2,93";100;300;"B_left";16
37;"4";"+2,41";"+2,41";"+2,00";"+2,73";241;241;"A_left";17
37;"10";"-0,41";"+2,41";"-0,73";"+2,00";-41;241;"B_left";18
37;"17";"-0,00";"-0,73";"+0,48";"-0,93";48;-93;"A_left";19
37;"24";"+2,93";"+0,48";"+3,00";"+1,00";300;100;"A_left";20
37;"12";"-0,93";"+1,52";"-1,00";"+1,00";-93;152;"B_left";21
37;"22";"+2,41";"-0,41";"+2,73";"-0,00";273;0;"B_left";22
37;"6";"+1,52";"+2,93";"+1,00";"+3,00";152;293;"A_left";23
38;"21";"+2,00";"-0,73";"+2,41";"-0,41";241;-41;"B_left";0
38;"4";"+2,41";"+2,41";"+2,00";"+2,73";241;241;"B_left";1
38;"5";"+2,00";"+2,73";"+1,52";"+2,93";200;273;"B_left";2
38;"18";"+0,48";"-0,93";"+1,00";"-1,00";100;-100;"B_left";3
38;"24";"+2,93";"+0,48";"+3,00";"+1,00";300;100;"A_left";4
38;"20";"+1,52";"-0,93";"+2,00";"-0,73";200;-73;"B_left";5
38;"23";"+2,73";"-0,00";"+2,93";"+0,48";293;48;"A_left";6
38;"16";"-0,41";"-0,41";"-0,00";"-0,73";0;-73;"B_left";7
38;"15";"-0,73";"-0,00";"-0,41";"-0,41";-41;-41;"A_left";8
38;"7";"+1,00";"+3,00";"+0,48";"+2,93";100;300;"B_left";9
38;"1";"+3,00";"+1,00";"+2,93";"+1,52";293;152;"A_left";10
38;"9";"+0,00";"+2,73";"-0,41";"+2,41";0;273;"B_left";11
38;"19";"+1,00";"-1,00";"+1,52";"-0,93";152;-93;"B_left";12
38;"14";"-0,93";"+0,48";"-0,73";"-0,00";-73;0;"B_left";13
38;"8";"+0,48";"+2,93";"+0,00";"+2,73";48;293;"A_left";14
38;"12";"-0,93";"+1,52";"-1,00";"+1,00";-93;152;"B_left";15
38;"2";"+2,93";"+1,52";"+2,73";"+2,00";273;200;"A_left";16
38;"17";"-0,00";"-0,73";"+0,48";"-0,93";0;-73;"B_left";17
38;"22";"+2,41";"-0,41";"+2,73";"-0,00";273;0;"A_left";18
38;"3";"+2,73";"+2,00";"+2,41";"+2,41";241;241;"A_left";19
38;"13";"-1,00";"+1,00";"-0,93";"+0,48";-93;48;"B_left";20
38;"11";"-0,73";"+2,00";"-0,93";"+1,52";-73;200;"A_left";21
38;"6";"+1,52";"+2,93";"+1,00";"+3,00";152;293;"A_left";22
38;"10";"-0,41";"+2,41";"-0,73";"+2,00";-41;241;"A_left";23
39;"19";"+1,00";"-1,00";"+1,52";"-0,93";152;-93;"B_left";0
39;"20";"+1,52";"-0,93";"+2,00";"-0,73";152;-93;"A_left";1
39;"4";"+2,41";"+2,41";"+2,00";"+2,73";241;241;"A_left";2
39;"11";"-0,73";"+2,00";"-0,93";"+1,52";-73;200;"B_left";3
39;"17";"-0,00";"-0,73";"+0,48";"-0,93";48;-93;"A_left";4
39;"22";"+2,41";"-0,41";"+2,73";"-0,00";273;0;"B_left";5
39;"6";"+1,52";"+2,93";"+1,00";"+3,00";152;293;"A_left";6
39;"21";"+2,00";"-0,73";"+2,41";"-0,41";241;-41;"B_left";7
39;"1";"+3,00";"+1,00";"+2,93";"+1,52";293;152;"A_left";8
39;"13";"-1,00";"+1,00";"-0,93";"+0,48";-93;48;"B_left";9
39;"5";"+2,00";"+2,73";"+1,52";"+2,93";200;273;"B_left";10
39;"16";"-0,41";"-0,41";"-0,00";"-0,73";0;-73;"B_left";11
39;"15";"-0,73";"-0,00";"-0,41";"-0,41";-73;0;"A_left";12
39;"12";"-0,93";"+1,52";"-1,00";"+1,00";-100;100;"B_left";13
39;"8";"+0,48";"+2,93";"+0,00";"+2,73";48;293;"B_left";14
39;"23";"+2,73";"-0,00";"+2,93";"+0,48";293;48;"B_left";15
39;"18";"+0,48";"-0,93";"+1,00";"-1,00";100;-100;"B_left";16
39;"2";"+2,93";"+1,52";"+2,73";"+2,00";273;200;"B_left";17
39;"3";"+2,73";"+2,00";"+2,41";"+2,41";241;241;"B_left";18
39;"7";"+1,00";"+3,00";"+0,48";"+2,93";100;300;"B_left";19
39;"9";"+0,00";"+2,73";"-0,41";"+2,41";0;273;"B_left";20
39;"10";"-0,41";"+2,41";"-0,73";"+2,00";-41;241;"A_left";21
39;"14";"-0,93";"+0,48";"-0,73";"-0,00";-73;0;"B_left";22
39;"24";"+2,93";"+0,48";"+3,00";"+1,00";300;100;"B_left";23
40;"6";"+1,52";"+2,93";"+1,00";"+3,00";152;293;"A_left";0
40;"4";"+2,41";"+2,41";"+2,00";"+2,73";241;241;"A_left";1
40;"3";"+2,73";"+2,00";"+2,41";"+2,41";273;200;"A_left";2
40;"12";"-0,93";"+1,52";"-1,00";"+1,00";-93;152;"A_left";3
40;"7";"+1,00";"+3,00";"+0,48";"+2,93";100;300;"A_left";4
40;"1";"+3,00";"+1,00";"+2,93";"+1,52";300;100;"A_left";5
40;"5";"+2,00";"+2,73";"+1,52";"+2,93";200;273;"A_left";6
40;"11";"-0,73";"+2,00";"-0,93";"+1,52";-73;200;"B_left";7
40;"23";"+2,73";"-0,00";"+2,93";"+0,48";293;48;"B_left";8
40;"19";"+1,00";"-1,00";"+1,52";"-0,93";152;-93;"A_left";9
40;"24";"+2,93";"+0,48";"+3,00";"+1,00";300;100;"B_left";10
40;"15";"-0,73";"-0,00";"-0,41";"-0,41";-41;-41;"A_left";11
40;"8";"+0,48";"+2,93";"+0,00";"+2,73";48;293;"A_left";12
40;"10";"-0,41";"+2,41";"-0,73";"+2,00";-41;241;"B_left";13
40;"13";"-1,00";"+1,00";"-0,93";"+0,48";-93;48;"B_left";14
40;"14";"-0,93";"+0,48";"-0,73";"-0,00";-73;0;"B_left";15
40;"16";"-0,41";"-0,41";"-0,00";"-0,73";0;-73;"A_left";16
40;"22";"+2,41";"-0,41";"+2,73";"-0,00";273;0;"A_left";17
40;"21";"+2,00";"-0,73";"+2,41";"-0,41";241;-41;"B_left";18
40;"17";"-0,00";"-0,73";"+0,48";"-0,93";48;-93;"A_left";19
40;"2";"+2,93";"+1,52";"+2,73";"+2,00";293;152;"B_left";20
40;"9";"+0,00";"+2,73";"-0,41";"+2,41";0;273;"B_left";21
40;"18";"+0,48";"-0,93";"+1,00";"-1,00";100;-100;"A_left";22
40;"20";"+1,52";"-0,93";"+2,00";"-0,73";200;-73;"B_left";23
41;"23";"+2,73";"-0,00";"+2,93";"+0,48";293;48;"B_left";0
41;"19";"+1,00";"-1,00";"+1,52";"-0,93";152;-93;"B_left";1
41;"8";"+0,48";"+2,93";"+0,00";"+2,73";48;293;"B_left";2
41;"6";"+1,52";"+2,93";"+1,00";"+3,00";152;293;"B_left";3
41;"14";"-0,93";"+0,48";"-0,73";"-0,00";-73;0;"B_left";4
41;"21";"+2,00";"-0,73";"+2,41";"-0,41";241;-41;"B_left";5
41;"5";"+2,00";"+2,73";"+1,52";"+2,93";200;273;"A_left";6
41;"22";"+2,41";"-0,41";"+2,73";"-0,00";273;0;"A_left";7
41;"9";"+0,00";"+2,73";"-0,41";"+2,41";0;273;"A_left";8
41;"2";"+2,93";"+1,52";"+2,73";"+2,00";273;200;"B_left";9
41;"15";"-0,73";"-0,00";"-0,41";"-0,41";-41;-41;"A_left";10
41;"1";"+3,00";"+1,00";"+2,93";"+1,52";293;152;"A_left";11
41;"16";"-0,41";"-0,41";"-0,00";"-0,73";0;-73;"B_left";12
41;"10";"-0,41";"+2,41";"-0,73";"+2,00";-41;241;"A_left";13
41;"7";"+1,00";"+3,00";"+0,48";"+2,93";100;300;"B_left";14
41;"3";"+2,73";"+2,00";"+2,41";"+2,41";273;200;"B_left";15
41;"17";"-0,00";"-0,73";"+0,48";"-0,93";48;-93;"A_left";16
41;"13";"-1,00";"+1,00";"-0,93";"+0,48";-93;48;"B_left";17
41;"11";"-0,73";"+2,00";"-0,93";"+1,52";-73;200;"A_left";18
41;"18";"+0,48";"-0,93";"+1,00";"-1,00";100;-100;"A_left";19
41;"24";"+2,93";"+0,48";"+3,00";"+1,00";300;100;"A_left";20
41;"4";"+2,41";"+2,41";"+2,00";"+2,73";241;241;"B_left";21
41;"20";"+1,52";"-0,93";"+2,00";"-0,73";200;-73;"A_left";22
41;"12";"-0,93";"+1,52";"-1,00";"+1,00";-93;152;"A_left";23
42;"6";"+1,52";"+2,93";"+1,00";"+3,00";152;293;"B_left";0
42;"19";"+1,00";"-1,00";"+1,52";"-0,93";152;-93;"A_left";1
42;"17";"-0,00";"-0,73";"+0,48";"-0,93";48;-93;"A_left";2
42;"22";"+2,41";"-0,41";"+2,73";"-0,00";273;0;"B_left";3
42;"23";"+2,73";"-0,00";"+2,93";"+0,48";293;48;"B_left";4
42;"9";"+0,00";"+2,73";"-0,41";"+2,41";0;273;"A_left";5
42;"20";"+1,52";"-0,93";"+2,00";"-0,73";200;-73;"B_left";6
42;"3";"+2,73";"+2,00";"+2,41";"+2,41";273;200;"A_left";7
42;"8";"+0,48";"+2,93";"+0,00";"+2,73";48;293;"A_left";8
42;"13";"-1,00";"+1,00";"-0,93";"+0,48";-93;48;"B_left";9
42;"15";"-0,73";"-0,00";"-0,41";"-0,41";-41;-41;"A_left";10
42;"11";"-0,73";"+2,00";"-0,93";"+1,52";-73;200;"B_left";11
42;"12";"-0,93";"+1,52";"-1,00";"+1,00";-93;152;"B_left";12
42;"2";"+2,93";"+1,52";"+2,73";"+2,00";293;152;"B_left";13
42;"21";"+2,00";"-0,73";"+2,41";"-0,41";241;-41;"B_left";14
42;"24";"+2,93";"+0,48";"+3,00";"+1,00";300;100;"B_left";15
42;"7";"+1,00";"+3,00";"+0,48";"+2,93";100;300;"A_left";16
42;"10";"-0,41";"+2,41";"-0,73";"+2,00";-41;241;"B_left";17
42;"1";"+3,00";"+1,00";"+2,93";"+1,52";300;100;"B_left";18
42;"16";"-0,41";"-0,41";"-0,00";"-0,73";0;-73;"A_left";19
42;"5";"+2,00";"+2,73";"+1,52";"+2,93";200;273;"A_left";20
42;"18";"+0,48";"-0,93";"+1,00";"-1,00";100;-100;"A_left";21
42;"4";"+2,41";"+2,41";"+2,00";"+2,73";241;241;"B_left";22
42;"14";"-0,93";"+0,48";"-0,73";"-0,00";-73;0;"B_left";23
43;"12";"-0,93";"+1,52";"-1,00";"+1,00";-93;152;"B_left";0
43;"17";"-0,00";"-0,73";"+0,48";"-0,93";48;-93;"B_left";1
43;"10";"-0,41";"+2,41";"-0,73";"+2,00";-41;241;"A_left";2
43;"5";"+2,00";"+2,73";"+1,52";"+2,93";200;273;"B_left";3
43;"16";"-0,41";"-0,41";"-0,00";"-0,73";-41;-41;"A_left";4
43;"14";"-0,93";"+0,48";"-0,73";"-0,00";-73;0;"A_left";5
43;"2";"+2,93";"+1,52";"+2,73";"+2,00";273;200;"A_left";6
43;"13";"-1,00";"+1,00";"-0,93";"+0,48";-100;100;"B_left";7
43;"8";"+0,48";"+2,93";"+0,00";"+2,73";48;293;"B_left";8
43;"22";"+2,41";"-0,41";"+2,73";"-0,00";273;0;"A_left";9
43;"6";"+1,52";"+2,93";"+1,00";"+3,00";152;293;"A_left";10
43;"11";"-0,73";"+2,00";"-0,93";"+1,52";-73;200;"B_left";11
43;"1";"+3,00";"+1,00";"+2,93";"+1,52";293;152;"A_left";12
43;"4";"+2,41";"+2,41";"+2,00";"+2,73";241;241;"A_left";13
43;"7";"+1,00";"+3,00";"+0,48";"+2,93";100;300;"B_left";14
43;"20";"+1,52";"-0,93";"+2,00";"-0,73";200;-73;"B_left";15
43;"15";"-0,73";"-0,00";"-0,41";"-0,41";-41;-41;"A_left";16
43;"3";"+2,73";"+2,00";"+2,41";"+2,41";241;241;"A_left";17
43;"18";"+0,48";"-0,93";"+1,00";"-1,00";100;-100;"A_left";18
43;"24";"+2,93";"+0,48";"+3,00";"+1,00";300;100;"A_left";19
43;"21";"+2,00";"-0,73";"+2,41";"-0,41";241;-41;"A_left";20
43;"19";"+1,00";"-1,00";"+1,52";"-0,93";152;-93;"B_left";21
43;"23";"+2,73";"-0,00";"+2,93";"+0,48";293;48;"B_left";22
43;"9";"+0,00";"+2,73";"-0,41";"+2,41";0;273;"A_left";23
44;"18";"+0,48";"-0,93";"+1,00";"-1,00";100;-100;"A_left";0
44;"17";"-0,00";"-0,73";"+0,48";"-0,93";48;-93;"B_left";1
44;"20";"+1,52";"-0,93";"+2,00";"-0,73";200;-73;"A_left";2
44;"8";"+0,48";"+2,93";"+0,00";"+2,73";48;293;"B_left";3
44;"5";"+2,00";"+2,73";"+1,52";"+2,93";200;273;"A_left";4
44;"10";"-0,41";"+2,41";"-0,73";"+2,00";-41;241;"A_left";5
44;"19";"+1,00";"-1,00";"+1,52";"-0,93";152;-93;"B_left";6
44;"4";"+2,41";"+2,41";"+2,00";"+2,73";241;241;"B_left";7
44;"22";"+2,41";"-0,41";"+2,73";"-0,00";273;0;"A_left";8
44;"16";"-0,41";"-0,41";"-0,00";"-0,73";0;-73;"B_left";9
44;"24";"+2,93";"+0,48";"+3,00";"+1,00";300;100;"B_left";10
44;"1";"+3,00";"+1,00";"+2,93";"+1,52";300;100;"A_left";11
44;"7";"+1,00";"+3,00";"+0,48";"+2,93";100;300;"B_left";12
44;"2";"+2,93";"+1,52";"+2,73";"+2,00";293;152;"B_left";13
44;"23";"+2,73";"-0,00";"+2,93";"+0,48";293;48;"B_left";14
44;"21";"+2,00";"-0,73";"+2,41";"-0,41";241;-41;"B_left";15
44;"11";"-0,73";"+2,00";"-0,93";"+1,52";-73;200;"A_left";16
44;"3";"+2,73";"+2,00";"+2,41";"+2,41";273;200;"A_left";17
44;"13";"-1,00";"+1,00";"-0,93";"+0,48";-93;48;"A_left";18
44;"15";"-0,73";"-0,00";"-0,41";"-0,41";-41;-41;"A_left";19
44;"12";"-0,93";"+1,52";"-1,00";"+1,00";-93;152;"A_left";20
44;"6";"+1,52";"+2,93";"+1,00";"+3,00";152;293;"B_left";21
44;"9";"+0,00";"+2,73";"-0,41";"+2,41";0;273;"A_left";22
44;"14";"-0,93";"+0,48";"-0,73";"-0,00";-73;0;"A_left";23
45;"9";"+0,00";"+2,73";"-0,41";"+2,41";0;273;"A_left";0
45;"12";"-0,93";"+1,52";"-1,00";"+1,00";-93;152;"A_left";1
45;"17";"-0,00";"-0,73";"+0,48";"-0,93";48;-93;"B_left";2
45;"15";"-0,73";"-0,00";"-0,41";"-0,41";-41;-41;"A_left";3
45;"23";"+2,73";"-0,00";"+2,93";"+0,48";293;48;"A_left";4
45;"3";"+2,73";"+2,00";"+2,41";"+2,41";241;241;"A_left";5
45;"14";"-0,93";"+0,48";"-0,73";"-0,00";-93;48;"B_left";6
45;"6";"+1,52";"+2,93";"+1,00";"+3,00";152;293;"B_left";7
45;"13";"-1,00";"+1,00";"-0,93";"+0,48";-100;100;"A_left";8
45;"1";"+3,00";"+1,00";"+2,93";"+1,52";293;152;"A_left";9
45;"11";"-0,73";"+2,00";"-0,93";"+1,52";-93;152;"A_left";10
45;"16";"-0,41";"-0,41";"-0,00";"-0,73";0;-73;"B_left";11
45;"21";"+2,00";"-0,73";"+2,41";"-0,41";241;-41;"A_left";12
45;"22";"+2,41";"-0,41";"+2,73";"-0,00";273;0;"A_left";13
45;"7";"+1,00";"+3,00";"+0,48";"+2,93";100;300;"B_left";14
45;"4";"+2,41";"+2,41";"+2,00";"+2,73";241;241;"A_left";15
45;"10";"-0,41";"+2,41";"-0,73";"+2,00";-41;241;"A_left";16
45;"18";"+0,48";"-0,93";"+1,00";"-1,00";100;-100;"B_left";17
45;"20";"+1,52";"-0,93";"+2,00";"-0,73";200;-73;"B_left";18
45;"24";"+2,93";"+0,48";"+3,00";"+1,00";300;100;"A_left";19
45;"5";"+2,00";"+2,73";"+1,52";"+2,93";200;273;"A_left";20
45;"2";"+2,93";"+1,52";"+2,73";"+2,00";273;200;"B_left";21
45;"8";"+0,48";"+2,93";"+0,00";"+2,73";48;293;"B_left";22
45;"19";"+1,00";"-1,00";"+1,52";"-0,93";152;-93;"A_left";23
46;"11";"-0,73";"+2,00";"-0,93";"+1,52";-73;200;"B_left";0
46;"13";"-1,00";"+1,00";"-0,93";"+0,48";-93;48;"A_left";1
46;"7";"+1,00";"+3,00";"+0,48";"+2,93";100;300;"A_left";2
46;"12";"-0,93";"+1,52";"-1,00";"+1,00";-93;152;"A_left";3
46;"1";"+3,00";"+1,00";"+2,93";"+1,52";300;100;"A_left";4
46;"5";"+2,00";"+2,73";"+1,52";"+2,93";200;273;"B_left";5
46;"14";"-0,93";"+0,48";"-0,73";"-0,00";-73;0;"A_left";6
46;"19";"+1,00";"-1,00";"+1,52";"-0,93";152;-93;"A_left";7
46;"24";"+2,93";"+0,48";"+3,00";"+1,00";300;100;"B_left";8
46;"16";"-0,41";"-0,41";"-0,00";"-0,73";0;-73;"A_left";9
46;"4";"+2,41";"+2,41";"+2,00";"+2,73";241;241;"A_left";10
46;"22";"+2,41";"-0,41";"+2,73";"-0,00";273;0;"A_left";11
46;"3";"+2,73";"+2,00";"+2,41";"+2,41";273;200;"B_left";12
46;"15";"-0,73";"-0,00";"-0,41";"-0,41";-41;-41;"A_left";13
46;"10";"-0,41";"+2,41";"-0,73";"+2,00";-41;241;"B_left";14
46;"23";"+2,73";"-0,00";"+2,93";"+0,48";293;48;"B_left";15
46;"21";"+2,00";"-0,73";"+2,41";"-0,41";241;-41;"B_left";16
46;"2";"+2,93";"+1,52";"+2,73";"+2,00";293;152;"B_left";17
46;"8";"+0,48";"+2,93";"+0,00";"+2,73";48;293;"B_left";18
46;"9";"+0,00";"+2,73";"-0,41";"+2,41";0;273;"B_left";19
46;"18";"+0,48";"-0,93";"+1,00";"-1,00";100;-100;"B_left";20
46;"17";"-0,00";"-0,73";"+0,48";"-0,93";48;-93;"A_left";21
46;"20";"+1,52";"-0,93";"+2,00";"-0,73";200;-73;"A_left";22
46;"6";"+1,52";"+2,93";"+1,00";"+3,00";152;293;"B_left";23
47;"16";"-0,41";"-0,41";"-0,00";"-0,73";0;-73;"A_left";0
47;"22";"+2,41";"-0,41";"+2,73";"-0,00";273;0;"A_left";1
47;"9";"+0,00";"+2,73";"-0,41";"+2,41";0;273;"A_left";2
47;"11";"-0,73";"+2,00";"-0,93";"+1,52";-73;200;"A_left";3
47;"3";"+2,73";"+2,00";"+2,41";"+2,41";273;200;"A_left";4
47;"4";"+2,41";"+2,41";"+2,00";"+2,73";241;241;"B_left";5
47;"8";"+0,48";"+2,93";"+0,00";"+2,73";48;293;"A_left";6
47;"5";"+2,00";"+2,73";"+1,52";"+2,93";200;273;"B_left";7
47;"19";"+1,00";"-1,00";"+1,52";"-0,93";152;-93;"B_left";8
47;"23";"+2,73";"-0,00";"+2,93";"+0,48";293;48;"A_left";9
47;"13";"-1,00";"+1,00";"-0,93";"+0,48";-93;48;"A_left";10
47;"7";"+1,00";"+3,00";"+0,48";"+2,93";100;300;"A_left";11
47;"2";"+2,93";"+1,52";"+2,73";"+2,00";293;152;"A_left";12
47;"17";"-0,00";"-0,73";"+0,48";"-0,93";0;-73;"A_left";13
47;"12";"-0,93";"+1,52";"-1,00";"+1,00";-93;152;"B_left";14
47;"10";"-0,41";"+2,41";"-0,73";"+2,00";-41;241;"A_left";15
47;"18";"+0,48";"-0,93";"+1,00";"-1,00";100;-100;"B_left";16
47;"24";"+2,93";"+0,48";"+3,00";"+1,00";300;100;"A_left";17
47;"20";"+1,52";"-0,93";"+2,00";"-0,73";200;-73;"B_left";18
47;"1";"+3,00";"+1,00";"+2,93";"+1,52";293;152;"B_left";19
47;"15";"-0,73";"-0,00";"-0,41";"-0,41";-41;-41;"A_left";20
47;"6";"+1,52";"+2,93";"+1,00";"+3,00";152;293;"A_left";21
47;"21";"+2,00";"-0,73";"+2,41";"-0,41";241;-41;"B_left";22
47;"14";"-0,93";"+0,48";"-0,73";"-0,00";-73;0;"A_left";23
48;"5";"+2,00";"+2,73";"+1,52";"+2,93";200;273;"B_left";0
48;"2";"+2,93";"+1,52";"+2,73";"+2,00";273;200;"A_left";1
48;"21";"+2,00";"-0,73";"+2,41";"-0,41";241;-41;"A_left";2
48;"10";"-0,41";"+2,41";"-0,73";"+2,00";-41;241;"B_left";3
48;"13";"-1,00";"+1,00";"-0,93";"+0,48";-100;100;"A_left";4
48;"9";"+0,00";"+2,73";"-0,41";"+2,41";0;273;"B_left";5
48;"7";"+1,00";"+3,00";"+0,48";"+2,93";100;300;"A_left";6
48;"20";"+1,52";"-0,93";"+2,00";"-0,73";200;-73;"A_left";7
48;"11";"-0,73";"+2,00";"-0,93";"+1,52";-73;200;"B_left";8
48;"17";"-0,00";"-0,73";"+0,48";"-0,93";48;-93;"B_left";9
48;"12";"-0,93";"+1,52";"-1,00";"+1,00";-93;152;"A_left";10
48;"19";"+1,00";"-1,00";"+1,52";"-0,93";152;-93;"B_left";11
48;"18";"+0,48";"-0,93";"+1,00";"-1,00";100;-100;"A_left";12
48;"24";"+2,93";"+0,48";"+3,00";"+1,00";300;100;"A_left";13
48;"16";"-0,41";"-0,41";"-0,00";"-0,73";0;-73;"B_left";14
48;"22";"+2,41";"-0,41";"+2,73";"-0,00";273;0;"A_left";15
48;"14";"-0,93";"+0,48";"-0,73";"-0,00";-73;0;"A_left";16
48;"23";"+2,73";"-0,00";"+2,93";"+0,48";293;48;"B_left";17
48;"3";"+2,73";"+2,00";"+2,41";"+2,41";241;241;"A_left";18
48;"6";"+1,52";"+2,93";"+1,00";"+3,00";152;293;"A_left";19
48;"8";"+0,48";"+2,93";"+0,00";"+2,73";48;293;"A_left";20
48;"15";"-0,73";"-0,00";"-0,41";"-0,41";-73;0;"A_left";21
48;"1";"+3,00";"+1,00";"+2,93";"+1,52";293;152;"B_left";22
48;"4";"+2,41";"+2,41";"+2,00";"+2,73";241;241;"A_left";23
49;"21";"+2,00";"-0,73";"+2,41";"-0,41";241;-41;"B_left";0
49;"5";"+2,00";"+2,73";"+1,52";"+2,93";200;273;"B_left";1
49;"10";"-0,41";"+2,41";"-0,73";"+2,00";-41;241;"B_left";2
49;"19";"+1,00";"-1,00";"+1,52";"-0,93";152;-93;"A_left";3
49;"7";"+1,00";"+3,00";"+0,48";"+2,93";100;300;"A_left";4
49;"18";"+0,48";"-0,93";"+1,00";"-1,00";100;-100;"A_left";5
49;"23";"+2,73";"-0,00";"+2,93";"+0,48";293;48;"A_left";6
49;"22";"+2,41";"-0,41";"+2,73";"-0,00";273;0;"A_left";7
49;"11";"-0,73";"+2,00";"-0,93";"+1,52";-73;200;"A_left";8
49;"8";"+0,48";"+2,93";"+0,00";"+2,73";48;293;"A_left";9
49;"12";"-0,93";"+1,52";"-1,00";"+1,00";-100;100;"B_left";10
49;"17";"-0,00";"-0,73";"+0,48";"-0,93";48;-93;"A_left";11
49;"4";"+2,41";"+2,41";"+2,00";"+2,73";241;241;"B_left";12
49;"6";"+1,52";"+2,93";"+1,00";"+3,00";152;293;"B_left";13
49;"24";"+2,93";"+0,48";"+3,00";"+1,00";300;100;"A_left";14
49;"13";"-1,00";"+1,00";"-0,93";"+0,48";-100;100;"B_left";15
49;"9";"+0,00";"+2,73";"-0,41";"+2,41";0;273;"A_left";16
49;"2";"+2,93";"+1,52";"+2,73";"+2,00";273;200;"A_left";17
49;"14";"-0,93";"+0,48";"-0,73";"-0,00";-93;48;"B_left";18
49;"3";"+2,73";"+2,00";"+2,41";"+2,41";273;200;"A_left";19
49;"15";"-0,73";"-0,00";"-0,41";"-0,41";-73;0;"A_left";20
49;"1";"+3,00";"+1,00";"+2,93";"+1,52";300;100;"B_left";21
49;"20";"+1,52";"-0,93";"+2,00";"-0,73";200;-73;"B_left";22
49;"16";"-0,41";"-0,41";"-0,00";"-0,73";0;-73;"B_left";23
50;"13";"-1,00";"+1,00";"-0,93";"+0,48";-93;48;"B_left";0
50;"20";"+1,52";"-0,93";"+2,00";"-0,73";200;-73;"A_left";1
50;"14";"-0,93";"+0,48";"-0,73";"-0,00";-73;0;"A_left";2
50;"18";"+0,48";"-0,93";"+1,00";"-1,00";100;-100;"A_left";3
50;"11";"-0,73";"+2,00";"-0,93";"+1,52";-73;200;"A_left";4
50;"21";"+2,00";"-0,73";"+2,41";"-0,41";241;-41;"A_left";5
50;"23";"+2,73";"-0,00";"+2,93";"+0,48";293;48;"A_left";6
50;"3";"+2,73";"+2,00";"+2,41";"+2,41";273;200;"A_left";7
50;"9";"+0,00";"+2,73";"-0,41";"+2,41";0;273;"B_left";8
50;"15";"-0,73";"-0,00";"-0,41";"-0,41";-41;-41;"A_left";9
50;"1";"+3,00";"+1,00";"+2,93";"+1,52";300;100;"B_left";10
50;"24";"+2,93";"+0,48";"+3,00";"+1,00";300;100;"B_left";11
50;"6";"+1,52";"+2,93";"+1,00";"+3,00";152;293;"A_left";12
50;"8";"+0,48";"+2,93";"+0,00";"+2,73";48;293;"A_left";13
50;"5";"+2,00";"+2,73";"+1,52";"+2,93";200;273;"B_left";14
50;"10";"-0,41";"+2,41";"-0,73";"+2,00";-41;241;"B_left";15
50;"17";"-0,00";"-0,73";"+0,48";"-0,93";48;-93;"B_left";16
50;"16";"-0,41";"-0,41";"-0,00";"-0,73";0;-73;"B_left";17
50;"4";"+2,41";"+2,41";"+2,00";"+2,73";241;241;"B_left";18
50;"22";"+2,41";"-0,41";"+2,73";"-0,00";273;0;"A_left";19
50;"12";"-0,93";"+1,52";"-1,00";"+1,00";-93;152;"B_left";20
50;"7";"+1,00";"+3,00";"+0,48";"+2,93";100;300;"A_left";21
50;"19";"+1,00";"-1,00";"+1,52";"-0,93";152;-93;"A_left";22
50;"2";"+2,93";"+1,52";"+2,73";"+2,00";293;152;"B_left";23
51;"2";"+2,93";"+1,52";"+2,73";"+2,00";273;200;"A_left";0
51;"4";"+2,41";"+2,41";"+2,00";"+2,73";241;241;"A_left";1
51;"12";"-0,93";"+1,52";"-1,00";"+1,00";-93;152;"B_left";2
51;"14";"-0,93";"+0,48";"-0,73";"-0,00";-73;0;"B_left";3
51;"19";"+1,00";"-1,00";"+1,52";"-0,93";152;-93;"B_left";4
51;"20";"+1,52";"-0,93";"+2,00";"-0,73";200;-73;"B_left";5
51;"11";"-0,73";"+2,00";"-0,93";"+1,52";-73;200;"B_left";6
51;"16";"-0,41";"-0,41";"-0,00";"-0,73";0;-73;"B_left";7
51;"24";"+2,93";"+0,48";"+3,00";"+1,00";300;100;"B_left";8
51;"9";"+0,00";"+2,73";"-0,41";"+2,41";0;273;"B_left";9
51;"23";"+2,73";"-0,00";"+2,93";"+0,48";293;48;"B_left";10
51;"6";"+1,52";"+2,93";"+1,00";"+3,00";152;293;"A_left";11
51;"8";"+0,48";"+2,93";"+0,00";"+2,73";48;293;"A_left";12
51;"3";"+2,73";"+2,00";"+2,41";"+2,41";273;200;"A_left";13
51;"7";"+1,00";"+3,00";"+0,48";"+2,93";100;300;"B_left";14
51;"5";"+2,00";"+2,73";"+1,52";"+2,93";200;273;"A_left";15
51;"15";"-0,73";"-0,00";"-0,41";"-0,41";-41;-41;"A_left";16
51;"21";"+2,00";"-0,73";"+2,41";"-0,41";241;-41;"B_left";17
51;"13";"-1,00";"+1,00";"-0,93";"+0,48";-93;48;"B_left";18
51;"17";"-0,00";"-0,73";"+0,48";"-0,93";48;-93;"B_left";19
51;"1";"+3,00";"+1,00";"+2,93";"+1,52";300;100;"B_left";20
51;"22";"+2,41";"-0,41";"+2,73";"-0,00";273;0;"A_left";21
51;"18";"+0,48";"-0,93";"+1,00";"-1,00";100;-100;"A_left";22
51;"10";"-0,41";"+2,41";"-0,73";"+2,00";-41;241;"A_left";23
52;"24";"+2,93";"+0,48";"+3,00";"+1,00";300;100;"B_left";0
52;"12";"-0,93";"+1,52";"-1,00";"+1,00";-93;152;"B_left";1
52;"15";"-0,73";"-0,00";"-0,41";"-0,41";-41;-41;"A_left";2
52;"22";"+2,41";"-0,41";"+2,73";"-0,00";273;0;"B_left";3
52;"16";"-0,41";"-0,41";"-0,00";"-0,73";-41;-41;"A_left";4
52;"19";"+1,00";"-1,00";"+1,52";"-0,93";152;-93;"A_left";5
52;"8";"+0,48";"+2,93";"+0,00";"+2,73";48;293;"A_left";6
52;"3";"+2,73";"+2,00";"+2,41";"+2,41";273;200;"B_left";7
52;"10";"-0,41";"+2,41";"-0,73";"+2,00";-41;241;"A_left";8
52;"21";"+2,00";"-0,73";"+2,41";"-0,41";241;-41;"B_left";9
52;"13";"-1,00";"+1,00";"-0,93";"+0,48";-100;100;"B_left";10
52;"17";"-0,00";"-0,73";"+0,48";"-0,93";48;-93;"A_left";11
52;"2";"+2,93";"+1,52";"+2,73";"+2,00";273;200;"A_left";12
52;"1";"+3,00";"+1,00";"+2,93";"+1,52";293;152;"A_left";13
52;"6";"+1,52";"+2,93";"+1,00";"+3,00";152;293;"B_left";14
52;"23";"+2,73";"-0,00";"+2,93";"+0,48";293;48;"B_left";15
52;"14";"-0,93";"+0,48";"-0,73";"-0,00";-73;0;"B_left";16
52;"5";"+2,00";"+2,73";"+1,52";"+2,93";200;273;"A_left";17
52;"7";"+1,00";"+3,00";"+0,48";"+2,93";100;300;"A_left";18
52;"18";"+0,48";"-0,93";"+1,00";"-1,00";100;-100;"B_left";19
52;"4";"+2,41";"+2,41";"+2,00";"+2,73";241;241;"B_left";20
52;"11";"-0,73";"+2,00";"-0,93";"+1,52";-73;200;"A_left";21
52;"9";"+0,00";"+2,73";"-0,41";"+2,41";0;273;"B_left";22
52;"20";"+1,52";"-0,93";"+2,00";"-0,73";200;-73;"A_left";23
53;"6";"+1,52";"+2,93";"+1,00";"+3,00";152;293;"B_left";0
53;"4";"+2,41";"+2,41";"+2,00";"+2,73";241;241;"B_left";1
53;"18";"+0,48";"-0,93";"+1,00";"-1,00";100;-100;"B_left";2
53;"1";"+3,00";"+1,00";"+2,93";"+1,52";300;100;"A_left";3
53;"22";"+2,41";"-0,41";"+2,73";"-0,00";273;0;"A_left";4
53;"21";"+2,00";"-0,73";"+2,41";"-0,41";241;-41;"A_left";5
53;"15";"-0,73";"-0,00";"-0,41";"-0,41";-41;-41;"B_left";6
53;"7";"+1,00";"+3,00";"+0,48";"+2,93";100;300;"A_left";7
53;"2";"+2,93";"+1,52";"+2,73";"+2,00";293;152;"B_left";8
53;"3";"+2,73";"+2,00";"+2,41";"+2,41";273;200;"B_left";9
53;"13";"-1,00";"+1,00";"-0,93";"+0,48";-93;48;"B_left";10
53;"14";"-0,93";"+0,48";"-0,73";"-0,00";-73;0;"A_left";11
53;"24";"+2,93";"+0,48";"+3,00";"+1,00";300;100;"B_left";12
53;"12";"-0,93";"+1,52";"-1,00";"+1,00";-93;152;"B_left";13
53;"16";"-0,41";"-0,41";"-0,00";"-0,73";0;-73;"A_left";14
53;"5";"+2,00";"+2,73";"+1,52";"+2,93";200;273;"B_left";15
53;"11";"-0,73";"+2,00";"-0,93";"+1,52";-73;200;"B_left";16
53;"10";"-0,41";"+2,41";"-0,73";"+2,00";-41;241;"B_left";17
53;"9";"+0,00";"+2,73";"-0,41";"+2,41";0;273;"B_left";18
53;"23";"+2,73";"-0,00";"+2,93";"+0,48";293;48;"B_left";19
53;"20";"+1,52";"-0,93";"+2,00";"-0,73";200;-73;"A_left";20
53;"17";"-0,00";"-0,73";"+0,48";"-0,93";48;-93;"A_left";21
53;"19";"+1,00";"-1,00";"+1,52";"-0,93";152;-93;"A_left";22
53;"8";"+0,48";"+2,93";"+0,00";"+2,73";48;293;"B_left";23
54;"9";"+0,00";"+2,73";"-0,41";"+2,41";0;273;"A_left";0
54;"18";"+0,48";"-0,93";"+1,00";"-1,00";100;-100;"B_left";1
54;"11";"-0,73";"+2,00";"-0,93";"+1,52";-73;200;"B_left";2
54;"19";"+1,00";"-1,00";"+1,52";"-0,93";152;-93;"B_left";3
54;"10";"-0,41";"+2,41";"-0,73";"+2,00";-41;241;"A_left";4
54;"4";"+2,41";"+2,41";"+2,00";"+2,73";241;241;"A_left";5
54;"16";"-0,41";"-0,41";"-0,00";"-0,73";0;-73;"B_left";6
54;"20";"+1,52";"-0,93";"+2,00";"-0,73";200;-73;"A_left";7
54;"13";"-1,00";"+1,00";"-0,93";"+0,48";-93;48;"A_left";8
54;"1";"+3,00";"+1,00";"+2,93";"+1,52";293;152;"A_left";9
54;"6";"+1,52";"+2,93";"+1,00";"+3,00";152;293;"B_left";10
54;"12";"-0,93";"+1,52";"-1,00";"+1,00";-93;152;"B_left";11
54;"24";"+2,93";"+0,48";"+3,00";"+1,00";300;100;"A_left";12
54;"17";"-0,00";"-0,73";"+0,48";"-0,93";48;-93;"B_left";13
54;"15";"-0,73";"-0,00";"-0,41";"-0,41";-41;-41;"A_left";14
54;"8";"+0,48";"+2,93";"+0,00";"+2,73";48;293;"B_left";15
54;"2";"+2,93";"+1,52";"+2,73";"+2,00";273;200;"B_left";16
54;"14";"-0,93";"+0,48";"-0,73";"-0,00";-73;0;"B_left";17
54;"23";"+2,73";"-0,00";"+2,93";"+0,48";293;48;"B_left";18
54;"5";"+2,00";"+2,73";"+1,52";"+2,93";200;273;"B_left";19
54;"21";"+2,00";"-0,73";"+2,41";"-0,41";241;-41;"A_left";20
54;"22";"+2,41";"-0,41";"+2,73";"-0,00";273;0;"A_left";21
54;"3";"+2,73";"+2,00";"+2,41";"+2,41";273;200;"B_left";22
54;"7";"+1,00";"+3,00";"+0,48";"+2,93";100;300;"B_left";23
55;"9";"+0,00";"+2,73";"-0,41";"+2,41";0;273;"A_left";0
55;"4";"+2,41";"+2,41";"+2,00";"+2,73";241;241;"A_left";1
55;"3";"+2,73";"+2,00";"+2,41";"+2,41";273;200;"A_left";2
55;"24";"+2,93";"+0,48";"+3,00";"+1,00";300;100;"B_left";3
55;"16";"-0,41";"-0,41";"-0,00";"-0,73";0;-73;"B_left";4
55;"5";"+2,00";"+2,73";"+1,52";"+2,93";200;273;"A_left";5
55;"6";"+1,52";"+2,93";"+1,00";"+3,00";152;293;"B_left";6
55;"2";"+2,93";"+1,52";"+2,73";"+2,00";293;152;"A_left";7
55;"10";"-0,41";"+2,41";"-0,73";"+2,00";-41;241;"A_left";8
55;"17";"-0,00";"-0,73";"+0,48";"-0,93";48;-93;"B_left";9
55;"13";"-1,00";"+1,00";"-0,93";"+0,48";-100;100;"B_left";10
55;"21";"+2,00";"-0,73";"+2,41";"-0,41";241;-41;"A_left";11
55;"1";"+3,00";"+1,00";"+2,93";"+1,52";293;152;"A_left";12
55;"20";"+1,52";"-0,93";"+2,00";"-0,73";200;-73;"B_left";13
55;"11";"-0,73";"+2,00";"-0,93";"+1,52";-73;200;"A_left";14
55;"14";"-0,93";"+0,48";"-0,73";"-0,00";-73;0;"A_left";15
55;"18";"+0,48";"-0,93";"+1,00";"-1,00";100;-100;"A_left";16
55;"12";"-0,93";"+1,52";"-1,00";"+1,00";-93;152;"B_left";17
55;"8";"+0,48";"+2,93";"+0,00";"+2,73";48;293;"B_left";18
55;"7";"+1,00";"+3,00";"+0,48";"+2,93";100;300;"B_left";19
55;"23";"+2,73";"-0,00";"+2,93";"+0,48";293;48;"B_left";20
55;"15";"-0,73";"-0,00";"-0,41";"-0,41";-41;-41;"B_left";21
55;"22";"+2,41";"-0,41";"+2,73";"-0,00";273;0;"B_left";22
55;"19";"+1,00";"-1,00";"+1,52";"-0,93";152;-93;"A_left";23
56;"4";"+2,41";"+2,41";"+2,00";"+2,73";241;241;"A_left";0
56;"6";"+1,52";"+2,93";"+1,00";"+3,00";152;293;"B_left";1
56;"15";"-0,73";"-0,00";"-0,41";"-0,41";-41;-41;"B_left";2
56;"3";"+2,73";"+2,00";"+2,41";"+2,41";273;200;"B_left";3
56;"21";"+2,00";"-0,73";"+2,41";"-0,41";241;-41;"A_left";4
56;"20";"+1,52";"-0,93";"+2,00";"-0,73";200;-73;"A_left";5
56;"9";"+0,00";"+2,73";"-0,41";"+2,41";0;273;"A_left";6
56;"16";"-0,41";"-0,41";"-0,00";"-0,73";0;-73;"B_left";7
56;"18";"+0,48";"-0,93";"+1,00";"-1,00";100;-100;"A_left";8
56;"10";"-0,41";"+2,41";"-0,73";"+2,00";-41;241;"B_left";9
56;"22";"+2,41";"-0,41";"+2,73";"-0,00";273;0;"A_left";10
56;"1";"+3,00";"+1,00";"+2,93";"+1,52";300;100;"B_left";11
56;"13";"-1,00";"+1,00";"-0,93";"+0,48";-93;48;"A_left";12
56;"8";"+0,48";"+2,93";"+0,00";"+2,73";48;293;"A_left";13
56;"7";"+1,00";"+3,00";"+0,48";"+2,93";100;300;"B_left";14
56;"11";"-0,73";"+2,00";"-0,93";"+1,52";-73;200;"B_left";15
56;"17";"-0,00";"-0,73";"+0,48";"-0,93";0;-73;"B_left";16
56;"24";"+2,93";"+0,48";"+3,00";"+1,00";300;100;"A_left";17
56;"14";"-0,93";"+0,48";"-0,73";"-0,00";-73;0;"B_left";18
56;"2";"+2,93";"+1,52";"+2,73";"+2,00";293;152;"A_left";19
56;"5";"+2,00";"+2,73";"+1,52";"+2,93";200;273;"B_left";20
56;"19";"+1,00";"-1,00";"+1,52";"-0,93";152;-93;"A_left";21
56;"12";"-0,93";"+1,52";"-1,00";"+1,00";-93;152;"B_left";22
56;"23";"+2,73";"-0,00";"+2,93";"+0,48";293;48;"B_left";23
58;"21";"+2,00";"-0,73";"+2,41";"-0,41";241;-41;"A_left";0
58;"6";"+1,52";"+2,93";"+1,00";"+3,00";152;293;"B_left";1
58;"19";"+1,00";"-1,00";"+1,52";"-0,93";152;-93;"B_left";2
58;"5";"+2,00";"+2,73";"+1,52";"+2,93";200;273;"B_left";3
58;"13";"-1,00";"+1,00";"-0,93";"+0,48";-93;48;"B_left";4
58;"22";"+2,41";"-0,41";"+2,73";"-0,00";273;0;"A_left";5
58;"15";"-0,73";"-0,00";"-0,41";"-0,41";-41;-41;"A_left";6
58;"12";"-0,93";"+1,52";"-1,00";"+1,00";-93;152;"B_left";7
58;"9";"+0,00";"+2,73";"-0,41";"+2,41";0;273;"B_left";8
58;"17";"-0,00";"-0,73";"+0,48";"-0,93";48;-93;"A_left";9
58;"3";"+2,73";"+2,00";"+2,41";"+2,41";273;200;"A_left";10
58;"11";"-0,73";"+2,00";"-0,93";"+1,52";-73;200;"B_left";11
58;"2";"+2,93";"+1,52";"+2,73";"+2,00";273;200;"B_left";12
58;"24";"+2,93";"+0,48";"+3,00";"+1,00";300;100;"B_left";13
58;"20";"+1,52";"-0,93";"+2,00";"-0,73";200;-73;"B_left";14
58;"1";"+3,00";"+1,00";"+2,93";"+1,52";293;152;"B_left";15
58;"18";"+0,48";"-0,93";"+1,00";"-1,00";100;-100;"B_left";16
58;"8";"+0,48";"+2,93";"+0,00";"+2,73";48;293;"A_left";17
58;"10";"-0,41";"+2,41";"-0,73";"+2,00";-41;241;"B_left";18
58;"23";"+2,73";"-0,00";"+2,93";"+0,48";273;0;"A_left";19
58;"7";"+1,00";"+3,00";"+0,48";"+2,93";100;300;"A_left";20
58;"4";"+2,41";"+2,41";"+2,00";"+2,73";241;241;"B_left";21
58;"14";"-0,93";"+0,48";"-0,73";"-0,00";-93;48;"A_left";22
58;"16";"-0,41";"-0,41";"-0,00";"-0,73";-41;-41;"A_left";23
59;"20";"+1,52";"-0,93";"+2,00";"-0,73";200;-73;"A_left";0
59;"21";"+2,00";"-0,73";"+2,41";"-0,41";241;-41;"A_left";1
59;"3";"+2,73";"+2,00";"+2,41";"+2,41";273;200;"A_left";2
59;"19";"+1,00";"-1,00";"+1,52";"-0,93";152;-93;"B_left";3
59;"14";"-0,93";"+0,48";"-0,73";"-0,00";-73;0;"A_left";4
59;"7";"+1,00";"+3,00";"+0,48";"+2,93";100;300;"B_left";5
59;"5";"+2,00";"+2,73";"+1,52";"+2,93";200;273;"B_left";6
59;"15";"-0,73";"-0,00";"-0,41";"-0,41";-41;-41;"B_left";7
59;"11";"-0,73";"+2,00";"-0,93";"+1,52";-73;200;"B_left";8
59;"4";"+2,41";"+2,41";"+2,00";"+2,73";241;241;"B_left";9
59;"13";"-1,00";"+1,00";"-0,93";"+0,48";-93;48;"B_left";10
59;"22";"+2,41";"-0,41";"+2,73";"-0,00";273;0;"A_left";11
59;"23";"+2,73";"-0,00";"+2,93";"+0,48";293;48;"B_left";12
59;"1";"+3,00";"+1,00";"+2,93";"+1,52";293;152;"B_left";13
59;"10";"-0,41";"+2,41";"-0,73";"+2,00";-41;241;"B_left";14
59;"9";"+0,00";"+2,73";"-0,41";"+2,41";0;273;"A_left";15
59;"17";"-0,00";"-0,73";"+0,48";"-0,93";48;-93;"A_left";16
59;"24";"+2,93";"+0,48";"+3,00";"+1,00";300;100;"B_left";17
59;"18";"+0,48";"-0,93";"+1,00";"-1,00";100;-100;"B_left";18
59;"6";"+1,52";"+2,93";"+1,00";"+3,00";152;293;"A_left";19
59;"12";"-0,93";"+1,52";"-1,00";"+1,00";-93;152;"A_left";20
59;"2";"+2,93";"+1,52";"+2,73";"+2,00";293;152;"B_left";21
59;"8";"+0,48";"+2,93";"+0,00";"+2,73";48;293;"B_left";22
59;"16";"-0,41";"-0,41";"-0,00";"-0,73";0;-73;"B_left";23
60;"21";"+2,00";"-0,73";"+2,41";"-0,41";241;-41;"B_left";0
60;"3";"+2,73";"+2,00";"+2,41";"+2,41";273;200;"B_left";1
60;"1";"+3,00";"+1,00";"+2,93";"+1,52";300;100;"A_left";2
60;"17";"-0,00";"-0,73";"+0,48";"-0,93";48;-93;"B_left";3
60;"19";"+1,00";"-1,00";"+1,52";"-0,93";152;-93;"A_left";4
60;"15";"-0,73";"-0,00";"-0,41";"-0,41";-41;-41;"B_left";5
60;"18";"+0,48";"-0,93";"+1,00";"-1,00";100;-100;"A_left";6
60;"11";"-0,73";"+2,00";"-0,93";"+1,52";-73;200;"B_left";7
60;"7";"+1,00";"+3,00";"+0,48";"+2,93";100;300;"B_left";8
60;"6";"+1,52";"+2,93";"+1,00";"+3,00";152;293;"A_left";9
60;"22";"+2,41";"-0,41";"+2,73";"-0,00";273;0;"B_left";10
60;"13";"-1,00";"+1,00";"-0,93";"+0,48";-93;48;"B_left";11
60;"16";"-0,41";"-0,41";"-0,00";"-0,73";0;-73;"B_left";12
60;"12";"-0,93";"+1,52";"-1,00";"+1,00";-93;152;"A_left";13
60;"20";"+1,52";"-0,93";"+2,00";"-0,73";200;-73;"A_left";14
60;"14";"-0,93";"+0,48";"-0,73";"-0,00";-73;0;"A_left";15
60;"10";"-0,41";"+2,41";"-0,73";"+2,00";-41;241;"A_left";16
60;"5";"+2,00";"+2,73";"+1,52";"+2,93";200;273;"A_left";17
60;"23";"+2,73";"-0,00";"+2,93";"+0,48";293;48;"A_left";18
60;"9";"+0,00";"+2,73";"-0,41";"+2,41";0;273;"A_left";19
60;"24";"+2,93";"+0,48";"+3,00";"+1,00";300;100;"B_left";20
60;"4";"+2,41";"+2,41";"+2,00";"+2,73";241;241;"A_left";21
60;"8";"+0,48";"+2,93";"+0,00";"+2,73";48;293;"A_left";22
60;"2";"+2,93";"+1,52";"+2,73";"+2,00";293;152;"A_left";23
61;"22";"+2,41";"-0,41";"+2,73";"-0,00";273;0;"A_left";0
61;"13";"-1,00";"+1,00";"-0,93";"+0,48";-100;100;"A_left";1
61;"11";"-0,73";"+2,00";"-0,93";"+1,52";-73;200;"A_left";2
61;"2";"+2,93";"+1,52";"+2,73";"+2,00";273;200;"B_left";3
61;"10";"-0,41";"+2,41";"-0,73";"+2,00";-41;241;"A_left";4
61;"4";"+2,41";"+2,41";"+2,00";"+2,73";241;241;"B_left";5
61;"7";"+1,00";"+3,00";"+0,48";"+2,93";100;300;"B_left";6
61;"12";"-0,93";"+1,52";"-1,00";"+1,00";-93;152;"A_left";7
61;"8";"+0,48";"+2,93";"+0,00";"+2,73";48;293;"B_left";8
61;"23";"+2,73";"-0,00";"+2,93";"+0,48";293;48;"B_left";9
61;"21";"+2,00";"-0,73";"+2,41";"-0,41";241;-41;"A_left";10
61;"1";"+3,00";"+1,00";"+2,93";"+1,52";300;100;"B_left";11
61;"19";"+1,00";"-1,00";"+1,52";"-0,93";152;-93;"B_left";12
61;"20";"+1,52";"-0,93";"+2,00";"-0,73";200;-73;"B_left";13
61;"17";"-0,00";"-0,73";"+0,48";"-0,93";0;-73;"B_left";14
61;"18";"+0,48";"-0,93";"+1,00";"-1,00";48;-93;"A_left";15
61;"6";"+1,52";"+2,93";"+1,00";"+3,00";152;293;"B_left";16
61;"14";"-0,93";"+0,48";"-0,73";"-0,00";-73;0;"A_left";17
61;"9";"+0,00";"+2,73";"-0,41";"+2,41";0;273;"A_left";18
61;"24";"+2,93";"+0,48";"+3,00";"+1,00";300;100;"A_left";19
61;"15";"-0,73";"-0,00";"-0,41";"-0,41";-41;-41;"B_left";20
61;"3";"+2,73";"+2,00";"+2,41";"+2,41";273;200;"B_left";21
61;"16";"-0,41";"-0,41";"-0,00";"-0,73";-41;-41;"B_left";22
61;"5";"+2,00";"+2,73";"+1,52";"+2,93";200;273;"A_left";23
62;"10";"-0,41";"+2,41";"-0,73";"+2,00";-41;241;"B_left";0
62;"19";"+1,00";"-1,00";"+1,52";"-0,93";152;-93;"B_left";1
62;"7";"+1,00";"+3,00";"+0,48";"+2,93";100;300;"A_left";2
62;"16";"-0,41";"-0,41";"-0,00";"-0,73";0;-73;"A_left";3
62;"24";"+2,93";"+0,48";"+3,00";"+1,00";300;100;"B_left";4
62;"3";"+2,73";"+2,00";"+2,41";"+2,41";241;241;"B_left";5
62;"14";"-0,93";"+0,48";"-0,73";"-0,00";-73;0;"B_left";6
62;"1";"+3,00";"+1,00";"+2,93";"+1,52";293;152;"A_left";7
62;"18";"+0,48";"-0,93";"+1,00";"-1,00";100;-100;"A_left";8
62;"23";"+2,73";"-0,00";"+2,93";"+0,48";293;48;"A_left";9
62;"5";"+2,00";"+2,73";"+1,52";"+2,93";200;273;"B_left";10
62;"11";"-0,73";"+2,00";"-0,93";"+1,52";-73;200;"A_left";11
62;"22";"+2,41";"-0,41";"+2,73";"-0,00";273;0;"A_left";12
62;"12";"-0,93";"+1,52";"-1,00";"+1,00";-93;152;"B_left";13
62;"4";"+2,41";"+2,41";"+2,00";"+2,73";241;241;"B_left";14
62;"17";"-0,00";"-0,73";"+0,48";"-0,93";48;-93;"B_left";15
62;"9";"+0,00";"+2,73";"-0,41";"+2,41";0;273;"B_left";16
62;"21";"+2,00";"-0,73";"+2,41";"-0,41";241;-41;"B_left";17
62;"2";"+2,93";"+1,52";"+2,73";"+2,00";273;200;"A_left";18
62;"13";"-1,00";"+1,00";"-0,93";"+0,48";-100;100;"B_left";19
62;"20";"+1,52";"-0,93";"+2,00";"-0,73";200;-73;"B_left";20
62;"8";"+0,48";"+2,93";"+0,00";"+2,73";48;293;"A_left";21
62;"6";"+1,52";"+2,93";"+1,00";"+3,00";152;293;"A_left";22
62;"15";"-0,73";"-0,00";"-0,41";"-0,41";-41;-41;"B_left";23
63;"17";"-0,00";"-0,73";"+0,48";"-0,93";48;-93;"B_left";0
63;"20";"+1,52";"-0,93";"+2,00";"-0,73";200;-73;"B_left";1
63;"4";"+2,41";"+2,41";"+2,00";"+2,73";241;241;"B_left";2
63;"6";"+1,52";"+2,93";"+1,00";"+3,00";152;293;"B_left";3
63;"13";"-1,00";"+1,00";"-0,93";"+0,48";-100;100;"A_left";4
63;"2";"+2,93";"+1,52";"+2,73";"+2,00";293;152;"A_left";5
63;"19";"+1,00";"-1,00";"+1,52";"-0,93";152;-93;"A_left";6
63;"16";"-0,41";"-0,41";"-0,00";"-0,73";-41;-41;"B_left";7
63;"12";"-0,93";"+1,52";"-1,00";"+1,00";-100;100;"B_left";8
63;"24";"+2,93";"+0,48";"+3,00";"+1,00";300;100;"A_left";9
63;"18";"+0,48";"-0,93";"+1,00";"-1,00";100;-100;"A_left";10
63;"8";"+0,48";"+2,93";"+0,00";"+2,73";48;293;"B_left";11
63;"3";"+2,73";"+2,00";"+2,41";"+2,41";273;200;"B_left";12
63;"9";"+0,00";"+2,73";"-0,41";"+2,41";-41;241;"A_left";13
63;"21";"+2,00";"-0,73";"+2,41";"-0,41";241;-41;"A_left";14
63;"10";"-0,41";"+2,41";"-0,73";"+2,00";-73;200;"B_left";15
63;"23";"+2,73";"-0,00";"+2,93";"+0,48";293;48;"B_left";16
63;"1";"+3,00";"+1,00";"+2,93";"+1,52";300;100;"A_left";17
63;"14";"-0,93";"+0,48";"-0,73";"-0,00";-93;48;"B_left";18
63;"15";"-0,73";"-0,00";"-0,41";"-0,41";-73;0;"B_left";19
63;"22";"+2,41";"-0,41";"+2,73";"-0,00";273;0;"A_left";20
63;"5";"+2,00";"+2,73";"+1,52";"+2,93";200;273;"B_left";21
63;"11";"-0,73";"+2,00";"-0,93";"+1,52";-93;152;"A_left";22
63;"7";"+1,00";"+3,00";"+0,48";"+2,93";100;300;"B_left";23
64;"15";"-0,73";"-0,00";"-0,41";"-0,41";-41;-41;"B_left";0
64;"23";"+2,73";"-0,00";"+2,93";"+0,48";293;48;"B_left";1
64;"13";"-1,00";"+1,00";"-0,93";"+0,48";-100;100;"A_left";2
64;"22";"+2,41";"-0,41";"+2,73";"-0,00";273;0;"B_left";3
64;"21";"+2,00";"-0,73";"+2,41";"-0,41";241;-41;"B_left";4
64;"5";"+2,00";"+2,73";"+1,52";"+2,93";200;273;"B_left";5
64;"4";"+2,41";"+2,41";"+2,00";"+2,73";241;241;"B_left";6
64;"2";"+2,93";"+1,52";"+2,73";"+2,00";273;200;"B_left";7
64;"11";"-0,73";"+2,00";"-0,93";"+1,52";-73;200;"B_left";8
64;"19";"+1,00";"-1,00";"+1,52";"-0,93";152;-93;"B_left";9
64;"9";"+0,00";"+2,73";"-0,41";"+2,41";0;273;"B_left";10
64;"7";"+1,00";"+3,00";"+0,48";"+2,93";100;300;"B_left";11
64;"6";"+1,52";"+2,93";"+1,00";"+3,00";100;300;"A_left";12
64;"14";"-0,93";"+0,48";"-0,73";"-0,00";-73;0;"B_left";13
64;"10";"-0,41";"+2,41";"-0,73";"+2,00";-41;241;"B_left";14
64;"12";"-0,93";"+1,52";"-1,00";"+1,00";-93;152;"A_left";15
64;"20";"+1,52";"-0,93";"+2,00";"-0,73";200;-73;"B_left";16
64;"8";"+0,48";"+2,93";"+0,00";"+2,73";48;293;"A_left";17
64;"3";"+2,73";"+2,00";"+2,41";"+2,41";241;241;"B_left";18
64;"24";"+2,93";"+0,48";"+3,00";"+1,00";300;100;"B_left";19
64;"1";"+3,00";"+1,00";"+2,93";"+1,52";300;100;"A_left";20
64;"18";"+0,48";"-0,93";"+1,00";"-1,00";100;-100;"A_left";21
64;"17";"-0,00";"-0,73";"+0,48";"-0,93";0;-73;"B_left";22
64;"16";"-0,41";"-0,41";"-0,00";"-0,73";0;-73;"A_left";23
65;"19";"+1,00";"-1,00";"+1,52";"-0,93";152;-93;"B_left";0
65;"16";"-0,41";"-0,41";"-0,00";"-0,73";0;-73;"B_left";1
65;"13";"-1,00";"+1,00";"-0,93";"+0,48";-100;100;"B_left";2
65;"1";"+3,00";"+1,00";"+2,93";"+1,52";293;152;"A_left";3
65;"20";"+1,52";"-0,93";"+2,00";"-0,73";200;-73;"B_left";4
65;"11";"-0,73";"+2,00";"-0,93";"+1,52";-73;200;"A_left";5
65;"6";"+1,52";"+2,93";"+1,00";"+3,00";152;293;"B_left";6
65;"4";"+2,41";"+2,41";"+2,00";"+2,73";241;241;"B_left";7
65;"7";"+1,00";"+3,00";"+0,48";"+2,93";100;300;"A_left";8
65;"18";"+0,48";"-0,93";"+1,00";"-1,00";100;-100;"B_left";9
65;"15";"-0,73";"-0,00";"-0,41";"-0,41";-41;-41;"B_left";10
65;"22";"+2,41";"-0,41";"+2,73";"-0,00";273;0;"A_left";11
65;"2";"+2,93";"+1,52";"+2,73";"+2,00";273;200;"A_left";12
65;"10";"-0,41";"+2,41";"-0,73";"+2,00";-41;241;"B_left";13
65;"21";"+2,00";"-0,73";"+2,41";"-0,41";241;-41;"B_left";14
65;"9";"+0,00";"+2,73";"-0,41";"+2,41";0;273;"A_left";15
65;"23";"+2,73";"-0,00";"+2,93";"+0,48";293;48;"A_left";16
65;"5";"+2,00";"+2,73";"+1,52";"+2,93";200;273;"A_left";17
65;"24";"+2,93";"+0,48";"+3,00";"+1,00";300;100;"B_left";18
65;"14";"-0,93";"+0,48";"-0,73";"-0,00";-73;0;"B_left";19
65;"17";"-0,00";"-0,73";"+0,48";"-0,93";48;-93;"A_left";20
65;"3";"+2,73";"+2,00";"+2,41";"+2,41";241;241;"B_left";21
65;"8";"+0,48";"+2,93";"+0,00";"+2,73";48;293;"A_left";22
65;"12";"-0,93";"+1,52";"-1,00";"+1,00";-93;152;"A_left";23
66;"4";"+2,41";"+2,41";"+2,00";"+2,73";241;241;"B_left";0
66;"16";"-0,41";"-0,41";"-0,00";"-0,73";0;-73;"A_left";1
66;"3";"+2,73";"+2,00";"+2,41";"+2,41";273;200;"A_left";2
66;"11";"-0,73";"+2,00";"-0,93";"+1,52";-73;200;"A_left";3
66;"2";"+2,93";"+1,52";"+2,73";"+2,00";273;200;"B_left";4
66;"9";"+0,00";"+2,73";"-0,41";"+2,41";0;273;"B_left";5
66;"22";"+2,41";"-0,41";"+2,73";"-0,00";273;0;"B_left";6
66;"13";"-1,00";"+1,00";"-0,93";"+0,48";-100;100;"B_left";7
66;"24";"+2,93";"+0,48";"+3,00";"+1,00";300;100;"A_left";8
66;"1";"+3,00";"+1,00";"+2,93";"+1,52";293;152;"A_left";9
66;"21";"+2,00";"-0,73";"+2,41";"-0,41";241;-41;"A_left";10
66;"19";"+1,00";"-1,00";"+1,52";"-0,93";152;-93;"B_left";11
66;"20";"+1,52";"-0,93";"+2,00";"-0,73";200;-73;"A_left";12
66;"17";"-0,00";"-0,73";"+0,48";"-0,93";48;-93;"A_left";13
66;"8";"+0,48";"+2,93";"+0,00";"+2,73";48;293;"B_left";14
66;"12";"-0,93";"+1,52";"-1,00";"+1,00";-93;152;"B_left";15
66;"6";"+1,52";"+2,93";"+1,00";"+3,00";152;293;"B_left";16
66;"23";"+2,73";"-0,00";"+2,93";"+0,48";293;48;"A_left";17
66;"18";"+0,48";"-0,93";"+1,00";"-1,00";100;-100;"B_left";18
66;"10";"-0,41";"+2,41";"-0,73";"+2,00";-41;241;"B_left";19
66;"15";"-0,73";"-0,00";"-0,41";"-0,41";-41;-41;"B_left";20
66;"14";"-0,93";"+0,48";"-0,73";"-0,00";-73;0;"B_left";21
66;"7";"+1,00";"+3,00";"+0,48";"+2,93";100;300;"B_left";22
66;"5";"+2,00";"+2,73";"+1,52";"+2,93";200;273;"B_left";23
67;"1";"+3,00";"+1,00";"+2,93";"+1,52";300;100;"A_left";0
67;"18";"+0,48";"-0,93";"+1,00";"-1,00";100;-100;"A_left";1
67;"3";"+2,73";"+2,00";"+2,41";"+2,41";273;200;"B_left";2
67;"17";"-0,00";"-0,73";"+0,48";"-0,93";48;-93;"B_left";3
67;"8";"+0,48";"+2,93";"+0,00";"+2,73";48;293;"A_left";4
67;"10";"-0,41";"+2,41";"-0,73";"+2,00";-41;241;"B_left";5
67;"7";"+1,00";"+3,00";"+0,48";"+2,93";100;300;"B_left";6
67;"19";"+1,00";"-1,00";"+1,52";"-0,93";152;-93;"B_left";7
67;"11";"-0,73";"+2,00";"-0,93";"+1,52";-73;200;"A_left";8
67;"21";"+2,00";"-0,73";"+2,41";"-0,41";241;-41;"A_left";9
67;"6";"+1,52";"+2,93";"+1,00";"+3,00";152;293;"B_left";10
67;"22";"+2,41";"-0,41";"+2,73";"-0,00";273;0;"A_left";11
67;"23";"+2,73";"-0,00";"+2,93";"+0,48";293;48;"B_left";12
67;"5";"+2,00";"+2,73";"+1,52";"+2,93";200;273;"A_left";13
67;"24";"+2,93";"+0,48";"+3,00";"+1,00";300;100;"A_left";14
67;"13";"-1,00";"+1,00";"-0,93";"+0,48";-93;48;"A_left";15
67;"15";"-0,73";"-0,00";"-0,41";"-0,41";-41;-41;"A_left";16
67;"20";"+1,52";"-0,93";"+2,00";"-0,73";200;-73;"A_left";17
67;"2";"+2,93";"+1,52";"+2,73";"+2,00";293;152;"A_left";18
67;"4";"+2,41";"+2,41";"+2,00";"+2,73";241;241;"A_left";19
67;"14";"-0,93";"+0,48";"-0,73";"-0,00";-73;0;"B_left";20
67;"12";"-0,93";"+1,52";"-1,00";"+1,00";-93;152;"B_left";21
67;"16";"-0,41";"-0,41";"-0,00";"-0,73";0;-73;"B_left";22
67;"9";"+0,00";"+2,73";"-0,41";"+2,41";0;273;"A_left";23
68;"6";"+1,52";"+2,93";"+1,00";"+3,00";152;293;"B_left";0
68;"1";"+3,00";"+1,00";"+2,93";"+1,52";293;152;"A_left";1
68;"17";"-0,00";"-0,73";"+0,48";"-0,93";48;-93;"A_left";2
68;"8";"+0,48";"+2,93";"+0,00";"+2,73";48;293;"B_left";3
68;"7";"+1,00";"+3,00";"+0,48";"+2,93";100;300;"A_left";4
68;"11";"-0,73";"+2,00";"-0,93";"+1,52";-73;200;"B_left";5
68;"4";"+2,41";"+2,41";"+2,00";"+2,73";241;241;"B_left";6
68;"13";"-1,00";"+1,00";"-0,93";"+0,48";-100;100;"A_left";7
68;"12";"-0,93";"+1,52";"-1,00";"+1,00";-93;152;"A_left";8
68;"22";"+2,41";"-0,41";"+2,73";"-0,00";273;0;"B_left";9
68;"14";"-0,93";"+0,48";"-0,73";"-0,00";-93;48;"B_left";10
68;"5";"+2,00";"+2,73";"+1,52";"+2,93";200;273;"A_left";11
68;"20";"+1,52";"-0,93";"+2,00";"-0,73";200;-73;"B_left";12
68;"24";"+2,93";"+0,48";"+3,00";"+1,00";300;100;"A_left";13
68;"18";"+0,48";"-0,93";"+1,00";"-1,00";100;-100;"A_left";14
68;"21";"+2,00";"-0,73";"+2,41";"-0,41";241;-41;"A_left";15
68;"15";"-0,73";"-0,00";"-0,41";"-0,41";-41;-41;"B_left";16
68;"2";"+2,93";"+1,52";"+2,73";"+2,00";273;200;"B_left";17
68;"23";"+2,73";"-0,00";"+2,93";"+0,48";293;48;"A_left";18
68;"9";"+0,00";"+2,73";"-0,41";"+2,41";0;273;"B_left";19
68;"3";"+2,73";"+2,00";"+2,41";"+2,41";241;241;"A_left";20
68;"16";"-0,41";"-0,41";"-0,00";"-0,73";0;-73;"B_left";21
68;"10";"-0,41";"+2,41";"-0,73";"+2,00";-41;241;"B_left";22
68;"19";"+1,00";"-1,00";"+1,52";"-0,93";152;-93;"A_left";23
69;"2";"+2,93";"+1,52";"+2,73";"+2,00";273;200;"A_left";0
69;"7";"+1,00";"+3,00";"+0,48";"+2,93";100;300;"B_left";1
69;"14";"-0,93";"+0,48";"-0,73";"-0,00";-73;0;"A_left";2
69;"21";"+2,00";"-0,73";"+2,41";"-0,41";241;-41;"B_left";3
69;"23";"+2,73";"-0,00";"+2,93";"+0,48";293;48;"A_left";4
69;"5";"+2,00";"+2,73";"+1,52";"+2,93";200;273;"A_left";5
69;"17";"-0,00";"-0,73";"+0,48";"-0,93";0;-73;"B_left";6
69;"10";"-0,41";"+2,41";"-0,73";"+2,00";-41;241;"A_left";7
69;"11";"-0,73";"+2,00";"-0,93";"+1,52";-73;200;"B_left";8
69;"12";"-0,93";"+1,52";"-1,00";"+1,00";-93;152;"B_left";9
69;"20";"+1,52";"-0,93";"+2,00";"-0,73";200;-73;"A_left";10
69;"19";"+1,00";"-1,00";"+1,52";"-0,93";152;-93;"B_left";11
69;"13";"-1,00";"+1,00";"-0,93";"+0,48";-100;100;"B_left";12
69;"6";"+1,52";"+2,93";"+1,00";"+3,00";152;293;"B_left";13
69;"24";"+2,93";"+0,48";"+3,00";"+1,00";300;100;"B_left";14
69;"3";"+2,73";"+2,00";"+2,41";"+2,41";241;241;"A_left";15
69;"1";"+3,00";"+1,00";"+2,93";"+1,52";293;152;"B_left";16
69;"8";"+0,48";"+2,93";"+0,00";"+2,73";48;293;"A_left";17
69;"15";"-0,73";"-0,00";"-0,41";"-0,41";-41;-41;"B_left";18
69;"18";"+0,48";"-0,93";"+1,00";"-1,00";100;-100;"B_left";19
69;"9";"+0,00";"+2,73";"-0,41";"+2,41";0;273;"B_left";20
69;"22";"+2,41";"-0,41";"+2,73";"-0,00";273;0;"A_left";21
69;"4";"+2,41";"+2,41";"+2,00";"+2,73";241;241;"A_left";22
69;"16";"-0,41";"-0,41";"-0,00";"-0,73";-41;-41;"A_left";23
70;"17";"-0,00";"-0,73";"+0,48";"-0,93";48;-93;"A_left";0
70;"24";"+2,93";"+0,48";"+3,00";"+1,00";300;100;"A_left";1
70;"5";"+2,00";"+2,73";"+1,52";"+2,93";200;273;"B_left";2
70;"7";"+1,00";"+3,00";"+0,48";"+2,93";100;300;"A_left";3
70;"11";"-0,73";"+2,00";"-0,93";"+1,52";-73;200;"A_left";4
70;"8";"+0,48";"+2,93";"+0,00";"+2,73";48;293;"A_left";5
70;"23";"+2,73";"-0,00";"+2,93";"+0,48";293;48;"B_left";6
70;"3";"+2,73";"+2,00";"+2,41";"+2,41";273;200;"A_left";7
70;"6";"+1,52";"+2,93";"+1,00";"+3,00";152;293;"B_left";8
70;"18";"+0,48";"-0,93";"+1,00";"-1,00";100;-100;"A_left";9
70;"21";"+2,00";"-0,73";"+2,41";"-0,41";241;-41;"A_left";10
70;"1";"+3,00";"+1,00";"+2,93";"+1,52";293;152;"B_left";11
70;"9";"+0,00";"+2,73";"-0,41";"+2,41";0;273;"A_left";12
70;"19";"+1,00";"-1,00";"+1,52";"-0,93";152;-93;"B_left";13
70;"12";"-0,93";"+1,52";"-1,00";"+1,00";-93;152;"A_left";14
70;"22";"+2,41";"-0,41";"+2,73";"-0,00";273;0;"B_left";15
70;"16";"-0,41";"-0,41";"-0,00";"-0,73";0;-73;"A_left";16
70;"13";"-1,00";"+1,00";"-0,93";"+0,48";-93;48;"A_left";17
70;"20";"+1,52";"-0,93";"+2,00";"-0,73";200;-73;"A_left";18
70;"4";"+2,41";"+2,41";"+2,00";"+2,73";241;241;"B_left";19
70;"2";"+2,93";"+1,52";"+2,73";"+2,00";293;152;"B_left";20
70;"10";"-0,41";"+2,41";"-0,73";"+2,00";-41;241;"B_left";21
70;"15";"-0,73";"-0,00";"-0,41";"-0,41";-41;-41;"B_left";22
70;"14";"-0,93";"+0,48";"-0,73";"-0,00";-73;0;"B_left";23
71;"6";"+1,52";"+2,93";"+1,00";"+3,00";152;293;"A_left";0
71;"1";"+3,00";"+1,00";"+2,93";"+1,52";300;100;"B_left";1
71;"9";"+0,00";"+2,73";"-0,41";"+2,41";0;273;"A_left";2
71;"15";"-0,73";"-0,00";"-0,41";"-0,41";-41;-41;"B_left";3
71;"7";"+1,00";"+3,00";"+0,48";"+2,93";100;300;"B_left";4
71;"21";"+2,00";"-0,73";"+2,41";"-0,41";241;-41;"B_left";5
71;"23";"+2,73";"-0,00";"+2,93";"+0,48";293;48;"B_left";6
71;"8";"+0,48";"+2,93";"+0,00";"+2,73";48;293;"B_left";7
71;"11";"-0,73";"+2,00";"-0,93";"+1,52";-73;200;"B_left";8
71;"17";"-0,00";"-0,73";"+0,48";"-0,93";48;-93;"A_left";9
71;"22";"+2,41";"-0,41";"+2,73";"-0,00";273;0;"A_left";10
71;"10";"-0,41";"+2,41";"-0,73";"+2,00";-41;241;"B_left";11
71;"4";"+2,41";"+2,41";"+2,00";"+2,73";241;241;"A_left";12
71;"5";"+2,00";"+2,73";"+1,52";"+2,93";200;273;"B_left";13
71;"16";"-0,41";"-0,41";"-0,00";"-0,73";0;-73;"B_left";14
71;"14";"-0,93";"+0,48";"-0,73";"-0,00";-73;0;"A_left";15
71;"3";"+2,73";"+2,00";"+2,41";"+2,41";273;200;"B_left";16
71;"24";"+2,93";"+0,48";"+3,00";"+1,00";300;100;"A_left";17
71;"19";"+1,00";"-1,00";"+1,52";"-0,93";152;-93;"B_left";18
71;"2";"+2,93";"+1,52";"+2,73";"+2,00";293;152;"A_left";19
71;"13";"-1,00";"+1,00";"-0,93";"+0,48";-93;48;"A_left";20
71;"20";"+1,52";"-0,93";"+2,00";"-0,73";200;-73;"A_left";21
71;"18";"+0,48";"-0,93";"+1,00";"-1,00";100;-100;"A_left";22
71;"12";"-0,93";"+1,52";"-1,00";"+1,00";-93;152;"B_left";23
72;"18";"+0,48";"-0,93";"+1,00";"-1,00";100;-100;"B_left";0
72;"5";"+2,00";"+2,73";"+1,52";"+2,93";200;273;"A_left";1
72;"10";"-0,41";"+2,41";"-0,73";"+2,00";-41;241;"B_left";2
72;"1";"+3,00";"+1,00";"+2,93";"+1,52";293;152;"B_left";3
72;"23";"+2,73";"-0,00";"+2,93";"+0,48";293;48;"A_left";4
72;"8";"+0,48";"+2,93";"+0,00";"+2,73";48;293;"B_left";5
72;"11";"-0,73";"+2,00";"-0,93";"+1,52";-73;200;"A_left";6
72;"2";"+2,93";"+1,52";"+2,73";"+2,00";293;152;"A_left";7
72;"19";"+1,00";"-1,00";"+1,52";"-0,93";152;-93;"A_left";8
72;"7";"+1,00";"+3,00";"+0,48";"+2,93";100;300;"A_left";9
72;"4";"+2,41";"+2,41";"+2,00";"+2,73";241;241;"A_left";10
72;"6";"+1,52";"+2,93";"+1,00";"+3,00";152;293;"A_left";11
72;"3";"+2,73";"+2,00";"+2,41";"+2,41";241;241;"B_left";12
72;"17";"-0,00";"-0,73";"+0,48";"-0,93";48;-93;"B_left";13
72;"13";"-1,00";"+1,00";"-0,93";"+0,48";-100;100;"B_left";14
72;"12";"-0,93";"+1,52";"-1,00";"+1,00";-93;152;"B_left";15
72;"9";"+0,00";"+2,73";"-0,41";"+2,41";0;273;"B_left";16
72;"16";"-0,41";"-0,41";"-0,00";"-0,73";-41;-41;"A_left";17
72;"21";"+2,00";"-0,73";"+2,41";"-0,41";241;-41;"A_left";18
72;"20";"+1,52";"-0,93";"+2,00";"-0,73";200;-73;"B_left";19
72;"15";"-0,73";"-0,00";"-0,41";"-0,41";-41;-41;"A_left";20
72;"24";"+2,93";"+0,48";"+3,00";"+1,00";300;100;"B_left";21
72;"14";"-0,93";"+0,48";"-0,73";"-0,00";-93;48;"A_left";22
72;"22";"+2,41";"-0,41";"+2,73";"-0,00";273;0;"B_left";23
73;"4";"+2,41";"+2,41";"+2,00";"+2,73";241;241;"A_left";0
73;"24";"+2,93";"+0,48";"+3,00";"+1,00";300;100;"A_left";1
73;"14";"-0,93";"+0,48";"-0,73";"-0,00";-73;0;"A_left";2
73;"7";"+1,00";"+3,00";"+0,48";"+2,93";100;300;"B_left";3
73;"2";"+2,93";"+1,52";"+2,73";"+2,00";293;152;"B_left";4
73;"17";"-0,00";"-0,73";"+0,48";"-0,93";48;-93;"B_left";5
73;"10";"-0,41";"+2,41";"-0,73";"+2,00";-41;241;"B_left";6
73;"21";"+2,00";"-0,73";"+2,41";"-0,41";241;-41;"B_left";7
73;"22";"+2,41";"-0,41";"+2,73";"-0,00";273;0;"B_left";8
73;"1";"+3,00";"+1,00";"+2,93";"+1,52";300;100;"B_left";9
73;"13";"-1,00";"+1,00";"-0,93";"+0,48";-93;48;"A_left";10
73;"3";"+2,73";"+2,00";"+2,41";"+2,41";273;200;"A_left";11
73;"9";"+0,00";"+2,73";"-0,41";"+2,41";0;273;"A_left";12
73;"5";"+2,00";"+2,73";"+1,52";"+2,93";200;273;"A_left";13
73;"8";"+0,48";"+2,93";"+0,00";"+2,73";48;293;"A_left";14
73;"23";"+2,73";"-0,00";"+2,93";"+0,48";293;48;"B_left";15
73;"12";"-0,93";"+1,52";"-1,00";"+1,00";-93;152;"A_left";16
73;"6";"+1,52";"+2,93";"+1,00";"+3,00";152;293;"B_left";17
73;"18";"+0,48";"-0,93";"+1,00";"-1,00";100;-100;"B_left";18
73;"11";"-0,73";"+2,00";"-0,93";"+1,52";-73;200;"A_left";19
73;"19";"+1,00";"-1,00";"+1,52";"-0,93";152;-93;"A_left";20
73;"16";"-0,41";"-0,41";"-0,00";"-0,73";0;-73;"A_left";21
73;"15";"-0,73";"-0,00";"-0,41";"-0,41";-41;-41;"A_left";22
73;"20";"+1,52";"-0,93";"+2,00";"-0,73";200;-73;"A_left";23
74;"23";"+2,73";"-0,00";"+2,93";"+0,48";293;48;"B_left";0
74;"24";"+2,93";"+0,48";"+3,00";"+1,00";300;100;"A_left";1
74;"12";"-0,93";"+1,52";"-1,00";"+1,00";-93;152;"B_left";2
74;"17";"-0,00";"-0,73";"+0,48";"-0,93";48;-93;"A_left";3
74;"19";"+1,00";"-1,00";"+1,52";"-0,93";152;-93;"B_left";4
74;"8";"+0,48";"+2,93";"+0,00";"+2,73";48;293;"A_left";5
74;"22";"+2,41";"-0,41";"+2,73";"-0,00";273;0;"B_left";6
74;"2";"+2,93";"+1,52";"+2,73";"+2,00";293;152;"B_left";7
74;"1";"+3,00";"+1,00";"+2,93";"+1,52";300;100;"B_left";8
74;"14";"-0,93";"+0,48";"-0,73";"-0,00";-73;0;"B_left";9
74;"5";"+2,00";"+2,73";"+1,52";"+2,93";200;273;"A_left";10
74;"21";"+2,00";"-0,73";"+2,41";"-0,41";241;-41;"B_left";11
74;"16";"-0,41";"-0,41";"-0,00";"-0,73";0;-73;"A_left";12
74;"6";"+1,52";"+2,93";"+1,00";"+3,00";152;293;"B_left";13
74;"13";"-1,00";"+1,00";"-0,93";"+0,48";-93;48;"B_left";14
74;"3";"+2,73";"+2,00";"+2,41";"+2,41";241;241;"A_left";15
74;"7";"+1,00";"+3,00";"+0,48";"+2,93";100;300;"B_left";16
74;"20";"+1,52";"-0,93";"+2,00";"-0,73";200;-73;"B_left";17
74;"18";"+0,48";"-0,93";"+1,00";"-1,00";100;-100;"B_left";18
74;"9";"+0,00";"+2,73";"-0,41";"+2,41";0;273;"A_left";19
74;"15";"-0,73";"-0,00";"-0,41";"-0,41";-41;-41;"A_left";20
74;"10";"-0,41";"+2,41";"-0,73";"+2,00";-41;241;"A_left";21
74;"4";"+2,41";"+2,41";"+2,00";"+2,73";241;241;"B_left";22
74;"11";"-0,73";"+2,00";"-0,93";"+1,52";-73;200;"A_left";23
75;"24";"+2,93";"+0,48";"+3,00";"+1,00";300;100;"A_left";0
75;"11";"-0,73";"+2,00";"-0,93";"+1,52";-73;200;"B_left";1
75;"15";"-0,73";"-0,00";"-0,41";"-0,41";-41;-41;"A_left";2
75;"23";"+2,73";"-0,00";"+2,93";"+0,48";293;48;"B_left";3
75;"8";"+0,48";"+2,93";"+0,00";"+2,73";48;293;"B_left";4
75;"5";"+2,00";"+2,73";"+1,52";"+2,93";200;273;"A_left";5
75;"3";"+2,73";"+2,00";"+2,41";"+2,41";241;241;"B_left";6
75;"2";"+2,93";"+1,52";"+2,73";"+2,00";273;200;"A_left";7
75;"16";"-0,41";"-0,41";"-0,00";"-0,73";-41;-41;"B_left";8
75;"1";"+3,00";"+1,00";"+2,93";"+1,52";293;152;"A_left";9
75;"6";"+1,52";"+2,93";"+1,00";"+3,00";152;293;"B_left";10
75;"19";"+1,00";"-1,00";"+1,52";"-0,93";152;-93;"A_left";11
75;"7";"+1,00";"+3,00";"+0,48";"+2,93";100;300;"A_left";12
75;"14";"-0,93";"+0,48";"-0,73";"-0,00";-93;48;"A_left";13
75;"20";"+1,52";"-0,93";"+2,00";"-0,73";200;-73;"B_left";14
75;"13";"-1,00";"+1,00";"-0,93";"+0,48";-100;100;"B_left";15
75;"4";"+2,41";"+2,41";"+2,00";"+2,73";241;241;"A_left";16
75;"9";"+0,00";"+2,73";"-0,41";"+2,41";0;273;"B_left";17
75;"22";"+2,41";"-0,41";"+2,73";"-0,00";273;0;"B_left";18
75;"17";"-0,00";"-0,73";"+0,48";"-0,93";48;-93;"B_left";19
75;"12";"-0,93";"+1,52";"-1,00";"+1,00";-93;152;"B_left";20
75;"21";"+2,00";"-0,73";"+2,41";"-0,41";241;-41;"A_left";21
75;"10";"-0,41";"+2,41";"-0,73";"+2,00";-41;241;"B_left";22
75;"18";"+0,48";"-0,93";"+1,00";"-1,00";100;-100;"B_left";23
76;"5";"+2,00";"+2,73";"+1,52";"+2,93";200;273;"A_left";0
76;"14";"-0,93";"+0,48";"-0,73";"-0,00";-73;0;"A_left";1
76;"19";"+1,00";"-1,00";"+1,52";"-0,93";152;-93;"A_left";2
76;"2";"+2,93";"+1,52";"+2,73";"+2,00";293;152;"A_left";3
76;"9";"+0,00";"+2,73";"-0,41";"+2,41";0;273;"A_left";4
76;"12";"-0,93";"+1,52";"-1,00";"+1,00";-93;152;"A_left";5
76;"21";"+2,00";"-0,73";"+2,41";"-0,41";241;-41;"A_left";6
76;"6";"+1,52";"+2,93";"+1,00";"+3,00";152;293;"B_left";7
76;"13";"-1,00";"+1,00";"-0,93";"+0,48";-100;100;"A_left";8
76;"11";"-0,73";"+2,00";"-0,93";"+1,52";-73;200;"B_left";9
76;"16";"-0,41";"-0,41";"-0,00";"-0,73";0;-73;"B_left";10
76;"24";"+2,93";"+0,48";"+3,00";"+1,00";300;100;"A_left";11
76;"3";"+2,73";"+2,00";"+2,41";"+2,41";273;200;"A_left";12
76;"15";"-0,73";"-0,00";"-0,41";"-0,41";-41;-41;"A_left";13
76;"22";"+2,41";"-0,41";"+2,73";"-0,00";273;0;"B_left";14
76;"17";"-0,00";"-0,73";"+0,48";"-0,93";48;-93;"A_left";15
76;"10";"-0,41";"+2,41";"-0,73";"+2,00";-41;241;"A_left";16
76;"18";"+0,48";"-0,93";"+1,00";"-1,00";100;-100;"B_left";17
76;"4";"+2,41";"+2,41";"+2,00";"+2,73";241;241;"A_left";18
76;"20";"+1,52";"-0,93";"+2,00";"-0,73";200;-73;"A_left";19
76;"7";"+1,00";"+3,00";"+0,48";"+2,93";100;300;"A_left";20
76;"23";"+2,73";"-0,00";"+2,93";"+0,48";293;48;"B_left";21
76;"8";"+0,48";"+2,93";"+0,00";"+2,73";48;293;"A_left";22
76;"1";"+3,00";"+1,00";"+2,93";"+1,52";300;100;"B_left";23
77;"13";"-1,00";"+1,00";"-0,93";"+0,48";-93;48;"A_left";0
77;"14";"-0,93";"+0,48";"-0,73";"-0,00";-93;48;"A_left";1
77;"2";"+2,93";"+1,52";"+2,73";"+2,00";273;200;"A_left";2
77;"24";"+2,93";"+0,48";"+3,00";"+1,00";300;100;"A_left";3
77;"7";"+1,00";"+3,00";"+0,48";"+2,93";100;300;"B_left";4
77;"12";"-0,93";"+1,52";"-1,00";"+1,00";-93;152;"B_left";5
77;"11";"-0,73";"+2,00";"-0,93";"+1,52";-73;200;"A_left";6
77;"15";"-0,73";"-0,00";"-0,41";"-0,41";-41;-41;"B_left";7
77;"1";"+3,00";"+1,00";"+2,93";"+1,52";293;152;"B_left";8
77;"6";"+1,52";"+2,93";"+1,00";"+3,00";152;293;"B_left";9
77;"16";"-0,41";"-0,41";"-0,00";"-0,73";-41;-41;"A_left";10
77;"10";"-0,41";"+2,41";"-0,73";"+2,00";-41;241;"A_left";11
77;"21";"+2,00";"-0,73";"+2,41";"-0,41";241;-41;"B_left";12
77;"9";"+0,00";"+2,73";"-0,41";"+2,41";0;273;"A_left";13
77;"23";"+2,73";"-0,00";"+2,93";"+0,48";293;48;"A_left";14
77;"18";"+0,48";"-0,93";"+1,00";"-1,00";100;-100;"B_left";15
77;"20";"+1,52";"-0,93";"+2,00";"-0,73";200;-73;"A_left";16
77;"3";"+2,73";"+2,00";"+2,41";"+2,41";241;241;"A_left";17
77;"8";"+0,48";"+2,93";"+0,00";"+2,73";48;293;"A_left";18
77;"17";"-0,00";"-0,73";"+0,48";"-0,93";48;-93;"A_left";19
77;"4";"+2,41";"+2,41";"+2,00";"+2,73";241;241;"A_left";20
77;"5";"+2,00";"+2,73";"+1,52";"+2,93";200;273;"A_left";21
77;"19";"+1,00";"-1,00";"+1,52";"-0,93";100;-100;"B_left";22
77;"22";"+2,41";"-0,41";"+2,73";"-0,00";273;0;"A_left";23
78;"7";"+1,00";"+3,00";"+0,48";"+2,93";100;300;"B_left";0
78;"19";"+1,00";"-1,00";"+1,52";"-0,93";152;-93;"A_left";1
78;"22";"+2,41";"-0,41";"+2,73";"-0,00";273;0;"A_left";2
78;"18";"+0,48";"-0,93";"+1,00";"-1,00";100;-100;"B_left";3
78;"2";"+2,93";"+1,52";"+2,73";"+2,00";293;152;"A_left";4
78;"23";"+2,73";"-0,00";"+2,93";"+0,48";293;48;"A_left";5
78;"1";"+3,00";"+1,00";"+2,93";"+1,52";300;100;"B_left";6
78;"24";"+2,93";"+0,48";"+3,00";"+1,00";300;100;"A_left";7
78;"12";"-0,93";"+1,52";"-1,00";"+1,00";-100;100;"B_left";8
78;"11";"-0,73";"+2,00";"-0,93";"+1,52";-73;200;"A_left";9
78;"3";"+2,73";"+2,00";"+2,41";"+2,41";273;200;"B_left";10
78;"16";"-0,41";"-0,41";"-0,00";"-0,73";0;-73;"A_left";11
78;"21";"+2,00";"-0,73";"+2,41";"-0,41";241;-41;"B_left";12
78;"4";"+2,41";"+2,41";"+2,00";"+2,73";241;241;"A_left";13
78;"8";"+0,48";"+2,93";"+0,00";"+2,73";48;293;"A_left";14
78;"5";"+2,00";"+2,73";"+1,52";"+2,93";200;273;"B_left";15
78;"15";"-0,73";"-0,00";"-0,41";"-0,41";-41;-41;"B_left";16
78;"9";"+0,00";"+2,73";"-0,41";"+2,41";0;273;"B_left";17
78;"6";"+1,52";"+2,93";"+1,00";"+3,00";152;293;"B_left";18
78;"10";"-0,41";"+2,41";"-0,73";"+2,00";-41;241;"B_left";19
78;"17";"-0,00";"-0,73";"+0,48";"-0,93";48;-93;"A_left";20
78;"13";"-1,00";"+1,00";"-0,93";"+0,48";-93;48;"A_left";21
78;"14";"-0,93";"+0,48";"-0,73";"-0,00";-73;0;"A_left";22
78;"20";"+1,52";"-0,93";"+2,00";"-0,73";200;-73;"B_left";23
79;"4";"+2,41";"+2,41";"+2,00";"+2,73";241;241;"B_left";0
79;"16";"-0,41";"-0,41";"-0,00";"-0,73";0;-73;"A_left";1
79;"9";"+0,00";"+2,73";"-0,41";"+2,41";0;273;"B_left";2
79;"21";"+2,00";"-0,73";"+2,41";"-0,41";241;-41;"A_left";3
79;"14";"-0,93";"+0,48";"-0,73";"-0,00";-73;0;"A_left";4
79;"22";"+2,41";"-0,41";"+2,73";"-0,00";273;0;"A_left";5
79;"6";"+1,52";"+2,93";"+1,00";"+3,00";152;293;"B_left";6
79;"18";"+0,48";"-0,93";"+1,00";"-1,00";100;-100;"B_left";7
79;"8";"+0,48";"+2,93";"+0,00";"+2,73";48;293;"A_left";8
79;"11";"-0,73";"+2,00";"-0,93";"+1,52";-73;200;"B_left";9
79;"12";"-0,93";"+1,52";"-1,00";"+1,00";-93;152;"B_left";10
79;"24";"+2,93";"+0,48";"+3,00";"+1,00";300;100;"B_left";11
79;"15";"-0,73";"-0,00";"-0,41";"-0,41";-41;-41;"B_left";12
79;"23";"+2,73";"-0,00";"+2,93";"+0,48";293;48;"B_left";13
79;"20";"+1,52";"-0,93";"+2,00";"-0,73";200;-73;"B_left";14
79;"7";"+1,00";"+3,00";"+0,48";"+2,93";100;300;"B_left";15
79;"2";"+2,93";"+1,52";"+2,73";"+2,00";293;152;"B_left";16
79;"1";"+3,00";"+1,00";"+2,93";"+1,52";300;100;"A_left";17
79;"17";"-0,00";"-0,73";"+0,48";"-0,93";48;-93;"B_left";18
79;"10";"-0,41";"+2,41";"-0,73";"+2,00";-41;241;"B_left";19
79;"5";"+2,00";"+2,73";"+1,52";"+2,93";200;273;"B_left";20
79;"19";"+1,00";"-1,00";"+1,52";"-0,93";152;-93;"A_left";21
79;"3";"+2,73";"+2,00";"+2,41";"+2,41";273;200;"A_left";22
79;"13";"-1,00";"+1,00";"-0,93";"+0,48";-93;48;"B_left";23
80;"16";"-0,41";"-0,41";"-0,00";"-0,73";0;-73;"A_left";0
80;"24";"+2,93";"+0,48";"+3,00";"+1,00";300;100;"A_left";1
80;"14";"-0,93";"+0,48";"-0,73";"-0,00";-73;0;"B_left";2
80;"23";"+2,73";"-0,00";"+2,93";"+0,48";293;48;"B_left";3
80;"13";"-1,00";"+1,00";"-0,93";"+0,48";-93;48;"B_left";4
80;"8";"+0,48";"+2,93";"+0,00";"+2,73";48;293;"A_left";5
80;"12";"-0,93";"+1,52";"-1,00";"+1,00";-93;152;"B_left";6
80;"10";"-0,41";"+2,41";"-0,73";"+2,00";-41;241;"B_left";7
80;"4";"+2,41";"+2,41";"+2,00";"+2,73";241;241;"A_left";8
80;"5";"+2,00";"+2,73";"+1,52";"+2,93";200;273;"B_left";9
80;"15";"-0,73";"-0,00";"-0,41";"-0,41";-41;-41;"A_left";10
80;"19";"+1,00";"-1,00";"+1,52";"-0,93";152;-93;"A_left";11
80;"3";"+2,73";"+2,00";"+2,41";"+2,41";273;200;"A_left";12
80;"9";"+0,00";"+2,73";"-0,41";"+2,41";0;273;"A_left";13
80;"1";"+3,00";"+1,00";"+2,93";"+1,52";300;100;"B_left";14
80;"21";"+2,00";"-0,73";"+2,41";"-0,41";241;-41;"B_left";15
80;"22";"+2,41";"-0,41";"+2,73";"-0,00";273;0;"B_left";16
80;"7";"+1,00";"+3,00";"+0,48";"+2,93";100;300;"B_left";17
80;"2";"+2,93";"+1,52";"+2,73";"+2,00";293;152;"B_left";18
80;"20";"+1,52";"-0,93";"+2,00";"-0,73";200;-73;"B_left";19
80;"6";"+1,52";"+2,93";"+1,00";"+3,00";152;293;"A_left";20
80;"11";"-0,73";"+2,00";"-0,93";"+1,52";-73;200;"B_left";21
80;"17";"-0,00";"-0,73";"+0,48";"-0,93";48;-93;"A_left";22
80;"18";"+0,48";"-0,93";"+1,00";"-1,00";100;-100;"A_left";23
81;"15";"-0,73";"-0,00";"-0,41";"-0,41";-41;-41;"B_left";0
81;"23";"+2,73";"-0,00";"+2,93";"+0,48";293;48;"B_left";1
81;"1";"+3,00";"+1,00";"+2,93";"+1,52";300;100;"A_left";2
81;"7";"+1,00";"+3,00";"+0,48";"+2,93";100;300;"A_left";3
81;"6";"+1,52";"+2,93";"+1,00";"+3,00";152;293;"A_left";4
81;"12";"-0,93";"+1,52";"-1,00";"+1,00";-93;152;"B_left";5
81;"4";"+2,41";"+2,41";"+2,00";"+2,73";241;241;"B_left";6
81;"3";"+2,73";"+2,00";"+2,41";"+2,41";273;200;"B_left";7
81;"17";"-0,00";"-0,73";"+0,48";"-0,93";0;-73;"B_left";8
81;"14";"-0,93";"+0,48";"-0,73";"-0,00";-73;0;"B_left";9
81;"13";"-1,00";"+1,00";"-0,93";"+0,48";-93;48;"B_left";10
81;"18";"+0,48";"-0,93";"+1,00";"-1,00";48;-93;"A_left";11
81;"8";"+0,48";"+2,93";"+0,00";"+2,73";48;293;"B_left";12
81;"21";"+2,00";"-0,73";"+2,41";"-0,41";241;-41;"B_left";13
81;"11";"-0,73";"+2,00";"-0,93";"+1,52";-73;200;"B_left";14
81;"20";"+1,52";"-0,93";"+2,00";"-0,73";200;-73;"B_left";15
81;"24";"+2,93";"+0,48";"+3,00";"+1,00";300;100;"A_left";16
81;"5";"+2,00";"+2,73";"+1,52";"+2,93";200;273;"B_left";17
81;"10";"-0,41";"+2,41";"-0,73";"+2,00";-41;241;"A_left";18
81;"9";"+0,00";"+2,73";"-0,41";"+2,41";0;273;"B_left";19
81;"19";"+1,00";"-1,00";"+1,52";"-0,93";152;-93;"B_left";20
81;"22";"+2,41";"-0,41";"+2,73";"-0,00";273;0;"B_left";21
81;"2";"+2,93";"+1,52";"+2,73";"+2,00";293;152;"A_left";22
81;"16";"-0,41";"-0,41";"-0,00";"-0,73";0;-73;"B_left";23
82;"3";"+2,73";"+2,00";"+2,41";"+2,41";241;241;"B_left";0
82;"2";"+2,93";"+1,52";"+2,73";"+2,00";273;200;"B_left";1
82;"4";"+2,41";"+2,41";"+2,00";"+2,73";241;241;"B_left";2
82;"23";"+2,73";"-0,00";"+2,93";"+0,48";293;48;"B_left";3
82;"24";"+2,93";"+0,48";"+3,00";"+1,00";300;100;"B_left";4
82;"5";"+2,00";"+2,73";"+1,52";"+2,93";200;273;"B_left";5
82;"22";"+2,41";"-0,41";"+2,73";"-0,00";273;0;"B_left";6
82;"11";"-0,73";"+2,00";"-0,93";"+1,52";-73;200;"B_left";7
82;"12";"-0,93";"+1,52";"-1,00";"+1,00";-93;152;"A_left";8
82;"14";"-0,93";"+0,48";"-0,73";"-0,00";-73;0;"B_left";9
82;"17";"-0,00";"-0,73";"+0,48";"-0,93";48;-93;"B_left";10
82;"21";"+2,00";"-0,73";"+2,41";"-0,41";241;-41;"B_left";11
82;"10";"-0,41";"+2,41";"-0,73";"+2,00";-41;241;"A_left";12
82;"16";"-0,41";"-0,41";"-0,00";"-0,73";-41;-41;"B_left";13
82;"1";"+3,00";"+1,00";"+2,93";"+1,52";293;152;"A_left";14
82;"8";"+0,48";"+2,93";"+0,00";"+2,73";48;293;"B_left";15
82;"18";"+0,48";"-0,93";"+1,00";"-1,00";48;-93;"A_left";16
82;"20";"+1,52";"-0,93";"+2,00";"-0,73";200;-73;"B_left";17
82;"7";"+1,00";"+3,00";"+0,48";"+2,93";100;300;"B_left";18
82;"13";"-1,00";"+1,00";"-0,93";"+0,48";-100;100;"A_left";19
82;"15";"-0,73";"-0,00";"-0,41";"-0,41";-73;0;"B_left";20
82;"19";"+1,00";"-1,00";"+1,52";"-0,93";152;-93;"B_left";21
82;"9";"+0,00";"+2,73";"-0,41";"+2,41";0;273;"B_left";22
82;"6";"+1,52";"+2,93";"+1,00";"+3,00";152;293;"B_left";23
83;"23";"+2,73";"-0,00";"+2,93";"+0,48";293;48;"B_left";0
83;"13";"-1,00";"+1,00";"-0,93";"+0,48";-100;100;"B_left";1
83;"10";"-0,41";"+2,41";"-0,73";"+2,00";-41;241;"A_left";2
83;"19";"+1,00";"-1,00";"+1,52";"-0,93";152;-93;"A_left";3
83;"4";"+2,41";"+2,41";"+2,00";"+2,73";241;241;"B_left";4
83;"6";"+1,52";"+2,93";"+1,00";"+3,00";152;293;"A_left";5
83;"7";"+1,00";"+3,00";"+0,48";"+2,93";100;300;"A_left";6
83;"2";"+2,93";"+1,52";"+2,73";"+2,00";273;200;"B_left";7
83;"20";"+1,52";"-0,93";"+2,00";"-0,73";200;-73;"A_left";8
83;"24";"+2,93";"+0,48";"+3,00";"+1,00";300;100;"A_left";9
83;"12";"-0,93";"+1,52";"-1,00";"+1,00";-93;152;"B_left";10
83;"17";"-0,00";"-0,73";"+0,48";"-0,93";48;-93;"A_left";11
83;"16";"-0,41";"-0,41";"-0,00";"-0,73";0;-73;"A_left";12
83;"15";"-0,73";"-0,00";"-0,41";"-0,41";-41;-41;"B_left";13
83;"1";"+3,00";"+1,00";"+2,93";"+1,52";293;152;"B_left";14
83;"8";"+0,48";"+2,93";"+0,00";"+2,73";48;293;"B_left";15
83;"14";"-0,93";"+0,48";"-0,73";"-0,00";-73;0;"B_left";16
83;"9";"+0,00";"+2,73";"-0,41";"+2,41";0;273;"A_left";17
83;"5";"+2,00";"+2,73";"+1,52";"+2,93";200;273;"B_left";18
83;"3";"+2,73";"+2,00";"+2,41";"+2,41";241;241;"B_left";19
83;"18";"+0,48";"-0,93";"+1,00";"-1,00";100;-100;"B_left";20
83;"11";"-0,73";"+2,00";"-0,93";"+1,52";-73;200;"B_left";21
83;"21";"+2,00";"-0,73";"+2,41";"-0,41";241;-41;"A_left";22
83;"22";"+2,41";"-0,41";"+2,73";"-0,00";273;0;"A_left";23
84;"18";"+0,48";"-0,93";"+1,00";"-1,00";100;-100;"A_left";0
84;"8";"+0,48";"+2,93";"+0,00";"+2,73";48;293;"A_left";1
84;"12";"-0,93";"+1,52";"-1,00";"+1,00";-93;152;"A_left";2
84;"22";"+2,41";"-0,41";"+2,73";"-0,00";273;0;"B_left";3
84;"4";"+2,41";"+2,41";"+2,00";"+2,73";241;241;"B_left";4
84;"3";"+2,73";"+2,00";"+2,41";"+2,41";241;241;"B_left";5
84;"5";"+2,00";"+2,73";"+1,52";"+2,93";200;273;"A_left";6
84;"9";"+0,00";"+2,73";"-0,41";"+2,41";0;273;"A_left";7
84;"16";"-0,41";"-0,41";"-0,00";"-0,73";0;-73;"A_left";8
84;"15";"-0,73";"-0,00";"-0,41";"-0,41";-41;-41;"B_left";9
84;"11";"-0,73";"+2,00";"-0,93";"+1,52";-73;200;"B_left";10
84;"13";"-1,00";"+1,00";"-0,93";"+0,48";-100;100;"B_left";11
84;"23";"+2,73";"-0,00";"+2,93";"+0,48";273;0;"B_left";12
84;"17";"-0,00";"-0,73";"+0,48";"-0,93";48;-93;"B_left";13
84;"7";"+1,00";"+3,00";"+0,48";"+2,93";100;300;"B_left";14
84;"14";"-0,93";"+0,48";"-0,73";"-0,00";-93;48;"B_left";15
84;"21";"+2,00";"-0,73";"+2,41";"-0,41";241;-41;"A_left";16
84;"2";"+2,93";"+1,52";"+2,73";"+2,00";273;200;"A_left";17
84;"1";"+3,00";"+1,00";"+2,93";"+1,52";293;152;"A_left";18
84;"20";"+1,52";"-0,93";"+2,00";"-0,73";200;-73;"A_left";19
84;"19";"+1,00";"-1,00";"+1,52";"-0,93";152;-93;"A_left";20
84;"6";"+1,52";"+2,93";"+1,00";"+3,00";152;293;"A_left";21
84;"10";"-0,41";"+2,41";"-0,73";"+2,00";-41;241;"B_left";22
84;"24";"+2,93";"+0,48";"+3,00";"+1,00";300;100;"A_left";23
85;"11";"-0,73";"+2,00";"-0,93";"+1,52";-73;200;"A_left";0
85;"13";"-1,00";"+1,00";"-0,93";"+0,48";-93;48;"A_left";1
85;"12";"-0,93";"+1,52";"-1,00";"+1,00";-93;152;"B_left";2
85;"3";"+2,73";"+2,00";"+2,41";"+2,41";241;241;"A_left";3
85;"16";"-0,41";"-0,41";"-0,00";"-0,73";-41;-41;"B_left";4
85;"1";"+3,00";"+1,00";"+2,93";"+1,52";293;152;"B_left";5
85;"7";"+1,00";"+3,00";"+0,48";"+2,93";100;300;"B_left";6
85;"6";"+1,52";"+2,93";"+1,00";"+3,00";152;293;"B_left";7
85;"18";"+0,48";"-0,93";"+1,00";"-1,00";48;-93;"A_left";8
85;"21";"+2,00";"-0,73";"+2,41";"-0,41";241;-41;"A_left";9
85;"5";"+2,00";"+2,73";"+1,52";"+2,93";200;273;"A_left";10
85;"17";"-0,00";"-0,73";"+0,48";"-0,93";0;-73;"A_left";11
85;"9";"+0,00";"+2,73";"-0,41";"+2,41";0;273;"B_left";12
85;"24";"+2,93";"+0,48";"+3,00";"+1,00";300;100;"A_left";13
85;"20";"+1,52";"-0,93";"+2,00";"-0,73";200;-73;"A_left";14
85;"23";"+2,73";"-0,00";"+2,93";"+0,48";273;0;"A_left";15
85;"10";"-0,41";"+2,41";"-0,73";"+2,00";-41;241;"A_left";16
85;"2";"+2,93";"+1,52";"+2,73";"+2,00";273;200;"A_left";17
85;"22";"+2,41";"-0,41";"+2,73";"-0,00";273;0;"A_left";18
85;"14";"-0,93";"+0,48";"-0,73";"-0,00";-73;0;"A_left";19
85;"8";"+0,48";"+2,93";"+0,00";"+2,73";48;293;"B_left";20
85;"15";"-0,73";"-0,00";"-0,41";"-0,41";-41;-41;"B_left";21
85;"19";"+1,00";"-1,00";"+1,52";"-0,93";152;-93;"A_left";22
85;"4";"+2,41";"+2,41";"+2,00";"+2,73";241;241;"A_left";23
86;"22";"+2,41";"-0,41";"+2,73";"-0,00";273;0;"B_left";0
86;"11";"-0,73";"+2,00";"-0,93";"+1,52";-73;200;"B_left";1
86;"17";"-0,00";"-0,73";"+0,48";"-0,93";48;-93;"A_left";2
86;"18";"+0,48";"-0,93";"+1,00";"-1,00";48;-93;"A_left";3
86;"12";"-0,93";"+1,52";"-1,00";"+1,00";-93;152;"A_left";4
86;"13";"-1,00";"+1,00";"-0,93";"+0,48";-100;100;"B_left";5
86;"24";"+2,93";"+0,48";"+3,00";"+1,00";300;100;"A_left";6
86;"1";"+3,00";"+1,00";"+2,93";"+1,52";293;152;"B_left";7
86;"19";"+1,00";"-1,00";"+1,52";"-0,93";152;-93;"A_left";8
86;"3";"+2,73";"+2,00";"+2,41";"+2,41";241;241;"A_left";9
86;"5";"+2,00";"+2,73";"+1,52";"+2,93";200;273;"B_left";10
86;"20";"+1,52";"-0,93";"+2,00";"-0,73";200;-73;"B_left";11
86;"10";"-0,41";"+2,41";"-0,73";"+2,00";-41;241;"B_left";12
86;"8";"+0,48";"+2,93";"+0,00";"+2,73";48;293;"B_left";13
86;"4";"+2,41";"+2,41";"+2,00";"+2,73";241;241;"B_left";14
86;"2";"+2,93";"+1,52";"+2,73";"+2,00";273;200;"B_left";15
86;"9";"+0,00";"+2,73";"-0,41";"+2,41";0;273;"A_left";16
86;"23";"+2,73";"-0,00";"+2,93";"+0,48";293;48;"A_left";17
86;"7";"+1,00";"+3,00";"+0,48";"+2,93";100;300;"A_left";18
86;"21";"+2,00";"-0,73";"+2,41";"-0,41";241;-41;"A_left";19
86;"15";"-0,73";"-0,00";"-0,41";"-0,41";-73;0;"A_left";20
86;"14";"-0,93";"+0,48";"-0,73";"-0,00";-93;48;"A_left";21
86;"6";"+1,52";"+2,93";"+1,00";"+3,00";152;293;"A_left";22
86;"16";"-0,41";"-0,41";"-0,00";"-0,73";-41;-41;"A_left";23
87;"18";"+0,48";"-0,93";"+1,00";"-1,00";100;-100;"B_left";0
87;"22";"+2,41";"-0,41";"+2,73";"-0,00";273;0;"B_left";1
87;"16";"-0,41";"-0,41";"-0,00";"-0,73";-41;-41;"B_left";2
87;"7";"+1,00";"+3,00";"+0,48";"+2,93";100;300;"A_left";3
87;"23";"+2,73";"-0,00";"+2,93";"+0,48";293;48;"A_left";4
87;"19";"+1,00";"-1,00";"+1,52";"-0,93";152;-93;"A_left";5
87;"6";"+1,52";"+2,93";"+1,00";"+3,00";152;293;"A_left";6
87;"24";"+2,93";"+0,48";"+3,00";"+1,00";300;100;"A_left";7
87;"4";"+2,41";"+2,41";"+2,00";"+2,73";241;241;"B_left";8
87;"21";"+2,00";"-0,73";"+2,41";"-0,41";241;-41;"B_left";9
87;"9";"+0,00";"+2,73";"-0,41";"+2,41";0;273;"B_left";10
87;"3";"+2,73";"+2,00";"+2,41";"+2,41";241;241;"A_left";11
87;"14";"-0,93";"+0,48";"-0,73";"-0,00";-73;0;"A_left";12
87;"10";"-0,41";"+2,41";"-0,73";"+2,00";-41;241;"A_left";13
87;"2";"+2,93";"+1,52";"+2,73";"+2,00";273;200;"A_left";14
87;"20";"+1,52";"-0,93";"+2,00";"-0,73";200;-73;"B_left";15
87;"5";"+2,00";"+2,73";"+1,52";"+2,93";200;273;"A_left";16
87;"13";"-1,00";"+1,00";"-0,93";"+0,48";-100;100;"B_left";17
87;"8";"+0,48";"+2,93";"+0,00";"+2,73";48;293;"A_left";18
87;"1";"+3,00";"+1,00";"+2,93";"+1,52";293;152;"B_left";19
87;"17";"-0,00";"-0,73";"+0,48";"-0,93";0;-73;"B_left";20
87;"15";"-0,73";"-0,00";"-0,41";"-0,41";-73;0;"A_left";21
87;"12";"-0,93";"+1,52";"-1,00";"+1,00";-93;152;"A_left";22
87;"11";"-0,73";"+2,00";"-0,93";"+1,52";-73;200;"B_left";23
88;"7";"+1,00";"+3,00";"+0,48";"+2,93";100;300;"A_left";0
88;"18";"+0,48";"-0,93";"+1,00";"-1,00";100;-100;"B_left";1
88;"21";"+2,00";"-0,73";"+2,41";"-0,41";241;-41;"A_left";2
88;"10";"-0,41";"+2,41";"-0,73";"+2,00";-41;241;"B_left";3
88;"17";"-0,00";"-0,73";"+0,48";"-0,93";48;-93;"A_left";4
88;"13";"-1,00";"+1,00";"-0,93";"+0,48";-93;48;"A_left";5
88;"24";"+2,93";"+0,48";"+3,00";"+1,00";300;100;"B_left";6
88;"19";"+1,00";"-1,00";"+1,52";"-0,93";152;-93;"A_left";7
88;"5";"+2,00";"+2,73";"+1,52";"+2,93";200;273;"B_left";8
88;"15";"-0,73";"-0,00";"-0,41";"-0,41";-73;0;"B_left";9
88;"6";"+1,52";"+2,93";"+1,00";"+3,00";152;293;"B_left";10
88;"23";"+2,73";"-0,00";"+2,93";"+0,48";293;48;"B_left";11
88;"16";"-0,41";"-0,41";"-0,00";"-0,73";-41;-41;"A_left";12
88;"14";"-0,93";"+0,48";"-0,73";"-0,00";-73;0;"B_left";13
88;"8";"+0,48";"+2,93";"+0,00";"+2,73";48;293;"A_left";14
88;"11";"-0,73";"+2,00";"-0,93";"+1,52";-73;200;"A_left";15
88;"2";"+2,93";"+1,52";"+2,73";"+2,00";293;152;"A_left";16
88;"3";"+2,73";"+2,00";"+2,41";"+2,41";241;241;"B_left";17
88;"12";"-0,93";"+1,52";"-1,00";"+1,00";-93;152;"A_left";18
88;"1";"+3,00";"+1,00";"+2,93";"+1,52";300;100;"B_left";19
88;"9";"+0,00";"+2,73";"-0,41";"+2,41";0;273;"B_left";20
88;"4";"+2,41";"+2,41";"+2,00";"+2,73";241;241;"B_left";21
88;"20";"+1,52";"-0,93";"+2,00";"-0,73";200;-73;"A_left";22
88;"22";"+2,41";"-0,41";"+2,73";"-0,00";273;0;"B_left";23
89;"24";"+2,93";"+0,48";"+3,00";"+1,00";300;100;"B_left";0
89;"7";"+1,00";"+3,00";"+0,48";"+2,93";100;300;"B_left";1
89;"4";"+2,41";"+2,41";"+2,00";"+2,73";241;241;"B_left";2
89;"19";"+1,00";"-1,00";"+1,52";"-0,93";152;-93;"A_left";3
89;"11";"-0,73";"+2,00";"-0,93";"+1,52";-73;200;"A_left";4
89;"9";"+0,00";"+2,73";"-0,41";"+2,41";0;273;"B_left";5
89;"18";"+0,48";"-0,93";"+1,00";"-1,00";48;-93;"A_left";6
89;"21";"+2,00";"-0,73";"+2,41";"-0,41";241;-41;"B_left";7
89;"14";"-0,93";"+0,48";"-0,73";"-0,00";-73;0;"A_left";8
89;"8";"+0,48";"+2,93";"+0,00";"+2,73";48;293;"A_left";9
89;"1";"+3,00";"+1,00";"+2,93";"+1,52";293;152;"B_left";10
89;"5";"+2,00";"+2,73";"+1,52";"+2,93";200;273;"B_left";11
89;"22";"+2,41";"-0,41";"+2,73";"-0,00";273;0;"B_left";12
89;"6";"+1,52";"+2,93";"+1,00";"+3,00";152;293;"B_left";13
89;"20";"+1,52";"-0,93";"+2,00";"-0,73";200;-73;"A_left";14
89;"17";"-0,00";"-0,73";"+0,48";"-0,93";0;-73;"B_left";15
89;"23";"+2,73";"-0,00";"+2,93";"+0,48";293;48;"A_left";16
89;"13";"-1,00";"+1,00";"-0,93";"+0,48";-93;48;"A_left";17
89;"16";"-0,41";"-0,41";"-0,00";"-0,73";-41;-41;"B_left";18
89;"3";"+2,73";"+2,00";"+2,41";"+2,41";241;241;"B_left";19
89;"15";"-0,73";"-0,00";"-0,41";"-0,41";-41;-41;"A_left";20
89;"10";"-0,41";"+2,41";"-0,73";"+2,00";-41;241;"B_left";21
89;"2";"+2,93";"+1,52";"+2,73";"+2,00";273;200;"B_left";22
89;"12";"-0,93";"+1,52";"-1,00";"+1,00";-93;152;"A_left";23
90;"6";"+1,52";"+2,93";"+1,00";"+3,00";152;293;"A_left";0
90;"24";"+2,93";"+0,48";"+3,00";"+1,00";300;100;"A_left";1
90;"13";"-1,00";"+1,00";"-0,93";"+0,48";-100;100;"B_left";2
90;"7";"+1,00";"+3,00";"+0,48";"+2,93";100;300;"B_left";3
90;"4";"+2,41";"+2,41";"+2,00";"+2,73";241;241;"A_left";4
90;"23";"+2,73";"-0,00";"+2,93";"+0,48";293;48;"B_left";5
90;"19";"+1,00";"-1,00";"+1,52";"-0,93";152;-93;"B_left";6
90;"20";"+1,52";"-0,93";"+2,00";"-0,73";200;-73;"A_left";7
90;"11";"-0,73";"+2,00";"-0,93";"+1,52";-73;200;"B_left";8
90;"22";"+2,41";"-0,41";"+2,73";"-0,00";273;0;"B_left";9
90;"3";"+2,73";"+2,00";"+2,41";"+2,41";273;200;"A_left";10
90;"8";"+0,48";"+2,93";"+0,00";"+2,73";48;293;"B_left";11
90;"15";"-0,73";"-0,00";"-0,41";"-0,41";-41;-41;"B_left";12
90;"9";"+0,00";"+2,73";"-0,41";"+2,41";0;273;"B_left";13
90;"5";"+2,00";"+2,73";"+1,52";"+2,93";200;273;"B_left";14
90;"17";"-0,00";"-0,73";"+0,48";"-0,93";48;-93;"A_left";15
90;"14";"-0,93";"+0,48";"-0,73";"-0,00";-73;0;"B_left";16
90;"2";"+2,93";"+1,52";"+2,73";"+2,00";273;200;"A_left";17
90;"12";"-0,93";"+1,52";"-1,00";"+1,00";-93;152;"A_left";18
90;"1";"+3,00";"+1,00";"+2,93";"+1,52";293;152;"A_left";19
90;"18";"+0,48";"-0,93";"+1,00";"-1,00";100;-100;"B_left";20
90;"21";"+2,00";"-0,73";"+2,41";"-0,41";241;-41;"B_left";21
90;"10";"-0,41";"+2,41";"-0,73";"+2,00";-41;241;"A_left";22
90;"16";"-0,41";"-0,41";"-0,00";"-0,73";0;-73;"B_left";23
91;"21";"+2,00";"-0,73";"+2,41";"-0,41";241;-41;"B_left";0
91;"20";"+1,52";"-0,93";"+2,00";"-0,73";200;-73;"A_left";1
91;"12";"-0,93";"+1,52";"-1,00";"+1,00";-93;152;"A_left";2
91;"8";"+0,48";"+2,93";"+0,00";"+2,73";48;293;"A_left";3
91;"7";"+1,00";"+3,00";"+0,48";"+2,93";100;300;"B_left";4
91;"13";"-1,00";"+1,00";"-0,93";"+0,48";-100;100;"A_left";5
91;"2";"+2,93";"+1,52";"+2,73";"+2,00";273;200;"A_left";6
91;"10";"-0,41";"+2,41";"-0,73";"+2,00";-41;241;"B_left";7
91;"16";"-0,41";"-0,41";"-0,00";"-0,73";-41;-41;"A_left";8
91;"3";"+2,73";"+2,00";"+2,41";"+2,41";241;241;"B_left";9
91;"1";"+3,00";"+1,00";"+2,93";"+1,52";300;100;"A_left";10
91;"22";"+2,41";"-0,41";"+2,73";"-0,00";273;0;"B_left";11
91;"15";"-0,73";"-0,00";"-0,41";"-0,41";-41;-41;"A_left";12
91;"14";"-0,93";"+0,48";"-0,73";"-0,00";-93;48;"B_left";13
91;"11";"-0,73";"+2,00";"-0,93";"+1,52";-73;200;"B_left";14
91;"24";"+2,93";"+0,48";"+3,00";"+1,00";300;100;"B_left";15
91;"23";"+2,73";"-0,00";"+2,93";"+0,48";293;48;"A_left";16
91;"18";"+0,48";"-0,93";"+1,00";"-1,00";100;-100;"A_left";17
91;"4";"+2,41";"+2,41";"+2,00";"+2,73";241;241;"A_left";18
91;"5";"+2,00";"+2,73";"+1,52";"+2,93";200;273;"A_left";19
91;"6";"+1,52";"+2,93";"+1,00";"+3,00";152;293;"A_left";20
91;"9";"+0,00";"+2,73";"-0,41";"+2,41";0;273;"B_left";21
91;"17";"-0,00";"-0,73";"+0,48";"-0,93";48;-93;"A_left";22
91;"19";"+1,00";"-1,00";"+1,52";"-0,93";152;-93;"B_left";23
92;"13";"-1,00";"+1,00";"-0,93";"+0,48";-93;48;"A_left";0
92;"18";"+0,48";"-0,93";"+1,00";"-1,00";100;-100;"B_left";1
92;"19";"+1,00";"-1,00";"+1,52";"-0,93";152;-93;"B_left";2
92;"3";"+2,73";"+2,00";"+2,41";"+2,41";241;241;"A_left";3
92;"2";"+2,93";"+1,52";"+2,73";"+2,00";293;152;"B_left";4
92;"22";"+2,41";"-0,41";"+2,73";"-0,00";273;0;"B_left";5
92;"24";"+2,93";"+0,48";"+3,00";"+1,00";300;100;"A_left";6
92;"21";"+2,00";"-0,73";"+2,41";"-0,41";241;-41;"B_left";7
92;"5";"+2,00";"+2,73";"+1,52";"+2,93";200;273;"A_left";8
92;"4";"+2,41";"+2,41";"+2,00";"+2,73";241;241;"B_left";9
92;"17";"-0,00";"-0,73";"+0,48";"-0,93";48;-93;"B_left";10
92;"11";"-0,73";"+2,00";"-0,93";"+1,52";-73;200;"A_left";11
92;"9";"+0,00";"+2,73";"-0,41";"+2,41";0;273;"B_left";12
92;"6";"+1,52";"+2,93";"+1,00";"+3,00";152;293;"A_left";13
92;"1";"+3,00";"+1,00";"+2,93";"+1,52";300;100;"A_left";14
92;"15";"-0,73";"-0,00";"-0,41";"-0,41";-41;-41;"A_left";15
92;"7";"+1,00";"+3,00";"+0,48";"+2,93";100;300;"A_left";16
92;"8";"+0,48";"+2,93";"+0,00";"+2,73";48;293;"A_left";17
92;"12";"-0,93";"+1,52";"-1,00";"+1,00";-93;152;"A_left";18
92;"14";"-0,93";"+0,48";"-0,73";"-0,00";-73;0;"B_left";19
92;"23";"+2,73";"-0,00";"+2,93";"+0,48";293;48;"A_left";20
92;"10";"-0,41";"+2,41";"-0,73";"+2,00";-41;241;"A_left";21
92;"20";"+1,52";"-0,93";"+2,00";"-0,73";200;-73;"B_left";22
92;"16";"-0,41";"-0,41";"-0,00";"-0,73";0;-73;"A_left";23
93;"21";"+2,00";"-0,73";"+2,41";"-0,41";241;-41;"B_left";0
93;"17";"-0,00";"-0,73";"+0,48";"-0,93";48;-93;"B_left";1
93;"22";"+2,41";"-0,41";"+2,73";"-0,00";273;0;"A_left";2
93;"13";"-1,00";"+1,00";"-0,93";"+0,48";-93;48;"B_left";3
93;"1";"+3,00";"+1,00";"+2,93";"+1,52";300;100;"A_left";4
93;"4";"+2,41";"+2,41";"+2,00";"+2,73";241;241;"A_left";5
93;"24";"+2,93";"+0,48";"+3,00";"+1,00";300;100;"B_left";6
93;"14";"-0,93";"+0,48";"-0,73";"-0,00";-73;0;"B_left";7
93;"12";"-0,93";"+1,52";"-1,00";"+1,00";-93;152;"B_left";8
93;"3";"+2,73";"+2,00";"+2,41";"+2,41";241;241;"B_left";9
93;"6";"+1,52";"+2,93";"+1,00";"+3,00";100;300;"B_left";10
93;"16";"-0,41";"-0,41";"-0,00";"-0,73";0;-73;"B_left";11
93;"8";"+0,48";"+2,93";"+0,00";"+2,73";48;293;"A_left";12
93;"11";"-0,73";"+2,00";"-0,93";"+1,52";-73;200;"A_left";13
93;"19";"+1,00";"-1,00";"+1,52";"-0,93";152;-93;"A_left";14
93;"9";"+0,00";"+2,73";"-0,41";"+2,41";0;273;"A_left";15
93;"18";"+0,48";"-0,93";"+1,00";"-1,00";100;-100;"B_left";16
93;"5";"+2,00";"+2,73";"+1,52";"+2,93";200;273;"A_left";17
93;"20";"+1,52";"-0,93";"+2,00";"-0,73";200;-73;"B_left";18
93;"23";"+2,73";"-0,00";"+2,93";"+0,48";293;48;"B_left";19
93;"15";"-0,73";"-0,00";"-0,41";"-0,41";-41;-41;"A_left";20
93;"2";"+2,93";"+1,52";"+2,73";"+2,00";293;152;"A_left";21
93;"10";"-0,41";"+2,41";"-0,73";"+2,00";-41;241;"B_left";22
93;"7";"+1,00";"+3,00";"+0,48";"+2,93";100;300;"A_left";23
94;"2";"+2,93";"+1,52";"+2,73";"+2,00";293;152;"A_left";0
94;"23";"+2,73";"-0,00";"+2,93";"+0,48";293;48;"B_left";1
94;"7";"+1,00";"+3,00";"+0,48";"+2,93";100;300;"B_left";2
94;"3";"+2,73";"+2,00";"+2,41";"+2,41";273;200;"B_left";3
94;"22";"+2,41";"-0,41";"+2,73";"-0,00";273;0;"A_left";4
94;"21";"+2,00";"-0,73";"+2,41";"-0,41";241;-41;"B_left";5
94;"24";"+2,93";"+0,48";"+3,00";"+1,00";300;100;"B_left";6
94;"12";"-0,93";"+1,52";"-1,00";"+1,00";-93;152;"B_left";7
94;"18";"+0,48";"-0,93";"+1,00";"-1,00";100;-100;"A_left";8
94;"10";"-0,41";"+2,41";"-0,73";"+2,00";-41;241;"B_left";9
94;"8";"+0,48";"+2,93";"+0,00";"+2,73";48;293;"B_left";10
94;"9";"+0,00";"+2,73";"-0,41";"+2,41";0;273;"A_left";11
94;"1";"+3,00";"+1,00";"+2,93";"+1,52";300;100;"A_left";12
94;"13";"-1,00";"+1,00";"-0,93";"+0,48";-93;48;"B_left";13
94;"11";"-0,73";"+2,00";"-0,93";"+1,52";-73;200;"A_left";14
94;"5";"+2,00";"+2,73";"+1,52";"+2,93";200;273;"A_left";15
94;"16";"-0,41";"-0,41";"-0,00";"-0,73";0;-73;"A_left";16
94;"4";"+2,41";"+2,41";"+2,00";"+2,73";241;241;"B_left";17
94;"20";"+1,52";"-0,93";"+2,00";"-0,73";200;-73;"B_left";18
94;"6";"+1,52";"+2,93";"+1,00";"+3,00";152;293;"B_left";19
94;"19";"+1,00";"-1,00";"+1,52";"-0,93";152;-93;"A_left";20
94;"14";"-0,93";"+0,48";"-0,73";"-0,00";-73;0;"B_left";21
94;"17";"-0,00";"-0,73";"+0,48";"-0,93";48;-93;"A_left";22
94;"15";"-0,73";"-0,00";"-0,41";"-0,41";-41;-41;"A_left";23
95;"9";"+0,00";"+2,73";"-0,41";"+2,41";0;273;"A_left";0
95;"14";"-0,93";"+0,48";"-0,73";"-0,00";-73;0;"A_left";1
95;"18";"+0,48";"-0,93";"+1,00";"-1,00";100;-100;"A_left";2
95;"12";"-0,93";"+1,52";"-1,00";"+1,00";-93;152;"A_left";3
95;"24";"+2,93";"+0,48";"+3,00";"+1,00";300;100;"B_left";4
95;"16";"-0,41";"-0,41";"-0,00";"-0,73";0;-73;"A_left";5
95;"1";"+3,00";"+1,00";"+2,93";"+1,52";293;152;"B_left";6
95;"8";"+0,48";"+2,93";"+0,00";"+2,73";48;293;"B_left";7
95;"20";"+1,52";"-0,93";"+2,00";"-0,73";200;-73;"B_left";8
95;"6";"+1,52";"+2,93";"+1,00";"+3,00";152;293;"B_left";9
95;"10";"-0,41";"+2,41";"-0,73";"+2,00";-41;241;"A_left";10
95;"17";"-0,00";"-0,73";"+0,48";"-0,93";48;-93;"B_left";11
95;"22";"+2,41";"-0,41";"+2,73";"-0,00";273;0;"B_left";12
95;"2";"+2,93";"+1,52";"+2,73";"+2,00";293;152;"A_left";13
95;"13";"-1,00";"+1,00";"-0,93";"+0,48";-93;48;"A_left";14
95;"5";"+2,00";"+2,73";"+1,52";"+2,93";200;273;"A_left";15
95;"4";"+2,41";"+2,41";"+2,00";"+2,73";241;241;"B_left";16
95;"23";"+2,73";"-0,00";"+2,93";"+0,48";293;48;"A_left";17
95;"21";"+2,00";"-0,73";"+2,41";"-0,41";241;-41;"A_left";18
95;"19";"+1,00";"-1,00";"+1,52";"-0,93";152;-93;"B_left";19
95;"7";"+1,00";"+3,00";"+0,48";"+2,93";100;300;"B_left";20
95;"15";"-0,73";"-0,00";"-0,41";"-0,41";-41;-41;"B_left";21
95;"11";"-0,73";"+2,00";"-0,93";"+1,52";-73;200;"A_left";22
95;"3";"+2,73";"+2,00";"+2,41";"+2,41";273;200;"A_left";23
96;"19";"+1,00";"-1,00";"+1,52";"-0,93";152;-93;"A_left";0
96;"17";"-0,00";"-0,73";"+0,48";"-0,93";48;-93;"B_left";1
96;"10";"-0,41";"+2,41";"-0,73";"+2,00";-41;241;"B_left";2
96;"15";"-0,73";"-0,00";"-0,41";"-0,41";-41;-41;"A_left";3
96;"8";"+0,48";"+2,93";"+0,00";"+2,73";48;293;"A_left";4
96;"23";"+2,73";"-0,00";"+2,93";"+0,48";293;48;"A_left";5
96;"4";"+2,41";"+2,41";"+2,00";"+2,73";200;273;"B_left";6
96;"14";"-0,93";"+0,48";"-0,73";"-0,00";-73;0;"B_left";7
96;"5";"+2,00";"+2,73";"+1,52";"+2,93";200;273;"A_left";8
96;"6";"+1,52";"+2,93";"+1,00";"+3,00";152;293;"A_left";9
96;"21";"+2,00";"-0,73";"+2,41";"-0,41";241;-41;"A_left";10
96;"1";"+3,00";"+1,00";"+2,93";"+1,52";300;100;"B_left";11
96;"13";"-1,00";"+1,00";"-0,93";"+0,48";-93;48;"B_left";12
96;"20";"+1,52";"-0,93";"+2,00";"-0,73";200;-73;"B_left";13
96;"9";"+0,00";"+2,73";"-0,41";"+2,41";0;273;"B_left";14
96;"3";"+2,73";"+2,00";"+2,41";"+2,41";273;200;"A_left";15
96;"16";"-0,41";"-0,41";"-0,00";"-0,73";0;-73;"A_left";16
96;"12";"-0,93";"+1,52";"-1,00";"+1,00";-93;152;"B_left";17
96;"18";"+0,48";"-0,93";"+1,00";"-1,00";100;-100;"A_left";18
96;"7";"+1,00";"+3,00";"+0,48";"+2,93";100;300;"A_left";19
96;"11";"-0,73";"+2,00";"-0,93";"+1,52";-73;200;"B_left";20
96;"22";"+2,41";"-0,41";"+2,73";"-0,00";273;0;"B_left";21
96;"24";"+2,93";"+0,48";"+3,00";"+1,00";300;100;"A_left";22
96;"2";"+2,93";"+1,52";"+2,73";"+2,00";293;152;"B_left";23
97;"21";"+2,00";"-0,73";"+2,41";"-0,41";241;-41;"A_left";0
97;"6";"+1,52";"+2,93";"+1,00";"+3,00";152;293;"B_left";1
97;"22";"+2,41";"-0,41";"+2,73";"-0,00";273;0;"B_left";2
97;"19";"+1,00";"-1,00";"+1,52";"-0,93";152;-93;"B_left";3
97;"10";"-0,41";"+2,41";"-0,73";"+2,00";-41;241;"B_left";4
97;"7";"+1,00";"+3,00";"+0,48";"+2,93";100;300;"B_left";5
97;"20";"+1,52";"-0,93";"+2,00";"-0,73";200;-73;"A_left";6
97;"24";"+2,93";"+0,48";"+3,00";"+1,00";300;100;"A_left";7
97;"1";"+3,00";"+1,00";"+2,93";"+1,52";293;152;"A_left";8
97;"16";"-0,41";"-0,41";"-0,00";"-0,73";0;-73;"B_left";9
97;"3";"+2,73";"+2,00";"+2,41";"+2,41";273;200;"A_left";10
97;"23";"+2,73";"-0,00";"+2,93";"+0,48";293;48;"B_left";11
97;"18";"+0,48";"-0,93";"+1,00";"-1,00";100;-100;"A_left";12
97;"4";"+2,41";"+2,41";"+2,00";"+2,73";241;241;"A_left";13
97;"14";"-0,93";"+0,48";"-0,73";"-0,00";-73;0;"B_left";14
97;"9";"+0,00";"+2,73";"-0,41";"+2,41";0;273;"A_left";15
97;"11";"-0,73";"+2,00";"-0,93";"+1,52";-73;200;"A_left";16
97;"17";"-0,00";"-0,73";"+0,48";"-0,93";48;-93;"A_left";17
97;"13";"-1,00";"+1,00";"-0,93";"+0,48";-100;100;"A_left";18
97;"12";"-0,93";"+1,52";"-1,00";"+1,00";-93;152;"B_left";19
97;"5";"+2,00";"+2,73";"+1,52";"+2,93";200;273;"B_left";20
97;"2";"+2,93";"+1,52";"+2,73";"+2,00";293;152;"B_left";21
97;"15";"-0,73";"-0,00";"-0,41";"-0,41";-41;-41;"B_left";22
97;"8";"+0,48";"+2,93";"+0,00";"+2,73";48;293;"B_left";23
98;"7";"+1,00";"+3,00";"+0,48";"+2,93";100;300;"B_left";0
98;"9";"+0,00";"+2,73";"-0,41";"+2,41";0;273;"A_left";1
98;"4";"+2,41";"+2,41";"+2,00";"+2,73";241;241;"B_left";2
98;"12";"-0,93";"+1,52";"-1,00";"+1,00";-93;152;"A_left";3
98;"17";"-0,00";"-0,73";"+0,48";"-0,93";48;-93;"B_left";4
98;"8";"+0,48";"+2,93";"+0,00";"+2,73";48;293;"B_left";5
98;"23";"+2,73";"-0,00";"+2,93";"+0,48";293;48;"B_left";6
98;"6";"+1,52";"+2,93";"+1,00";"+3,00";152;293;"B_left";7
98;"11";"-0,73";"+2,00";"-0,93";"+1,52";-73;200;"B_left";8
98;"13";"-1,00";"+1,00";"-0,93";"+0,48";-93;48;"A_left";9
98;"21";"+2,00";"-0,73";"+2,41";"-0,41";241;-41;"A_left";10
98;"16";"-0,41";"-0,41";"-0,00";"-0,73";0;-73;"B_left";11
98;"18";"+0,48";"-0,93";"+1,00";"-1,00";100;-100;"A_left";12
98;"20";"+1,52";"-0,93";"+2,00";"-0,73";200;-73;"A_left";13
98;"3";"+2,73";"+2,00";"+2,41";"+2,41";273;200;"B_left";14
98;"19";"+1,00";"-1,00";"+1,52";"-0,93";152;-93;"B_left";15
98;"1";"+3,00";"+1,00";"+2,93";"+1,52";300;100;"A_left";16
98;"14";"-0,93";"+0,48";"-0,73";"-0,00";-73;0;"A_left";17
98;"10";"-0,41";"+2,41";"-0,73";"+2,00";-41;241;"A_left";18
98;"22";"+2,41";"-0,41";"+2,73";"-0,00";273;0;"A_left";19
98;"5";"+2,00";"+2,73";"+1,52";"+2,93";200;273;"B_left";20
98;"2";"+2,93";"+1,52";"+2,73";"+2,00";293;152;"A_left";21
98;"15";"-0,73";"-0,00";"-0,41";"-0,41";-41;-41;"A_left";22
98;"24";"+2,93";"+0,48";"+3,00";"+1,00";300;100;"B_left";23
99;"14";"-0,93";"+0,48";"-0,73";"-0,00";-93;48;"B_left";0
99;"12";"-0,93";"+1,52";"-1,00";"+1,00";-93;152;"A_left";1
99;"4";"+2,41";"+2,41";"+2,00";"+2,73";241;241;"A_left";2
99;"1";"+3,00";"+1,00";"+2,93";"+1,52";300;100;"A_left";3
99;"5";"+2,00";"+2,73";"+1,52";"+2,93";200;273;"A_left";4
99;"9";"+0,00";"+2,73";"-0,41";"+2,41";0;273;"A_left";5
99;"22";"+2,41";"-0,41";"+2,73";"-0,00";273;0;"A_left";6
99;"15";"-0,73";"-0,00";"-0,41";"-0,41";-41;-41;"A_left";7
99;"18";"+0,48";"-0,93";"+1,00";"-1,00";100;-100;"B_left";8
99;"19";"+1,00";"-1,00";"+1,52";"-0,93";152;-93;"B_left";9
99;"21";"+2,00";"-0,73";"+2,41";"-0,41";241;-41;"A_left";10
99;"13";"-1,00";"+1,00";"-0,93";"+0,48";-93;48;"B_left";11
99;"23";"+2,73";"-0,00";"+2,93";"+0,48";293;48;"A_left";12
99;"8";"+0,48";"+2,93";"+0,00";"+2,73";48;293;"A_left";13
99;"2";"+2,93";"+1,52";"+2,73";"+2,00";293;152;"A_left";14
99;"16";"-0,41";"-0,41";"-0,00";"-0,73";0;-73;"B_left";15
99;"7";"+1,00";"+3,00";"+0,48";"+2,93";100;300;"B_left";16
99;"10";"-0,41";"+2,41";"-0,73";"+2,00";-41;241;"A_left";17
99;"3";"+2,73";"+2,00";"+2,41";"+2,41";273;200;"A_left";18
99;"6";"+1,52";"+2,93";"+1,00";"+3,00";152;293;"A_left";19
99;"20";"+1,52";"-0,93";"+2,00";"-0,73";200;-73;"A_left";20
99;"24";"+2,93";"+0,48";"+3,00";"+1,00";300;100;"B_left";21
99;"11";"-0,73";"+2,00";"-0,93";"+1,52";-73;200;"A_left";22
99;"17";"-0,00";"-0,73";"+0,48";"-0,93";48;-93;"B_left";23
100;"1";"+3,00";"+1,00";"+2,93";"+1,52";293;152;"A_left";0
100;"24";"+2,93";"+0,48";"+3,00";"+1,00";300;100;"B_left";1
100;"12";"-0,93";"+1,52";"-1,00";"+1,00";-93;152;"A_left";2
100;"9";"+0,00";"+2,73";"-0,41";"+2,41";0;273;"B_left";3
100;"23";"+2,73";"-0,00";"+2,93";"+0,48";293;48;"B_left";4
100;"6";"+1,52";"+2,93";"+1,00";"+3,00";152;293;"A_left";5
100;"2";"+2,93";"+1,52";"+2,73";"+2,00";293;152;"A_left";6
100;"7";"+1,00";"+3,00";"+0,48";"+2,93";100;300;"B_left";7
100;"10";"-0,41";"+2,41";"-0,73";"+2,00";-41;241;"A_left";8
100;"22";"+2,41";"-0,41";"+2,73";"-0,00";273;0;"A_left";9
100;"20";"+1,52";"-0,93";"+2,00";"-0,73";200;-73;"B_left";10
100;"13";"-1,00";"+1,00";"-0,93";"+0,48";-93;48;"A_left";11
100;"17";"-0,00";"-0,73";"+0,48";"-0,93";0;-73;"A_left";12
100;"19";"+1,00";"-1,00";"+1,52";"-0,93";152;-93;"B_left";13
100;"18";"+0,48";"-0,93";"+1,00";"-1,00";48;-93;"A_left";14
100;"4";"+2,41";"+2,41";"+2,00";"+2,73";241;241;"B_left";15
100;"5";"+2,00";"+2,73";"+1,52";"+2,93";200;273;"A_left";16
100;"16";"-0,41";"-0,41";"-0,00";"-0,73";0;-73;"B_left";17
100;"21";"+2,00";"-0,73";"+2,41";"-0,41";241;-41;"B_left";18
100;"15";"-0,73";"-0,00";"-0,41";"-0,41";-41;-41;"B_left";19
100;"11";"-0,73";"+2,00";"-0,93";"+1,52";-73;200;"A_left";20
100;"14";"-0,93";"+0,48";"-0,73";"-0,00";-73;0;"B_left";21
100;"8";"+0,48";"+2,93";"+0,00";"+2,73";48;293;"B_left";22
100;"3";"+2,73";"+2,00";"+2,41";"+2,41";241;241;"B_left";23
101;"5";"+2,00";"+2,73";"+1,52";"+2,93";200;273;"B_left";0
101;"12";"-0,93";"+1,52";"-1,00";"+1,00";-93;152;"A_left";1
101;"6";"+1,52";"+2,93";"+1,00";"+3,00";152;293;"B_left";2
101;"13";"-1,00";"+1,00";"-0,93";"+0,48";-100;100;"A_left";3
101;"20";"+1,52";"-0,93";"+2,00";"-0,73";200;-73;"B_left";4
101;"24";"+2,93";"+0,48";"+3,00";"+1,00";300;100;"A_left";5
101;"21";"+2,00";"-0,73";"+2,41";"-0,41";241;-41;"B_left";6
101;"8";"+0,48";"+2,93";"+0,00";"+2,73";48;293;"B_left";7
101;"9";"+0,00";"+2,73";"-0,41";"+2,41";0;273;"A_left";8
101;"18";"+0,48";"-0,93";"+1,00";"-1,00";100;-100;"B_left";9
101;"23";"+2,73";"-0,00";"+2,93";"+0,48";293;48;"A_left";10
101;"11";"-0,73";"+2,00";"-0,93";"+1,52";-73;200;"A_left";11
101;"3";"+2,73";"+2,00";"+2,41";"+2,41";273;200;"B_left";12
101;"14";"-0,93";"+0,48";"-0,73";"-0,00";-73;0;"A_left";13
101;"16";"-0,41";"-0,41";"-0,00";"-0,73";0;-73;"A_left";14
101;"19";"+1,00";"-1,00";"+1,52";"-0,93";152;-93;"B_left";15
101;"2";"+2,93";"+1,52";"+2,73";"+2,00";293;152;"A_left";16
101;"7";"+1,00";"+3,00";"+0,48";"+2,93";100;300;"A_left";17
101;"4";"+2,41";"+2,41";"+2,00";"+2,73";241;241;"A_left";18
101;"17";"-0,00";"-0,73";"+0,48";"-0,93";48;-93;"A_left";19
101;"10";"-0,41";"+2,41";"-0,73";"+2,00";-41;241;"A_left";20
101;"22";"+2,41";"-0,41";"+2,73";"-0,00";273;0;"A_left";21
101;"15";"-0,73";"-0,00";"-0,41";"-0,41";-41;-41;"B_left";22
101;"1";"+3,00";"+1,00";"+2,93";"+1,52";293;152;"B_left";23
102;"21";"+2,00";"-0,73";"+2,41";"-0,41";241;-41;"A_left";0
102;"6";"+1,52";"+2,93";"+1,00";"+3,00";152;293;"B_left";1
102;"22";"+2,41";"-0,41";"+2,73";"-0,00";273;0;"B_left";2
102;"19";"+1,00";"-1,00";"+1,52";"-0,93";152;-93;"B_left";3
102;"10";"-0,41";"+2,41";"-0,73";"+2,00";-41;241;"B_left";4
102;"7";"+1,00";"+3,00";"+0,48";"+2,93";100;300;"B_left";5
102;"20";"+1,52";"-0,93";"+2,00";"-0,73";200;-73;"A_left";6
102;"24";"+2,93";"+0,48";"+3,00";"+1,00";300;100;"A_left";7
102;"1";"+3,00";"+1,00";"+2,93";"+1,52";293;152;"A_left";8
102;"16";"-0,41";"-0,41";"-0,00";"-0,73";0;-73;"B_left";9
102;"3";"+2,73";"+2,00";"+2,41";"+2,41";273;200;"A_left";10
102;"23";"+2,73";"-0,00";"+2,93";"+0,48";293;48;"B_left";11
102;"18";"+0,48";"-0,93";"+1,00";"-1,00";100;-100;"A_left";12
102;"4";"+2,41";"+2,41";"+2,00";"+2,73";241;241;"A_left";13
102;"14";"-0,93";"+0,48";"-0,73";"-0,00";-73;0;"B_left";14
102;"9";"+0,00";"+2,73";"-0,41";"+2,41";0;273;"A_left";15
102;"11";"-0,73";"+2,00";"-0,93";"+1,52";-73;200;"A_left";16
102;"17";"-0,00";"-0,73";"+0,48";"-0,93";48;-93;"A_left";17
102;"13";"-1,00";"+1,00";"-0,93";"+0,48";-100;100;"A_left";18
102;"12";"-0,93";"+1,52";"-1,00";"+1,00";-93;152;"B_left";19
102;"5";"+2,00";"+2,73";"+1,52";"+2,93";200;273;"B_left";20
102;"2";"+2,93";"+1,52";"+2,73";"+2,00";293;152;"B_left";21
102;"15";"-0,73";"-0,00";"-0,41";"-0,41";-41;-41;"B_left";22
102;"8";"+0,48";"+2,93";"+0,00";"+2,73";48;293;"B_left";23
103;"17";"-0,00";"-0,73";"+0,48";"-0,93";48;-93;"B_left";0
103;"23";"+2,73";"-0,00";"+2,93";"+0,48";293;48;"A_left";1
103;"2";"+2,93";"+1,52";"+2,73";"+2,00";293;152;"A_left";2
103;"5";"+2,00";"+2,73";"+1,52";"+2,93";200;273;"B_left";3
103;"10";"-0,41";"+2,41";"-0,73";"+2,00";-41;241;"A_left";4
103;"22";"+2,41";"-0,41";"+2,73";"-0,00";273;0;"B_left";5
103;"6";"+1,52";"+2,93";"+1,00";"+3,00";152;293;"B_left";6
103;"3";"+2,73";"+2,00";"+2,41";"+2,41";273;200;"B_left";7
103;"21";"+2,00";"-0,73";"+2,41";"-0,41";241;-41;"A_left";8
103;"19";"+1,00";"-1,00";"+1,52";"-0,93";152;-93;"B_left";9
103;"24";"+2,93";"+0,48";"+3,00";"+1,00";300;100;"A_left";10
103;"18";"+0,48";"-0,93";"+1,00";"-1,00";100;-100;"B_left";11
103;"7";"+1,00";"+3,00";"+0,48";"+2,93";100;300;"A_left";12
103;"12";"-0,93";"+1,52";"-1,00";"+1,00";-93;152;"B_left";13
103;"9";"+0,00";"+2,73";"-0,41";"+2,41";0;273;"A_left";14
103;"20";"+1,52";"-0,93";"+2,00";"-0,73";200;-73;"B_left";15
103;"1";"+3,00";"+1,00";"+2,93";"+1,52";300;100;"B_left";16
103;"11";"-0,73";"+2,00";"-0,93";"+1,52";-73;200;"B_left";17
103;"8";"+0,48";"+2,93";"+0,00";"+2,73";48;293;"B_left";18
103;"13";"-1,00";"+1,00";"-0,93";"+0,48";-93;48;"A_left";19
103;"16";"-0,41";"-0,41";"-0,00";"-0,73";0;-73;"B_left";20
103;"15";"-0,73";"-0,00";"-0,41";"-0,41";-41;-41;"A_left";21
103;"4";"+2,41";"+2,41";"+2,00";"+2,73";241;241;"B_left";22
103;"14";"-0,93";"+0,48";"-0,73";"-0,00";-73;0;"B_left";23
104;"22";"+2,41";"-0,41";"+2,73";"-0,00";273;0;"B_left";0
104;"24";"+2,93";"+0,48";"+3,00";"+1,00";300;100;"B_left";1
104;"9";"+0,00";"+2,73";"-0,41";"+2,41";0;273;"B_left";2
104;"13";"-1,00";"+1,00";"-0,93";"+0,48";-100;100;"B_left";3
104;"2";"+2,93";"+1,52";"+2,73";"+2,00";273;200;"A_left";4
104;"23";"+2,73";"-0,00";"+2,93";"+0,48";273;0;"B_left";5
104;"4";"+2,41";"+2,41";"+2,00";"+2,73";241;241;"B_left";6
104;"3";"+2,73";"+2,00";"+2,41";"+2,41";241;241;"B_left";7
104;"20";"+1,52";"-0,93";"+2,00";"-0,73";200;-73;"B_left";8
104;"17";"-0,00";"-0,73";"+0,48";"-0,93";48;-93;"B_left";9
104;"16";"-0,41";"-0,41";"-0,00";"-0,73";0;-73;"A_left";10
104;"12";"-0,93";"+1,52";"-1,00";"+1,00";-93;152;"A_left";11
104;"10";"-0,41";"+2,41";"-0,73";"+2,00";-41;241;"A_left";12
104;"1";"+3,00";"+1,00";"+2,93";"+1,52";293;152;"B_left";13
104;"19";"+1,00";"-1,00";"+1,52";"-0,93";152;-93;"A_left";14
104;"6";"+1,52";"+2,93";"+1,00";"+3,00";152;293;"B_left";15
104;"15";"-0,73";"-0,00";"-0,41";"-0,41";-41;-41;"B_left";16
104;"21";"+2,00";"-0,73";"+2,41";"-0,41";241;-41;"A_left";17
104;"8";"+0,48";"+2,93";"+0,00";"+2,73";0;273;"A_left";18
104;"5";"+2,00";"+2,73";"+1,52";"+2,93";200;273;"A_left";19
104;"14";"-0,93";"+0,48";"-0,73";"-0,00";-73;0;"A_left";20
104;"18";"+0,48";"-0,93";"+1,00";"-1,00";100;-100;"A_left";21
104;"7";"+1,00";"+3,00";"+0,48";"+2,93";100;300;"A_left";22
104;"11";"-0,73";"+2,00";"-0,93";"+1,52";-73;200;"A_left";23
105;"14";"-0,93";"+0,48";"-0,73";"-0,00";-73;0;"A_left";0
105;"6";"+1,52";"+2,93";"+1,00";"+3,00";152;293;"A_left";1
105;"16";"-0,41";"-0,41";"-0,00";"-0,73";-41;-41;"A_left";2
105;"7";"+1,00";"+3,00";"+0,48";"+2,93";100;300;"A_left";3
105;"19";"+1,00";"-1,00";"+1,52";"-0,93";152;-93;"B_left";4
105;"8";"+0,48";"+2,93";"+0,00";"+2,73";48;293;"A_left";5
105;"1";"+3,00";"+1,00";"+2,93";"+1,52";300;100;"A_left";6
105;"20";"+1,52";"-0,93";"+2,00";"-0,73";200;-73;"B_left";7
105;"18";"+0,48";"-0,93";"+1,00";"-1,00";48;-93;"A_left";8
105;"5";"+2,00";"+2,73";"+1,52";"+2,93";200;273;"A_left";9
105;"3";"+2,73";"+2,00";"+2,41";"+2,41";273;200;"A_left";10
105;"10";"-0,41";"+2,41";"-0,73";"+2,00";-41;241;"B_left";11
105;"2";"+2,93";"+1,52";"+2,73";"+2,00";293;152;"A_left";12
105;"15";"-0,73";"-0,00";"-0,41";"-0,41";-41;-41;"B_left";13
105;"4";"+2,41";"+2,41";"+2,00";"+2,73";241;241;"A_left";14
105;"13";"-1,00";"+1,00";"-0,93";"+0,48";-93;48;"A_left";15
105;"17";"-0,00";"-0,73";"+0,48";"-0,93";0;-73;"B_left";16
105;"21";"+2,00";"-0,73";"+2,41";"-0,41";241;-41;"B_left";17
105;"9";"+0,00";"+2,73";"-0,41";"+2,41";0;273;"B_left";18
105;"12";"-0,93";"+1,52";"-1,00";"+1,00";-93;152;"A_left";19
105;"22";"+2,41";"-0,41";"+2,73";"-0,00";273;0;"A_left";20
105;"24";"+2,93";"+0,48";"+3,00";"+1,00";300;100;"B_left";21
105;"11";"-0,73";"+2,00";"-0,93";"+1,52";-73;200;"A_left";22
105;"23";"+2,73";"-0,00";"+2,93";"+0,48";273;0;"A_left";23
106;"15";"-0,73";"-0,00";"-0,41";"-0,41";-41;-41;"A_left";0
106;"18";"+0,48";"-0,93";"+1,00";"-1,00";100;-100;"B_left";1
106;"8";"+0,48";"+2,93";"+0,00";"+2,73";48;293;"A_left";2
106;"5";"+2,00";"+2,73";"+1,52";"+2,93";200;273;"B_left";3
106;"23";"+2,73";"-0,00";"+2,93";"+0,48";293;48;"A_left";4
106;"7";"+1,00";"+3,00";"+0,48";"+2,93";100;300;"A_left";5
106;"20";"+1,52";"-0,93";"+2,00";"-0,73";200;-73;"B_left";6
106;"13";"-1,00";"+1,00";"-0,93";"+0,48";-93;48;"A_left";7
106;"19";"+1,00";"-1,00";"+1,52";"-0,93";152;-93;"A_left";8
106;"1";"+3,00";"+1,00";"+2,93";"+1,52";293;152;"B_left";9
106;"14";"-0,93";"+0,48";"-0,73";"-0,00";-73;0;"B_left";10
106;"22";"+2,41";"-0,41";"+2,73";"-0,00";273;0;"A_left";11
106;"2";"+2,93";"+1,52";"+2,73";"+2,00";273;200;"A_left";12
106;"11";"-0,73";"+2,00";"-0,93";"+1,52";-73;200;"A_left";13
106;"3";"+2,73";"+2,00";"+2,41";"+2,41";273;200;"B_left";14
106;"9";"+0,00";"+2,73";"-0,41";"+2,41";0;273;"A_left";15
106;"17";"-0,00";"-0,73";"+0,48";"-0,93";48;-93;"B_left";16
106;"21";"+2,00";"-0,73";"+2,41";"-0,41";241;-41;"A_left";17
106;"10";"-0,41";"+2,41";"-0,73";"+2,00";-41;241;"A_left";18
106;"24";"+2,93";"+0,48";"+3,00";"+1,00";300;100;"A_left";19
106;"4";"+2,41";"+2,41";"+2,00";"+2,73";241;241;"B_left";20
106;"16";"-0,41";"-0,41";"-0,00";"-0,73";0;-73;"B_left";21
106;"6";"+1,52";"+2,93";"+1,00";"+3,00";152;293;"A_left";22
106;"12";"-0,93";"+1,52";"-1,00";"+1,00";-93;152;"B_left";23
107;"16";"-0,41";"-0,41";"-0,00";"-0,73";0;-73;"B_left";0
107;"13";"-1,00";"+1,00";"-0,93";"+0,48";-100;100;"B_left";1
107;"22";"+2,41";"-0,41";"+2,73";"-0,00";273;0;"A_left";2
107;"8";"+0,48";"+2,93";"+0,00";"+2,73";48;293;"B_left";3
107;"11";"-0,73";"+2,00";"-0,93";"+1,52";-73;200;"B_left";4
107;"4";"+2,41";"+2,41";"+2,00";"+2,73";241;241;"B_left";5
107;"7";"+1,00";"+3,00";"+0,48";"+2,93";100;300;"B_left";6
107;"14";"-0,93";"+0,48";"-0,73";"-0,00";-73;0;"B_left";7
107;"19";"+1,00";"-1,00";"+1,52";"-0,93";152;-93;"A_left";8
107;"18";"+0,48";"-0,93";"+1,00";"-1,00";100;-100;"A_left";9
107;"10";"-0,41";"+2,41";"-0,73";"+2,00";-41;241;"A_left";10
107;"24";"+2,93";"+0,48";"+3,00";"+1,00";300;100;"B_left";11
107;"3";"+2,73";"+2,00";"+2,41";"+2,41";273;200;"A_left";12
107;"17";"-0,00";"-0,73";"+0,48";"-0,93";48;-93;"A_left";13
107;"1";"+3,00";"+1,00";"+2,93";"+1,52";293;152;"A_left";14
107;"12";"-0,93";"+1,52";"-1,00";"+1,00";-93;152;"B_left";15
107;"21";"+2,00";"-0,73";"+2,41";"-0,41";241;-41;"A_left";16
107;"20";"+1,52";"-0,93";"+2,00";"-0,73";200;-73;"A_left";17
107;"6";"+1,52";"+2,93";"+1,00";"+3,00";152;293;"A_left";18
107;"23";"+2,73";"-0,00";"+2,93";"+0,48";293;48;"A_left";19
107;"5";"+2,00";"+2,73";"+1,52";"+2,93";200;273;"B_left";20
107;"2";"+2,93";"+1,52";"+2,73";"+2,00";273;200;"B_left";21
107;"15";"-0,73";"-0,00";"-0,41";"-0,41";-41;-41;"A_left";22
107;"9";"+0,00";"+2,73";"-0,41";"+2,41";0;273;"B_left";23
108;"23";"+2,73";"-0,00";"+2,93";"+0,48";293;48;"A_left";0
108;"5";"+2,00";"+2,73";"+1,52";"+2,93";200;273;"B_left";1
108;"17";"-0,00";"-0,73";"+0,48";"-0,93";48;-93;"B_left";2
108;"1";"+3,00";"+1,00";"+2,93";"+1,52";293;152;"B_left";3
108;"9";"+0,00";"+2,73";"-0,41";"+2,41";0;273;"A_left";4
108;"11";"-0,73";"+2,00";"-0,93";"+1,52";-73;200;"A_left";5
108;"10";"-0,41";"+2,41";"-0,73";"+2,00";-41;241;"B_left";6
108;"18";"+0,48";"-0,93";"+1,00";"-1,00";100;-100;"B_left";7
108;"21";"+2,00";"-0,73";"+2,41";"-0,41";241;-41;"A_left";8
108;"6";"+1,52";"+2,93";"+1,00";"+3,00";152;293;"A_left";9
108;"2";"+2,93";"+1,52";"+2,73";"+2,00";273;200;"B_left";10
108;"7";"+1,00";"+3,00";"+0,48";"+2,93";100;300;"B_left";11
108;"4";"+2,41";"+2,41";"+2,00";"+2,73";241;241;"B_left";12
108;"14";"-0,93";"+0,48";"-0,73";"-0,00";-73;0;"A_left";13
108;"12";"-0,93";"+1,52";"-1,00";"+1,00";-93;152;"A_left";14
108;"3";"+2,73";"+2,00";"+2,41";"+2,41";241;241;"B_left";15
108;"19";"+1,00";"-1,00";"+1,52";"-0,93";152;-93;"A_left";16
108;"16";"-0,41";"-0,41";"-0,00";"-0,73";0;-73;"B_left";17
108;"8";"+0,48";"+2,93";"+0,00";"+2,73";48;293;"A_left";18
108;"24";"+2,93";"+0,48";"+3,00";"+1,00";300;100;"A_left";19
108;"13";"-1,00";"+1,00";"-0,93";"+0,48";-93;48;"A_left";20
108;"20";"+1,52";"-0,93";"+2,00";"-0,73";200;-73;"A_left";21
108;"22";"+2,41";"-0,41";"+2,73";"-0,00";273;0;"B_left";22
108;"15";"-0,73";"-0,00";"-0,41";"-0,41";-41;-41;"B_left";23
109;"1";"+3,00";"+1,00";"+2,93";"+1,52";293;152;"B_left";0
109;"9";"+0,00";"+2,73";"-0,41";"+2,41";0;273;"B_left";1
109;"6";"+1,52";"+2,93";"+1,00";"+3,00";152;293;"A_left";2
109;"23";"+2,73";"-0,00";"+2,93";"+0,48";293;48;"A_left";3
109;"3";"+2,73";"+2,00";"+2,41";"+2,41";273;200;"A_left";4
109;"15";"-0,73";"-0,00";"-0,41";"-0,41";-41;-41;"B_left";5
109;"10";"-0,41";"+2,41";"-0,73";"+2,00";-41;241;"A_left";6
109;"8";"+0,48";"+2,93";"+0,00";"+2,73";48;293;"A_left";7
109;"22";"+2,41";"-0,41";"+2,73";"-0,00";273;0;"B_left";8
109;"13";"-1,00";"+1,00";"-0,93";"+0,48";-93;48;"B_left";9
109;"24";"+2,93";"+0,48";"+3,00";"+1,00";300;100;"A_left";10
109;"7";"+1,00";"+3,00";"+0,48";"+2,93";100;300;"A_left";11
109;"4";"+2,41";"+2,41";"+2,00";"+2,73";241;241;"A_left";12
109;"11";"-0,73";"+2,00";"-0,93";"+1,52";-73;200;"A_left";13
109;"2";"+2,93";"+1,52";"+2,73";"+2,00";293;152;"B_left";14
109;"20";"+1,52";"-0,93";"+2,00";"-0,73";200;-73;"B_left";15
109;"12";"-0,93";"+1,52";"-1,00";"+1,00";-93;152;"A_left";16
109;"14";"-0,93";"+0,48";"-0,73";"-0,00";-73;0;"A_left";17
109;"18";"+0,48";"-0,93";"+1,00";"-1,00";100;-100;"B_left";18
109;"19";"+1,00";"-1,00";"+1,52";"-0,93";152;-93;"B_left";19
109;"17";"-0,00";"-0,73";"+0,48";"-0,93";48;-93;"B_left";20
109;"16";"-0,41";"-0,41";"-0,00";"-0,73";0;-73;"B_left";21
109;"5";"+2,00";"+2,73";"+1,52";"+2,93";200;273;"A_left";22
109;"21";"+2,00";"-0,73";"+2,41";"-0,41";241;-41;"A_left";23
110;"23";"+2,73";"-0,00";"+2,93";"+0,48";293;48;"B_left";0
110;"17";"-0,00";"-0,73";"+0,48";"-0,93";48;-93;"B_left";1
110;"7";"+1,00";"+3,00";"+0,48";"+2,93";100;300;"A_left";2
110;"4";"+2,41";"+2,41";"+2,00";"+2,73";241;241;"B_left";3
110;"6";"+1,52";"+2,93";"+1,00";"+3,00";152;293;"B_left";4
110;"5";"+2,00";"+2,73";"+1,52";"+2,93";200;273;"A_left";5
110;"20";"+1,52";"-0,93";"+2,00";"-0,73";200;-73;"A_left";6
110;"2";"+2,93";"+1,52";"+2,73";"+2,00";273;200;"B_left";7
110;"10";"-0,41";"+2,41";"-0,73";"+2,00";-41;241;"B_left";8
110;"21";"+2,00";"-0,73";"+2,41";"-0,41";241;-41;"A_left";9
110;"16";"-0,41";"-0,41";"-0,00";"-0,73";-41;-41;"B_left";10
110;"18";"+0,48";"-0,93";"+1,00";"-1,00";100;-100;"B_left";11
110;"3";"+2,73";"+2,00";"+2,41";"+2,41";241;241;"B_left";12
110;"11";"-0,73";"+2,00";"-0,93";"+1,52";-73;200;"B_left";13
110;"1";"+3,00";"+1,00";"+2,93";"+1,52";293;152;"A_left";14
110;"15";"-0,73";"-0,00";"-0,41";"-0,41";-41;-41;"B_left";15
110;"8";"+0,48";"+2,93";"+0,00";"+2,73";48;293;"B_left";16
110;"22";"+2,41";"-0,41";"+2,73";"-0,00";273;0;"B_left";17
110;"19";"+1,00";"-1,00";"+1,52";"-0,93";152;-93;"B_left";18
110;"13";"-1,00";"+1,00";"-0,93";"+0,48";-100;100;"A_left";19
110;"24";"+2,93";"+0,48";"+3,00";"+1,00";300;100;"B_left";20
110;"9";"+0,00";"+2,73";"-0,41";"+2,41";0;273;"B_left";21
110;"14";"-0,93";"+0,48";"-0,73";"-0,00";-73;0;"B_left";22
110;"12";"-0,93";"+1,52";"-1,00";"+1,00";-93;152;"B_left";23
111;"18";"+0,48";"-0,93";"+1,00";"-1,00";100;-100;"B_left";0
111;"12";"-0,93";"+1,52";"-1,00";"+1,00";-93;152;"B_left";1
111;"2";"+2,93";"+1,52";"+2,73";"+2,00";293;152;"A_left";2
111;"10";"-0,41";"+2,41";"-0,73";"+2,00";-41;241;"B_left";3
111;"21";"+2,00";"-0,73";"+2,41";"-0,41";241;-41;"B_left";4
111;"7";"+1,00";"+3,00";"+0,48";"+2,93";100;300;"B_left";5
111;"15";"-0,73";"-0,00";"-0,41";"-0,41";-41;-41;"B_left";6
111;"6";"+1,52";"+2,93";"+1,00";"+3,00";152;293;"B_left";7
111;"16";"-0,41";"-0,41";"-0,00";"-0,73";0;-73;"A_left";8
111;"13";"-1,00";"+1,00";"-0,93";"+0,48";-93;48;"B_left";9
111;"19";"+1,00";"-1,00";"+1,52";"-0,93";152;-93;"A_left";10
111;"1";"+3,00";"+1,00";"+2,93";"+1,52";300;100;"A_left";11
111;"4";"+2,41";"+2,41";"+2,00";"+2,73";241;241;"B_left";12
111;"5";"+2,00";"+2,73";"+1,52";"+2,93";200;273;"B_left";13
111;"20";"+1,52";"-0,93";"+2,00";"-0,73";200;-73;"A_left";14
111;"11";"-0,73";"+2,00";"-0,93";"+1,52";-73;200;"A_left";15
111;"23";"+2,73";"-0,00";"+2,93";"+0,48";293;48;"A_left";16
111;"9";"+0,00";"+2,73";"-0,41";"+2,41";0;273;"B_left";17
111;"14";"-0,93";"+0,48";"-0,73";"-0,00";-73;0;"B_left";18
111;"22";"+2,41";"-0,41";"+2,73";"-0,00";273;0;"A_left";19
111;"3";"+2,73";"+2,00";"+2,41";"+2,41";273;200;"A_left";20
111;"17";"-0,00";"-0,73";"+0,48";"-0,93";48;-93;"B_left";21
111;"8";"+0,48";"+2,93";"+0,00";"+2,73";48;293;"A_left";22
111;"24";"+2,93";"+0,48";"+3,00";"+1,00";300;100;"A_left";23
112;"8";"+0,48";"+2,93";"+0,00";"+2,73";48;293;"B_left";0
112;"20";"+1,52";"-0,93";"+2,00";"-0,73";200;-73;"A_left";1
112;"15";"-0,73";"-0,00";"-0,41";"-0,41";-41;-41;"B_left";2
112;"10";"-0,41";"+2,41";"-0,73";"+2,00";-41;241;"B_left";3
112;"14";"-0,93";"+0,48";"-0,73";"-0,00";-73;0;"B_left";4
112;"21";"+2,00";"-0,73";"+2,41";"-0,41";241;-41;"B_left";5
112;"4";"+2,41";"+2,41";"+2,00";"+2,73";241;241;"B_left";6
112;"24";"+2,93";"+0,48";"+3,00";"+1,00";300;100;"A_left";7
112;"2";"+2,93";"+1,52";"+2,73";"+2,00";273;200;"A_left";8
112;"3";"+2,73";"+2,00";"+2,41";"+2,41";273;200;"A_left";9
112;"22";"+2,41";"-0,41";"+2,73";"-0,00";273;0;"B_left";10
112;"6";"+1,52";"+2,93";"+1,00";"+3,00";152;293;"B_left";11
112;"1";"+3,00";"+1,00";"+2,93";"+1,52";300;100;"B_left";12
112;"7";"+1,00";"+3,00";"+0,48";"+2,93";100;300;"B_left";13
112;"16";"-0,41";"-0,41";"-0,00";"-0,73";0;-73;"A_left";14
112;"12";"-0,93";"+1,52";"-1,00";"+1,00";-93;152;"A_left";15
112;"17";"-0,00";"-0,73";"+0,48";"-0,93";48;-93;"B_left";16
112;"19";"+1,00";"-1,00";"+1,52";"-0,93";152;-93;"A_left";17
112;"23";"+2,73";"-0,00";"+2,93";"+0,48";293;48;"A_left";18
112;"11";"-0,73";"+2,00";"-0,93";"+1,52";-73;200;"B_left";19
112;"9";"+0,00";"+2,73";"-0,41";"+2,41";0;273;"B_left";20
112;"5";"+2,00";"+2,73";"+1,52";"+2,93";200;273;"B_left";21
112;"18";"+0,48";"-0,93";"+1,00";"-1,00";100;-100;"A_left";22
112;"13";"-1,00";"+1,00";"-0,93";"+0,48";-93;48;"A_left";23
113;"2";"+2,93";"+1,52";"+2,73";"+2,00";293;152;"B_left";0
113;"13";"-1,00";"+1,00";"-0,93";"+0,48";-93;48;"B_left";1
113;"12";"-0,93";"+1,52";"-1,00";"+1,00";-93;152;"A_left";2
113;"19";"+1,00";"-1,00";"+1,52";"-0,93";152;-93;"A_left";3
113;"18";"+0,48";"-0,93";"+1,00";"-1,00";100;-100;"A_left";4
113;"15";"-0,73";"-0,00";"-0,41";"-0,41";-41;-41;"B_left";5
113;"10";"-0,41";"+2,41";"-0,73";"+2,00";-41;241;"B_left";6
113;"23";"+2,73";"-0,00";"+2,93";"+0,48";293;48;"A_left";7
113;"17";"-0,00";"-0,73";"+0,48";"-0,93";48;-93;"B_left";8
113;"4";"+2,41";"+2,41";"+2,00";"+2,73";241;241;"B_left";9
113;"7";"+1,00";"+3,00";"+0,48";"+2,93";100;300;"A_left";10
113;"11";"-0,73";"+2,00";"-0,93";"+1,52";-73;200;"B_left";11
113;"3";"+2,73";"+2,00";"+2,41";"+2,41";273;200;"A_left";12
113;"8";"+0,48";"+2,93";"+0,00";"+2,73";48;293;"A_left";13
113;"1";"+3,00";"+1,00";"+2,93";"+1,52";300;100;"B_left";14
113;"22";"+2,41";"-0,41";"+2,73";"-0,00";273;0;"B_left";15
113;"16";"-0,41";"-0,41";"-0,00";"-0,73";0;-73;"A_left";16
113;"5";"+2,00";"+2,73";"+1,52";"+2,93";200;273;"B_left";17
113;"21";"+2,00";"-0,73";"+2,41";"-0,41";241;-41;"B_left";18
113;"9";"+0,00";"+2,73";"-0,41";"+2,41";0;273;"A_left";19
113;"24";"+2,93";"+0,48";"+3,00";"+1,00";300;100;"A_left";20
113;"6";"+1,52";"+2,93";"+1,00";"+3,00";152;293;"A_left";21
113;"14";"-0,93";"+0,48";"-0,73";"-0,00";-73;0;"A_left";22
113;"20";"+1,52";"-0,93";"+2,00";"-0,73";200;-73;"A_left";23
114;"21";"+2,00";"-0,73";"+2,41";"-0,41";241;-41;"A_left";0
114;"16";"-0,41";"-0,41";"-0,00";"-0,73";0;-73;"B_left";1
114;"10";"-0,41";"+2,41";"-0,73";"+2,00";-41;241;"A_left";2
114;"2";"+2,93";"+1,52";"+2,73";"+2,00";293;152;"B_left";3
114;"4";"+2,41";"+2,41";"+2,00";"+2,73";241;241;"A_left";4
114;"17";"-0,00";"-0,73";"+0,48";"-0,93";48;-93;"B_left";5
114;"8";"+0,48";"+2,93";"+0,00";"+2,73";48;293;"A_left";6
114;"3";"+2,73";"+2,00";"+2,41";"+2,41";273;200;"A_left";7
114;"5";"+2,00";"+2,73";"+1,52";"+2,93";200;273;"A_left";8
114;"11";"-0,73";"+2,00";"-0,93";"+1,52";-73;200;"B_left";9
114;"13";"-1,00";"+1,00";"-0,93";"+0,48";-93;48;"A_left";10
114;"12";"-0,93";"+1,52";"-1,00";"+1,00";-93;152;"A_left";11
114;"9";"+0,00";"+2,73";"-0,41";"+2,41";0;273;"B_left";12
114;"1";"+3,00";"+1,00";"+2,93";"+1,52";300;100;"A_left";13
114;"22";"+2,41";"-0,41";"+2,73";"-0,00";273;0;"A_left";14
114;"20";"+1,52";"-0,93";"+2,00";"-0,73";200;-73;"A_left";15
114;"24";"+2,93";"+0,48";"+3,00";"+1,00";300;100;"B_left";16
114;"7";"+1,00";"+3,00";"+0,48";"+2,93";100;300;"A_left";17
114;"19";"+1,00";"-1,00";"+1,52";"-0,93";152;-93;"B_left";18
114;"15";"-0,73";"-0,00";"-0,41";"-0,41";-41;-41;"A_left";19
114;"18";"+0,48";"-0,93";"+1,00";"-1,00";100;-100;"B_left";20
114;"14";"-0,93";"+0,48";"-0,73";"-0,00";-73;0;"A_left";21
114;"6";"+1,52";"+2,93";"+1,00";"+3,00";152;293;"A_left";22
114;"23";"+2,73";"-0,00";"+2,93";"+0,48";293;48;"B_left";23
115;"13";"-1,00";"+1,00";"-0,93";"+0,48";-93;48;"A_left";0
115;"22";"+2,41";"-0,41";"+2,73";"-0,00";273;0;"B_left";1
115;"3";"+2,73";"+2,00";"+2,41";"+2,41";241;241;"A_left";2
115;"21";"+2,00";"-0,73";"+2,41";"-0,41";241;-41;"A_left";3
115;"8";"+0,48";"+2,93";"+0,00";"+2,73";48;293;"B_left";4
115;"16";"-0,41";"-0,41";"-0,00";"-0,73";0;-73;"A_left";5
115;"17";"-0,00";"-0,73";"+0,48";"-0,93";48;-93;"A_left";6
115;"2";"+2,93";"+1,52";"+2,73";"+2,00";273;200;"B_left";7
115;"10";"-0,41";"+2,41";"-0,73";"+2,00";-41;241;"B_left";8
115;"18";"+0,48";"-0,93";"+1,00";"-1,00";100;-100;"A_left";9
115;"19";"+1,00";"-1,00";"+1,52";"-0,93";100;-100;"B_left";10
115;"12";"-0,93";"+1,52";"-1,00";"+1,00";-100;100;"A_left";11
115;"15";"-0,73";"-0,00";"-0,41";"-0,41";-41;-41;"B_left";12
115;"20";"+1,52";"-0,93";"+2,00";"-0,73";200;-73;"B_left";13
115;"11";"-0,73";"+2,00";"-0,93";"+1,52";-73;200;"B_left";14
115;"5";"+2,00";"+2,73";"+1,52";"+2,93";200;273;"A_left";15
115;"14";"-0,93";"+0,48";"-0,73";"-0,00";-73;0;"A_left";16
115;"9";"+0,00";"+2,73";"-0,41";"+2,41";0;273;"A_left";17
115;"4";"+2,41";"+2,41";"+2,00";"+2,73";241;241;"A_left";18
115;"6";"+1,52";"+2,93";"+1,00";"+3,00";152;293;"B_left";19
115;"1";"+3,00";"+1,00";"+2,93";"+1,52";300;100;"A_left";20
115;"23";"+2,73";"-0,00";"+2,93";"+0,48";293;48;"B_left";21
115;"24";"+2,93";"+0,48";"+3,00";"+1,00";300;100;"A_left";22
115;"7";"+1,00";"+3,00";"+0,48";"+2,93";100;300;"B_left";23
116;"10";"-0,41";"+2,41";"-0,73";"+2,00";-41;241;"B_left";0
116;"8";"+0,48";"+2,93";"+0,00";"+2,73";48;293;"A_left";1
116;"20";"+1,52";"-0,93";"+2,00";"-0,73";200;-73;"B_left";2
116;"4";"+2,41";"+2,41";"+2,00";"+2,73";241;241;"B_left";3
116;"15";"-0,73";"-0,00";"-0,41";"-0,41";-41;-41;"A_left";4
116;"12";"-0,93";"+1,52";"-1,00";"+1,00";-93;152;"A_left";5
116;"16";"-0,41";"-0,41";"-0,00";"-0,73";0;-73;"A_left";6
116;"14";"-0,93";"+0,48";"-0,73";"-0,00";-73;0;"B_left";7
116;"17";"-0,00";"-0,73";"+0,48";"-0,93";48;-93;"B_left";8
116;"9";"+0,00";"+2,73";"-0,41";"+2,41";0;273;"A_left";9
116;"23";"+2,73";"-0,00";"+2,93";"+0,48";293;48;"B_left";10
116;"1";"+3,00";"+1,00";"+2,93";"+1,52";300;100;"B_left";11
116;"18";"+0,48";"-0,93";"+1,00";"-1,00";100;-100;"B_left";12
116;"5";"+2,00";"+2,73";"+1,52";"+2,93";200;273;"A_left";13
116;"2";"+2,93";"+1,52";"+2,73";"+2,00";293;152;"A_left";14
116;"24";"+2,93";"+0,48";"+3,00";"+1,00";300;100;"A_left";15
116;"19";"+1,00";"-1,00";"+1,52";"-0,93";152;-93;"A_left";16
116;"13";"-1,00";"+1,00";"-0,93";"+0,48";-93;48;"A_left";17
116;"11";"-0,73";"+2,00";"-0,93";"+1,52";-73;200;"A_left";18
116;"7";"+1,00";"+3,00";"+0,48";"+2,93";100;300;"A_left";19
116;"22";"+2,41";"-0,41";"+2,73";"-0,00";273;0;"B_left";20
116;"3";"+2,73";"+2,00";"+2,41";"+2,41";273;200;"B_left";21
116;"21";"+2,00";"-0,73";"+2,41";"-0,41";241;-41;"A_left";22
116;"6";"+1,52";"+2,93";"+1,00";"+3,00";152;293;"B_left";23
117;"16";"-0,41";"-0,41";"-0,00";"-0,73";0;-73;"B_left";0
117;"9";"+0,00";"+2,73";"-0,41";"+2,41";0;273;"A_left";1
117;"14";"-0,93";"+0,48";"-0,73";"-0,00";-73;0;"A_left";2
117;"5";"+2,00";"+2,73";"+1,52";"+2,93";200;273;"B_left";3
117;"4";"+2,41";"+2,41";"+2,00";"+2,73";241;241;"B_left";4
117;"20";"+1,52";"-0,93";"+2,00";"-0,73";200;-73;"A_left";5
117;"12";"-0,93";"+1,52";"-1,00";"+1,00";-93;152;"A_left";6
117;"1";"+3,00";"+1,00";"+2,93";"+1,52";300;100;"A_left";7
117;"18";"+0,48";"-0,93";"+1,00";"-1,00";100;-100;"A_left";8
117;"24";"+2,93";"+0,48";"+3,00";"+1,00";300;100;"A_left";9
117;"8";"+0,48";"+2,93";"+0,00";"+2,73";48;293;"B_left";10
117;"3";"+2,73";"+2,00";"+2,41";"+2,41";273;200;"A_left";11
117;"13";"-1,00";"+1,00";"-0,93";"+0,48";-93;48;"A_left";12
117;"17";"-0,00";"-0,73";"+0,48";"-0,93";48;-93;"B_left";13
117;"6";"+1,52";"+2,93";"+1,00";"+3,00";152;293;"A_left";14
117;"2";"+2,93";"+1,52";"+2,73";"+2,00";293;152;"B_left";15
117;"22";"+2,41";"-0,41";"+2,73";"-0,00";273;0;"B_left";16
117;"23";"+2,73";"-0,00";"+2,93";"+0,48";293;48;"A_left";17
117;"10";"-0,41";"+2,41";"-0,73";"+2,00";-41;241;"B_left";18
117;"19";"+1,00";"-1,00";"+1,52";"-0,93";152;-93;"B_left";19
117;"15";"-0,73";"-0,00";"-0,41";"-0,41";-41;-41;"A_left";20
117;"21";"+2,00";"-0,73";"+2,41";"-0,41";241;-41;"A_left";21
117;"11";"-0,73";"+2,00";"-0,93";"+1,52";-73;200;"B_left";22
117;"7";"+1,00";"+3,00";"+0,48";"+2,93";100;300;"A_left";23
118;"21";"+2,00";"-0,73";"+2,41";"-0,41";241;-41;"A_left";0
118;"23";"+2,73";"-0,00";"+2,93";"+0,48";293;48;"A_left";1
118;"7";"+1,00";"+3,00";"+0,48";"+2,93";100;300;"B_left";2
118;"22";"+2,41";"-0,41";"+2,73";"-0,00";273;0;"A_left";3
118;"14";"-0,93";"+0,48";"-0,73";"-0,00";-73;0;"A_left";4
118;"16";"-0,41";"-0,41";"-0,00";"-0,73";0;-73;"A_left";5
118;"13";"-1,00";"+1,00";"-0,93";"+0,48";-93;48;"A_left";6
118;"2";"+2,93";"+1,52";"+2,73";"+2,00";293;152;"B_left";7
118;"9";"+0,00";"+2,73";"-0,41";"+2,41";0;273;"B_left";8
118;"18";"+0,48";"-0,93";"+1,00";"-1,00";100;-100;"B_left";9
118;"11";"-0,73";"+2,00";"-0,93";"+1,52";-73;200;"B_left";10
118;"15";"-0,73";"-0,00";"-0,41";"-0,41";-41;-41;"A_left";11
118;"20";"+1,52";"-0,93";"+2,00";"-0,73";200;-73;"A_left";12
118;"24";"+2,93";"+0,48";"+3,00";"+1,00";300;100;"A_left";13
118;"3";"+2,73";"+2,00";"+2,41";"+2,41";273;200;"A_left";14
118;"19";"+1,00";"-1,00";"+1,52";"-0,93";152;-93;"B_left";15
118;"10";"-0,41";"+2,41";"-0,73";"+2,00";-41;241;"B_left";16
118;"4";"+2,41";"+2,41";"+2,00";"+2,73";241;241;"B_left";17
118;"8";"+0,48";"+2,93";"+0,00";"+2,73";48;293;"A_left";18
118;"12";"-0,93";"+1,52";"-1,00";"+1,00";-93;152;"B_left";19
118;"17";"-0,00";"-0,73";"+0,48";"-0,93";48;-93;"B_left";20
118;"5";"+2,00";"+2,73";"+1,52";"+2,93";200;273;"B_left";21
118;"6";"+1,52";"+2,93";"+1,00";"+3,00";152;293;"A_left";22
118;"1";"+3,00";"+1,00";"+2,93";"+1,52";300;100;"B_left";23
119;"22";"+2,41";"-0,41";"+2,73";"-0,00";273;0;"A_left";0
119;"6";"+1,52";"+2,93";"+1,00";"+3,00";152;293;"A_left";1
119;"24";"+2,93";"+0,48";"+3,00";"+1,00";300;100;"B_left";2
119;"5";"+2,00";"+2,73";"+1,52";"+2,93";200;273;"B_left";3
119;"8";"+0,48";"+2,93";"+0,00";"+2,73";48;293;"B_left";4
119;"9";"+0,00";"+2,73";"-0,41";"+2,41";0;273;"B_left";5
119;"10";"-0,41";"+2,41";"-0,73";"+2,00";-41;241;"A_left";6
119;"1";"+3,00";"+1,00";"+2,93";"+1,52";300;100;"B_left";7
119;"17";"-0,00";"-0,73";"+0,48";"-0,93";48;-93;"A_left";8
119;"12";"-0,93";"+1,52";"-1,00";"+1,00";-93;152;"B_left";9
119;"14";"-0,93";"+0,48";"-0,73";"-0,00";-73;0;"A_left";10
119;"19";"+1,00";"-1,00";"+1,52";"-0,93";152;-93;"A_left";11
119;"15";"-0,73";"-0,00";"-0,41";"-0,41";-41;-41;"A_left";12
119;"18";"+0,48";"-0,93";"+1,00";"-1,00";100;-100;"B_left";13
119;"11";"-0,73";"+2,00";"-0,93";"+1,52";-73;200;"A_left";14
119;"21";"+2,00";"-0,73";"+2,41";"-0,41";241;-41;"B_left";15
119;"23";"+2,73";"-0,00";"+2,93";"+0,48";293;48;"B_left";16
119;"2";"+2,93";"+1,52";"+2,73";"+2,00";293;152;"A_left";17
119;"16";"-0,41";"-0,41";"-0,00";"-0,73";0;-73;"B_left";18
119;"4";"+2,41";"+2,41";"+2,00";"+2,73";241;241;"A_left";19
119;"3";"+2,73";"+2,00";"+2,41";"+2,41";273;200;"A_left";20
119;"7";"+1,00";"+3,00";"+0,48";"+2,93";100;300;"B_left";21
119;"13";"-1,00";"+1,00";"-0,93";"+0,48";-93;48;"B_left";22
119;"20";"+1,52";"-0,93";"+2,00";"-0,73";200;-73;"B_left";23
120;"24";"+2,93";"+0,48";"+3,00";"+1,00";300;100;"A_left";0
120;"11";"-0,73";"+2,00";"-0,93";"+1,52";-73;200;"B_left";1
120;"1";"+3,00";"+1,00";"+2,93";"+1,52";300;100;"B_left";2
120;"4";"+2,41";"+2,41";"+2,00";"+2,73";241;241;"A_left";3
120;"5";"+2,00";"+2,73";"+1,52";"+2,93";200;273;"A_left";4
120;"18";"+0,48";"-0,93";"+1,00";"-1,00";100;-100;"B_left";5
120;"22";"+2,41";"-0,41";"+2,73";"-0,00";273;0;"B_left";6
120;"13";"-1,00";"+1,00";"-0,93";"+0,48";-93;48;"A_left";7
120;"9";"+0,00";"+2,73";"-0,41";"+2,41";0;273;"A_left";8
120;"12";"-0,93";"+1,52";"-1,00";"+1,00";-93;152;"B_left";9
120;"16";"-0,41";"-0,41";"-0,00";"-0,73";0;-73;"A_left";10
120;"23";"+2,73";"-0,00";"+2,93";"+0,48";293;48;"B_left";11
120;"19";"+1,00";"-1,00";"+1,52";"-0,93";152;-93;"B_left";12
120;"6";"+1,52";"+2,93";"+1,00";"+3,00";152;293;"B_left";13
120;"8";"+0,48";"+2,93";"+0,00";"+2,73";48;293;"B_left";14
120;"10";"-0,41";"+2,41";"-0,73";"+2,00";-41;241;"B_left";15
120;"7";"+1,00";"+3,00";"+0,48";"+2,93";100;300;"A_left";16
120;"3";"+2,73";"+2,00";"+2,41";"+2,41";273;200;"B_left";17
120;"17";"-0,00";"-0,73";"+0,48";"-0,93";48;-93;"B_left";18
120;"2";"+2,93";"+1,52";"+2,73";"+2,00";293;152;"B_left";19
120;"21";"+2,00";"-0,73";"+2,41";"-0,41";241;-41;"A_left";20
120;"15";"-0,73";"-0,00";"-0,41";"-0,41";-41;-41;"B_left";21
120;"20";"+1,52";"-0,93";"+2,00";"-0,73";200;-73;"A_left";22
120;"14";"-0,93";"+0,48";"-0,73";"-0,00";-73;0;"A_left";23
121;"6";"+1,52";"+2,93";"+1,00";"+3,00";152;293;"B_left";0
121;"20";"+1,52";"-0,93";"+2,00";"-0,73";200;-73;"B_left";1
121;"3";"+2,73";"+2,00";"+2,41";"+2,41";273;200;"A_left";2
121;"11";"-0,73";"+2,00";"-0,93";"+1,52";-73;200;"B_left";3
121;"17";"-0,00";"-0,73";"+0,48";"-0,93";48;-93;"A_left";4
121;"19";"+1,00";"-1,00";"+1,52";"-0,93";152;-93;"A_left";5
121;"21";"+2,00";"-0,73";"+2,41";"-0,41";241;-41;"A_left";6
121;"16";"-0,41";"-0,41";"-0,00";"-0,73";0;-73;"B_left";7
121;"1";"+3,00";"+1,00";"+2,93";"+1,52";293;152;"A_left";8
121;"23";"+2,73";"-0,00";"+2,93";"+0,48";293;48;"A_left";9
121;"24";"+2,93";"+0,48";"+3,00";"+1,00";300;100;"B_left";10
121;"8";"+0,48";"+2,93";"+0,00";"+2,73";48;293;"B_left";11
121;"18";"+0,48";"-0,93";"+1,00";"-1,00";48;-93;"B_left";12
121;"9";"+0,00";"+2,73";"-0,41";"+2,41";0;273;"A_left";13
121;"7";"+1,00";"+3,00";"+0,48";"+2,93";100;300;"A_left";14
121;"22";"+2,41";"-0,41";"+2,73";"-0,00";273;0;"B_left";15
121;"4";"+2,41";"+2,41";"+2,00";"+2,73";241;241;"B_left";16
121;"5";"+2,00";"+2,73";"+1,52";"+2,93";200;273;"A_left";17
121;"13";"-1,00";"+1,00";"-0,93";"+0,48";-100;100;"A_left";18
121;"15";"-0,73";"-0,00";"-0,41";"-0,41";-41;-41;"B_left";19
121;"12";"-0,93";"+1,52";"-1,00";"+1,00";-93;152;"B_left";20
121;"10";"-0,41";"+2,41";"-0,73";"+2,00";-41;241;"A_left";21
121;"2";"+2,93";"+1,52";"+2,73";"+2,00";293;152;"B_left";22
121;"14";"-0,93";"+0,48";"-0,73";"-0,00";-73;0;"A_left";23
122;"16";"-0,41";"-0,41";"-0,00";"-0,73";0;-73;"B_left";0
122;"4";"+2,41";"+2,41";"+2,00";"+2,73";241;241;"A_left";1
122;"21";"+2,00";"-0,73";"+2,41";"-0,41";241;-41;"A_left";2
122;"17";"-0,00";"-0,73";"+0,48";"-0,93";48;-93;"A_left";3
122;"1";"+3,00";"+1,00";"+2,93";"+1,52";300;100;"A_left";4
122;"24";"+2,93";"+0,48";"+3,00";"+1,00";300;100;"A_left";5
122;"14";"-0,93";"+0,48";"-0,73";"-0,00";-73;0;"A_left";6
122;"12";"-0,93";"+1,52";"-1,00";"+1,00";-93;152;"A_left";7
122;"19";"+1,00";"-1,00";"+1,52";"-0,93";152;-93;"B_left";8
122;"5";"+2,00";"+2,73";"+1,52";"+2,93";200;273;"B_left";9
122;"22";"+2,41";"-0,41";"+2,73";"-0,00";241;-41;"B_left";10
122;"9";"+0,00";"+2,73";"-0,41";"+2,41";0;273;"A_left";11
122;"7";"+1,00";"+3,00";"+0,48";"+2,93";100;300;"A_left";12
122;"10";"-0,41";"+2,41";"-0,73";"+2,00";-41;241;"B_left";13
122;"13";"-1,00";"+1,00";"-0,93";"+0,48";-93;48;"A_left";14
122;"18";"+0,48";"-0,93";"+1,00";"-1,00";100;-100;"A_left";15
122;"11";"-0,73";"+2,00";"-0,93";"+1,52";-73;200;"A_left";16
122;"15";"-0,73";"-0,00";"-0,41";"-0,41";-41;-41;"A_left";17
122;"3";"+2,73";"+2,00";"+2,41";"+2,41";273;200;"B_left";18
122;"2";"+2,93";"+1,52";"+2,73";"+2,00";273;200;"A_left";19
122;"20";"+1,52";"-0,93";"+2,00";"-0,73";200;-73;"A_left";20
122;"23";"+2,73";"-0,00";"+2,93";"+0,48";293;48;"B_left";21
122;"6";"+1,52";"+2,93";"+1,00";"+3,00";152;293;"A_left";22
122;"8";"+0,48";"+2,93";"+0,00";"+2,73";48;293;"A_left";23
123;"4";"+2,41";"+2,41";"+2,00";"+2,73";241;241;"B_left";0
123;"2";"+2,93";"+1,52";"+2,73";"+2,00";293;152;"A_left";1
123;"1";"+3,00";"+1,00";"+2,93";"+1,52";300;100;"A_left";2
123;"9";"+0,00";"+2,73";"-0,41";"+2,41";0;273;"A_left";3
123;"19";"+1,00";"-1,00";"+1,52";"-0,93";152;-93;"A_left";4
123;"15";"-0,73";"-0,00";"-0,41";"-0,41";-41;-41;"A_left";5
123;"17";"-0,00";"-0,73";"+0,48";"-0,93";48;-93;"A_left";6
123;"22";"+2,41";"-0,41";"+2,73";"-0,00";273;0;"B_left";7
123;"6";"+1,52";"+2,93";"+1,00";"+3,00";152;293;"B_left";8
123;"10";"-0,41";"+2,41";"-0,73";"+2,00";-41;241;"A_left";9
123;"23";"+2,73";"-0,00";"+2,93";"+0,48";293;48;"A_left";10
123;"5";"+2,00";"+2,73";"+1,52";"+2,93";200;273;"B_left";11
123;"21";"+2,00";"-0,73";"+2,41";"-0,41";241;-41;"A_left";12
123;"16";"-0,41";"-0,41";"-0,00";"-0,73";0;-73;"A_left";13
123;"13";"-1,00";"+1,00";"-0,93";"+0,48";-93;48;"A_left";14
123;"8";"+0,48";"+2,93";"+0,00";"+2,73";48;293;"B_left";15
123;"3";"+2,73";"+2,00";"+2,41";"+2,41";273;200;"B_left";16
123;"24";"+2,93";"+0,48";"+3,00";"+1,00";300;100;"A_left";17
123;"18";"+0,48";"-0,93";"+1,00";"-1,00";100;-100;"A_left";18
123;"7";"+1,00";"+3,00";"+0,48";"+2,93";100;300;"B_left";19
123;"20";"+1,52";"-0,93";"+2,00";"-0,73";200;-73;"B_left";20
123;"11";"-0,73";"+2,00";"-0,93";"+1,52";-73;200;"A_left";21
123;"14";"-0,93";"+0,48";"-0,73";"-0,00";-73;0;"A_left";22
123;"12";"-0,93";"+1,52";"-1,00";"+1,00";-93;152;"B_left";23
124;"8";"+0,48";"+2,93";"+0,00";"+2,73";48;293;"B_left";0
124;"22";"+2,41";"-0,41";"+2,73";"-0,00";273;0;"B_left";1
124;"10";"-0,41";"+2,41";"-0,73";"+2,00";-41;241;"B_left";2
124;"16";"-0,41";"-0,41";"-0,00";"-0,73";0;-73;"A_left";3
124;"24";"+2,93";"+0,48";"+3,00";"+1,00";300;100;"B_left";4
124;"5";"+2,00";"+2,73";"+1,52";"+2,93";200;273;"A_left";5
124;"3";"+2,73";"+2,00";"+2,41";"+2,41";273;200;"B_left";6
124;"9";"+0,00";"+2,73";"-0,41";"+2,41";0;273;"B_left";7
124;"18";"+0,48";"-0,93";"+1,00";"-1,00";100;-100;"A_left";8
124;"7";"+1,00";"+3,00";"+0,48";"+2,93";100;300;"B_left";9
124;"13";"-1,00";"+1,00";"-0,93";"+0,48";-93;48;"A_left";10
124;"17";"-0,00";"-0,73";"+0,48";"-0,93";48;-93;"A_left";11
124;"20";"+1,52";"-0,93";"+2,00";"-0,73";200;-73;"B_left";12
124;"14";"-0,93";"+0,48";"-0,73";"-0,00";-73;0;"A_left";13
124;"19";"+1,00";"-1,00";"+1,52";"-0,93";152;-93;"A_left";14
124;"15";"-0,73";"-0,00";"-0,41";"-0,41";-41;-41;"B_left";15
124;"6";"+1,52";"+2,93";"+1,00";"+3,00";152;293;"B_left";16
124;"12";"-0,93";"+1,52";"-1,00";"+1,00";-93;152;"A_left";17
124;"1";"+3,00";"+1,00";"+2,93";"+1,52";300;100;"B_left";18
124;"4";"+2,41";"+2,41";"+2,00";"+2,73";241;241;"B_left";19
124;"23";"+2,73";"-0,00";"+2,93";"+0,48";293;48;"B_left";20
124;"11";"-0,73";"+2,00";"-0,93";"+1,52";-73;200;"A_left";21
124;"2";"+2,93";"+1,52";"+2,73";"+2,00";293;152;"A_left";22
124;"21";"+2,00";"-0,73";"+2,41";"-0,41";241;-41;"A_left";23
125;"3";"+2,73";"+2,00";"+2,41";"+2,41";273;200;"B_left";0
125;"19";"+1,00";"-1,00";"+1,52";"-0,93";152;-93;"B_left";1
125;"7";"+1,00";"+3,00";"+0,48";"+2,93";100;300;"A_left";2
125;"22";"+2,41";"-0,41";"+2,73";"-0,00";273;0;"A_left";3
125;"18";"+0,48";"-0,93";"+1,00";"-1,00";100;-100;"B_left";4
125;"23";"+2,73";"-0,00";"+2,93";"+0,48";293;48;"B_left";5
125;"20";"+1,52";"-0,93";"+2,00";"-0,73";200;-73;"B_left";6
125;"15";"-0,73";"-0,00";"-0,41";"-0,41";-41;-41;"B_left";7
125;"14";"-0,93";"+0,48";"-0,73";"-0,00";-73;0;"A_left";8
125;"13";"-1,00";"+1,00";"-0,93";"+0,48";-93;48;"A_left";9
125;"2";"+2,93";"+1,52";"+2,73";"+2,00";293;152;"B_left";10
125;"9";"+0,00";"+2,73";"-0,41";"+2,41";0;273;"B_left";11
125;"4";"+2,41";"+2,41";"+2,00";"+2,73";241;241;"B_left";12
125;"8";"+0,48";"+2,93";"+0,00";"+2,73";48;293;"B_left";13
125;"12";"-0,93";"+1,52";"-1,00";"+1,00";-93;152;"B_left";14
125;"16";"-0,41";"-0,41";"-0,00";"-0,73";0;-73;"B_left";15
125;"11";"-0,73";"+2,00";"-0,93";"+1,52";-73;200;"B_left";16
125;"1";"+3,00";"+1,00";"+2,93";"+1,52";300;100;"B_left";17
125;"24";"+2,93";"+0,48";"+3,00";"+1,00";300;100;"A_left";18
125;"17";"-0,00";"-0,73";"+0,48";"-0,93";48;-93;"B_left";19
125;"10";"-0,41";"+2,41";"-0,73";"+2,00";-41;241;"B_left";20
125;"5";"+2,00";"+2,73";"+1,52";"+2,93";200;273;"A_left";21
125;"21";"+2,00";"-0,73";"+2,41";"-0,41";241;-41;"A_left";22
125;"6";"+1,52";"+2,93";"+1,00";"+3,00";152;293;"B_left";23
126;"15";"-0,73";"-0,00";"-0,41";"-0,41";-41;-41;"A_left";0
126;"10";"-0,41";"+2,41";"-0,73";"+2,00";-41;241;"A_left";1
126;"16";"-0,41";"-0,41";"-0,00";"-0,73";0;-73;"B_left";2
126;"19";"+1,00";"-1,00";"+1,52";"-0,93";152;-93;"B_left";3
126;"12";"-0,93";"+1,52";"-1,00";"+1,00";-93;152;"B_left";4
126;"3";"+2,73";"+2,00";"+2,41";"+2,41";241;241;"A_left";5
126;"6";"+1,52";"+2,93";"+1,00";"+3,00";152;293;"B_left";6
126;"17";"-0,00";"-0,73";"+0,48";"-0,93";48;-93;"A_left";7
126;"13";"-1,00";"+1,00";"-0,93";"+0,48";-93;48;"A_left";8
126;"24";"+2,93";"+0,48";"+3,00";"+1,00";300;100;"A_left";9
126;"23";"+2,73";"-0,00";"+2,93";"+0,48";293;48;"A_left";10
126;"11";"-0,73";"+2,00";"-0,93";"+1,52";-73;200;"A_left";11
126;"22";"+2,41";"-0,41";"+2,73";"-0,00";273;0;"B_left";12
126;"2";"+2,93";"+1,52";"+2,73";"+2,00";293;152;"A_left";13
126;"20";"+1,52";"-0,93";"+2,00";"-0,73";200;-73;"B_left";14
126;"5";"+2,00";"+2,73";"+1,52";"+2,93";200;273;"A_left";15
126;"7";"+1,00";"+3,00";"+0,48";"+2,93";100;300;"B_left";16
126;"9";"+0,00";"+2,73";"-0,41";"+2,41";0;273;"B_left";17
126;"1";"+3,00";"+1,00";"+2,93";"+1,52";300;100;"B_left";18
126;"4";"+2,41";"+2,41";"+2,00";"+2,73";241;241;"A_left";19
126;"8";"+0,48";"+2,93";"+0,00";"+2,73";48;293;"A_left";20
126;"18";"+0,48";"-0,93";"+1,00";"-1,00";100;-100;"A_left";21
126;"21";"+2,00";"-0,73";"+2,41";"-0,41";241;-41;"A_left";22
126;"14";"-0,93";"+0,48";"-0,73";"-0,00";-73;0;"A_left";23
127;"19";"+1,00";"-1,00";"+1,52";"-0,93";152;-93;"A_left";0
127;"17";"-0,00";"-0,73";"+0,48";"-0,93";48;-93;"A_left";1
127;"22";"+2,41";"-0,41";"+2,73";"-0,00";273;0;"B_left";2
127;"20";"+1,52";"-0,93";"+2,00";"-0,73";200;-73;"A_left";3
127;"16";"-0,41";"-0,41";"-0,00";"-0,73";0;-73;"B_left";4
127;"3";"+2,73";"+2,00";"+2,41";"+2,41";241;241;"A_left";5
127;"5";"+2,00";"+2,73";"+1,52";"+2,93";200;273;"A_left";6
127;"13";"-1,00";"+1,00";"-0,93";"+0,48";-93;48;"A_left";7
127;"18";"+0,48";"-0,93";"+1,00";"-1,00";48;-93;"B_left";8
127;"1";"+3,00";"+1,00";"+2,93";"+1,52";293;152;"A_left";9
127;"11";"-0,73";"+2,00";"-0,93";"+1,52";-73;200;"A_left";10
127;"7";"+1,00";"+3,00";"+0,48";"+2,93";100;300;"A_left";11
127;"15";"-0,73";"-0,00";"-0,41";"-0,41";-41;-41;"A_left";12
127;"4";"+2,41";"+2,41";"+2,00";"+2,73";241;241;"A_left";13
127;"21";"+2,00";"-0,73";"+2,41";"-0,41";241;-41;"B_left";14
127;"12";"-0,93";"+1,52";"-1,00";"+1,00";-93;152;"B_left";15
127;"10";"-0,41";"+2,41";"-0,73";"+2,00";-41;241;"A_left";16
127;"9";"+0,00";"+2,73";"-0,41";"+2,41";0;273;"B_left";17
127;"6";"+1,52";"+2,93";"+1,00";"+3,00";152;293;"A_left";18
127;"23";"+2,73";"-0,00";"+2,93";"+0,48";293;48;"B_left";19
127;"8";"+0,48";"+2,93";"+0,00";"+2,73";48;293;"A_left";20
127;"24";"+2,93";"+0,48";"+3,00";"+1,00";300;100;"A_left";21
127;"14";"-0,93";"+0,48";"-0,73";"-0,00";-93;48;"B_left";22
127;"2";"+2,93";"+1,52";"+2,73";"+2,00";273;200;"A_left";23
128;"23";"+2,73";"-0,00";"+2,93";"+0,48";293;48;"A_left";0
128;"15";"-0,73";"-0,00";"-0,41";"-0,41";-41;-41;"B_left";1
128;"16";"-0,41";"-0,41";"-0,00";"-0,73";0;-73;"B_left";2
128;"9";"+0,00";"+2,73";"-0,41";"+2,41";0;273;"A_left";3
128;"3";"+2,73";"+2,00";"+2,41";"+2,41";273;200;"A_left";4
128;"18";"+0,48";"-0,93";"+1,00";"-1,00";100;-100;"B_left";5
128;"20";"+1,52";"-0,93";"+2,00";"-0,73";200;-73;"A_left";6
128;"19";"+1,00";"-1,00";"+1,52";"-0,93";152;-93;"A_left";7
128;"5";"+2,00";"+2,73";"+1,52";"+2,93";200;273;"B_left";8
128;"2";"+2,93";"+1,52";"+2,73";"+2,00";293;152;"A_left";9
128;"4";"+2,41";"+2,41";"+2,00";"+2,73";241;241;"A_left";10
128;"13";"-1,00";"+1,00";"-0,93";"+0,48";-93;48;"B_left";11
128;"11";"-0,73";"+2,00";"-0,93";"+1,52";-73;200;"A_left";12
128;"10";"-0,41";"+2,41";"-0,73";"+2,00";-41;241;"A_left";13
128;"1";"+3,00";"+1,00";"+2,93";"+1,52";300;100;"A_left";14
128;"17";"-0,00";"-0,73";"+0,48";"-0,93";48;-93;"B_left";15
128;"8";"+0,48";"+2,93";"+0,00";"+2,73";48;293;"A_left";16
128;"24";"+2,93";"+0,48";"+3,00";"+1,00";300;100;"B_left";17
128;"22";"+2,41";"-0,41";"+2,73";"-0,00";273;0;"A_left";18
128;"21";"+2,00";"-0,73";"+2,41";"-0,41";241;-41;"A_left";19
128;"7";"+1,00";"+3,00";"+0,48";"+2,93";100;300;"B_left";20
128;"14";"-0,93";"+0,48";"-0,73";"-0,00";-73;0;"A_left";21
128;"6";"+1,52";"+2,93";"+1,00";"+3,00";152;293;"B_left";22
128;"12";"-0,93";"+1,52";"-1,00";"+1,00";-93;152;"A_left";23
129;"8";"+0,48";"+2,93";"+0,00";"+2,73";48;293;"A_left";0
129;"11";"-0,73";"+2,00";"-0,93";"+1,52";-73;200;"B_left";1
129;"19";"+1,00";"-1,00";"+1,52";"-0,93";152;-93;"A_left";2
129;"6";"+1,52";"+2,93";"+1,00";"+3,00";152;293;"A_left";3
129;"18";"+0,48";"-0,93";"+1,00";"-1,00";48;-93;"B_left";4
129;"24";"+2,93";"+0,48";"+3,00";"+1,00";300;100;"B_left";5
129;"1";"+3,00";"+1,00";"+2,93";"+1,52";300;100;"A_left";6
129;"9";"+0,00";"+2,73";"-0,41";"+2,41";0;273;"B_left";7
129;"2";"+2,93";"+1,52";"+2,73";"+2,00";273;200;"A_left";8
129;"4";"+2,41";"+2,41";"+2,00";"+2,73";241;241;"B_left";9
129;"13";"-1,00";"+1,00";"-0,93";"+0,48";-93;48;"B_left";10
129;"15";"-0,73";"-0,00";"-0,41";"-0,41";-41;-41;"B_left";11
129;"17";"-0,00";"-0,73";"+0,48";"-0,93";48;-93;"B_left";12
129;"3";"+2,73";"+2,00";"+2,41";"+2,41";241;241;"B_left";13
129;"23";"+2,73";"-0,00";"+2,93";"+0,48";293;48;"B_left";14
129;"12";"-0,93";"+1,52";"-1,00";"+1,00";-93;152;"B_left";15
129;"16";"-0,41";"-0,41";"-0,00";"-0,73";0;-73;"A_left";16
129;"7";"+1,00";"+3,00";"+0,48";"+2,93";100;300;"A_left";17
129;"22";"+2,41";"-0,41";"+2,73";"-0,00";273;0;"B_left";18
129;"20";"+1,52";"-0,93";"+2,00";"-0,73";200;-73;"A_left";19
129;"14";"-0,93";"+0,48";"-0,73";"-0,00";-73;0;"B_left";20
129;"21";"+2,00";"-0,73";"+2,41";"-0,41";241;-41;"A_left";21
129;"10";"-0,41";"+2,41";"-0,73";"+2,00";-41;241;"B_left";22
129;"5";"+2,00";"+2,73";"+1,52";"+2,93";200;273;"A_left";23
130;"1";"+3,00";"+1,00";"+2,93";"+1,52";300;100;"A_left";0
130;"6";"+1,52";"+2,93";"+1,00";"+3,00";152;293;"B_left";1
130;"2";"+2,93";"+1,52";"+2,73";"+2,00";273;200;"B_left";2
130;"13";"-1,00";"+1,00";"-0,93";"+0,48";-100;100;"B_left";3
130;"8";"+0,48";"+2,93";"+0,00";"+2,73";48;293;"A_left";4
130;"19";"+1,00";"-1,00";"+1,52";"-0,93";152;-93;"B_left";5
130;"11";"-0,73";"+2,00";"-0,93";"+1,52";-73;200;"B_left";6
130;"4";"+2,41";"+2,41";"+2,00";"+2,73";241;241;"B_left";7
130;"10";"-0,41";"+2,41";"-0,73";"+2,00";-41;241;"A_left";8
130;"23";"+2,73";"-0,00";"+2,93";"+0,48";293;48;"A_left";9
130;"12";"-0,93";"+1,52";"-1,00";"+1,00";-93;152;"B_left";10
130;"21";"+2,00";"-0,73";"+2,41";"-0,41";241;-41;"A_left";11
130;"18";"+0,48";"-0,93";"+1,00";"-1,00";100;-100;"B_left";12
130;"14";"-0,93";"+0,48";"-0,73";"-0,00";-93;48;"A_left";13
130;"3";"+2,73";"+2,00";"+2,41";"+2,41";273;200;"A_left";14
130;"9";"+0,00";"+2,73";"-0,41";"+2,41";0;273;"A_left";15
130;"5";"+2,00";"+2,73";"+1,52";"+2,93";200;273;"B_left";16
130;"15";"-0,73";"-0,00";"-0,41";"-0,41";-41;-41;"B_left";17
130;"24";"+2,93";"+0,48";"+3,00";"+1,00";300;100;"A_left";18
130;"16";"-0,41";"-0,41";"-0,00";"-0,73";0;-73;"A_left";19
130;"20";"+1,52";"-0,93";"+2,00";"-0,73";200;-73;"A_left";20
130;"17";"-0,00";"-0,73";"+0,48";"-0,93";0;-73;"A_left";21
130;"22";"+2,41";"-0,41";"+2,73";"-0,00";273;0;"B_left";22
130;"7";"+1,00";"+3,00";"+0,48";"+2,93";100;300;"A_left";23
131;"10";"-0,41";"+2,41";"-0,73";"+2,00";-41;241;"B_left";0
131;"13";"-1,00";"+1,00";"-0,93";"+0,48";-100;100;"A_left";1
131;"18";"+0,48";"-0,93";"+1,00";"-1,00";100;-100;"A_left";2
131;"2";"+2,93";"+1,52";"+2,73";"+2,00";293;152;"A_left";3
131;"6";"+1,52";"+2,93";"+1,00";"+3,00";152;293;"B_left";4
131;"1";"+3,00";"+1,00";"+2,93";"+1,52";293;152;"B_left";5
131;"22";"+2,41";"-0,41";"+2,73";"-0,00";273;0;"B_left";6
131;"8";"+0,48";"+2,93";"+0,00";"+2,73";48;293;"A_left";7
131;"11";"-0,73";"+2,00";"-0,93";"+1,52";-73;200;"A_left";8
131;"19";"+1,00";"-1,00";"+1,52";"-0,93";152;-93;"A_left";9
131;"23";"+2,73";"-0,00";"+2,93";"+0,48";293;48;"A_left";10
131;"14";"-0,93";"+0,48";"-0,73";"-0,00";-73;0;"A_left";11
131;"5";"+2,00";"+2,73";"+1,52";"+2,93";200;273;"A_left";12
131;"12";"-0,93";"+1,52";"-1,00";"+1,00";-93;152;"B_left";13
131;"17";"-0,00";"-0,73";"+0,48";"-0,93";48;-93;"A_left";14
131;"21";"+2,00";"-0,73";"+2,41";"-0,41";241;-41;"A_left";15
131;"15";"-0,73";"-0,00";"-0,41";"-0,41";-41;-41;"A_left";16
131;"9";"+0,00";"+2,73";"-0,41";"+2,41";0;273;"A_left";17
131;"3";"+2,73";"+2,00";"+2,41";"+2,41";273;200;"A_left";18
131;"16";"-0,41";"-0,41";"-0,00";"-0,73";0;-73;"A_left";19
131;"20";"+1,52";"-0,93";"+2,00";"-0,73";200;-73;"A_left";20
131;"7";"+1,00";"+3,00";"+0,48";"+2,93";100;300;"A_left";21
131;"24";"+2,93";"+0,48";"+3,00";"+1,00";300;100;"A_left";22
131;"4";"+2,41";"+2,41";"+2,00";"+2,73";241;241;"A_left";23
132;"8";"+0,48";"+2,93";"+0,00";"+2,73";48;293;"B_left";0
132;"18";"+0,48";"-0,93";"+1,00";"-1,00";100;-100;"B_left";1
132;"17";"-0,00";"-0,73";"+0,48";"-0,93";48;-93;"A_left";2
132;"4";"+2,41";"+2,41";"+2,00";"+2,73";241;241;"A_left";3
132;"2";"+2,93";"+1,52";"+2,73";"+2,00";273;200;"A_left";4
132;"19";"+1,00";"-1,00";"+1,52";"-0,93";152;-93;"A_left";5
132;"24";"+2,93";"+0,48";"+3,00";"+1,00";300;100;"B_left";6
132;"9";"+0,00";"+2,73";"-0,41";"+2,41";0;273;"A_left";7
132;"3";"+2,73";"+2,00";"+2,41";"+2,41";241;241;"A_left";8
132;"7";"+1,00";"+3,00";"+0,48";"+2,93";100;300;"A_left";9
132;"11";"-0,73";"+2,00";"-0,93";"+1,52";-73;200;"B_left";10
132;"12";"-0,93";"+1,52";"-1,00";"+1,00";-93;152;"B_left";11
132;"20";"+1,52";"-0,93";"+2,00";"-0,73";200;-73;"A_left";12
132;"13";"-1,00";"+1,00";"-0,93";"+0,48";-100;100;"A_left";13
132;"10";"-0,41";"+2,41";"-0,73";"+2,00";-41;241;"B_left";14
132;"5";"+2,00";"+2,73";"+1,52";"+2,93";200;273;"A_left";15
132;"16";"-0,41";"-0,41";"-0,00";"-0,73";-41;-41;"A_left";16
132;"14";"-0,93";"+0,48";"-0,73";"-0,00";-93;48;"B_left";17
132;"6";"+1,52";"+2,93";"+1,00";"+3,00";152;293;"A_left";18
132;"1";"+3,00";"+1,00";"+2,93";"+1,52";293;152;"B_left";19
132;"23";"+2,73";"-0,00";"+2,93";"+0,48";293;48;"A_left";20
132;"21";"+2,00";"-0,73";"+2,41";"-0,41";241;-41;"A_left";21
132;"15";"-0,73";"-0,00";"-0,41";"-0,41";-41;-41;"B_left";22
132;"22";"+2,41";"-0,41";"+2,73";"-0,00";273;0;"B_left";23
133;"4";"+2,41";"+2,41";"+2,00";"+2,73";241;241;"B_left";0
133;"5";"+2,00";"+2,73";"+1,52";"+2,93";200;273;"A_left";1
133;"22";"+2,41";"-0,41";"+2,73";"-0,00";273;0;"A_left";2
133;"10";"-0,41";"+2,41";"-0,73";"+2,00";-41;241;"A_left";3
133;"21";"+2,00";"-0,73";"+2,41";"-0,41";241;-41;"B_left";4
133;"20";"+1,52";"-0,93";"+2,00";"-0,73";200;-73;"A_left";5
133;"23";"+2,73";"-0,00";"+2,93";"+0,48";293;48;"B_left";6
133;"1";"+3,00";"+1,00";"+2,93";"+1,52";293;152;"B_left";7
133;"3";"+2,73";"+2,00";"+2,41";"+2,41";273;200;"A_left";8
133;"18";"+0,48";"-0,93";"+1,00";"-1,00";48;-93;"B_left";9
133;"9";"+0,00";"+2,73";"-0,41";"+2,41";0;273;"A_left";10
133;"6";"+1,52";"+2,93";"+1,00";"+3,00";152;293;"B_left";11
133;"19";"+1,00";"-1,00";"+1,52";"-0,93";152;-93;"B_left";12
133;"12";"-0,93";"+1,52";"-1,00";"+1,00";-93;152;"B_left";13
133;"7";"+1,00";"+3,00";"+0,48";"+2,93";100;300;"B_left";14
133;"16";"-0,41";"-0,41";"-0,00";"-0,73";-41;-41;"B_left";15
133;"15";"-0,73";"-0,00";"-0,41";"-0,41";-41;-41;"B_left";16
133;"24";"+2,93";"+0,48";"+3,00";"+1,00";300;100;"B_left";17
133;"11";"-0,73";"+2,00";"-0,93";"+1,52";-73;200;"B_left";18
133;"17";"-0,00";"-0,73";"+0,48";"-0,93";48;-93;"B_left";19
133;"2";"+2,93";"+1,52";"+2,73";"+2,00";293;152;"A_left";20
133;"13";"-1,00";"+1,00";"-0,93";"+0,48";-100;100;"A_left";21
133;"8";"+0,48";"+2,93";"+0,00";"+2,73";48;293;"B_left";22
133;"14";"-0,93";"+0,48";"-0,73";"-0,00";-73;0;"A_left";23
134;"6";"+1,52";"+2,93";"+1,00";"+3,00";152;293;"B_left";0
134;"16";"-0,41";"-0,41";"-0,00";"-0,73";0;-73;"A_left";1
134;"22";"+2,41";"-0,41";"+2,73";"-0,00";273;0;"B_left";2
134;"13";"-1,00";"+1,00";"-0,93";"+0,48";-100;100;"B_left";3
134;"7";"+1,00";"+3,00";"+0,48";"+2,93";100;300;"A_left";4
134;"12";"-0,93";"+1,52";"-1,00";"+1,00";-93;152;"A_left";5
134;"23";"+2,73";"-0,00";"+2,93";"+0,48";293;48;"B_left";6
134;"8";"+0,48";"+2,93";"+0,00";"+2,73";48;293;"B_left";7
134;"10";"-0,41";"+2,41";"-0,73";"+2,00";-41;241;"B_left";8
134;"20";"+1,52";"-0,93";"+2,00";"-0,73";200;-73;"A_left";9
134;"15";"-0,73";"-0,00";"-0,41";"-0,41";-73;0;"A_left";10
134;"14";"-0,93";"+0,48";"-0,73";"-0,00";-73;0;"A_left";11
134;"3";"+2,73";"+2,00";"+2,41";"+2,41";241;241;"B_left";12
134;"2";"+2,93";"+1,52";"+2,73";"+2,00";273;200;"B_left";13
134;"24";"+2,93";"+0,48";"+3,00";"+1,00";300;100;"B_left";14
134;"19";"+1,00";"-1,00";"+1,52";"-0,93";152;-93;"B_left";15
134;"1";"+3,00";"+1,00";"+2,93";"+1,52";293;152;"B_left";16
134;"21";"+2,00";"-0,73";"+2,41";"-0,41";241;-41;"B_left";17
134;"17";"-0,00";"-0,73";"+0,48";"-0,93";0;-73;"A_left";18
134;"9";"+0,00";"+2,73";"-0,41";"+2,41";0;273;"B_left";19
134;"4";"+2,41";"+2,41";"+2,00";"+2,73";241;241;"A_left";20
134;"5";"+2,00";"+2,73";"+1,52";"+2,93";200;273;"A_left";21
134;"18";"+0,48";"-0,93";"+1,00";"-1,00";100;-100;"A_left";22
134;"11";"-0,73";"+2,00";"-0,93";"+1,52";-73;200;"B_left";23
135;"2";"+2,93";"+1,52";"+2,73";"+2,00";273;200;"B_left";0
135;"22";"+2,41";"-0,41";"+2,73";"-0,00";273;0;"B_left";1
135;"20";"+1,52";"-0,93";"+2,00";"-0,73";200;-73;"A_left";2
135;"8";"+0,48";"+2,93";"+0,00";"+2,73";48;293;"A_left";3
135;"1";"+3,00";"+1,00";"+2,93";"+1,52";293;152;"A_left";4
135;"10";"-0,41";"+2,41";"-0,73";"+2,00";-41;241;"B_left";5
135;"19";"+1,00";"-1,00";"+1,52";"-0,93";152;-93;"B_left";6
135;"6";"+1,52";"+2,93";"+1,00";"+3,00";152;293;"A_left";7
135;"9";"+0,00";"+2,73";"-0,41";"+2,41";0;273;"A_left";8
135;"12";"-0,93";"+1,52";"-1,00";"+1,00";-93;152;"A_left";9
135;"5";"+2,00";"+2,73";"+1,52";"+2,93";200;273;"A_left";10
135;"3";"+2,73";"+2,00";"+2,41";"+2,41";241;241;"B_left";11
135;"4";"+2,41";"+2,41";"+2,00";"+2,73";241;241;"B_left";12
135;"17";"-0,00";"-0,73";"+0,48";"-0,93";0;-73;"A_left";13
135;"14";"-0,93";"+0,48";"-0,73";"-0,00";-73;0;"B_left";14
135;"24";"+2,93";"+0,48";"+3,00";"+1,00";300;100;"B_left";15
135;"23";"+2,73";"-0,00";"+2,93";"+0,48";293;48;"A_left";16
135;"16";"-0,41";"-0,41";"-0,00";"-0,73";0;-73;"B_left";17
135;"11";"-0,73";"+2,00";"-0,93";"+1,52";-73;200;"B_left";18
135;"7";"+1,00";"+3,00";"+0,48";"+2,93";100;300;"B_left";19
135;"13";"-1,00";"+1,00";"-0,93";"+0,48";-100;100;"A_left";20
135;"21";"+2,00";"-0,73";"+2,41";"-0,41";241;-41;"B_left";21
135;"18";"+0,48";"-0,93";"+1,00";"-1,00";100;-100;"B_left";22
135;"15";"-0,73";"-0,00";"-0,41";"-0,41";-73;0;"A_left";23
136;"16";"-0,41";"-0,41";"-0,00";"-0,73";0;-73;"B_left";0
136;"15";"-0,73";"-0,00";"-0,41";"-0,41";-41;-41;"B_left";1
136;"10";"-0,41";"+2,41";"-0,73";"+2,00";-41;241;"A_left";2
136;"11";"-0,73";"+2,00";"-0,93";"+1,52";-73;200;"B_left";3
136;"18";"+0,48";"-0,93";"+1,00";"-1,00";100;-100;"B_left";4
136;"17";"-0,00";"-0,73";"+0,48";"-0,93";48;-93;"A_left";5
136;"8";"+0,48";"+2,93";"+0,00";"+2,73";48;293;"A_left";6
136;"20";"+1,52";"-0,93";"+2,00";"-0,73";200;-73;"A_left";7
136;"6";"+1,52";"+2,93";"+1,00";"+3,00";152;293;"A_left";8
136;"21";"+2,00";"-0,73";"+2,41";"-0,41";241;-41;"A_left";9
136;"14";"-0,93";"+0,48";"-0,73";"-0,00";-73;0;"A_left";10
136;"12";"-0,93";"+1,52";"-1,00";"+1,00";-93;152;"B_left";11
136;"13";"-1,00";"+1,00";"-0,93";"+0,48";-100;100;"B_left";12
136;"1";"+3,00";"+1,00";"+2,93";"+1,52";293;152;"A_left";13
136;"22";"+2,41";"-0,41";"+2,73";"-0,00";273;0;"B_left";14
136;"23";"+2,73";"-0,00";"+2,93";"+0,48";293;48;"A_left";15
136;"2";"+2,93";"+1,52";"+2,73";"+2,00";293;152;"B_left";16
136;"7";"+1,00";"+3,00";"+0,48";"+2,93";100;300;"A_left";17
136;"9";"+0,00";"+2,73";"-0,41";"+2,41";0;273;"B_left";18
136;"5";"+2,00";"+2,73";"+1,52";"+2,93";200;273;"A_left";19
136;"24";"+2,93";"+0,48";"+3,00";"+1,00";300;100;"A_left";20
136;"4";"+2,41";"+2,41";"+2,00";"+2,73";241;241;"A_left";21
136;"3";"+2,73";"+2,00";"+2,41";"+2,41";273;200;"A_left";22
136;"19";"+1,00";"-1,00";"+1,52";"-0,93";152;-93;"B_left";23
137;"20";"+1,52";"-0,93";"+2,00";"-0,73";200;-73;"B_left";0
137;"22";"+2,41";"-0,41";"+2,73";"-0,00";273;0;"B_left";1
137;"6";"+1,52";"+2,93";"+1,00";"+3,00";152;293;"B_left";2
137;"10";"-0,41";"+2,41";"-0,73";"+2,00";-41;241;"B_left";3
137;"15";"-0,73";"-0,00";"-0,41";"-0,41";-41;-41;"A_left";4
137;"1";"+3,00";"+1,00";"+2,93";"+1,52";293;152;"A_left";5
137;"4";"+2,41";"+2,41";"+2,00";"+2,73";241;241;"A_left";6
137;"3";"+2,73";"+2,00";"+2,41";"+2,41";241;241;"A_left";7
137;"9";"+0,00";"+2,73";"-0,41";"+2,41";0;273;"B_left";8
137;"11";"-0,73";"+2,00";"-0,93";"+1,52";-73;200;"B_left";9
137;"2";"+2,93";"+1,52";"+2,73";"+2,00";293;152;"A_left";10
137;"13";"-1,00";"+1,00";"-0,93";"+0,48";-93;48;"A_left";11
137;"18";"+0,48";"-0,93";"+1,00";"-1,00";100;-100;"A_left";12
137;"23";"+2,73";"-0,00";"+2,93";"+0,48";293;48;"A_left";13
137;"8";"+0,48";"+2,93";"+0,00";"+2,73";48;293;"A_left";14
137;"7";"+1,00";"+3,00";"+0,48";"+2,93";100;300;"B_left";15
137;"16";"-0,41";"-0,41";"-0,00";"-0,73";0;-73;"B_left";16
137;"19";"+1,00";"-1,00";"+1,52";"-0,93";152;-93;"B_left";17
137;"5";"+2,00";"+2,73";"+1,52";"+2,93";200;273;"B_left";18
137;"17";"-0,00";"-0,73";"+0,48";"-0,93";0;-73;"A_left";19
137;"14";"-0,93";"+0,48";"-0,73";"-0,00";-73;0;"B_left";20
137;"24";"+2,93";"+0,48";"+3,00";"+1,00";300;100;"A_left";21
137;"12";"-0,93";"+1,52";"-1,00";"+1,00";-93;152;"B_left";22
137;"21";"+2,00";"-0,73";"+2,41";"-0,41";241;-41;"A_left";23
138;"9";"+0,00";"+2,73";"-0,41";"+2,41";0;273;"A_left";0
138;"14";"-0,93";"+0,48";"-0,73";"-0,00";-73;0;"B_left";1
138;"1";"+3,00";"+1,00";"+2,93";"+1,52";293;152;"B_left";2
138;"17";"-0,00";"-0,73";"+0,48";"-0,93";0;-73;"A_left";3
138;"13";"-1,00";"+1,00";"-0,93";"+0,48";-93;48;"B_left";4
138;"12";"-0,93";"+1,52";"-1,00";"+1,00";-100;100;"B_left";5
138;"4";"+2,41";"+2,41";"+2,00";"+2,73";241;241;"B_left";6
138;"24";"+2,93";"+0,48";"+3,00";"+1,00";300;100;"B_left";7
138;"6";"+1,52";"+2,93";"+1,00";"+3,00";152;293;"A_left";8
138;"15";"-0,73";"-0,00";"-0,41";"-0,41";-41;-41;"B_left";9
138;"20";"+1,52";"-0,93";"+2,00";"-0,73";152;-93;"B_left";10
138;"16";"-0,41";"-0,41";"-0,00";"-0,73";-41;-41;"A_left";11
138;"5";"+2,00";"+2,73";"+1,52";"+2,93";200;273;"B_left";12
138;"19";"+1,00";"-1,00";"+1,52";"-0,93";100;-100;"B_left";13
138;"8";"+0,48";"+2,93";"+0,00";"+2,73";48;293;"A_left";14
138;"10";"-0,41";"+2,41";"-0,73";"+2,00";-73;200;"B_left";15
138;"23";"+2,73";"-0,00";"+2,93";"+0,48";273;0;"A_left";16
138;"7";"+1,00";"+3,00";"+0,48";"+2,93";100;300;"A_left";17
138;"22";"+2,41";"-0,41";"+2,73";"-0,00";241;-41;"B_left";18
138;"18";"+0,48";"-0,93";"+1,00";"-1,00";48;-93;"A_left";19
138;"11";"-0,73";"+2,00";"-0,93";"+1,52";-93;152;"B_left";20
138;"21";"+2,00";"-0,73";"+2,41";"-0,41";200;-73;"B_left";21
138;"2";"+2,93";"+1,52";"+2,73";"+2,00";273;200;"B_left";22
138;"3";"+2,73";"+2,00";"+2,41";"+2,41";241;241;"A_left";23
139;"11";"-0,73";"+2,00";"-0,93";"+1,52";-73;200;"A_left";0
139;"18";"+0,48";"-0,93";"+1,00";"-1,00";100;-100;"B_left";1
139;"5";"+2,00";"+2,73";"+1,52";"+2,93";200;273;"A_left";2
139;"13";"-1,00";"+1,00";"-0,93";"+0,48";-93;48;"A_left";3
139;"8";"+0,48";"+2,93";"+0,00";"+2,73";48;293;"B_left";4
139;"7";"+1,00";"+3,00";"+0,48";"+2,93";100;300;"B_left";5
139;"23";"+2,73";"-0,00";"+2,93";"+0,48";293;48;"A_left";6
139;"1";"+3,00";"+1,00";"+2,93";"+1,52";300;100;"A_left";7
139;"9";"+0,00";"+2,73";"-0,41";"+2,41";0;273;"A_left";8
139;"4";"+2,41";"+2,41";"+2,00";"+2,73";241;241;"B_left";9
139;"24";"+2,93";"+0,48";"+3,00";"+1,00";300;100;"B_left";10
139;"3";"+2,73";"+2,00";"+2,41";"+2,41";273;200;"B_left";11
139;"22";"+2,41";"-0,41";"+2,73";"-0,00";273;0;"B_left";12
139;"17";"-0,00";"-0,73";"+0,48";"-0,93";48;-93;"B_left";13
139;"10";"-0,41";"+2,41";"-0,73";"+2,00";-41;241;"A_left";14
139;"6";"+1,52";"+2,93";"+1,00";"+3,00";152;293;"A_left";15
139;"14";"-0,93";"+0,48";"-0,73";"-0,00";-73;0;"A_left";16
139;"12";"-0,93";"+1,52";"-1,00";"+1,00";-93;152;"A_left";17
139;"15";"-0,73";"-0,00";"-0,41";"-0,41";-41;-41;"A_left";18
139;"20";"+1,52";"-0,93";"+2,00";"-0,73";200;-73;"A_left";19
139;"2";"+2,93";"+1,52";"+2,73";"+2,00";293;152;"B_left";20
139;"19";"+1,00";"-1,00";"+1,52";"-0,93";152;-93;"A_left";21
139;"16";"-0,41";"-0,41";"-0,00";"-0,73";0;-73;"A_left";22
139;"21";"+2,00";"-0,73";"+2,41";"-0,41";241;-41;"A_left";23
140;"22";"+2,41";"-0,41";"+2,73";"-0,00";273;0;"A_left";0
140;"5";"+2,00";"+2,73";"+1,52";"+2,93";200;273;"A_left";1
140;"8";"+0,48";"+2,93";"+0,00";"+2,73";48;293;"A_left";2
140;"7";"+1,00";"+3,00";"+0,48";"+2,93";100;300;"B_left";3
140;"9";"+0,00";"+2,73";"-0,41";"+2,41";0;273;"B_left";4
140;"23";"+2,73";"-0,00";"+2,93";"+0,48";273;0;"B_left";5
140;"21";"+2,00";"-0,73";"+2,41";"-0,41";241;-41;"A_left";6
140;"16";"-0,41";"-0,41";"-0,00";"-0,73";0;-73;"B_left";7
140;"3";"+2,73";"+2,00";"+2,41";"+2,41";241;241;"B_left";8
140;"18";"+0,48";"-0,93";"+1,00";"-1,00";100;-100;"B_left";9
140;"24";"+2,93";"+0,48";"+3,00";"+1,00";300;100;"A_left";10
140;"19";"+1,00";"-1,00";"+1,52";"-0,93";152;-93;"A_left";11
140;"14";"-0,93";"+0,48";"-0,73";"-0,00";-73;0;"A_left";12
140;"12";"-0,93";"+1,52";"-1,00";"+1,00";-93;152;"B_left";13
140;"20";"+1,52";"-0,93";"+2,00";"-0,73";200;-73;"A_left";14
140;"6";"+1,52";"+2,93";"+1,00";"+3,00";152;293;"A_left";15
140;"15";"-0,73";"-0,00";"-0,41";"-0,41";-41;-41;"B_left";16
140;"4";"+2,41";"+2,41";"+2,00";"+2,73";241;241;"B_left";17
140;"13";"-1,00";"+1,00";"-0,93";"+0,48";-93;48;"B_left";18
140;"1";"+3,00";"+1,00";"+2,93";"+1,52";300;100;"A_left";19
140;"2";"+2,93";"+1,52";"+2,73";"+2,00";293;152;"A_left";20
140;"17";"-0,00";"-0,73";"+0,48";"-0,93";0;-73;"B_left";21
140;"10";"-0,41";"+2,41";"-0,73";"+2,00";-41;241;"A_left";22
140;"11";"-0,73";"+2,00";"-0,93";"+1,52";-73;200;"B_left";23
141;"12";"-0,93";"+1,52";"-1,00";"+1,00";-93;152;"A_left";0
141;"2";"+2,93";"+1,52";"+2,73";"+2,00";273;200;"B_left";1
141;"23";"+2,73";"-0,00";"+2,93";"+0,48";293;48;"B_left";2
141;"3";"+2,73";"+2,00";"+2,41";"+2,41";241;241;"A_left";3
141;"7";"+1,00";"+3,00";"+0,48";"+2,93";100;300;"B_left";4
141;"20";"+1,52";"-0,93";"+2,00";"-0,73";200;-73;"B_left";5
141;"24";"+2,93";"+0,48";"+3,00";"+1,00";300;100;"B_left";6
141;"1";"+3,00";"+1,00";"+2,93";"+1,52";293;152;"A_left";7
141;"16";"-0,41";"-0,41";"-0,00";"-0,73";0;-73;"A_left";8
141;"11";"-0,73";"+2,00";"-0,93";"+1,52";-73;200;"B_left";9
141;"10";"-0,41";"+2,41";"-0,73";"+2,00";-41;241;"A_left";10
141;"15";"-0,73";"-0,00";"-0,41";"-0,41";-41;-41;"B_left";11
141;"17";"-0,00";"-0,73";"+0,48";"-0,93";48;-93;"A_left";12
141;"9";"+0,00";"+2,73";"-0,41";"+2,41";0;273;"B_left";13
141;"4";"+2,41";"+2,41";"+2,00";"+2,73";241;241;"A_left";14
141;"18";"+0,48";"-0,93";"+1,00";"-1,00";100;-100;"A_left";15
141;"19";"+1,00";"-1,00";"+1,52";"-0,93";152;-93;"B_left";16
141;"14";"-0,93";"+0,48";"-0,73";"-0,00";-73;0;"B_left";17
141;"13";"-1,00";"+1,00";"-0,93";"+0,48";-100;100;"A_left";18
141;"22";"+2,41";"-0,41";"+2,73";"-0,00";273;0;"B_left";19
141;"5";"+2,00";"+2,73";"+1,52";"+2,93";200;273;"A_left";20
141;"8";"+0,48";"+2,93";"+0,00";"+2,73";48;293;"A_left";21
141;"6";"+1,52";"+2,93";"+1,00";"+3,00";152;293;"A_left";22
141;"21";"+2,00";"-0,73";"+2,41";"-0,41";241;-41;"A_left";23
142;"5";"+2,00";"+2,73";"+1,52";"+2,93";200;273;"A_left";0
142;"14";"-0,93";"+0,48";"-0,73";"-0,00";-73;0;"A_left";1
142;"11";"-0,73";"+2,00";"-0,93";"+1,52";-73;200;"B_left";2
142;"16";"-0,41";"-0,41";"-0,00";"-0,73";0;-73;"B_left";3
142;"9";"+0,00";"+2,73";"-0,41";"+2,41";0;273;"A_left";4
142;"17";"-0,00";"-0,73";"+0,48";"-0,93";0;-73;"A_left";5
142;"13";"-1,00";"+1,00";"-0,93";"+0,48";-100;100;"A_left";6
142;"10";"-0,41";"+2,41";"-0,73";"+2,00";-41;241;"B_left";7
142;"6";"+1,52";"+2,93";"+1,00";"+3,00";152;293;"A_left";8
142;"23";"+2,73";"-0,00";"+2,93";"+0,48";293;48;"B_left";9
142;"12";"-0,93";"+1,52";"-1,00";"+1,00";-93;152;"B_left";10
142;"21";"+2,00";"-0,73";"+2,41";"-0,41";241;-41;"A_left";11
142;"24";"+2,93";"+0,48";"+3,00";"+1,00";300;100;"B_left";12
142;"22";"+2,41";"-0,41";"+2,73";"-0,00";273;0;"A_left";13
142;"20";"+1,52";"-0,93";"+2,00";"-0,73";200;-73;"B_left";14
142;"4";"+2,41";"+2,41";"+2,00";"+2,73";241;241;"B_left";15
142;"19";"+1,00";"-1,00";"+1,52";"-0,93";152;-93;"B_left";16
142;"7";"+1,00";"+3,00";"+0,48";"+2,93";100;300;"A_left";17
142;"18";"+0,48";"-0,93";"+1,00";"-1,00";100;-100;"B_left";18
142;"8";"+0,48";"+2,93";"+0,00";"+2,73";48;293;"B_left";19
142;"3";"+2,73";"+2,00";"+2,41";"+2,41";273;200;"B_left";20
142;"15";"-0,73";"-0,00";"-0,41";"-0,41";-41;-41;"A_left";21
142;"2";"+2,93";"+1,52";"+2,73";"+2,00";273;200;"A_left";22
142;"1";"+3,00";"+1,00";"+2,93";"+1,52";300;100;"A_left";23
143;"14";"-0,93";"+0,48";"-0,73";"-0,00";-73;0;"B_left";0
143;"23";"+2,73";"-0,00";"+2,93";"+0,48";293;48;"A_left";1
143;"21";"+2,00";"-0,73";"+2,41";"-0,41";241;-41;"A_left";2
143;"13";"-1,00";"+1,00";"-0,93";"+0,48";-100;100;"A_left";3
143;"5";"+2,00";"+2,73";"+1,52";"+2,93";200;273;"A_left";4
143;"18";"+0,48";"-0,93";"+1,00";"-1,00";100;-100;"B_left";5
143;"20";"+1,52";"-0,93";"+2,00";"-0,73";200;-73;"A_left";6
143;"16";"-0,41";"-0,41";"-0,00";"-0,73";0;-73;"A_left";7
143;"3";"+2,73";"+2,00";"+2,41";"+2,41";273;200;"A_left";8
143;"22";"+2,41";"-0,41";"+2,73";"-0,00";273;0;"A_left";9
143;"4";"+2,41";"+2,41";"+2,00";"+2,73";241;241;"A_left";10
143;"12";"-0,93";"+1,52";"-1,00";"+1,00";-93;152;"B_left";11
143;"2";"+2,93";"+1,52";"+2,73";"+2,00";273;200;"A_left";12
143;"17";"-0,00";"-0,73";"+0,48";"-0,93";48;-93;"A_left";13
143;"1";"+3,00";"+1,00";"+2,93";"+1,52";293;152;"A_left";14
143;"24";"+2,93";"+0,48";"+3,00";"+1,00";300;100;"A_left";15
143;"8";"+0,48";"+2,93";"+0,00";"+2,73";48;293;"B_left";16
143;"10";"-0,41";"+2,41";"-0,73";"+2,00";-41;241;"B_left";17
143;"19";"+1,00";"-1,00";"+1,52";"-0,93";152;-93;"B_left";18
143;"9";"+0,00";"+2,73";"-0,41";"+2,41";0;273;"A_left";19
143;"11";"-0,73";"+2,00";"-0,93";"+1,52";-73;200;"A_left";20
143;"7";"+1,00";"+3,00";"+0,48";"+2,93";100;300;"A_left";21
143;"6";"+1,52";"+2,93";"+1,00";"+3,00";152;293;"B_left";22
143;"15";"-0,73";"-0,00";"-0,41";"-0,41";-41;-41;"A_left";23
144;"6";"+1,52";"+2,93";"+1,00";"+3,00";152;293;"A_left";0
144;"10";"-0,41";"+2,41";"-0,73";"+2,00";-41;241;"B_left";1
144;"2";"+2,93";"+1,52";"+2,73";"+2,00";273;200;"B_left";2
144;"3";"+2,73";"+2,00";"+2,41";"+2,41";241;241;"B_left";3
144;"19";"+1,00";"-1,00";"+1,52";"-0,93";152;-93;"A_left";4
144;"20";"+1,52";"-0,93";"+2,00";"-0,73";200;-73;"B_left";5
144;"5";"+2,00";"+2,73";"+1,52";"+2,93";200;273;"B_left";6
144;"12";"-0,93";"+1,52";"-1,00";"+1,00";-93;152;"A_left";7
144;"4";"+2,41";"+2,41";"+2,00";"+2,73";241;241;"A_left";8
144;"15";"-0,73";"-0,00";"-0,41";"-0,41";-41;-41;"B_left";9
144;"13";"-1,00";"+1,00";"-0,93";"+0,48";-100;100;"B_left";10
144;"17";"-0,00";"-0,73";"+0,48";"-0,93";48;-93;"A_left";11
144;"14";"-0,93";"+0,48";"-0,73";"-0,00";-93;48;"A_left";12
144;"11";"-0,73";"+2,00";"-0,93";"+1,52";-73;200;"A_left";13
144;"22";"+2,41";"-0,41";"+2,73";"-0,00";273;0;"A_left";14
144;"23";"+2,73";"-0,00";"+2,93";"+0,48";293;48;"A_left";15
144;"24";"+2,93";"+0,48";"+3,00";"+1,00";300;100;"A_left";16
144;"1";"+3,00";"+1,00";"+2,93";"+1,52";293;152;"A_left";17
144;"16";"-0,41";"-0,41";"-0,00";"-0,73";-41;-41;"A_left";18
144;"9";"+0,00";"+2,73";"-0,41";"+2,41";0;273;"A_left";19
144;"8";"+0,48";"+2,93";"+0,00";"+2,73";48;293;"A_left";20
144;"7";"+1,00";"+3,00";"+0,48";"+2,93";48;293;"B_left";21
144;"21";"+2,00";"-0,73";"+2,41";"-0,41";241;-41;"A_left";22
144;"18";"+0,48";"-0,93";"+1,00";"-1,00";100;-100;"B_left";23
145;"3";"+2,73";"+2,00";"+2,41";"+2,41";241;241;"A_left";0
145;"19";"+1,00";"-1,00";"+1,52";"-0,93";152;-93;"B_left";1
145;"14";"-0,93";"+0,48";"-0,73";"-0,00";-73;0;"B_left";2
145;"20";"+1,52";"-0,93";"+2,00";"-0,73";200;-73;"B_left";3
145;"23";"+2,73";"-0,00";"+2,93";"+0,48";293;48;"B_left";4
145;"8";"+0,48";"+2,93";"+0,00";"+2,73";48;293;"B_left";5
145;"5";"+2,00";"+2,73";"+1,52";"+2,93";200;273;"A_left";6
145;"6";"+1,52";"+2,93";"+1,00";"+3,00";152;293;"B_left";7
145;"16";"-0,41";"-0,41";"-0,00";"-0,73";0;-73;"B_left";8
145;"2";"+2,93";"+1,52";"+2,73";"+2,00";273;200;"A_left";9
145;"11";"-0,73";"+2,00";"-0,93";"+1,52";-73;200;"A_left";10
145;"12";"-0,93";"+1,52";"-1,00";"+1,00";-93;152;"A_left";11
145;"1";"+3,00";"+1,00";"+2,93";"+1,52";293;152;"B_left";12
145;"13";"-1,00";"+1,00";"-0,93";"+0,48";-93;48;"B_left";13
145;"21";"+2,00";"-0,73";"+2,41";"-0,41";241;-41;"B_left";14
145;"9";"+0,00";"+2,73";"-0,41";"+2,41";0;273;"A_left";15
145;"10";"-0,41";"+2,41";"-0,73";"+2,00";-41;241;"B_left";16
145;"17";"-0,00";"-0,73";"+0,48";"-0,93";0;-73;"A_left";17
145;"7";"+1,00";"+3,00";"+0,48";"+2,93";48;293;"B_left";18
145;"24";"+2,93";"+0,48";"+3,00";"+1,00";300;100;"B_left";19
145;"22";"+2,41";"-0,41";"+2,73";"-0,00";273;0;"A_left";20
145;"15";"-0,73";"-0,00";"-0,41";"-0,41";-73;0;"A_left";21
145;"4";"+2,41";"+2,41";"+2,00";"+2,73";241;241;"B_left";22
145;"18";"+0,48";"-0,93";"+1,00";"-1,00";48;-93;"A_left";23
146;"22";"+2,41";"-0,41";"+2,73";"-0,00";273;0;"A_left";0
146;"10";"-0,41";"+2,41";"-0,73";"+2,00";-41;241;"A_left";1
146;"1";"+3,00";"+1,00";"+2,93";"+1,52";293;152;"A_left";2
146;"3";"+2,73";"+2,00";"+2,41";"+2,41";273;200;"B_left";3
146;"24";"+2,93";"+0,48";"+3,00";"+1,00";300;100;"B_left";4
146;"16";"-0,41";"-0,41";"-0,00";"-0,73";0;-73;"A_left";5
146;"4";"+2,41";"+2,41";"+2,00";"+2,73";241;241;"A_left";6
146;"21";"+2,00";"-0,73";"+2,41";"-0,41";241;-41;"A_left";7
146;"18";"+0,48";"-0,93";"+1,00";"-1,00";100;-100;"A_left";8
146;"6";"+1,52";"+2,93";"+1,00";"+3,00";152;293;"B_left";9
146;"2";"+2,93";"+1,52";"+2,73";"+2,00";293;152;"A_left";10
146;"23";"+2,73";"-0,00";"+2,93";"+0,48";293;48;"A_left";11
146;"11";"-0,73";"+2,00";"-0,93";"+1,52";-73;200;"A_left";12
146;"12";"-0,93";"+1,52";"-1,00";"+1,00";-93;152;"B_left";13
146;"7";"+1,00";"+3,00";"+0,48";"+2,93";100;300;"A_left";14
146;"14";"-0,93";"+0,48";"-0,73";"-0,00";-73;0;"B_left";15
146;"13";"-1,00";"+1,00";"-0,93";"+0,48";-93;48;"B_left";16
146;"9";"+0,00";"+2,73";"-0,41";"+2,41";0;273;"B_left";17
146;"20";"+1,52";"-0,93";"+2,00";"-0,73";200;-73;"A_left";18
146;"15";"-0,73";"-0,00";"-0,41";"-0,41";-41;-41;"B_left";19
146;"8";"+0,48";"+2,93";"+0,00";"+2,73";48;293;"B_left";20
146;"5";"+2,00";"+2,73";"+1,52";"+2,93";200;273;"A_left";21
146;"19";"+1,00";"-1,00";"+1,52";"-0,93";152;-93;"A_left";22
146;"17";"-0,00";"-0,73";"+0,48";"-0,93";48;-93;"B_left";23
147;"6";"+1,52";"+2,93";"+1,00";"+3,00";152;293;"B_left";0
147;"10";"-0,41";"+2,41";"-0,73";"+2,00";-41;241;"A_left";1
147;"4";"+2,41";"+2,41";"+2,00";"+2,73";241;241;"A_left";2
147;"1";"+3,00";"+1,00";"+2,93";"+1,52";293;152;"A_left";3
147;"3";"+2,73";"+2,00";"+2,41";"+2,41";241;241;"A_left";4
147;"18";"+0,48";"-0,93";"+1,00";"-1,00";100;-100;"B_left";5
147;"12";"-0,93";"+1,52";"-1,00";"+1,00";-93;152;"A_left";6
147;"24";"+2,93";"+0,48";"+3,00";"+1,00";300;100;"B_left";7
147;"17";"-0,00";"-0,73";"+0,48";"-0,93";48;-93;"A_left";8
147;"13";"-1,00";"+1,00";"-0,93";"+0,48";-93;48;"A_left";9
147;"9";"+0,00";"+2,73";"-0,41";"+2,41";0;273;"A_left";10
147;"23";"+2,73";"-0,00";"+2,93";"+0,48";293;48;"B_left";11
147;"21";"+2,00";"-0,73";"+2,41";"-0,41";241;-41;"A_left";12
147;"5";"+2,00";"+2,73";"+1,52";"+2,93";200;273;"B_left";13
147;"8";"+0,48";"+2,93";"+0,00";"+2,73";48;293;"A_left";14
147;"14";"-0,93";"+0,48";"-0,73";"-0,00";-73;0;"A_left";15
147;"19";"+1,00";"-1,00";"+1,52";"-0,93";152;-93;"B_left";16
147;"15";"-0,73";"-0,00";"-0,41";"-0,41";-41;-41;"A_left";17
147;"16";"-0,41";"-0,41";"-0,00";"-0,73";0;-73;"A_left";18
147;"7";"+1,00";"+3,00";"+0,48";"+2,93";100;300;"B_left";19
147;"11";"-0,73";"+2,00";"-0,93";"+1,52";-73;200;"A_left";20
147;"22";"+2,41";"-0,41";"+2,73";"-0,00";273;0;"B_left";21
147;"20";"+1,52";"-0,93";"+2,00";"-0,73";200;-73;"A_left";22
147;"2";"+2,93";"+1,52";"+2,73";"+2,00";273;200;"A_left";23
148;"6";"+1,52";"+2,93";"+1,00";"+3,00";152;293;"B_left";0
148;"10";"-0,41";"+2,41";"-0,73";"+2,00";-41;241;"A_left";1
148;"20";"+1,52";"-0,93";"+2,00";"-0,73";200;-73;"A_left";2
148;"17";"-0,00";"-0,73";"+0,48";"-0,93";48;-93;"A_left";3
148;"1";"+3,00";"+1,00";"+2,93";"+1,52";293;152;"B_left";4
148;"7";"+1,00";"+3,00";"+0,48";"+2,93";100;300;"B_left";5
148;"2";"+2,93";"+1,52";"+2,73";"+2,00";273;200;"A_left";6
148;"4";"+2,41";"+2,41";"+2,00";"+2,73";241;241;"A_left";7
148;"16";"-0,41";"-0,41";"-0,00";"-0,73";0;-73;"A_left";8
148;"13";"-1,00";"+1,00";"-0,93";"+0,48";-93;48;"A_left";9
148;"21";"+2,00";"-0,73";"+2,41";"-0,41";241;-41;"B_left";10
148;"22";"+2,41";"-0,41";"+2,73";"-0,00";273;0;"B_left";11
148;"19";"+1,00";"-1,00";"+1,52";"-0,93";152;-93;"B_left";12
148;"23";"+2,73";"-0,00";"+2,93";"+0,48";293;48;"A_left";13
148;"24";"+2,93";"+0,48";"+3,00";"+1,00";300;100;"B_left";14
148;"5";"+2,00";"+2,73";"+1,52";"+2,93";200;273;"A_left";15
148;"15";"-0,73";"-0,00";"-0,41";"-0,41";-41;-41;"A_left";16
148;"12";"-0,93";"+1,52";"-1,00";"+1,00";-93;152;"A_left";17
148;"9";"+0,00";"+2,73";"-0,41";"+2,41";0;273;"B_left";18
148;"8";"+0,48";"+2,93";"+0,00";"+2,73";48;293;"B_left";19
148;"14";"-0,93";"+0,48";"-0,73";"-0,00";-73;0;"A_left";20
148;"3";"+2,73";"+2,00";"+2,41";"+2,41";273;200;"B_left";21
148;"18";"+0,48";"-0,93";"+1,00";"-1,00";100;-100;"B_left";22
148;"11";"-0,73";"+2,00";"-0,93";"+1,52";-73;200;"A_left";23
149;"2";"+2,93";"+1,52";"+2,73";"+2,00";293;152;"B_left";0
149;"15";"-0,73";"-0,00";"-0,41";"-0,41";-41;-41;"B_left";1
149;"1";"+3,00";"+1,00";"+2,93";"+1,52";293;152;"B_left";2
149;"6";"+1,52";"+2,93";"+1,00";"+3,00";152;293;"B_left";3
149;"22";"+2,41";"-0,41";"+2,73";"-0,00";241;-41;"A_left";4
149;"17";"-0,00";"-0,73";"+0,48";"-0,93";48;-93;"B_left";5
149;"21";"+2,00";"-0,73";"+2,41";"-0,41";200;-73;"B_left";6
149;"7";"+1,00";"+3,00";"+0,48";"+2,93";100;300;"B_left";7
149;"18";"+0,48";"-0,93";"+1,00";"-1,00";100;-100;"A_left";8
149;"20";"+1,52";"-0,93";"+2,00";"-0,73";200;-73;"B_left";9
149;"19";"+1,00";"-1,00";"+1,52";"-0,93";152;-93;"A_left";10
149;"14";"-0,93";"+0,48";"-0,73";"-0,00";-73;0;"A_left";11
149;"16";"-0,41";"-0,41";"-0,00";"-0,73";-41;-41;"A_left";12
149;"8";"+0,48";"+2,93";"+0,00";"+2,73";48;293;"A_left";13
149;"11";"-0,73";"+2,00";"-0,93";"+1,52";-73;200;"A_left";14
149;"24";"+2,93";"+0,48";"+3,00";"+1,00";300;100;"A_left";15
149;"5";"+2,00";"+2,73";"+1,52";"+2,93";200;273;"B_left";16
149;"12";"-0,93";"+1,52";"-1,00";"+1,00";-100;100;"A_left";17
149;"10";"-0,41";"+2,41";"-0,73";"+2,00";-41;241;"B_left";18
149;"23";"+2,73";"-0,00";"+2,93";"+0,48";293;48;"A_left";19
149;"4";"+2,41";"+2,41";"+2,00";"+2,73";241;241;"B_left";20
149;"3";"+2,73";"+2,00";"+2,41";"+2,41";241;241;"B_left";21
149;"9";"+0,00";"+2,73";"-0,41";"+2,41";0;273;"B_left";22
149;"13";"-1,00";"+1,00";"-0,93";"+0,48";-100;100;"A_left";23
150;"21";"+2,00";"-0,73";"+2,41";"-0,41";241;-41;"B_left";0
150;"9";"+0,00";"+2,73";"-0,41";"+2,41";0;273;"A_left";1
150;"17";"-0,00";"-0,73";"+0,48";"-0,93";48;-93;"A_left";2
150;"18";"+0,48";"-0,93";"+1,00";"-1,00";100;-100;"B_left";3
150;"24";"+2,93";"+0,48";"+3,00";"+1,00";300;100;"A_left";4
150;"11";"-0,73";"+2,00";"-0,93";"+1,52";-73;200;"B_left";5
150;"19";"+1,00";"-1,00";"+1,52";"-0,93";152;-93;"A_left";6
150;"15";"-0,73";"-0,00";"-0,41";"-0,41";-41;-41;"B_left";7
150;"2";"+2,93";"+1,52";"+2,73";"+2,00";293;152;"B_left";8
150;"8";"+0,48";"+2,93";"+0,00";"+2,73";48;293;"A_left";9
150;"4";"+2,41";"+2,41";"+2,00";"+2,73";241;241;"B_left";10
150;"6";"+1,52";"+2,93";"+1,00";"+3,00";152;293;"A_left";11
150;"23";"+2,73";"-0,00";"+2,93";"+0,48";293;48;"B_left";12
150;"5";"+2,00";"+2,73";"+1,52";"+2,93";200;273;"A_left";13
150;"1";"+3,00";"+1,00";"+2,93";"+1,52";300;100;"B_left";14
150;"13";"-1,00";"+1,00";"-0,93";"+0,48";-93;48;"A_left";15
150;"7";"+1,00";"+3,00";"+0,48";"+2,93";100;300;"B_left";16
150;"3";"+2,73";"+2,00";"+2,41";"+2,41";273;200;"B_left";17
150;"14";"-0,93";"+0,48";"-0,73";"-0,00";-73;0;"A_left";18
150;"22";"+2,41";"-0,41";"+2,73";"-0,00";273;0;"A_left";19
150;"10";"-0,41";"+2,41";"-0,73";"+2,00";-41;241;"B_left";20
150;"12";"-0,93";"+1,52";"-1,00";"+1,00";-93;152;"B_left";21
150;"20";"+1,52";"-0,93";"+2,00";"-0,73";200;-73;"B_left";22
150;"16";"-0,41";"-0,41";"-0,00";"-0,73";0;-73;"A_left";23
151;"12";"-0,93";"+1,52";"-1,00";"+1,00";-100;100;"B_left";0
151;"3";"+2,73";"+2,00";"+2,41";"+2,41";241;241;"B_left";1
151;"6";"+1,52";"+2,93";"+1,00";"+3,00";100;300;"A_left";2
151;"9";"+0,00";"+2,73";"-0,41";"+2,41";0;273;"B_left";3
151;"11";"-0,73";"+2,00";"-0,93";"+1,52";-73;200;"B_left";4
151;"24";"+2,93";"+0,48";"+3,00";"+1,00";300;100;"A_left";5
151;"21";"+2,00";"-0,73";"+2,41";"-0,41";241;-41;"A_left";6
151;"16";"-0,41";"-0,41";"-0,00";"-0,73";-41;-41;"A_left";7
151;"2";"+2,93";"+1,52";"+2,73";"+2,00";293;152;"A_left";8
151;"15";"-0,73";"-0,00";"-0,41";"-0,41";-41;-41;"B_left";9
151;"23";"+2,73";"-0,00";"+2,93";"+0,48";293;48;"B_left";10
151;"10";"-0,41";"+2,41";"-0,73";"+2,00";-41;241;"A_left";11
151;"13";"-1,00";"+1,00";"-0,93";"+0,48";-100;100;"A_left";12
151;"4";"+2,41";"+2,41";"+2,00";"+2,73";241;241;"A_left";13
151;"20";"+1,52";"-0,93";"+2,00";"-0,73";200;-73;"B_left";14
151;"5";"+2,00";"+2,73";"+1,52";"+2,93";200;273;"B_left";15
151;"8";"+0,48";"+2,93";"+0,00";"+2,73";48;293;"A_left";16
151;"1";"+3,00";"+1,00";"+2,93";"+1,52";293;152;"A_left";17
151;"19";"+1,00";"-1,00";"+1,52";"-0,93";152;-93;"A_left";18
151;"7";"+1,00";"+3,00";"+0,48";"+2,93";100;300;"B_left";19
151;"17";"-0,00";"-0,73";"+0,48";"-0,93";0;-73;"A_left";20
151;"18";"+0,48";"-0,93";"+1,00";"-1,00";100;-100;"B_left";21
151;"22";"+2,41";"-0,41";"+2,73";"-0,00";273;0;"B_left";22
151;"14";"-0,93";"+0,48";"-0,73";"-0,00";-73;0;"A_left";23
152;"3";"+2,73";"+2,00";"+2,41";"+2,41";241;241;"B_left";0
153;"3";"+2,73";"+2,00";"+2,41";"+2,41";241;241;"B_left";0
153;"12";"-0,93";"+1,52";"-1,00";"+1,00";-93;152;"A_left";1
153;"10";"-0,41";"+2,41";"-0,73";"+2,00";-41;241;"B_left";2
153;"17";"-0,00";"-0,73";"+0,48";"-0,93";48;-93;"A_left";3
153;"15";"-0,73";"-0,00";"-0,41";"-0,41";-73;0;"B_left";4
153;"19";"+1,00";"-1,00";"+1,52";"-0,93";152;-93;"A_left";5
153;"1";"+3,00";"+1,00";"+2,93";"+1,52";293;152;"B_left";6
153;"9";"+0,00";"+2,73";"-0,41";"+2,41";0;273;"B_left";7
153;"23";"+2,73";"-0,00";"+2,93";"+0,48";293;48;"A_left";8
153;"18";"+0,48";"-0,93";"+1,00";"-1,00";100;-100;"A_left";9
153;"14";"-0,93";"+0,48";"-0,73";"-0,00";-93;48;"A_left";10
153;"6";"+1,52";"+2,93";"+1,00";"+3,00";152;293;"B_left";11
153;"21";"+2,00";"-0,73";"+2,41";"-0,41";241;-41;"B_left";12
153;"2";"+2,93";"+1,52";"+2,73";"+2,00";273;200;"A_left";13
153;"16";"-0,41";"-0,41";"-0,00";"-0,73";-41;-41;"B_left";14
153;"20";"+1,52";"-0,93";"+2,00";"-0,73";200;-73;"B_left";15
153;"8";"+0,48";"+2,93";"+0,00";"+2,73";48;293;"A_left";16
153;"22";"+2,41";"-0,41";"+2,73";"-0,00";273;0;"A_left";17
153;"4";"+2,41";"+2,41";"+2,00";"+2,73";241;241;"A_left";18
153;"11";"-0,73";"+2,00";"-0,93";"+1,52";-73;200;"A_left";19
153;"24";"+2,93";"+0,48";"+3,00";"+1,00";300;100;"A_left";20
153;"7";"+1,00";"+3,00";"+0,48";"+2,93";100;300;"A_left";21
153;"13";"-1,00";"+1,00";"-0,93";"+0,48";-100;100;"A_left";22
153;"5";"+2,00";"+2,73";"+1,52";"+2,93";200;273;"B_left";23
154;"3";"+2,73";"+2,00";"+2,41";"+2,41";273;200;"A_left";0
154;"16";"-0,41";"-0,41";"-0,00";"-0,73";0;-73;"B_left";1
154;"22";"+2,41";"-0,41";"+2,73";"-0,00";273;0;"A_left";2
154;"17";"-0,00";"-0,73";"+0,48";"-0,93";48;-93;"B_left";3
154;"10";"-0,41";"+2,41";"-0,73";"+2,00";-41;241;"A_left";4
154;"11";"-0,73";"+2,00";"-0,93";"+1,52";-73;200;"A_left";5
154;"21";"+2,00";"-0,73";"+2,41";"-0,41";241;-41;"B_left";6
154;"23";"+2,73";"-0,00";"+2,93";"+0,48";293;48;"B_left";7
154;"18";"+0,48";"-0,93";"+1,00";"-1,00";100;-100;"A_left";8
154;"24";"+2,93";"+0,48";"+3,00";"+1,00";300;100;"B_left";9
154;"13";"-1,00";"+1,00";"-0,93";"+0,48";-93;48;"B_left";10
154;"20";"+1,52";"-0,93";"+2,00";"-0,73";200;-73;"A_left";11
154;"1";"+3,00";"+1,00";"+2,93";"+1,52";293;152;"A_left";12
154;"4";"+2,41";"+2,41";"+2,00";"+2,73";241;241;"B_left";13
154;"2";"+2,93";"+1,52";"+2,73";"+2,00";273;200;"A_left";14
154;"19";"+1,00";"-1,00";"+1,52";"-0,93";152;-93;"B_left";15
154;"12";"-0,93";"+1,52";"-1,00";"+1,00";-93;152;"B_left";16
154;"5";"+2,00";"+2,73";"+1,52";"+2,93";200;273;"B_left";17
154;"15";"-0,73";"-0,00";"-0,41";"-0,41";-73;0;"B_left";18
154;"7";"+1,00";"+3,00";"+0,48";"+2,93";100;300;"A_left";19
154;"8";"+0,48";"+2,93";"+0,00";"+2,73";48;293;"A_left";20
154;"9";"+0,00";"+2,73";"-0,41";"+2,41";0;273;"B_left";21
154;"14";"-0,93";"+0,48";"-0,73";"-0,00";-93;48;"A_left";22
154;"6";"+1,52";"+2,93";"+1,00";"+3,00";152;293;"B_left";23
155;"15";"-0,73";"-0,00";"-0,41";"-0,41";-41;-41;"A_left";0
155;"6";"+1,52";"+2,93";"+1,00";"+3,00";152;293;"A_left";1
155;"5";"+2,00";"+2,73";"+1,52";"+2,93";200;273;"A_left";2
155;"16";"-0,41";"-0,41";"-0,00";"-0,73";0;-73;"B_left";3
155;"7";"+1,00";"+3,00";"+0,48";"+2,93";100;300;"B_left";4
155;"10";"-0,41";"+2,41";"-0,73";"+2,00";-41;241;"B_left";5
155;"17";"-0,00";"-0,73";"+0,48";"-0,93";48;-93;"B_left";6
155;"11";"-0,73";"+2,00";"-0,93";"+1,52";-73;200;"A_left";7
155;"14";"-0,93";"+0,48";"-0,73";"-0,00";-73;0;"A_left";8
155;"2";"+2,93";"+1,52";"+2,73";"+2,00";293;152;"B_left";9
155;"12";"-0,93";"+1,52";"-1,00";"+1,00";-93;152;"B_left";10
155;"23";"+2,73";"-0,00";"+2,93";"+0,48";293;48;"B_left";11
155;"13";"-1,00";"+1,00";"-0,93";"+0,48";-93;48;"B_left";12
155;"19";"+1,00";"-1,00";"+1,52";"-0,93";152;-93;"A_left";13
155;"8";"+0,48";"+2,93";"+0,00";"+2,73";48;293;"A_left";14
155;"21";"+2,00";"-0,73";"+2,41";"-0,41";241;-41;"B_left";15
155;"1";"+3,00";"+1,00";"+2,93";"+1,52";293;152;"B_left";16
155;"9";"+0,00";"+2,73";"-0,41";"+2,41";0;273;"B_left";17
155;"18";"+0,48";"-0,93";"+1,00";"-1,00";100;-100;"B_left";18
155;"20";"+1,52";"-0,93";"+2,00";"-0,73";200;-73;"A_left";19
155;"3";"+2,73";"+2,00";"+2,41";"+2,41";273;200;"B_left";20
155;"24";"+2,93";"+0,48";"+3,00";"+1,00";300;100;"A_left";21
155;"4";"+2,41";"+2,41";"+2,00";"+2,73";241;241;"A_left";22
155;"22";"+2,41";"-0,41";"+2,73";"-0,00";241;-41;"A_left";23
156;"12";"-0,93";"+1,52";"-1,00";"+1,00";-93;152;"B_left";0
156;"6";"+1,52";"+2,93";"+1,00";"+3,00";152;293;"B_left";1
156;"9";"+0,00";"+2,73";"-0,41";"+2,41";0;273;"A_left";2
156;"23";"+2,73";"-0,00";"+2,93";"+0,48";293;48;"A_left";3
156;"2";"+2,93";"+1,52";"+2,73";"+2,00";293;152;"B_left";4
156;"4";"+2,41";"+2,41";"+2,00";"+2,73";241;241;"A_left";5
156;"10";"-0,41";"+2,41";"-0,73";"+2,00";-41;241;"A_left";6
156;"17";"-0,00";"-0,73";"+0,48";"-0,93";0;-73;"A_left";7
156;"22";"+2,41";"-0,41";"+2,73";"-0,00";273;0;"B_left";8
156;"14";"-0,93";"+0,48";"-0,73";"-0,00";-73;0;"A_left";9
156;"24";"+2,93";"+0,48";"+3,00";"+1,00";300;100;"B_left";10
156;"11";"-0,73";"+2,00";"-0,93";"+1,52";-73;200;"B_left";11
156;"1";"+3,00";"+1,00";"+2,93";"+1,52";293;152;"A_left";12
156;"7";"+1,00";"+3,00";"+0,48";"+2,93";100;300;"B_left";13
156;"8";"+0,48";"+2,93";"+0,00";"+2,73";48;293;"A_left";14
156;"3";"+2,73";"+2,00";"+2,41";"+2,41";241;241;"B_left";15
156;"21";"+2,00";"-0,73";"+2,41";"-0,41";241;-41;"A_left";16
156;"5";"+2,00";"+2,73";"+1,52";"+2,93";200;273;"A_left";17
156;"15";"-0,73";"-0,00";"-0,41";"-0,41";-41;-41;"B_left";18
156;"13";"-1,00";"+1,00";"-0,93";"+0,48";-93;48;"A_left";19
156;"20";"+1,52";"-0,93";"+2,00";"-0,73";200;-73;"B_left";20
156;"19";"+1,00";"-1,00";"+1,52";"-0,93";152;-93;"B_left";21
156;"16";"-0,41";"-0,41";"-0,00";"-0,73";0;-73;"B_left";22
156;"18";"+0,48";"-0,93";"+1,00";"-1,00";100;-100;"A_left";23
157;"21";"+2,00";"-0,73";"+2,41";"-0,41";241;-41;"A_left";0
157;"10";"-0,41";"+2,41";"-0,73";"+2,00";-73;200;"B_left";1
157;"11";"-0,73";"+2,00";"-0,93";"+1,52";-73;200;"B_left";2
157;"18";"+0,48";"-0,93";"+1,00";"-1,00";100;-100;"B_left";3
157;"1";"+3,00";"+1,00";"+2,93";"+1,52";293;152;"B_left";4
157;"14";"-0,93";"+0,48";"-0,73";"-0,00";-73;0;"B_left";5
157;"9";"+0,00";"+2,73";"-0,41";"+2,41";0;273;"B_left";6
157;"22";"+2,41";"-0,41";"+2,73";"-0,00";273;0;"B_left";7
157;"3";"+2,73";"+2,00";"+2,41";"+2,41";273;200;"A_left";8
157;"6";"+1,52";"+2,93";"+1,00";"+3,00";152;293;"A_left";9
157;"5";"+2,00";"+2,73";"+1,52";"+2,93";200;273;"B_left";10
157;"17";"-0,00";"-0,73";"+0,48";"-0,93";48;-93;"A_left";11
157;"20";"+1,52";"-0,93";"+2,00";"-0,73";200;-73;"A_left";12
157;"24";"+2,93";"+0,48";"+3,00";"+1,00";300;100;"B_left";13
157;"4";"+2,41";"+2,41";"+2,00";"+2,73";241;241;"A_left";14
157;"15";"-0,73";"-0,00";"-0,41";"-0,41";-41;-41;"B_left";15
157;"13";"-1,00";"+1,00";"-0,93";"+0,48";-93;48;"A_left";16
157;"19";"+1,00";"-1,00";"+1,52";"-0,93";152;-93;"A_left";17
157;"2";"+2,93";"+1,52";"+2,73";"+2,00";293;152;"B_left";18
157;"16";"-0,41";"-0,41";"-0,00";"-0,73";0;-73;"B_left";19
157;"8";"+0,48";"+2,93";"+0,00";"+2,73";48;293;"B_left";20
157;"23";"+2,73";"-0,00";"+2,93";"+0,48";293;48;"A_left";21
157;"7";"+1,00";"+3,00";"+0,48";"+2,93";100;300;"B_left";22
157;"12";"-0,93";"+1,52";"-1,00";"+1,00";-93;152;"B_left";23
158;"4";"+2,41";"+2,41";"+2,00";"+2,73";241;241;"B_left";0
158;"24";"+2,93";"+0,48";"+3,00";"+1,00";300;100;"A_left";1
158;"17";"-0,00";"-0,73";"+0,48";"-0,93";48;-93;"A_left";2
158;"19";"+1,00";"-1,00";"+1,52";"-0,93";152;-93;"A_left";3
158;"21";"+2,00";"-0,73";"+2,41";"-0,41";241;-41;"B_left";4
158;"5";"+2,00";"+2,73";"+1,52";"+2,93";200;273;"A_left";5
158;"6";"+1,52";"+2,93";"+1,00";"+3,00";152;293;"A_left";6
158;"14";"-0,93";"+0,48";"-0,73";"-0,00";-73;0;"B_left";7
158;"10";"-0,41";"+2,41";"-0,73";"+2,00";-41;241;"A_left";8
158;"9";"+0,00";"+2,73";"-0,41";"+2,41";0;273;"A_left";9
158;"18";"+0,48";"-0,93";"+1,00";"-1,00";100;-100;"A_left";10
158;"16";"-0,41";"-0,41";"-0,00";"-0,73";0;-73;"B_left";11
158;"3";"+2,73";"+2,00";"+2,41";"+2,41";273;200;"A_left";12
158;"22";"+2,41";"-0,41";"+2,73";"-0,00";273;0;"B_left";13
158;"1";"+3,00";"+1,00";"+2,93";"+1,52";300;100;"B_left";14
158;"12";"-0,93";"+1,52";"-1,00";"+1,00";-93;152;"B_left";15
158;"13";"-1,00";"+1,00";"-0,93";"+0,48";-93;48;"B_left";16
158;"11";"-0,73";"+2,00";"-0,93";"+1,52";-73;200;"B_left";17
158;"2";"+2,93";"+1,52";"+2,73";"+2,00";293;152;"A_left";18
158;"8";"+0,48";"+2,93";"+0,00";"+2,73";48;293;"B_left";19
158;"15";"-0,73";"-0,00";"-0,41";"-0,41";-41;-41;"A_left";20
158;"7";"+1,00";"+3,00";"+0,48";"+2,93";100;300;"A_left";21
158;"23";"+2,73";"-0,00";"+2,93";"+0,48";293;48;"B_left";22
158;"20";"+1,52";"-0,93";"+2,00";"-0,73";200;-73;"B_left";23
159;"6";"+1,52";"+2,93";"+1,00";"+3,00";152;293;"B_left";0
159;"21";"+2,00";"-0,73";"+2,41";"-0,41";241;-41;"B_left";1
159;"8";"+0,48";"+2,93";"+0,00";"+2,73";48;293;"B_left";2
159;"19";"+1,00";"-1,00";"+1,52";"-0,93";152;-93;"B_left";3
159;"14";"-0,93";"+0,48";"-0,73";"-0,00";-73;0;"B_left";4
159;"18";"+0,48";"-0,93";"+1,00";"-1,00";100;-100;"A_left";5
159;"5";"+2,00";"+2,73";"+1,52";"+2,93";200;273;"B_left";6
159;"22";"+2,41";"-0,41";"+2,73";"-0,00";273;0;"A_left";7
159;"7";"+1,00";"+3,00";"+0,48";"+2,93";100;300;"B_left";8
159;"4";"+2,41";"+2,41";"+2,00";"+2,73";241;241;"B_left";9
159;"15";"-0,73";"-0,00";"-0,41";"-0,41";-41;-41;"B_left";10
159;"3";"+2,73";"+2,00";"+2,41";"+2,41";273;200;"A_left";11
159;"24";"+2,93";"+0,48";"+3,00";"+1,00";300;100;"B_left";12
159;"1";"+3,00";"+1,00";"+2,93";"+1,52";300;100;"B_left";13
159;"9";"+0,00";"+2,73";"-0,41";"+2,41";0;273;"B_left";14
159;"10";"-0,41";"+2,41";"-0,73";"+2,00";-41;241;"B_left";15
159;"23";"+2,73";"-0,00";"+2,93";"+0,48";293;48;"B_left";16
159;"17";"-0,00";"-0,73";"+0,48";"-0,93";48;-93;"A_left";17
159;"12";"-0,93";"+1,52";"-1,00";"+1,00";-100;100;"A_left";18
159;"13";"-1,00";"+1,00";"-0,93";"+0,48";-93;48;"B_left";19
159;"2";"+2,93";"+1,52";"+2,73";"+2,00";293;152;"B_left";20
159;"11";"-0,73";"+2,00";"-0,93";"+1,52";-73;200;"A_left";21
159;"20";"+1,52";"-0,93";"+2,00";"-0,73";200;-73;"B_left";22
159;"16";"-0,41";"-0,41";"-0,00";"-0,73";0;-73;"A_left";23
160;"18";"+0,48";"-0,93";"+1,00";"-1,00";100;-100;"B_left";0
160;"4";"+2,41";"+2,41";"+2,00";"+2,73";241;241;"A_left";1
160;"21";"+2,00";"-0,73";"+2,41";"-0,41";241;-41;"A_left";2
160;"12";"-0,93";"+1,52";"-1,00";"+1,00";-93;152;"B_left";3
160;"5";"+2,00";"+2,73";"+1,52";"+2,93";200;273;"B_left";4
160;"17";"-0,00";"-0,73";"+0,48";"-0,93";0;-73;"A_left";5
160;"15";"-0,73";"-0,00";"-0,41";"-0,41";-41;-41;"B_left";6
160;"10";"-0,41";"+2,41";"-0,73";"+2,00";-41;241;"B_left";7
160;"14";"-0,93";"+0,48";"-0,73";"-0,00";-73;0;"B_left";8
160;"6";"+1,52";"+2,93";"+1,00";"+3,00";152;293;"B_left";9
160;"1";"+3,00";"+1,00";"+2,93";"+1,52";300;100;"B_left";10
160;"7";"+1,00";"+3,00";"+0,48";"+2,93";100;300;"A_left";11
160;"3";"+2,73";"+2,00";"+2,41";"+2,41";273;200;"B_left";12
160;"2";"+2,93";"+1,52";"+2,73";"+2,00";293;152;"B_left";13
160;"13";"-1,00";"+1,00";"-0,93";"+0,48";-93;48;"A_left";14
160;"23";"+2,73";"-0,00";"+2,93";"+0,48";273;0;"A_left";15
160;"9";"+0,00";"+2,73";"-0,41";"+2,41";0;273;"B_left";16
160;"19";"+1,00";"-1,00";"+1,52";"-0,93";100;-100;"A_left";17
160;"16";"-0,41";"-0,41";"-0,00";"-0,73";0;-73;"B_left";18
160;"11";"-0,73";"+2,00";"-0,93";"+1,52";-73;200;"A_left";19
160;"8";"+0,48";"+2,93";"+0,00";"+2,73";48;293;"B_left";20
160;"24";"+2,93";"+0,48";"+3,00";"+1,00";300;100;"B_left";21
160;"20";"+1,52";"-0,93";"+2,00";"-0,73";200;-73;"A_left";22
160;"22";"+2,41";"-0,41";"+2,73";"-0,00";273;0;"B_left";23
161;"17";"-0,00";"-0,73";"+0,48";"-0,93";48;-93;"B_left";0
161;"4";"+2,41";"+2,41";"+2,00";"+2,73";241;241;"A_left";1
161;"1";"+3,00";"+1,00";"+2,93";"+1,52";293;152;"A_left";2
161;"3";"+2,73";"+2,00";"+2,41";"+2,41";241;241;"A_left";3
161;"14";"-0,93";"+0,48";"-0,73";"-0,00";-73;0;"A_left";4
161;"10";"-0,41";"+2,41";"-0,73";"+2,00";-41;241;"A_left";5
161;"13";"-1,00";"+1,00";"-0,93";"+0,48";-100;100;"B_left";6
161;"12";"-0,93";"+1,52";"-1,00";"+1,00";-93;152;"B_left";7
161;"5";"+2,00";"+2,73";"+1,52";"+2,93";200;273;"B_left";8
161;"18";"+0,48";"-0,93";"+1,00";"-1,00";100;-100;"B_left";9
161;"9";"+0,00";"+2,73";"-0,41";"+2,41";0;273;"B_left";10
161;"8";"+0,48";"+2,93";"+0,00";"+2,73";48;293;"A_left";11
161;"6";"+1,52";"+2,93";"+1,00";"+3,00";152;293;"B_left";12
161;"15";"-0,73";"-0,00";"-0,41";"-0,41";-41;-41;"A_left";13
161;"11";"-0,73";"+2,00";"-0,93";"+1,52";-73;200;"B_left";14
161;"2";"+2,93";"+1,52";"+2,73";"+2,00";273;200;"B_left";15
161;"7";"+1,00";"+3,00";"+0,48";"+2,93";100;300;"B_left";16
161;"16";"-0,41";"-0,41";"-0,00";"-0,73";0;-73;"A_left";17
161;"21";"+2,00";"-0,73";"+2,41";"-0,41";241;-41;"B_left";18
161;"20";"+1,52";"-0,93";"+2,00";"-0,73";200;-73;"B_left";19
161;"19";"+1,00";"-1,00";"+1,52";"-0,93";152;-93;"A_left";20
161;"24";"+2,93";"+0,48";"+3,00";"+1,00";300;100;"B_left";21
161;"23";"+2,73";"-0,00";"+2,93";"+0,48";293;48;"B_left";22
161;"22";"+2,41";"-0,41";"+2,73";"-0,00";273;0;"B_left";23
162;"16";"-0,41";"-0,41";"-0,00";"-0,73";0;-73;"A_left";0
162;"6";"+1,52";"+2,93";"+1,00";"+3,00";152;293;"A_left";1
162;"13";"-1,00";"+1,00";"-0,93";"+0,48";-93;48;"A_left";2
162;"12";"-0,93";"+1,52";"-1,00";"+1,00";-93;152;"B_left";3
162;"7";"+1,00";"+3,00";"+0,48";"+2,93";100;300;"A_left";4
162;"4";"+2,41";"+2,41";"+2,00";"+2,73";241;241;"A_left";5
162;"23";"+2,73";"-0,00";"+2,93";"+0,48";293;48;"B_left";6
162;"2";"+2,93";"+1,52";"+2,73";"+2,00";293;152;"A_left";7
162;"9";"+0,00";"+2,73";"-0,41";"+2,41";0;273;"B_left";8
162;"22";"+2,41";"-0,41";"+2,73";"-0,00";273;0;"A_left";9
162;"21";"+2,00";"-0,73";"+2,41";"-0,41";241;-41;"B_left";10
162;"24";"+2,93";"+0,48";"+3,00";"+1,00";300;100;"B_left";11
162;"5";"+2,00";"+2,73";"+1,52";"+2,93";200;273;"A_left";12
162;"14";"-0,93";"+0,48";"-0,73";"-0,00";-73;0;"A_left";13
162;"1";"+3,00";"+1,00";"+2,93";"+1,52";300;100;"B_left";14
162;"15";"-0,73";"-0,00";"-0,41";"-0,41";-41;-41;"A_left";15
162;"3";"+2,73";"+2,00";"+2,41";"+2,41";273;200;"A_left";16
162;"20";"+1,52";"-0,93";"+2,00";"-0,73";200;-73;"A_left";17
162;"18";"+0,48";"-0,93";"+1,00";"-1,00";100;-100;"B_left";18
162;"8";"+0,48";"+2,93";"+0,00";"+2,73";48;293;"A_left";19
162;"11";"-0,73";"+2,00";"-0,93";"+1,52";-73;200;"B_left";20
162;"17";"-0,00";"-0,73";"+0,48";"-0,93";48;-93;"B_left";21
162;"19";"+1,00";"-1,00";"+1,52";"-0,93";152;-93;"B_left";22
162;"10";"-0,41";"+2,41";"-0,73";"+2,00";-41;241;"B_left";23
163;"9";"+0,00";"+2,73";"-0,41";"+2,41";0;273;"B_left";0
163;"24";"+2,93";"+0,48";"+3,00";"+1,00";300;100;"B_left";1
163;"4";"+2,41";"+2,41";"+2,00";"+2,73";241;241;"A_left";2
163;"5";"+2,00";"+2,73";"+1,52";"+2,93";200;273;"A_left";3
163;"23";"+2,73";"-0,00";"+2,93";"+0,48";293;48;"B_left";4
163;"3";"+2,73";"+2,00";"+2,41";"+2,41";273;200;"A_left";5
163;"2";"+2,93";"+1,52";"+2,73";"+2,00";293;152;"B_left";6
163;"19";"+1,00";"-1,00";"+1,52";"-0,93";152;-93;"A_left";7
163;"10";"-0,41";"+2,41";"-0,73";"+2,00";-41;241;"B_left";8
163;"7";"+1,00";"+3,00";"+0,48";"+2,93";100;300;"B_left";9
163;"21";"+2,00";"-0,73";"+2,41";"-0,41";241;-41;"B_left";10
163;"22";"+2,41";"-0,41";"+2,73";"-0,00";273;0;"B_left";11
163;"17";"-0,00";"-0,73";"+0,48";"-0,93";48;-93;"B_left";12
163;"12";"-0,93";"+1,52";"-1,00";"+1,00";-93;152;"A_left";13
163;"1";"+3,00";"+1,00";"+2,93";"+1,52";300;100;"A_left";14
163;"16";"-0,41";"-0,41";"-0,00";"-0,73";0;-73;"B_left";15
163;"15";"-0,73";"-0,00";"-0,41";"-0,41";-41;-41;"B_left";16
163;"18";"+0,48";"-0,93";"+1,00";"-1,00";100;-100;"B_left";17
163;"13";"-1,00";"+1,00";"-0,93";"+0,48";-93;48;"A_left";18
163;"14";"-0,93";"+0,48";"-0,73";"-0,00";-73;0;"B_left";19
163;"8";"+0,48";"+2,93";"+0,00";"+2,73";48;293;"B_left";20
163;"11";"-0,73";"+2,00";"-0,93";"+1,52";-73;200;"B_left";21
163;"20";"+1,52";"-0,93";"+2,00";"-0,73";200;-73;"A_left";22
163;"6";"+1,52";"+2,93";"+1,00";"+3,00";152;293;"A_left";23
164;"3";"+2,73";"+2,00";"+2,41";"+2,41";241;241;"B_left";0
164;"18";"+0,48";"-0,93";"+1,00";"-1,00";100;-100;"A_left";1
164;"10";"-0,41";"+2,41";"-0,73";"+2,00";-41;241;"A_left";2
164;"12";"-0,93";"+1,52";"-1,00";"+1,00";-93;152;"A_left";3
164;"21";"+2,00";"-0,73";"+2,41";"-0,41";241;-41;"B_left";4
164;"15";"-0,73";"-0,00";"-0,41";"-0,41";-41;-41;"A_left";5
164;"8";"+0,48";"+2,93";"+0,00";"+2,73";48;293;"A_left";6
164;"24";"+2,93";"+0,48";"+3,00";"+1,00";300;100;"B_left";7
164;"11";"-0,73";"+2,00";"-0,93";"+1,52";-73;200;"B_left";8
164;"2";"+2,93";"+1,52";"+2,73";"+2,00";273;200;"B_left";9
164;"4";"+2,41";"+2,41";"+2,00";"+2,73";241;241;"A_left";10
164;"22";"+2,41";"-0,41";"+2,73";"-0,00";273;0;"B_left";11
164;"1";"+3,00";"+1,00";"+2,93";"+1,52";293;152;"B_left";12
164;"5";"+2,00";"+2,73";"+1,52";"+2,93";200;273;"B_left";13
164;"9";"+0,00";"+2,73";"-0,41";"+2,41";0;273;"B_left";14
164;"16";"-0,41";"-0,41";"-0,00";"-0,73";0;-73;"A_left";15
164;"23";"+2,73";"-0,00";"+2,93";"+0,48";293;48;"B_left";16
164;"6";"+1,52";"+2,93";"+1,00";"+3,00";152;293;"B_left";17
164;"19";"+1,00";"-1,00";"+1,52";"-0,93";152;-93;"B_left";18
164;"17";"-0,00";"-0,73";"+0,48";"-0,93";48;-93;"A_left";19
164;"20";"+1,52";"-0,93";"+2,00";"-0,73";200;-73;"B_left";20
164;"13";"-1,00";"+1,00";"-0,93";"+0,48";-100;100;"A_left";21
164;"14";"-0,93";"+0,48";"-0,73";"-0,00";-93;48;"A_left";22
164;"7";"+1,00";"+3,00";"+0,48";"+2,93";100;300;"B_left";23
165;"17";"-0,00";"-0,73";"+0,48";"-0,93";48;-93;"B_left";0
165;"10";"-0,41";"+2,41";"-0,73";"+2,00";-41;241;"B_left";1
165;"2";"+2,93";"+1,52";"+2,73";"+2,00";293;152;"B_left";2
165;"11";"-0,73";"+2,00";"-0,93";"+1,52";-73;200;"A_left";3
165;"4";"+2,41";"+2,41";"+2,00";"+2,73";241;241;"A_left";4
165;"1";"+3,00";"+1,00";"+2,93";"+1,52";300;100;"A_left";5
165;"15";"-0,73";"-0,00";"-0,41";"-0,41";-41;-41;"B_left";6
165;"13";"-1,00";"+1,00";"-0,93";"+0,48";-93;48;"A_left";7
165;"6";"+1,52";"+2,93";"+1,00";"+3,00";152;293;"A_left";8
165;"24";"+2,93";"+0,48";"+3,00";"+1,00";300;100;"A_left";9
165;"18";"+0,48";"-0,93";"+1,00";"-1,00";100;-100;"B_left";10
165;"14";"-0,93";"+0,48";"-0,73";"-0,00";-73;0;"B_left";11
165;"3";"+2,73";"+2,00";"+2,41";"+2,41";273;200;"B_left";12
165;"8";"+0,48";"+2,93";"+0,00";"+2,73";48;293;"B_left";13
165;"22";"+2,41";"-0,41";"+2,73";"-0,00";273;0;"A_left";14
165;"5";"+2,00";"+2,73";"+1,52";"+2,93";200;273;"B_left";15
165;"7";"+1,00";"+3,00";"+0,48";"+2,93";100;300;"A_left";16
165;"12";"-0,93";"+1,52";"-1,00";"+1,00";-93;152;"A_left";17
165;"16";"-0,41";"-0,41";"-0,00";"-0,73";0;-73;"B_left";18
165;"19";"+1,00";"-1,00";"+1,52";"-0,93";152;-93;"A_left";19
165;"21";"+2,00";"-0,73";"+2,41";"-0,41";241;-41;"A_left";20
165;"9";"+0,00";"+2,73";"-0,41";"+2,41";0;273;"A_left";21
165;"20";"+1,52";"-0,93";"+2,00";"-0,73";200;-73;"B_left";22
165;"23";"+2,73";"-0,00";"+2,93";"+0,48";293;48;"B_left";23
166;"17";"-0,00";"-0,73";"+0,48";"-0,93";48;-93;"B_left";0
166;"12";"-0,93";"+1,52";"-1,00";"+1,00";-93;152;"B_left";1
166;"22";"+2,41";"-0,41";"+2,73";"-0,00";273;0;"A_left";2
166;"11";"-0,73";"+2,00";"-0,93";"+1,52";-73;200;"A_left";3
166;"16";"-0,41";"-0,41";"-0,00";"-0,73";0;-73;"A_left";4
166;"8";"+0,48";"+2,93";"+0,00";"+2,73";48;293;"B_left";5
166;"24";"+2,93";"+0,48";"+3,00";"+1,00";300;100;"A_left";6
166;"6";"+1,52";"+2,93";"+1,00";"+3,00";152;293;"B_left";7
166;"13";"-1,00";"+1,00";"-0,93";"+0,48";-100;100;"A_left";8
166;"19";"+1,00";"-1,00";"+1,52";"-0,93";152;-93;"B_left";9
166;"21";"+2,00";"-0,73";"+2,41";"-0,41";241;-41;"A_left";10
166;"2";"+2,93";"+1,52";"+2,73";"+2,00";293;152;"A_left";11
166;"1";"+3,00";"+1,00";"+2,93";"+1,52";293;152;"A_left";12
166;"5";"+2,00";"+2,73";"+1,52";"+2,93";200;273;"A_left";13
166;"3";"+2,73";"+2,00";"+2,41";"+2,41";273;200;"A_left";14
166;"10";"-0,41";"+2,41";"-0,73";"+2,00";-41;241;"A_left";15
166;"14";"-0,93";"+0,48";"-0,73";"-0,00";-73;0;"A_left";16
166;"23";"+2,73";"-0,00";"+2,93";"+0,48";293;48;"A_left";17
166;"7";"+1,00";"+3,00";"+0,48";"+2,93";100;300;"B_left";18
166;"15";"-0,73";"-0,00";"-0,41";"-0,41";-41;-41;"B_left";19
166;"4";"+2,41";"+2,41";"+2,00";"+2,73";241;241;"A_left";20
166;"9";"+0,00";"+2,73";"-0,41";"+2,41";0;273;"B_left";21
166;"20";"+1,52";"-0,93";"+2,00";"-0,73";200;-73;"B_left";22
166;"18";"+0,48";"-0,93";"+1,00";"-1,00";100;-100;"A_left";23
167;"22";"+2,41";"-0,41";"+2,73";"-0,00";273;0;"A_left";0
167;"8";"+0,48";"+2,93";"+0,00";"+2,73";48;293;"A_left";1
167;"3";"+2,73";"+2,00";"+2,41";"+2,41";273;200;"A_left";2
167;"19";"+1,00";"-1,00";"+1,52";"-0,93";152;-93;"A_left";3
167;"24";"+2,93";"+0,48";"+3,00";"+1,00";300;100;"A_left";4
167;"13";"-1,00";"+1,00";"-0,93";"+0,48";-100;100;"B_left";5
167;"1";"+3,00";"+1,00";"+2,93";"+1,52";293;152;"B_left";6
167;"9";"+0,00";"+2,73";"-0,41";"+2,41";0;273;"A_left";7
167;"11";"-0,73";"+2,00";"-0,93";"+1,52";-73;200;"B_left";8
167;"23";"+2,73";"-0,00";"+2,93";"+0,48";293;48;"A_left";9
167;"16";"-0,41";"-0,41";"-0,00";"-0,73";-41;-41;"A_left";10
167;"10";"-0,41";"+2,41";"-0,73";"+2,00";-41;241;"B_left";11
167;"2";"+2,93";"+1,52";"+2,73";"+2,00";293;152;"B_left";12
167;"18";"+0,48";"-0,93";"+1,00";"-1,00";100;-100;"B_left";13
167;"7";"+1,00";"+3,00";"+0,48";"+2,93";100;300;"A_left";14
167;"14";"-0,93";"+0,48";"-0,73";"-0,00";-73;0;"A_left";15
167;"6";"+1,52";"+2,93";"+1,00";"+3,00";152;293;"A_left";16
167;"17";"-0,00";"-0,73";"+0,48";"-0,93";48;-93;"A_left";17
167;"5";"+2,00";"+2,73";"+1,52";"+2,93";200;273;"B_left";18
167;"12";"-0,93";"+1,52";"-1,00";"+1,00";-100;100;"B_left";19
167;"21";"+2,00";"-0,73";"+2,41";"-0,41";241;-41;"B_left";20
167;"20";"+1,52";"-0,93";"+2,00";"-0,73";200;-73;"B_left";21
167;"4";"+2,41";"+2,41";"+2,00";"+2,73";241;241;"A_left";22
167;"15";"-0,73";"-0,00";"-0,41";"-0,41";-41;-41;"A_left";23
168;"15";"-0,73";"-0,00";"-0,41";"-0,41";-41;-41;"B_left";0
168;"20";"+1,52";"-0,93";"+2,00";"-0,73";200;-73;"B_left";1
168;"7";"+1,00";"+3,00";"+0,48";"+2,93";100;300;"B_left";2
168;"8";"+0,48";"+2,93";"+0,00";"+2,73";48;293;"B_left";3
168;"16";"-0,41";"-0,41";"-0,00";"-0,73";0;-73;"B_left";4
168;"12";"-0,93";"+1,52";"-1,00";"+1,00";-93;152;"B_left";5
168;"22";"+2,41";"-0,41";"+2,73";"-0,00";273;0;"B_left";6
168;"10";"-0,41";"+2,41";"-0,73";"+2,00";-41;241;"A_left";7
168;"2";"+2,93";"+1,52";"+2,73";"+2,00";293;152;"A_left";8
168;"24";"+2,93";"+0,48";"+3,00";"+1,00";300;100;"A_left";9
168;"21";"+2,00";"-0,73";"+2,41";"-0,41";241;-41;"B_left";10
168;"13";"-1,00";"+1,00";"-0,93";"+0,48";-93;48;"A_left";11
168;"11";"-0,73";"+2,00";"-0,93";"+1,52";-73;200;"A_left";12
168;"14";"-0,93";"+0,48";"-0,73";"-0,00";-73;0;"B_left";13
168;"6";"+1,52";"+2,93";"+1,00";"+3,00";152;293;"B_left";14
168;"18";"+0,48";"-0,93";"+1,00";"-1,00";100;-100;"B_left";15
168;"4";"+2,41";"+2,41";"+2,00";"+2,73";241;241;"B_left";16
168;"5";"+2,00";"+2,73";"+1,52";"+2,93";200;273;"A_left";17
168;"1";"+3,00";"+1,00";"+2,93";"+1,52";293;152;"B_left";18
168;"3";"+2,73";"+2,00";"+2,41";"+2,41";273;200;"A_left";19
168;"9";"+0,00";"+2,73";"-0,41";"+2,41";0;273;"A_left";20
168;"23";"+2,73";"-0,00";"+2,93";"+0,48";293;48;"B_left";21
168;"17";"-0,00";"-0,73";"+0,48";"-0,93";48;-93;"A_left";22
168;"19";"+1,00";"-1,00";"+1,52";"-0,93";152;-93;"B_left";23
169;"15";"-0,73";"-0,00";"-0,41";"-0,41";-41;-41;"A_left";0
169;"12";"-0,93";"+1,52";"-1,00";"+1,00";-93;152;"A_left";1
169;"9";"+0,00";"+2,73";"-0,41";"+2,41";0;273;"B_left";2
169;"1";"+3,00";"+1,00";"+2,93";"+1,52";300;100;"A_left";3
169;"24";"+2,93";"+0,48";"+3,00";"+1,00";300;100;"A_left";4
169;"20";"+1,52";"-0,93";"+2,00";"-0,73";200;-73;"B_left";5
169;"19";"+1,00";"-1,00";"+1,52";"-0,93";152;-93;"B_left";6
169;"10";"-0,41";"+2,41";"-0,73";"+2,00";-41;241;"A_left";7
169;"14";"-0,93";"+0,48";"-0,73";"-0,00";-73;0;"A_left";8
169;"2";"+2,93";"+1,52";"+2,73";"+2,00";293;152;"B_left";9
169;"3";"+2,73";"+2,00";"+2,41";"+2,41";273;200;"B_left";10
169;"4";"+2,41";"+2,41";"+2,00";"+2,73";241;241;"A_left";11
169;"13";"-1,00";"+1,00";"-0,93";"+0,48";-93;48;"A_left";12
169;"22";"+2,41";"-0,41";"+2,73";"-0,00";273;0;"A_left";13
169;"21";"+2,00";"-0,73";"+2,41";"-0,41";241;-41;"B_left";14
169;"11";"-0,73";"+2,00";"-0,93";"+1,52";-73;200;"A_left";15
169;"23";"+2,73";"-0,00";"+2,93";"+0,48";293;48;"B_left";16
169;"18";"+0,48";"-0,93";"+1,00";"-1,00";100;-100;"B_left";17
169;"16";"-0,41";"-0,41";"-0,00";"-0,73";0;-73;"B_left";18
169;"17";"-0,00";"-0,73";"+0,48";"-0,93";48;-93;"A_left";19
169;"5";"+2,00";"+2,73";"+1,52";"+2,93";200;273;"B_left";20
169;"8";"+0,48";"+2,93";"+0,00";"+2,73";48;293;"B_left";21
169;"7";"+1,00";"+3,00";"+0,48";"+2,93";100;300;"A_left";22
169;"6";"+1,52";"+2,93";"+1,00";"+3,00";152;293;"B_left";23
170;"11";"-0,73";"+2,00";"-0,93";"+1,52";-73;200;"B_left";0
170;"13";"-1,00";"+1,00";"-0,93";"+0,48";-93;48;"A_left";1
170;"23";"+2,73";"-0,00";"+2,93";"+0,48";293;48;"B_left";2
170;"9";"+0,00";"+2,73";"-0,41";"+2,41";0;273;"B_left";3
170;"21";"+2,00";"-0,73";"+2,41";"-0,41";241;-41;"A_left";4
170;"18";"+0,48";"-0,93";"+1,00";"-1,00";100;-100;"A_left";5
170;"10";"-0,41";"+2,41";"-0,73";"+2,00";-41;241;"B_left";6
170;"5";"+2,00";"+2,73";"+1,52";"+2,93";200;273;"A_left";7
170;"2";"+2,93";"+1,52";"+2,73";"+2,00";293;152;"B_left";8
170;"22";"+2,41";"-0,41";"+2,73";"-0,00";273;0;"B_left";9
170;"1";"+3,00";"+1,00";"+2,93";"+1,52";300;100;"A_left";10
170;"15";"-0,73";"-0,00";"-0,41";"-0,41";-41;-41;"A_left";11
170;"4";"+2,41";"+2,41";"+2,00";"+2,73";241;241;"B_left";12
170;"3";"+2,73";"+2,00";"+2,41";"+2,41";273;200;"B_left";13
170;"19";"+1,00";"-1,00";"+1,52";"-0,93";152;-93;"B_left";14
170;"6";"+1,52";"+2,93";"+1,00";"+3,00";152;293;"B_left";15
170;"7";"+1,00";"+3,00";"+0,48";"+2,93";100;300;"B_left";16
170;"12";"-0,93";"+1,52";"-1,00";"+1,00";-93;152;"A_left";17
170;"16";"-0,41";"-0,41";"-0,00";"-0,73";0;-73;"B_left";18
170;"20";"+1,52";"-0,93";"+2,00";"-0,73";200;-73;"A_left";19
170;"14";"-0,93";"+0,48";"-0,73";"-0,00";-73;0;"A_left";20
170;"17";"-0,00";"-0,73";"+0,48";"-0,93";48;-93;"B_left";21
170;"24";"+2,93";"+0,48";"+3,00";"+1,00";300;100;"A_left";22
170;"8";"+0,48";"+2,93";"+0,00";"+2,73";48;293;"A_left";23
171;"20";"+1,52";"-0,93";"+2,00";"-0,73";200;-73;"A_left";0
171;"2";"+2,93";"+1,52";"+2,73";"+2,00";273;200;"A_left";1
171;"21";"+2,00";"-0,73";"+2,41";"-0,41";241;-41;"A_left";2
171;"22";"+2,41";"-0,41";"+2,73";"-0,00";273;0;"B_left";3
171;"15";"-0,73";"-0,00";"-0,41";"-0,41";-41;-41;"A_left";4
171;"17";"-0,00";"-0,73";"+0,48";"-0,93";48;-93;"B_left";5
171;"19";"+1,00";"-1,00";"+1,52";"-0,93";152;-93;"B_left";6
171;"3";"+2,73";"+2,00";"+2,41";"+2,41";241;241;"A_left";7
171;"14";"-0,93";"+0,48";"-0,73";"-0,00";-93;48;"A_left";8
171;"18";"+0,48";"-0,93";"+1,00";"-1,00";100;-100;"B_left";9
171;"1";"+3,00";"+1,00";"+2,93";"+1,52";293;152;"A_left";10
171;"9";"+0,00";"+2,73";"-0,41";"+2,41";0;273;"A_left";11
171;"11";"-0,73";"+2,00";"-0,93";"+1,52";-73;200;"B_left";12
171;"6";"+1,52";"+2,93";"+1,00";"+3,00";152;293;"A_left";13
171;"4";"+2,41";"+2,41";"+2,00";"+2,73";241;241;"A_left";14
171;"8";"+0,48";"+2,93";"+0,00";"+2,73";48;293;"B_left";15
171;"16";"-0,41";"-0,41";"-0,00";"-0,73";-41;-41;"A_left";16
171;"10";"-0,41";"+2,41";"-0,73";"+2,00";-41;241;"A_left";17
171;"5";"+2,00";"+2,73";"+1,52";"+2,93";200;273;"B_left";18
171;"24";"+2,93";"+0,48";"+3,00";"+1,00";300;100;"A_left";19
171;"23";"+2,73";"-0,00";"+2,93";"+0,48";293;48;"A_left";20
171;"7";"+1,00";"+3,00";"+0,48";"+2,93";100;300;"B_left";21
171;"13";"-1,00";"+1,00";"-0,93";"+0,48";-100;100;"A_left";22
171;"12";"-0,93";"+1,52";"-1,00";"+1,00";-93;152;"B_left";23
172;"23";"+2,73";"-0,00";"+2,93";"+0,48";293;48;"B_left";0
172;"20";"+1,52";"-0,93";"+2,00";"-0,73";200;-73;"A_left";1
172;"16";"-0,41";"-0,41";"-0,00";"-0,73";0;-73;"B_left";2
172;"4";"+2,41";"+2,41";"+2,00";"+2,73";241;241;"A_left";3
172;"7";"+1,00";"+3,00";"+0,48";"+2,93";100;300;"A_left";4
172;"6";"+1,52";"+2,93";"+1,00";"+3,00";100;300;"B_left";5
172;"10";"-0,41";"+2,41";"-0,73";"+2,00";-41;241;"B_left";6
172;"15";"-0,73";"-0,00";"-0,41";"-0,41";-73;0;"B_left";7
172;"24";"+2,93";"+0,48";"+3,00";"+1,00";300;100;"B_left";8
172;"13";"-1,00";"+1,00";"-0,93";"+0,48";-93;48;"A_left";9
172;"14";"-0,93";"+0,48";"-0,73";"-0,00";-93;48;"B_left";10
172;"9";"+0,00";"+2,73";"-0,41";"+2,41";0;273;"B_left";11
172;"2";"+2,93";"+1,52";"+2,73";"+2,00";273;200;"A_left";12
172;"17";"-0,00";"-0,73";"+0,48";"-0,93";48;-93;"A_left";13
172;"11";"-0,73";"+2,00";"-0,93";"+1,52";-73;200;"A_left";14
172;"21";"+2,00";"-0,73";"+2,41";"-0,41";241;-41;"A_left";15
172;"22";"+2,41";"-0,41";"+2,73";"-0,00";273;0;"B_left";16
172;"8";"+0,48";"+2,93";"+0,00";"+2,73";48;293;"A_left";17
172;"5";"+2,00";"+2,73";"+1,52";"+2,93";200;273;"A_left";18
172;"19";"+1,00";"-1,00";"+1,52";"-0,93";152;-93;"A_left";19
172;"12";"-0,93";"+1,52";"-1,00";"+1,00";-93;152;"A_left";20
172;"18";"+0,48";"-0,93";"+1,00";"-1,00";48;-93;"A_left";21
172;"1";"+3,00";"+1,00";"+2,93";"+1,52";300;100;"A_left";22
172;"3";"+2,73";"+2,00";"+2,41";"+2,41";241;241;"B_left";23
173;"4";"+2,41";"+2,41";"+2,00";"+2,73";241;241;"B_left";0
173;"19";"+1,00";"-1,00";"+1,52";"-0,93";100;-100;"B_left";1
173;"12";"-0,93";"+1,52";"-1,00";"+1,00";-100;100;"B_left";2
173;"11";"-0,73";"+2,00";"-0,93";"+1,52";-93;152;"B_left";3
173;"6";"+1,52";"+2,93";"+1,00";"+3,00";152;293;"A_left";4
173;"20";"+1,52";"-0,93";"+2,00";"-0,73";152;-93;"B_left";5
173;"13";"-1,00";"+1,00";"-0,93";"+0,48";-100;100;"A_left";6
173;"5";"+2,00";"+2,73";"+1,52";"+2,93";200;273;"A_left";7
173;"14";"-0,93";"+0,48";"-0,73";"-0,00";-73;0;"A_left";8
173;"15";"-0,73";"-0,00";"-0,41";"-0,41";-41;-41;"A_left";9
173;"1";"+3,00";"+1,00";"+2,93";"+1,52";293;152;"B_left";10
173;"10";"-0,41";"+2,41";"-0,73";"+2,00";-41;241;"A_left";11
173;"18";"+0,48";"-0,93";"+1,00";"-1,00";100;-100;"B_left";12
173;"22";"+2,41";"-0,41";"+2,73";"-0,00";273;0;"B_left";13
173;"17";"-0,00";"-0,73";"+0,48";"-0,93";0;-73;"A_left";14
173;"9";"+0,00";"+2,73";"-0,41";"+2,41";0;273;"A_left";15
173;"16";"-0,41";"-0,41";"-0,00";"-0,73";-41;-41;"A_left";16
173;"23";"+2,73";"-0,00";"+2,93";"+0,48";293;48;"A_left";17
173;"7";"+1,00";"+3,00";"+0,48";"+2,93";100;300;"B_left";18
173;"2";"+2,93";"+1,52";"+2,73";"+2,00";273;200;"B_left";19
173;"21";"+2,00";"-0,73";"+2,41";"-0,41";241;-41;"A_left";20
173;"8";"+0,48";"+2,93";"+0,00";"+2,73";48;293;"A_left";21
173;"24";"+2,93";"+0,48";"+3,00";"+1,00";300;100;"B_left";22
173;"3";"+2,73";"+2,00";"+2,41";"+2,41";241;241;"A_left";23
174;"3";"+2,73";"+2,00";"+2,41";"+2,41";241;241;"A_left";0
174;"15";"-0,73";"-0,00";"-0,41";"-0,41";-41;-41;"B_left";1
174;"9";"+0,00";"+2,73";"-0,41";"+2,41";0;273;"A_left";2
174;"6";"+1,52";"+2,93";"+1,00";"+3,00";100;300;"B_left";3
174;"14";"-0,93";"+0,48";"-0,73";"-0,00";-73;0;"A_left";4
174;"20";"+1,52";"-0,93";"+2,00";"-0,73";200;-73;"A_left";5
174;"18";"+0,48";"-0,93";"+1,00";"-1,00";48;-93;"A_left";6
174;"22";"+2,41";"-0,41";"+2,73";"-0,00";273;0;"B_left";7
174;"8";"+0,48";"+2,93";"+0,00";"+2,73";0;273;"A_left";8
174;"21";"+2,00";"-0,73";"+2,41";"-0,41";241;-41;"A_left";9
174;"23";"+2,73";"-0,00";"+2,93";"+0,48";293;48;"A_left";10
174;"19";"+1,00";"-1,00";"+1,52";"-0,93";152;-93;"A_left";11
174;"2";"+2,93";"+1,52";"+2,73";"+2,00";273;200;"A_left";12
174;"16";"-0,41";"-0,41";"-0,00";"-0,73";-41;-41;"B_left";13
174;"24";"+2,93";"+0,48";"+3,00";"+1,00";300;100;"B_left";14
174;"7";"+1,00";"+3,00";"+0,48";"+2,93";100;300;"A_left";15
174;"1";"+3,00";"+1,00";"+2,93";"+1,52";300;100;"A_left";16
174;"4";"+2,41";"+2,41";"+2,00";"+2,73";241;241;"A_left";17
174;"12";"-0,93";"+1,52";"-1,00";"+1,00";-100;100;"B_left";18
174;"17";"-0,00";"-0,73";"+0,48";"-0,93";0;-73;"A_left";19
174;"13";"-1,00";"+1,00";"-0,93";"+0,48";-93;48;"A_left";20
174;"10";"-0,41";"+2,41";"-0,73";"+2,00";-41;241;"B_left";21
174;"5";"+2,00";"+2,73";"+1,52";"+2,93";200;273;"B_left";22
174;"11";"-0,73";"+2,00";"-0,93";"+1,52";-73;200;"A_left";23
175;"24";"+2,93";"+0,48";"+3,00";"+1,00";300;100;"B_left";0
175;"17";"-0,00";"-0,73";"+0,48";"-0,93";48;-93;"B_left";1
175;"6";"+1,52";"+2,93";"+1,00";"+3,00";152;293;"B_left";2
175;"7";"+1,00";"+3,00";"+0,48";"+2,93";100;300;"B_left";3
175;"10";"-0,41";"+2,41";"-0,73";"+2,00";-41;241;"A_left";4
175;"13";"-1,00";"+1,00";"-0,93";"+0,48";-100;100;"B_left";5
175;"2";"+2,93";"+1,52";"+2,73";"+2,00";273;200;"B_left";6
175;"23";"+2,73";"-0,00";"+2,93";"+0,48";293;48;"A_left";7
175;"9";"+0,00";"+2,73";"-0,41";"+2,41";0;273;"B_left";8
175;"11";"-0,73";"+2,00";"-0,93";"+1,52";-73;200;"A_left";9
175;"8";"+0,48";"+2,93";"+0,00";"+2,73";48;293;"B_left";10
175;"15";"-0,73";"-0,00";"-0,41";"-0,41";-41;-41;"A_left";11
175;"3";"+2,73";"+2,00";"+2,41";"+2,41";241;241;"A_left";12
175;"18";"+0,48";"-0,93";"+1,00";"-1,00";48;-93;"B_left";13
175;"20";"+1,52";"-0,93";"+2,00";"-0,73";200;-73;"B_left";14
175;"16";"-0,41";"-0,41";"-0,00";"-0,73";-41;-41;"A_left";15
175;"21";"+2,00";"-0,73";"+2,41";"-0,41";241;-41;"B_left";16
175;"12";"-0,93";"+1,52";"-1,00";"+1,00";-93;152;"B_left";17
175;"5";"+2,00";"+2,73";"+1,52";"+2,93";200;273;"A_left";18
175;"22";"+2,41";"-0,41";"+2,73";"-0,00";273;0;"B_left";19
175;"4";"+2,41";"+2,41";"+2,00";"+2,73";241;241;"A_left";20
175;"19";"+1,00";"-1,00";"+1,52";"-0,93";152;-93;"A_left";21
175;"1";"+3,00";"+1,00";"+2,93";"+1,52";293;152;"A_left";22
175;"14";"-0,93";"+0,48";"-0,73";"-0,00";-93;48;"B_left";23
176;"23";"+2,73";"-0,00";"+2,93";"+0,48";293;48;"A_left";0
176;"13";"-1,00";"+1,00";"-0,93";"+0,48";-93;48;"A_left";1
176;"5";"+2,00";"+2,73";"+1,52";"+2,93";200;273;"A_left";2
176;"12";"-0,93";"+1,52";"-1,00";"+1,00";-93;152;"A_left";3
176;"1";"+3,00";"+1,00";"+2,93";"+1,52";300;100;"A_left";4
176;"19";"+1,00";"-1,00";"+1,52";"-0,93";152;-93;"B_left";5
176;"21";"+2,00";"-0,73";"+2,41";"-0,41";241;-41;"A_left";6
176;"4";"+2,41";"+2,41";"+2,00";"+2,73";241;241;"B_left";7
176;"2";"+2,93";"+1,52";"+2,73";"+2,00";293;152;"B_left";8
176;"9";"+0,00";"+2,73";"-0,41";"+2,41";0;273;"B_left";9
176;"20";"+1,52";"-0,93";"+2,00";"-0,73";200;-73;"A_left";10
176;"17";"-0,00";"-0,73";"+0,48";"-0,93";48;-93;"A_left";11
176;"3";"+2,73";"+2,00";"+2,41";"+2,41";273;200;"A_left";12
176;"14";"-0,93";"+0,48";"-0,73";"-0,00";-73;0;"B_left";13
176;"18";"+0,48";"-0,93";"+1,00";"-1,00";100;-100;"A_left";14
176;"22";"+2,41";"-0,41";"+2,73";"-0,00";273;0;"B_left";15
176;"24";"+2,93";"+0,48";"+3,00";"+1,00";300;100;"A_left";16
176;"7";"+1,00";"+3,00";"+0,48";"+2,93";100;300;"B_left";17
176;"8";"+0,48";"+2,93";"+0,00";"+2,73";48;293;"B_left";18
176;"6";"+1,52";"+2,93";"+1,00";"+3,00";152;293;"B_left";19
176;"11";"-0,73";"+2,00";"-0,93";"+1,52";-73;200;"B_left";20
176;"15";"-0,73";"-0,00";"-0,41";"-0,41";-41;-41;"A_left";21
176;"10";"-0,41";"+2,41";"-0,73";"+2,00";-41;241;"B_left";22
176;"16";"-0,41";"-0,41";"-0,00";"-0,73";0;-73;"A_left";23
177;"1";"+3,00";"+1,00";"+2,93";"+1,52";293;152;"B_left";0
177;"19";"+1,00";"-1,00";"+1,52";"-0,93";152;-93;"B_left";1
177;"11";"-0,73";"+2,00";"-0,93";"+1,52";-73;200;"B_left";2
177;"20";"+1,52";"-0,93";"+2,00";"-0,73";200;-73;"B_left";3
177;"21";"+2,00";"-0,73";"+2,41";"-0,41";241;-41;"A_left";4
177;"7";"+1,00";"+3,00";"+0,48";"+2,93";100;300;"B_left";5
177;"18";"+0,48";"-0,93";"+1,00";"-1,00";100;-100;"B_left";6
177;"9";"+0,00";"+2,73";"-0,41";"+2,41";0;273;"A_left";7
177;"24";"+2,93";"+0,48";"+3,00";"+1,00";300;100;"A_left";8
177;"10";"-0,41";"+2,41";"-0,73";"+2,00";-41;241;"A_left";9
177;"5";"+2,00";"+2,73";"+1,52";"+2,93";200;273;"B_left";10
177;"17";"-0,00";"-0,73";"+0,48";"-0,93";0;-73;"A_left";11
177;"3";"+2,73";"+2,00";"+2,41";"+2,41";241;241;"B_left";12
177;"14";"-0,93";"+0,48";"-0,73";"-0,00";-93;48;"B_left";13
177;"22";"+2,41";"-0,41";"+2,73";"-0,00";273;0;"A_left";14
177;"16";"-0,41";"-0,41";"-0,00";"-0,73";-41;-41;"A_left";15
177;"6";"+1,52";"+2,93";"+1,00";"+3,00";152;293;"B_left";16
177;"13";"-1,00";"+1,00";"-0,93";"+0,48";-100;100;"B_left";17
177;"4";"+2,41";"+2,41";"+2,00";"+2,73";241;241;"A_left";18
177;"2";"+2,93";"+1,52";"+2,73";"+2,00";273;200;"A_left";19
177;"8";"+0,48";"+2,93";"+0,00";"+2,73";48;293;"A_left";20
177;"15";"-0,73";"-0,00";"-0,41";"-0,41";-41;-41;"A_left";21
177;"12";"-0,93";"+1,52";"-1,00";"+1,00";-93;152;"A_left";22
177;"23";"+2,73";"-0,00";"+2,93";"+0,48";293;48;"B_left";23
178;"21";"+2,00";"-0,73";"+2,41";"-0,41";241;-41;"A_left";0
178;"5";"+2,00";"+2,73";"+1,52";"+2,93";200;273;"B_left";1
178;"16";"-0,41";"-0,41";"-0,00";"-0,73";0;-73;"B_left";2
178;"1";"+3,00";"+1,00";"+2,93";"+1,52";293;152;"B_left";3
178;"4";"+2,41";"+2,41";"+2,00";"+2,73";241;241;"B_left";4
178;"8";"+0,48";"+2,93";"+0,00";"+2,73";48;293;"B_left";5
178;"20";"+1,52";"-0,93";"+2,00";"-0,73";200;-73;"B_left";6
178;"9";"+0,00";"+2,73";"-0,41";"+2,41";0;273;"B_left";7
178;"3";"+2,73";"+2,00";"+2,41";"+2,41";241;241;"B_left";8
178;"24";"+2,93";"+0,48";"+3,00";"+1,00";300;100;"A_left";9
178;"22";"+2,41";"-0,41";"+2,73";"-0,00";273;0;"B_left";10
178;"15";"-0,73";"-0,00";"-0,41";"-0,41";-41;-41;"B_left";11
178;"2";"+2,93";"+1,52";"+2,73";"+2,00";273;200;"B_left";12
178;"14";"-0,93";"+0,48";"-0,73";"-0,00";-73;0;"A_left";13
178;"7";"+1,00";"+3,00";"+0,48";"+2,93";100;300;"B_left";14
178;"19";"+1,00";"-1,00";"+1,52";"-0,93";152;-93;"A_left";15
178;"12";"-0,93";"+1,52";"-1,00";"+1,00";-93;152;"A_left";16
178;"18";"+0,48";"-0,93";"+1,00";"-1,00";100;-100;"B_left";17
178;"11";"-0,73";"+2,00";"-0,93";"+1,52";-73;200;"B_left";18
178;"6";"+1,52";"+2,93";"+1,00";"+3,00";152;293;"B_left";19
178;"23";"+2,73";"-0,00";"+2,93";"+0,48";293;48;"B_left";20
178;"13";"-1,00";"+1,00";"-0,93";"+0,48";-93;48;"B_left";21
178;"17";"-0,00";"-0,73";"+0,48";"-0,93";48;-93;"A_left";22
178;"10";"-0,41";"+2,41";"-0,73";"+2,00";-41;241;"B_left";23
179;"23";"+2,73";"-0,00";"+2,93";"+0,48";273;0;"A_left";0
179;"15";"-0,73";"-0,00";"-0,41";"-0,41";-41;-41;"B_left";1
179;"2";"+2,93";"+1,52";"+2,73";"+2,00";293;152;"A_left";2
179;"10";"-0,41";"+2,41";"-0,73";"+2,00";-41;241;"B_left";3
179;"18";"+0,48";"-0,93";"+1,00";"-1,00";100;-100;"B_left";4
179;"17";"-0,00";"-0,73";"+0,48";"-0,93";48;-93;"B_left";5
179;"22";"+2,41";"-0,41";"+2,73";"-0,00";273;0;"B_left";6
179;"13";"-1,00";"+1,00";"-0,93";"+0,48";-93;48;"B_left";7
179;"3";"+2,73";"+2,00";"+2,41";"+2,41";273;200;"B_left";8
179;"7";"+1,00";"+3,00";"+0,48";"+2,93";100;300;"B_left";9
179;"20";"+1,52";"-0,93";"+2,00";"-0,73";200;-73;"A_left";10
179;"4";"+2,41";"+2,41";"+2,00";"+2,73";241;241;"A_left";11
179;"6";"+1,52";"+2,93";"+1,00";"+3,00";100;300;"B_left";12
179;"24";"+2,93";"+0,48";"+3,00";"+1,00";300;100;"A_left";13
179;"21";"+2,00";"-0,73";"+2,41";"-0,41";241;-41;"A_left";14
179;"12";"-0,93";"+1,52";"-1,00";"+1,00";-93;152;"A_left";15
179;"9";"+0,00";"+2,73";"-0,41";"+2,41";0;273;"B_left";16
179;"1";"+3,00";"+1,00";"+2,93";"+1,52";300;100;"A_left";17
179;"16";"-0,41";"-0,41";"-0,00";"-0,73";0;-73;"B_left";18
179;"19";"+1,00";"-1,00";"+1,52";"-0,93";152;-93;"B_left";19
179;"5";"+2,00";"+2,73";"+1,52";"+2,93";200;273;"A_left";20
179;"11";"-0,73";"+2,00";"-0,93";"+1,52";-73;200;"B_left";21
179;"8";"+0,48";"+2,93";"+0,00";"+2,73";48;293;"B_left";22
179;"14";"-0,93";"+0,48";"-0,73";"-0,00";-73;0;"A_left";23
180;"3";"+2,73";"+2,00";"+2,41";"+2,41";273;200;"A_left";0
180;"16";"-0,41";"-0,41";"-0,00";"-0,73";0;-73;"A_left";1
180;"6";"+1,52";"+2,93";"+1,00";"+3,00";152;293;"A_left";2
180;"1";"+3,00";"+1,00";"+2,93";"+1,52";300;100;"B_left";3
180;"7";"+1,00";"+3,00";"+0,48";"+2,93";100;300;"B_left";4
180;"15";"-0,73";"-0,00";"-0,41";"-0,41";-41;-41;"B_left";5
180;"10";"-0,41";"+2,41";"-0,73";"+2,00";-41;241;"B_left";6
180;"8";"+0,48";"+2,93";"+0,00";"+2,73";48;293;"B_left";7
180;"4";"+2,41";"+2,41";"+2,00";"+2,73";241;241;"B_left";8
180;"12";"-0,93";"+1,52";"-1,00";"+1,00";-93;152;"A_left";9
180;"22";"+2,41";"-0,41";"+2,73";"-0,00";273;0;"A_left";10
180;"17";"-0,00";"-0,73";"+0,48";"-0,93";48;-93;"A_left";11
180;"24";"+2,93";"+0,48";"+3,00";"+1,00";300;100;"B_left";12
180;"11";"-0,73";"+2,00";"-0,93";"+1,52";-73;200;"B_left";13
180;"21";"+2,00";"-0,73";"+2,41";"-0,41";241;-41;"B_left";14
180;"23";"+2,73";"-0,00";"+2,93";"+0,48";293;48;"A_left";15
180;"20";"+1,52";"-0,93";"+2,00";"-0,73";200;-73;"A_left";16
180;"9";"+0,00";"+2,73";"-0,41";"+2,41";0;273;"B_left";17
180;"18";"+0,48";"-0,93";"+1,00";"-1,00";100;-100;"A_left";18
180;"19";"+1,00";"-1,00";"+1,52";"-0,93";152;-93;"B_left";19
180;"5";"+2,00";"+2,73";"+1,52";"+2,93";200;273;"A_left";20
180;"14";"-0,93";"+0,48";"-0,73";"-0,00";-73;0;"B_left";21
180;"13";"-1,00";"+1,00";"-0,93";"+0,48";-93;48;"A_left";22
180;"2";"+2,93";"+1,52";"+2,73";"+2,00";293;152;"A_left";23
181;"7";"+1,00";"+3,00";"+0,48";"+2,93";100;300;"B_left";0
181;"5";"+2,00";"+2,73";"+1,52";"+2,93";200;273;"B_left";1
181;"1";"+3,00";"+1,00";"+2,93";"+1,52";293;152;"B_left";2
181;"11";"-0,73";"+2,00";"-0,93";"+1,52";-93;152;"A_left";3
181;"15";"-0,73";"-0,00";"-0,41";"-0,41";-41;-41;"B_left";4
181;"4";"+2,41";"+2,41";"+2,00";"+2,73";241;241;"A_left";5
181;"19";"+1,00";"-1,00";"+1,52";"-0,93";152;-93;"A_left";6
181;"6";"+1,52";"+2,93";"+1,00";"+3,00";152;293;"B_left";7
181;"14";"-0,93";"+0,48";"-0,73";"-0,00";-73;0;"A_left";8
181;"21";"+2,00";"-0,73";"+2,41";"-0,41";241;-41;"A_left";9
181;"22";"+2,41";"-0,41";"+2,73";"-0,00";273;0;"B_left";10
181;"3";"+2,73";"+2,00";"+2,41";"+2,41";241;241;"A_left";11
181;"12";"-0,93";"+1,52";"-1,00";"+1,00";-93;152;"B_left";12
181;"24";"+2,93";"+0,48";"+3,00";"+1,00";300;100;"B_left";13
181;"23";"+2,73";"-0,00";"+2,93";"+0,48";293;48;"B_left";14
181;"10";"-0,41";"+2,41";"-0,73";"+2,00";-41;241;"B_left";15
181;"8";"+0,48";"+2,93";"+0,00";"+2,73";48;293;"A_left";16
181;"18";"+0,48";"-0,93";"+1,00";"-1,00";48;-93;"A_left";17
181;"16";"-0,41";"-0,41";"-0,00";"-0,73";-41;-41;"A_left";18
181;"17";"-0,00";"-0,73";"+0,48";"-0,93";48;-93;"B_left";19
181;"9";"+0,00";"+2,73";"-0,41";"+2,41";0;273;"B_left";20
181;"2";"+2,93";"+1,52";"+2,73";"+2,00";273;200;"B_left";21
181;"20";"+1,52";"-0,93";"+2,00";"-0,73";200;-73;"A_left";22
181;"13";"-1,00";"+1,00";"-0,93";"+0,48";-100;100;"B_left";23
182;"14";"-0,93";"+0,48";"-0,73";"-0,00";-93;48;"A_left";0
182;"4";"+2,41";"+2,41";"+2,00";"+2,73";241;241;"A_left";1
182;"21";"+2,00";"-0,73";"+2,41";"-0,41";241;-41;"B_left";2
182;"2";"+2,93";"+1,52";"+2,73";"+2,00";293;152;"A_left";3
182;"15";"-0,73";"-0,00";"-0,41";"-0,41";-41;-41;"B_left";4
182;"3";"+2,73";"+2,00";"+2,41";"+2,41";273;200;"A_left";5
182;"19";"+1,00";"-1,00";"+1,52";"-0,93";152;-93;"A_left";6
182;"5";"+2,00";"+2,73";"+1,52";"+2,93";200;273;"B_left";7
182;"8";"+0,48";"+2,93";"+0,00";"+2,73";48;293;"A_left";8
182;"17";"-0,00";"-0,73";"+0,48";"-0,93";48;-93;"B_left";9
182;"7";"+1,00";"+3,00";"+0,48";"+2,93";100;300;"A_left";10
182;"12";"-0,93";"+1,52";"-1,00";"+1,00";-93;152;"A_left";11
182;"6";"+1,52";"+2,93";"+1,00";"+3,00";152;293;"B_left";12
182;"18";"+0,48";"-0,93";"+1,00";"-1,00";100;-100;"A_left";13
182;"10";"-0,41";"+2,41";"-0,73";"+2,00";-41;241;"A_left";14
182;"24";"+2,93";"+0,48";"+3,00";"+1,00";300;100;"A_left";15
182;"13";"-1,00";"+1,00";"-0,93";"+0,48";-93;48;"A_left";16
182;"20";"+1,52";"-0,93";"+2,00";"-0,73";200;-73;"B_left";17
182;"16";"-0,41";"-0,41";"-0,00";"-0,73";0;-73;"B_left";18
182;"9";"+0,00";"+2,73";"-0,41";"+2,41";0;273;"B_left";19
182;"1";"+3,00";"+1,00";"+2,93";"+1,52";300;100;"B_left";20
182;"22";"+2,41";"-0,41";"+2,73";"-0,00";273;0;"A_left";21
182;"23";"+2,73";"-0,00";"+2,93";"+0,48";293;48;"A_left";22
182;"11";"-0,73";"+2,00";"-0,93";"+1,52";-73;200;"A_left";23
183;"13";"-1,00";"+1,00";"-0,93";"+0,48";-93;48;"A_left";0
183;"10";"-0,41";"+2,41";"-0,73";"+2,00";-41;241;"A_left";1
183;"21";"+2,00";"-0,73";"+2,41";"-0,41";241;-41;"A_left";2
183;"4";"+2,41";"+2,41";"+2,00";"+2,73";241;241;"B_left";3
183;"1";"+3,00";"+1,00";"+2,93";"+1,52";300;100;"B_left";4
183;"23";"+2,73";"-0,00";"+2,93";"+0,48";293;48;"A_left";5
183;"8";"+0,48";"+2,93";"+0,00";"+2,73";48;293;"A_left";6
183;"12";"-0,93";"+1,52";"-1,00";"+1,00";-93;152;"A_left";7
183;"18";"+0,48";"-0,93";"+1,00";"-1,00";100;-100;"B_left";8
183;"16";"-0,41";"-0,41";"-0,00";"-0,73";0;-73;"B_left";9
183;"3";"+2,73";"+2,00";"+2,41";"+2,41";273;200;"B_left";10
183;"9";"+0,00";"+2,73";"-0,41";"+2,41";0;273;"B_left";11
183;"14";"-0,93";"+0,48";"-0,73";"-0,00";-73;0;"A_left";12
183;"7";"+1,00";"+3,00";"+0,48";"+2,93";100;300;"B_left";13
183;"22";"+2,41";"-0,41";"+2,73";"-0,00";273;0;"A_left";14
183;"5";"+2,00";"+2,73";"+1,52";"+2,93";200;273;"B_left";15
183;"19";"+1,00";"-1,00";"+1,52";"-0,93";152;-93;"B_left";16
183;"24";"+2,93";"+0,48";"+3,00";"+1,00";300;100;"B_left";17
183;"20";"+1,52";"-0,93";"+2,00";"-0,73";200;-73;"B_left";18
183;"17";"-0,00";"-0,73";"+0,48";"-0,93";48;-93;"A_left";19
183;"15";"-0,73";"-0,00";"-0,41";"-0,41";-41;-41;"A_left";20
183;"11";"-0,73";"+2,00";"-0,93";"+1,52";-73;200;"B_left";21
183;"2";"+2,93";"+1,52";"+2,73";"+2,00";293;152;"A_left";22
183;"6";"+1,52";"+2,93";"+1,00";"+3,00";152;293;"B_left";23
184;"13";"-1,00";"+1,00";"-0,93";"+0,48";-93;48;"B_left";0
184;"17";"-0,00";"-0,73";"+0,48";"-0,93";48;-93;"A_left";1
184;"5";"+2,00";"+2,73";"+1,52";"+2,93";200;273;"B_left";2
184;"22";"+2,41";"-0,41";"+2,73";"-0,00";273;0;"B_left";3
184;"23";"+2,73";"-0,00";"+2,93";"+0,48";293;48;"A_left";4
184;"19";"+1,00";"-1,00";"+1,52";"-0,93";152;-93;"B_left";5
184;"6";"+1,52";"+2,93";"+1,00";"+3,00";152;293;"B_left";6
184;"3";"+2,73";"+2,00";"+2,41";"+2,41";273;200;"A_left";7
184;"12";"-0,93";"+1,52";"-1,00";"+1,00";-93;152;"A_left";8
184;"24";"+2,93";"+0,48";"+3,00";"+1,00";300;100;"A_left";9
184;"10";"-0,41";"+2,41";"-0,73";"+2,00";-41;241;"A_left";10
184;"16";"-0,41";"-0,41";"-0,00";"-0,73";0;-73;"B_left";11
184;"8";"+0,48";"+2,93";"+0,00";"+2,73";48;293;"B_left";12
184;"9";"+0,00";"+2,73";"-0,41";"+2,41";0;273;"B_left";13
184;"11";"-0,73";"+2,00";"-0,93";"+1,52";-73;200;"B_left";14
184;"20";"+1,52";"-0,93";"+2,00";"-0,73";200;-73;"A_left";15
184;"15";"-0,73";"-0,00";"-0,41";"-0,41";-41;-41;"B_left";16
184;"21";"+2,00";"-0,73";"+2,41";"-0,41";241;-41;"B_left";17
184;"18";"+0,48";"-0,93";"+1,00";"-1,00";100;-100;"A_left";18
184;"1";"+3,00";"+1,00";"+2,93";"+1,52";300;100;"B_left";19
184;"4";"+2,41";"+2,41";"+2,00";"+2,73";241;241;"B_left";20
184;"2";"+2,93";"+1,52";"+2,73";"+2,00";293;152;"B_left";21
184;"14";"-0,93";"+0,48";"-0,73";"-0,00";-73;0;"B_left";22
184;"7";"+1,00";"+3,00";"+0,48";"+2,93";100;300;"A_left";23
185;"5";"+2,00";"+2,73";"+1,52";"+2,93";200;273;"B_left";0
185;"6";"+1,52";"+2,93";"+1,00";"+3,00";152;293;"B_left";1
185;"15";"-0,73";"-0,00";"-0,41";"-0,41";-73;0;"B_left";2
185;"18";"+0,48";"-0,93";"+1,00";"-1,00";100;-100;"B_left";3
185;"24";"+2,93";"+0,48";"+3,00";"+1,00";300;100;"B_left";4
185;"10";"-0,41";"+2,41";"-0,73";"+2,00";-41;241;"B_left";5
185;"8";"+0,48";"+2,93";"+0,00";"+2,73";48;293;"B_left";6
185;"2";"+2,93";"+1,52";"+2,73";"+2,00";273;200;"A_left";7
185;"11";"-0,73";"+2,00";"-0,93";"+1,52";-73;200;"A_left";8
185;"13";"-1,00";"+1,00";"-0,93";"+0,48";-100;100;"B_left";9
185;"22";"+2,41";"-0,41";"+2,73";"-0,00";273;0;"A_left";10
185;"3";"+2,73";"+2,00";"+2,41";"+2,41";273;200;"B_left";11
185;"20";"+1,52";"-0,93";"+2,00";"-0,73";200;-73;"B_left";12
185;"1";"+3,00";"+1,00";"+2,93";"+1,52";300;100;"B_left";13
185;"16";"-0,41";"-0,41";"-0,00";"-0,73";0;-73;"A_left";14
185;"19";"+1,00";"-1,00";"+1,52";"-0,93";152;-93;"A_left";15
185;"23";"+2,73";"-0,00";"+2,93";"+0,48";293;48;"B_left";16
185;"7";"+1,00";"+3,00";"+0,48";"+2,93";100;300;"A_left";17
185;"4";"+2,41";"+2,41";"+2,00";"+2,73";241;241;"B_left";18
185;"9";"+0,00";"+2,73";"-0,41";"+2,41";0;273;"A_left";19
185;"21";"+2,00";"-0,73";"+2,41";"-0,41";241;-41;"A_left";20
185;"12";"-0,93";"+1,52";"-1,00";"+1,00";-93;152;"A_left";21
185;"14";"-0,93";"+0,48";"-0,73";"-0,00";-73;0;"A_left";22
185;"17";"-0,00";"-0,73";"+0,48";"-0,93";48;-93;"B_left";23
186;"17";"-0,00";"-0,73";"+0,48";"-0,93";48;-93;"B_left";0
186;"21";"+2,00";"-0,73";"+2,41";"-0,41";241;-41;"A_left";1
186;"14";"-0,93";"+0,48";"-0,73";"-0,00";-73;0;"A_left";2
186;"19";"+1,00";"-1,00";"+1,52";"-0,93";152;-93;"A_left";3
186;"18";"+0,48";"-0,93";"+1,00";"-1,00";100;-100;"A_left";4
186;"13";"-1,00";"+1,00";"-0,93";"+0,48";-93;48;"A_left";5
186;"16";"-0,41";"-0,41";"-0,00";"-0,73";0;-73;"B_left";6
186;"23";"+2,73";"-0,00";"+2,93";"+0,48";293;48;"A_left";7
186;"3";"+2,73";"+2,00";"+2,41";"+2,41";273;200;"B_left";8
186;"15";"-0,73";"-0,00";"-0,41";"-0,41";-41;-41;"A_left";9
186;"7";"+1,00";"+3,00";"+0,48";"+2,93";100;300;"B_left";10
186;"4";"+2,41";"+2,41";"+2,00";"+2,73";241;241;"A_left";11
186;"6";"+1,52";"+2,93";"+1,00";"+3,00";152;293;"B_left";12
186;"1";"+3,00";"+1,00";"+2,93";"+1,52";300;100;"A_left";13
186;"11";"-0,73";"+2,00";"-0,93";"+1,52";-73;200;"B_left";14
186;"8";"+0,48";"+2,93";"+0,00";"+2,73";48;293;"A_left";15
186;"12";"-0,93";"+1,52";"-1,00";"+1,00";-93;152;"B_left";16
186;"10";"-0,41";"+2,41";"-0,73";"+2,00";-41;241;"A_left";17
186;"9";"+0,00";"+2,73";"-0,41";"+2,41";0;273;"A_left";18
186;"22";"+2,41";"-0,41";"+2,73";"-0,00";273;0;"A_left";19
186;"20";"+1,52";"-0,93";"+2,00";"-0,73";200;-73;"B_left";20
186;"24";"+2,93";"+0,48";"+3,00";"+1,00";300;100;"B_left";21
186;"5";"+2,00";"+2,73";"+1,52";"+2,93";200;273;"B_left";22
186;"2";"+2,93";"+1,52";"+2,73";"+2,00";293;152;"B_left";23
187;"16";"-0,41";"-0,41";"-0,00";"-0,73";0;-73;"B_left";0
187;"5";"+2,00";"+2,73";"+1,52";"+2,93";200;273;"B_left";1
187;"11";"-0,73";"+2,00";"-0,93";"+1,52";-73;200;"B_left";2
187;"7";"+1,00";"+3,00";"+0,48";"+2,93";100;300;"A_left";3
187;"2";"+2,93";"+1,52";"+2,73";"+2,00";273;200;"B_left";4
187;"23";"+2,73";"-0,00";"+2,93";"+0,48";293;48;"A_left";5
187;"10";"-0,41";"+2,41";"-0,73";"+2,00";-41;241;"B_left";6
187;"13";"-1,00";"+1,00";"-0,93";"+0,48";-100;100;"A_left";7
187;"6";"+1,52";"+2,93";"+1,00";"+3,00";152;293;"B_left";8
187;"9";"+0,00";"+2,73";"-0,41";"+2,41";0;273;"B_left";9
187;"19";"+1,00";"-1,00";"+1,52";"-0,93";152;-93;"B_left";10
187;"24";"+2,93";"+0,48";"+3,00";"+1,00";300;100;"B_left";11
187;"21";"+2,00";"-0,73";"+2,41";"-0,41";241;-41;"A_left";12
187;"15";"-0,73";"-0,00";"-0,41";"-0,41";-41;-41;"A_left";13
187;"3";"+2,73";"+2,00";"+2,41";"+2,41";241;241;"B_left";14
187;"1";"+3,00";"+1,00";"+2,93";"+1,52";293;152;"B_left";15
187;"8";"+0,48";"+2,93";"+0,00";"+2,73";48;293;"B_left";16
187;"22";"+2,41";"-0,41";"+2,73";"-0,00";273;0;"A_left";17
187;"18";"+0,48";"-0,93";"+1,00";"-1,00";100;-100;"A_left";18
187;"20";"+1,52";"-0,93";"+2,00";"-0,73";200;-73;"A_left";19
187;"17";"-0,00";"-0,73";"+0,48";"-0,93";0;-73;"A_left";20
187;"4";"+2,41";"+2,41";"+2,00";"+2,73";241;241;"B_left";21
187;"14";"-0,93";"+0,48";"-0,73";"-0,00";-73;0;"A_left";22
187;"12";"-0,93";"+1,52";"-1,00";"+1,00";-93;152;"B_left";23
188;"8";"+0,48";"+2,93";"+0,00";"+2,73";48;293;"A_left";0
188;"7";"+1,00";"+3,00";"+0,48";"+2,93";100;300;"A_left";1
188;"16";"-0,41";"-0,41";"-0,00";"-0,73";0;-73;"A_left";2
188;"20";"+1,52";"-0,93";"+2,00";"-0,73";200;-73;"B_left";3
188;"10";"-0,41";"+2,41";"-0,73";"+2,00";-41;241;"A_left";4
188;"23";"+2,73";"-0,00";"+2,93";"+0,48";293;48;"A_left";5
188;"2";"+2,93";"+1,52";"+2,73";"+2,00";273;200;"B_left";6
188;"18";"+0,48";"-0,93";"+1,00";"-1,00";100;-100;"A_left";7
188;"5";"+2,00";"+2,73";"+1,52";"+2,93";200;273;"A_left";8
188;"11";"-0,73";"+2,00";"-0,93";"+1,52";-73;200;"B_left";9
188;"15";"-0,73";"-0,00";"-0,41";"-0,41";-41;-41;"A_left";10
188;"19";"+1,00";"-1,00";"+1,52";"-0,93";152;-93;"B_left";11
188;"12";"-0,93";"+1,52";"-1,00";"+1,00";-93;152;"A_left";12
188;"9";"+0,00";"+2,73";"-0,41";"+2,41";0;273;"B_left";13
188;"24";"+2,93";"+0,48";"+3,00";"+1,00";300;100;"B_left";14
188;"3";"+2,73";"+2,00";"+2,41";"+2,41";273;200;"A_left";15
188;"22";"+2,41";"-0,41";"+2,73";"-0,00";273;0;"B_left";16
188;"4";"+2,41";"+2,41";"+2,00";"+2,73";241;241;"B_left";17
188;"14";"-0,93";"+0,48";"-0,73";"-0,00";-73;0;"A_left";18
188;"6";"+1,52";"+2,93";"+1,00";"+3,00";152;293;"A_left";19
188;"21";"+2,00";"-0,73";"+2,41";"-0,41";241;-41;"B_left";20
188;"1";"+3,00";"+1,00";"+2,93";"+1,52";293;152;"A_left";21
188;"13";"-1,00";"+1,00";"-0,93";"+0,48";-93;48;"A_left";22
188;"17";"-0,00";"-0,73";"+0,48";"-0,93";48;-93;"A_left";23
189;"2";"+2,93";"+1,52";"+2,73";"+2,00";293;152;"A_left";0
189;"18";"+0,48";"-0,93";"+1,00";"-1,00";48;-93;"A_left";1
189;"13";"-1,00";"+1,00";"-0,93";"+0,48";-93;48;"A_left";2
189;"5";"+2,00";"+2,73";"+1,52";"+2,93";200;273;"B_left";3
189;"21";"+2,00";"-0,73";"+2,41";"-0,41";241;-41;"A_left";4
189;"23";"+2,73";"-0,00";"+2,93";"+0,48";293;48;"A_left";5
189;"9";"+0,00";"+2,73";"-0,41";"+2,41";0;273;"A_left";6
189;"24";"+2,93";"+0,48";"+3,00";"+1,00";300;100;"A_left";7
189;"3";"+2,73";"+2,00";"+2,41";"+2,41";241;241;"B_left";8
189;"11";"-0,73";"+2,00";"-0,93";"+1,52";-73;200;"A_left";9
189;"12";"-0,93";"+1,52";"-1,00";"+1,00";-93;152;"A_left";10
189;"14";"-0,93";"+0,48";"-0,73";"-0,00";-73;0;"A_left";11
189;"10";"-0,41";"+2,41";"-0,73";"+2,00";-41;241;"A_left";12
189;"22";"+2,41";"-0,41";"+2,73";"-0,00";273;0;"B_left";13
189;"6";"+1,52";"+2,93";"+1,00";"+3,00";152;293;"A_left";14
189;"1";"+3,00";"+1,00";"+2,93";"+1,52";293;152;"B_left";15
189;"19";"+1,00";"-1,00";"+1,52";"-0,93";152;-93;"A_left";16
189;"20";"+1,52";"-0,93";"+2,00";"-0,73";200;-73;"A_left";17
189;"15";"-0,73";"-0,00";"-0,41";"-0,41";-41;-41;"B_left";18
189;"17";"-0,00";"-0,73";"+0,48";"-0,93";48;-93;"A_left";19
189;"16";"-0,41";"-0,41";"-0,00";"-0,73";-41;-41;"A_left";20
189;"8";"+0,48";"+2,93";"+0,00";"+2,73";48;293;"A_left";21
189;"7";"+1,00";"+3,00";"+0,48";"+2,93";100;300;"A_left";22
189;"4";"+2,41";"+2,41";"+2,00";"+2,73";241;241;"A_left";23
190;"3";"+2,73";"+2,00";"+2,41";"+2,41";241;241;"A_left";0
190;"16";"-0,41";"-0,41";"-0,00";"-0,73";-41;-41;"B_left";1
190;"11";"-0,73";"+2,00";"-0,93";"+1,52";-93;152;"A_left";2
190;"21";"+2,00";"-0,73";"+2,41";"-0,41";241;-41;"B_left";3
190;"2";"+2,93";"+1,52";"+2,73";"+2,00";273;200;"A_left";4
190;"13";"-1,00";"+1,00";"-0,93";"+0,48";-100;100;"B_left";5
190;"22";"+2,41";"-0,41";"+2,73";"-0,00";273;0;"B_left";6
190;"4";"+2,41";"+2,41";"+2,00";"+2,73";241;241;"B_left";7
190;"10";"-0,41";"+2,41";"-0,73";"+2,00";-41;241;"B_left";8
190;"14";"-0,93";"+0,48";"-0,73";"-0,00";-73;0;"A_left";9
190;"8";"+0,48";"+2,93";"+0,00";"+2,73";48;293;"A_left";10
190;"9";"+0,00";"+2,73";"-0,41";"+2,41";0;273;"A_left";11
190;"20";"+1,52";"-0,93";"+2,00";"-0,73";200;-73;"A_left";12
190;"6";"+1,52";"+2,93";"+1,00";"+3,00";152;293;"B_left";13
190;"17";"-0,00";"-0,73";"+0,48";"-0,93";0;-73;"B_left";14
190;"12";"-0,93";"+1,52";"-1,00";"+1,00";-93;152;"A_left";15
190;"23";"+2,73";"-0,00";"+2,93";"+0,48";293;48;"B_left";16
190;"5";"+2,00";"+2,73";"+1,52";"+2,93";200;273;"A_left";17
190;"1";"+3,00";"+1,00";"+2,93";"+1,52";293;152;"B_left";18
190;"15";"-0,73";"-0,00";"-0,41";"-0,41";-41;-41;"A_left";19
190;"24";"+2,93";"+0,48";"+3,00";"+1,00";300;100;"B_left";20
190;"7";"+1,00";"+3,00";"+0,48";"+2,93";100;300;"A_left";21
190;"19";"+1,00";"-1,00";"+1,52";"-0,93";100;-100;"A_left";22
190;"18";"+0,48";"-0,93";"+1,00";"-1,00";48;-93;"A_left";23
191;"11";"-0,73";"+2,00";"-0,93";"+1,52";-73;200;"B_left";0
191;"1";"+3,00";"+1,00";"+2,93";"+1,52";300;100;"A_left";1
191;"12";"-0,93";"+1,52";"-1,00";"+1,00";-93;152;"B_left";2
191;"24";"+2,93";"+0,48";"+3,00";"+1,00";300;100;"A_left";3
191;"23";"+2,73";"-0,00";"+2,93";"+0,48";293;48;"B_left";4
191;"8";"+0,48";"+2,93";"+0,00";"+2,73";48;293;"B_left";5
191;"19";"+1,00";"-1,00";"+1,52";"-0,93";152;-93;"B_left";6
191;"21";"+2,00";"-0,73";"+2,41";"-0,41";241;-41;"A_left";7
191;"20";"+1,52";"-0,93";"+2,00";"-0,73";200;-73;"A_left";8
191;"4";"+2,41";"+2,41";"+2,00";"+2,73";241;241;"A_left";9
192;"11";"-0,73";"+2,00";"-0,93";"+1,52";-73;200;"B_left";0
192;"1";"+3,00";"+1,00";"+2,93";"+1,52";300;100;"A_left";1
192;"12";"-0,93";"+1,52";"-1,00";"+1,00";-93;152;"B_left";2
192;"24";"+2,93";"+0,48";"+3,00";"+1,00";300;100;"A_left";3
192;"23";"+2,73";"-0,00";"+2,93";"+0,48";293;48;"B_left";4
192;"8";"+0,48";"+2,93";"+0,00";"+2,73";48;293;"B_left";5
192;"19";"+1,00";"-1,00";"+1,52";"-0,93";152;-93;"B_left";6
192;"21";"+2,00";"-0,73";"+2,41";"-0,41";241;-41;"A_left";7
192;"20";"+1,52";"-0,93";"+2,00";"-0,73";200;-73;"A_left";8
192;"4";"+2,41";"+2,41";"+2,00";"+2,73";241;241;"A_left";9
192;"5";"+2,00";"+2,73";"+1,52";"+2,93";200;273;"B_left";10
192;"22";"+2,41";"-0,41";"+2,73";"-0,00";273;0;"A_left";11
192;"2";"+2,93";"+1,52";"+2,73";"+2,00";273;200;"B_left";12
192;"16";"-0,41";"-0,41";"-0,00";"-0,73";0;-73;"B_left";13
192;"15";"-0,73";"-0,00";"-0,41";"-0,41";-41;-41;"A_left";14
192;"7";"+1,00";"+3,00";"+0,48";"+2,93";100;300;"A_left";15
192;"13";"-1,00";"+1,00";"-0,93";"+0,48";-93;48;"A_left";16
192;"3";"+2,73";"+2,00";"+2,41";"+2,41";241;241;"A_left";17
192;"6";"+1,52";"+2,93";"+1,00";"+3,00";152;293;"A_left";18
192;"10";"-0,41";"+2,41";"-0,73";"+2,00";-41;241;"A_left";19
192;"17";"-0,00";"-0,73";"+0,48";"-0,93";48;-93;"A_left";20
192;"18";"+0,48";"-0,93";"+1,00";"-1,00";100;-100;"A_left";21
192;"9";"+0,00";"+2,73";"-0,41";"+2,41";0;273;"A_left";22
192;"14";"-0,93";"+0,48";"-0,73";"-0,00";-73;0;"A_left";23
193;"23";"+2,73";"-0,00";"+2,93";"+0,48";293;48;"B_left";0
193;"19";"+1,00";"-1,00";"+1,52";"-0,93";152;-93;"A_left";1
193;"6";"+1,52";"+2,93";"+1,00";"+3,00";152;293;"A_left";2
193;"13";"-1,00";"+1,00";"-0,93";"+0,48";-93;48;"B_left";3
193;"3";"+2,73";"+2,00";"+2,41";"+2,41";273;200;"B_left";4
193;"22";"+2,41";"-0,41";"+2,73";"-0,00";273;0;"A_left";5
193;"12";"-0,93";"+1,52";"-1,00";"+1,00";-93;152;"A_left";6
193;"2";"+2,93";"+1,52";"+2,73";"+2,00";293;152;"B_left";7
193;"7";"+1,00";"+3,00";"+0,48";"+2,93";100;300;"A_left";8
193;"8";"+0,48";"+2,93";"+0,00";"+2,73";48;293;"A_left";9
193;"21";"+2,00";"-0,73";"+2,41";"-0,41";241;-41;"A_left";10
193;"10";"-0,41";"+2,41";"-0,73";"+2,00";-41;241;"A_left";11
193;"1";"+3,00";"+1,00";"+2,93";"+1,52";300;100;"A_left";12
193;"24";"+2,93";"+0,48";"+3,00";"+1,00";300;100;"B_left";13
193;"5";"+2,00";"+2,73";"+1,52";"+2,93";200;273;"B_left";14
193;"9";"+0,00";"+2,73";"-0,41";"+2,41";0;273;"A_left";15
193;"17";"-0,00";"-0,73";"+0,48";"-0,93";0;-73;"A_left";16
193;"16";"-0,41";"-0,41";"-0,00";"-0,73";0;-73;"B_left";17
193;"20";"+1,52";"-0,93";"+2,00";"-0,73";200;-73;"B_left";18
193;"4";"+2,41";"+2,41";"+2,00";"+2,73";241;241;"A_left";19
193;"11";"-0,73";"+2,00";"-0,93";"+1,52";-73;200;"A_left";20
193;"14";"-0,93";"+0,48";"-0,73";"-0,00";-73;0;"B_left";21
193;"18";"+0,48";"-0,93";"+1,00";"-1,00";100;-100;"B_left";22
193;"15";"-0,73";"-0,00";"-0,41";"-0,41";-41;-41;"A_left";23
194;"6";"+1,52";"+2,93";"+1,00";"+3,00";152;293;"A_left";0
194;"22";"+2,41";"-0,41";"+2,73";"-0,00";241;-41;"B_left";1
194;"12";"-0,93";"+1,52";"-1,00";"+1,00";-93;152;"B_left";2
194;"20";"+1,52";"-0,93";"+2,00";"-0,73";200;-73;"B_left";3
194;"18";"+0,48";"-0,93";"+1,00";"-1,00";100;-100;"A_left";4
194;"9";"+0,00";"+2,73";"-0,41";"+2,41";0;273;"A_left";5
194;"8";"+0,48";"+2,93";"+0,00";"+2,73";48;293;"A_left";6
194;"5";"+2,00";"+2,73";"+1,52";"+2,93";200;273;"B_left";7
194;"19";"+1,00";"-1,00";"+1,52";"-0,93";152;-93;"A_left";8
194;"11";"-0,73";"+2,00";"-0,93";"+1,52";-73;200;"B_left";9
194;"2";"+2,93";"+1,52";"+2,73";"+2,00";293;152;"A_left";10
194;"13";"-1,00";"+1,00";"-0,93";"+0,48";-93;48;"B_left";11
194;"7";"+1,00";"+3,00";"+0,48";"+2,93";100;300;"A_left";12
194;"17";"-0,00";"-0,73";"+0,48";"-0,93";48;-93;"A_left";13
194;"3";"+2,73";"+2,00";"+2,41";"+2,41";241;241;"A_left";14
194;"15";"-0,73";"-0,00";"-0,41";"-0,41";-73;0;"B_left";15
194;"4";"+2,41";"+2,41";"+2,00";"+2,73";241;241;"A_left";16
194;"16";"-0,41";"-0,41";"-0,00";"-0,73";0;-73;"A_left";17
194;"24";"+2,93";"+0,48";"+3,00";"+1,00";300;100;"A_left";18
194;"14";"-0,93";"+0,48";"-0,73";"-0,00";-73;0;"A_left";19
194;"1";"+3,00";"+1,00";"+2,93";"+1,52";300;100;"A_left";20
194;"21";"+2,00";"-0,73";"+2,41";"-0,41";241;-41;"A_left";21
194;"10";"-0,41";"+2,41";"-0,73";"+2,00";-41;241;"B_left";22
194;"23";"+2,73";"-0,00";"+2,93";"+0,48";293;48;"A_left";23
195;"14";"-0,93";"+0,48";"-0,73";"-0,00";-73;0;"B_left";0
195;"23";"+2,73";"-0,00";"+2,93";"+0,48";293;48;"B_left";1
195;"1";"+3,00";"+1,00";"+2,93";"+1,52";293;152;"B_left";2
195;"19";"+1,00";"-1,00";"+1,52";"-0,93";152;-93;"A_left";3
195;"20";"+1,52";"-0,93";"+2,00";"-0,73";200;-73;"A_left";4
195;"16";"-0,41";"-0,41";"-0,00";"-0,73";-41;-41;"A_left";5
195;"9";"+0,00";"+2,73";"-0,41";"+2,41";0;273;"B_left";6
195;"21";"+2,00";"-0,73";"+2,41";"-0,41";241;-41;"B_left";7
195;"12";"-0,93";"+1,52";"-1,00";"+1,00";-93;152;"A_left";8
195;"10";"-0,41";"+2,41";"-0,73";"+2,00";-41;241;"A_left";9
195;"6";"+1,52";"+2,93";"+1,00";"+3,00";152;293;"A_left";10
195;"5";"+2,00";"+2,73";"+1,52";"+2,93";200;273;"B_left";11
195;"11";"-0,73";"+2,00";"-0,93";"+1,52";-73;200;"A_left";12
195;"7";"+1,00";"+3,00";"+0,48";"+2,93";100;300;"A_left";13
195;"8";"+0,48";"+2,93";"+0,00";"+2,73";48;293;"A_left";14
195;"17";"-0,00";"-0,73";"+0,48";"-0,93";0;-73;"A_left";15
195;"4";"+2,41";"+2,41";"+2,00";"+2,73";241;241;"A_left";16
195;"2";"+2,93";"+1,52";"+2,73";"+2,00";273;200;"A_left";17
195;"22";"+2,41";"-0,41";"+2,73";"-0,00";273;0;"B_left";18
195;"13";"-1,00";"+1,00";"-0,93";"+0,48";-100;100;"A_left";19
195;"3";"+2,73";"+2,00";"+2,41";"+2,41";241;241;"A_left";20
195;"24";"+2,93";"+0,48";"+3,00";"+1,00";300;100;"A_left";21
195;"18";"+0,48";"-0,93";"+1,00";"-1,00";48;-93;"A_left";22
195;"15";"-0,73";"-0,00";"-0,41";"-0,41";-73;0;"A_left";23
196;"13";"-1,00";"+1,00";"-0,93";"+0,48";-100;100;"B_left";0
196;"7";"+1,00";"+3,00";"+0,48";"+2,93";100;300;"A_left";1
196;"15";"-0,73";"-0,00";"-0,41";"-0,41";-73;0;"A_left";2
196;"21";"+2,00";"-0,73";"+2,41";"-0,41";241;-41;"A_left";3
196;"8";"+0,48";"+2,93";"+0,00";"+2,73";48;293;"B_left";4
196;"6";"+1,52";"+2,93";"+1,00";"+3,00";152;293;"A_left";5
196;"24";"+2,93";"+0,48";"+3,00";"+1,00";300;100;"A_left";6
196;"11";"-0,73";"+2,00";"-0,93";"+1,52";-73;200;"B_left";7
196;"5";"+2,00";"+2,73";"+1,52";"+2,93";200;273;"B_left";8
196;"18";"+0,48";"-0,93";"+1,00";"-1,00";100;-100;"B_left";9
196;"2";"+2,93";"+1,52";"+2,73";"+2,00";293;152;"A_left";10
196;"4";"+2,41";"+2,41";"+2,00";"+2,73";241;241;"A_left";11
196;"19";"+1,00";"-1,00";"+1,52";"-0,93";152;-93;"B_left";12
196;"1";"+3,00";"+1,00";"+2,93";"+1,52";293;152;"A_left";13
196;"10";"-0,41";"+2,41";"-0,73";"+2,00";-41;241;"B_left";14
196;"12";"-0,93";"+1,52";"-1,00";"+1,00";-93;152;"A_left";15
196;"17";"-0,00";"-0,73";"+0,48";"-0,93";48;-93;"B_left";16
196;"23";"+2,73";"-0,00";"+2,93";"+0,48";293;48;"A_left";17
196;"22";"+2,41";"-0,41";"+2,73";"-0,00";273;0;"A_left";18
196;"9";"+0,00";"+2,73";"-0,41";"+2,41";0;273;"A_left";19
196;"14";"-0,93";"+0,48";"-0,73";"-0,00";-93;48;"B_left";20
196;"20";"+1,52";"-0,93";"+2,00";"-0,73";200;-73;"B_left";21
196;"16";"-0,41";"-0,41";"-0,00";"-0,73";0;-73;"B_left";22
196;"3";"+2,73";"+2,00";"+2,41";"+2,41";241;241;"B_left";23
197;"8";"+0,48";"+2,93";"+0,00";"+2,73";48;293;"A_left";0
197;"13";"-1,00";"+1,00";"-0,93";"+0,48";-93;48;"A_left";1
197;"18";"+0,48";"-0,93";"+1,00";"-1,00";100;-100;"B_left";2
197;"5";"+2,00";"+2,73";"+1,52";"+2,93";200;273;"A_left";3
197;"6";"+1,52";"+2,93";"+1,00";"+3,00";152;293;"A_left";4
197;"7";"+1,00";"+3,00";"+0,48";"+2,93";100;300;"B_left";5
197;"24";"+2,93";"+0,48";"+3,00";"+1,00";300;100;"B_left";6
197;"17";"-0,00";"-0,73";"+0,48";"-0,93";48;-93;"A_left";7
197;"23";"+2,73";"-0,00";"+2,93";"+0,48";293;48;"B_left";8
197;"14";"-0,93";"+0,48";"-0,73";"-0,00";-73;0;"A_left";9
197;"3";"+2,73";"+2,00";"+2,41";"+2,41";273;200;"B_left";10
197;"10";"-0,41";"+2,41";"-0,73";"+2,00";-41;241;"B_left";11
197;"22";"+2,41";"-0,41";"+2,73";"-0,00";273;0;"B_left";12
197;"2";"+2,93";"+1,52";"+2,73";"+2,00";293;152;"A_left";13
197;"1";"+3,00";"+1,00";"+2,93";"+1,52";300;100;"B_left";14
197;"20";"+1,52";"-0,93";"+2,00";"-0,73";200;-73;"B_left";15
197;"4";"+2,41";"+2,41";"+2,00";"+2,73";241;241;"B_left";16
197;"19";"+1,00";"-1,00";"+1,52";"-0,93";152;-93;"B_left";17
197;"16";"-0,41";"-0,41";"-0,00";"-0,73";0;-73;"B_left";18
197;"12";"-0,93";"+1,52";"-1,00";"+1,00";-93;152;"B_left";19
197;"11";"-0,73";"+2,00";"-0,93";"+1,52";-73;200;"A_left";20
197;"21";"+2,00";"-0,73";"+2,41";"-0,41";241;-41;"A_left";21
197;"9";"+0,00";"+2,73";"-0,41";"+2,41";0;273;"B_left";22
197;"15";"-0,73";"-0,00";"-0,41";"-0,41";-41;-41;"B_left";23
198;"14";"-0,93";"+0,48";"-0,73";"-0,00";-93;48;"B_left";0
198;"2";"+2,93";"+1,52";"+2,73";"+2,00";273;200;"A_left";1
198;"23";"+2,73";"-0,00";"+2,93";"+0,48";293;48;"A_left";2
198;"24";"+2,93";"+0,48";"+3,00";"+1,00";300;100;"A_left";3
198;"5";"+2,00";"+2,73";"+1,52";"+2,93";200;273;"B_left";4
198;"19";"+1,00";"-1,00";"+1,52";"-0,93";152;-93;"B_left";5
198;"15";"-0,73";"-0,00";"-0,41";"-0,41";-41;-41;"A_left";6
198;"6";"+1,52";"+2,93";"+1,00";"+3,00";152;293;"B_left";7
198;"12";"-0,93";"+1,52";"-1,00";"+1,00";-93;152;"B_left";8
198;"13";"-1,00";"+1,00";"-0,93";"+0,48";-100;100;"A_left";9
198;"22";"+2,41";"-0,41";"+2,73";"-0,00";273;0;"A_left";10
198;"16";"-0,41";"-0,41";"-0,00";"-0,73";0;-73;"B_left";11
198;"7";"+1,00";"+3,00";"+0,48";"+2,93";100;300;"B_left";12
198;"4";"+2,41";"+2,41";"+2,00";"+2,73";241;241;"B_left";13
198;"8";"+0,48";"+2,93";"+0,00";"+2,73";48;293;"A_left";14
198;"18";"+0,48";"-0,93";"+1,00";"-1,00";100;-100;"B_left";15
198;"1";"+3,00";"+1,00";"+2,93";"+1,52";293;152;"B_left";16
198;"11";"-0,73";"+2,00";"-0,93";"+1,52";-73;200;"A_left";17
198;"9";"+0,00";"+2,73";"-0,41";"+2,41";0;273;"B_left";18
198;"17";"-0,00";"-0,73";"+0,48";"-0,93";48;-93;"B_left";19
198;"20";"+1,52";"-0,93";"+2,00";"-0,73";200;-73;"B_left";20
198;"10";"-0,41";"+2,41";"-0,73";"+2,00";-41;241;"A_left";21
198;"3";"+2,73";"+2,00";"+2,41";"+2,41";273;200;"B_left";22
198;"21";"+2,00";"-0,73";"+2,41";"-0,41";241;-41;"B_left";23
199;"22";"+2,41";"-0,41";"+2,73";"-0,00";273;0;"A_left";0
199;"3";"+2,73";"+2,00";"+2,41";"+2,41";273;200;"B_left";1
199;"16";"-0,41";"-0,41";"-0,00";"-0,73";0;-73;"A_left";2
199;"6";"+1,52";"+2,93";"+1,00";"+3,00";152;293;"A_left";3
199;"19";"+1,00";"-1,00";"+1,52";"-0,93";152;-93;"B_left";4
199;"13";"-1,00";"+1,00";"-0,93";"+0,48";-93;48;"B_left";5
199;"11";"-0,73";"+2,00";"-0,93";"+1,52";-73;200;"A_left";6
199;"4";"+2,41";"+2,41";"+2,00";"+2,73";241;241;"B_left";7
199;"5";"+2,00";"+2,73";"+1,52";"+2,93";200;273;"B_left";8
199;"17";"-0,00";"-0,73";"+0,48";"-0,93";48;-93;"A_left";9
199;"15";"-0,73";"-0,00";"-0,41";"-0,41";-41;-41;"A_left";10
199;"7";"+1,00";"+3,00";"+0,48";"+2,93";100;300;"B_left";11
199;"12";"-0,93";"+1,52";"-1,00";"+1,00";-93;152;"A_left";12
199;"14";"-0,93";"+0,48";"-0,73";"-0,00";-73;0;"B_left";13
199;"21";"+2,00";"-0,73";"+2,41";"-0,41";241;-41;"A_left";14
199;"20";"+1,52";"-0,93";"+2,00";"-0,73";200;-73;"B_left";15
199;"18";"+0,48";"-0,93";"+1,00";"-1,00";100;-100;"B_left";16
199;"9";"+0,00";"+2,73";"-0,41";"+2,41";0;273;"A_left";17
199;"23";"+2,73";"-0,00";"+2,93";"+0,48";293;48;"B_left";18
199;"1";"+3,00";"+1,00";"+2,93";"+1,52";300;100;"B_left";19
199;"8";"+0,48";"+2,93";"+0,00";"+2,73";48;293;"B_left";20
199;"2";"+2,93";"+1,52";"+2,73";"+2,00";293;152;"A_left";21
199;"24";"+2,93";"+0,48";"+3,00";"+1,00";300;100;"A_left";22
199;"10";"-0,41";"+2,41";"-0,73";"+2,00";-41;241;"B_left";23
200;"16";"-0,41";"-0,41";"-0,00";"-0,73";-41;-41;"A_left";0
200;"7";"+1,00";"+3,00";"+0,48";"+2,93";100;300;"A_left";1
200;"5";"+2,00";"+2,73";"+1,52";"+2,93";200;273;"B_left";2
200;"6";"+1,52";"+2,93";"+1,00";"+3,00";152;293;"B_left";3
200;"4";"+2,41";"+2,41";"+2,00";"+2,73";241;241;"B_left";4
200;"11";"-0,73";"+2,00";"-0,93";"+1,52";-73;200;"B_left";5
200;"24";"+2,93";"+0,48";"+3,00";"+1,00";300;100;"A_left";6
200;"8";"+0,48";"+2,93";"+0,00";"+2,73";48;293;"A_left";7
200;"10";"-0,41";"+2,41";"-0,73";"+2,00";-41;241;"B_left";8
200;"20";"+1,52";"-0,93";"+2,00";"-0,73";200;-73;"A_left";9
200;"14";"-0,93";"+0,48";"-0,73";"-0,00";-73;0;"B_left";10
200;"22";"+2,41";"-0,41";"+2,73";"-0,00";273;0;"A_left";11
200;"21";"+2,00";"-0,73";"+2,41";"-0,41";241;-41;"B_left";12
200;"13";"-1,00";"+1,00";"-0,93";"+0,48";-100;100;"A_left";13
200;"23";"+2,73";"-0,00";"+2,93";"+0,48";293;48;"B_left";14
200;"19";"+1,00";"-1,00";"+1,52";"-0,93";152;-93;"B_left";15
200;"18";"+0,48";"-0,93";"+1,00";"-1,00";100;-100;"B_left";16
200;"15";"-0,73";"-0,00";"-0,41";"-0,41";-41;-41;"B_left";17
200;"17";"-0,00";"-0,73";"+0,48";"-0,93";0;-73;"B_left";18
200;"9";"+0,00";"+2,73";"-0,41";"+2,41";0;273;"B_left";19
200;"12";"-0,93";"+1,52";"-1,00";"+1,00";-100;100;"B_left";20
200;"3";"+2,73";"+2,00";"+2,41";"+2,41";273;200;"A_left";21
200;"2";"+2,93";"+1,52";"+2,73";"+2,00";293;152;"B_left";22
200;"1";"+3,00";"+1,00";"+2,93";"+1,52";300;100;"B_left";23
201;"12";"-0,93";"+1,52";"-1,00";"+1,00";-93;152;"A_left";0
201;"21";"+2,00";"-0,73";"+2,41";"-0,41";241;-41;"A_left";1
201;"22";"+2,41";"-0,41";"+2,73";"-0,00";273;0;"B_left";2
201;"11";"-0,73";"+2,00";"-0,93";"+1,52";-73;200;"A_left";3
201;"13";"-1,00";"+1,00";"-0,93";"+0,48";-100;100;"A_left";4
201;"3";"+2,73";"+2,00";"+2,41";"+2,41";241;241;"B_left";5
201;"5";"+2,00";"+2,73";"+1,52";"+2,93";200;273;"A_left";6
201;"6";"+1,52";"+2,93";"+1,00";"+3,00";152;293;"B_left";7
201;"19";"+1,00";"-1,00";"+1,52";"-0,93";152;-93;"B_left";8
201;"16";"-0,41";"-0,41";"-0,00";"-0,73";-41;-41;"B_left";9
201;"20";"+1,52";"-0,93";"+2,00";"-0,73";200;-73;"A_left";10
201;"14";"-0,93";"+0,48";"-0,73";"-0,00";-73;0;"A_left";11
201;"1";"+3,00";"+1,00";"+2,93";"+1,52";293;152;"A_left";12
201;"23";"+2,73";"-0,00";"+2,93";"+0,48";293;48;"A_left";13
201;"4";"+2,41";"+2,41";"+2,00";"+2,73";241;241;"B_left";14
201;"15";"-0,73";"-0,00";"-0,41";"-0,41";-41;-41;"A_left";15
201;"24";"+2,93";"+0,48";"+3,00";"+1,00";300;100;"B_left";16
201;"18";"+0,48";"-0,93";"+1,00";"-1,00";48;-93;"B_left";17
201;"8";"+0,48";"+2,93";"+0,00";"+2,73";48;293;"A_left";18
201;"10";"-0,41";"+2,41";"-0,73";"+2,00";-41;241;"A_left";19
201;"17";"-0,00";"-0,73";"+0,48";"-0,93";48;-93;"B_left";20
201;"2";"+2,93";"+1,52";"+2,73";"+2,00";273;200;"A_left";21
201;"7";"+1,00";"+3,00";"+0,48";"+2,93";100;300;"A_left";22
201;"9";"+0,00";"+2,73";"-0,41";"+2,41";0;273;"A_left";23
202;"16";"-0,41";"-0,41";"-0,00";"-0,73";0;-73;"A_left";0
202;"24";"+2,93";"+0,48";"+3,00";"+1,00";293;48;"A_left";1
202;"18";"+0,48";"-0,93";"+1,00";"-1,00";100;-100;"A_left";2
202;"17";"-0,00";"-0,73";"+0,48";"-0,93";48;-93;"A_left";3
202;"7";"+1,00";"+3,00";"+0,48";"+2,93";100;300;"B_left";4
202;"4";"+2,41";"+2,41";"+2,00";"+2,73";241;241;"B_left";5
202;"9";"+0,00";"+2,73";"-0,41";"+2,41";0;273;"A_left";6
202;"8";"+0,48";"+2,93";"+0,00";"+2,73";48;293;"A_left";7
202;"14";"-0,93";"+0,48";"-0,73";"-0,00";-73;0;"B_left";8
202;"5";"+2,00";"+2,73";"+1,52";"+2,93";200;273;"A_left";9
202;"13";"-1,00";"+1,00";"-0,93";"+0,48";-100;100;"A_left";10
202;"10";"-0,41";"+2,41";"-0,73";"+2,00";-41;241;"A_left";11
202;"20";"+1,52";"-0,93";"+2,00";"-0,73";200;-73;"B_left";12
202;"1";"+3,00";"+1,00";"+2,93";"+1,52";293;152;"B_left";13
202;"6";"+1,52";"+2,93";"+1,00";"+3,00";152;293;"A_left";14
202;"3";"+2,73";"+2,00";"+2,41";"+2,41";273;200;"B_left";15
202;"19";"+1,00";"-1,00";"+1,52";"-0,93";152;-93;"A_left";16
202;"15";"-0,73";"-0,00";"-0,41";"-0,41";-41;-41;"B_left";17
202;"21";"+2,00";"-0,73";"+2,41";"-0,41";241;-41;"A_left";18
202;"11";"-0,73";"+2,00";"-0,93";"+1,52";-73;200;"A_left";19
202;"23";"+2,73";"-0,00";"+2,93";"+0,48";293;48;"B_left";20
202;"22";"+2,41";"-0,41";"+2,73";"-0,00";273;0;"A_left";21
202;"12";"-0,93";"+1,52";"-1,00";"+1,00";-93;152;"A_left";22
202;"2";"+2,93";"+1,52";"+2,73";"+2,00";273;200;"B_left";23
203;"6";"+1,52";"+2,93";"+1,00";"+3,00";152;293;"A_left";0
203;"9";"+0,00";"+2,73";"-0,41";"+2,41";0;273;"A_left";1
203;"23";"+2,73";"-0,00";"+2,93";"+0,48";293;48;"B_left";2
203;"22";"+2,41";"-0,41";"+2,73";"-0,00";273;0;"A_left";3
203;"10";"-0,41";"+2,41";"-0,73";"+2,00";-41;241;"B_left";4
203;"7";"+1,00";"+3,00";"+0,48";"+2,93";100;300;"A_left";5
203;"18";"+0,48";"-0,93";"+1,00";"-1,00";100;-100;"B_left";6
203;"8";"+0,48";"+2,93";"+0,00";"+2,73";48;293;"A_left";7
203;"19";"+1,00";"-1,00";"+1,52";"-0,93";152;-93;"B_left";8
203;"3";"+2,73";"+2,00";"+2,41";"+2,41";273;200;"B_left";9
203;"21";"+2,00";"-0,73";"+2,41";"-0,41";241;-41;"B_left";10
203;"5";"+2,00";"+2,73";"+1,52";"+2,93";200;273;"A_left";11
203;"13";"-1,00";"+1,00";"-0,93";"+0,48";-100;100;"A_left";12
203;"14";"-0,93";"+0,48";"-0,73";"-0,00";-73;0;"B_left";13
203;"15";"-0,73";"-0,00";"-0,41";"-0,41";-73;0;"A_left";14
203;"20";"+1,52";"-0,93";"+2,00";"-0,73";200;-73;"B_left";15
203;"2";"+2,93";"+1,52";"+2,73";"+2,00";293;152;"B_left";16
203;"17";"-0,00";"-0,73";"+0,48";"-0,93";48;-93;"A_left";17
203;"12";"-0,93";"+1,52";"-1,00";"+1,00";-93;152;"A_left";18
203;"16";"-0,41";"-0,41";"-0,00";"-0,73";0;-73;"A_left";19
203;"1";"+3,00";"+1,00";"+2,93";"+1,52";300;100;"A_left";20
203;"4";"+2,41";"+2,41";"+2,00";"+2,73";241;241;"A_left";21
203;"24";"+2,93";"+0,48";"+3,00";"+1,00";300;100;"B_left";22
203;"11";"-0,73";"+2,00";"-0,93";"+1,52";-73;200;"A_left";23
204;"3";"+2,73";"+2,00";"+2,41";"+2,41";241;241;"A_left";0
204;"12";"-0,93";"+1,52";"-1,00";"+1,00";-93;152;"A_left";1
204;"14";"-0,93";"+0,48";"-0,73";"-0,00";-73;0;"A_left";2
204;"22";"+2,41";"-0,41";"+2,73";"-0,00";273;0;"B_left";3
204;"6";"+1,52";"+2,93";"+1,00";"+3,00";152;293;"B_left";4
204;"13";"-1,00";"+1,00";"-0,93";"+0,48";-93;48;"A_left";5
204;"23";"+2,73";"-0,00";"+2,93";"+0,48";293;48;"B_left";6
204;"16";"-0,41";"-0,41";"-0,00";"-0,73";0;-73;"A_left";7
204;"19";"+1,00";"-1,00";"+1,52";"-0,93";152;-93;"A_left";8
204;"17";"-0,00";"-0,73";"+0,48";"-0,93";48;-93;"B_left";9
204;"4";"+2,41";"+2,41";"+2,00";"+2,73";241;241;"A_left";10
204;"11";"-0,73";"+2,00";"-0,93";"+1,52";-73;200;"B_left";11
204;"21";"+2,00";"-0,73";"+2,41";"-0,41";241;-41;"B_left";12
204;"20";"+1,52";"-0,93";"+2,00";"-0,73";200;-73;"B_left";13
204;"2";"+2,93";"+1,52";"+2,73";"+2,00";273;200;"B_left";14
204;"7";"+1,00";"+3,00";"+0,48";"+2,93";100;300;"A_left";15
204;"9";"+0,00";"+2,73";"-0,41";"+2,41";0;273;"B_left";16
204;"1";"+3,00";"+1,00";"+2,93";"+1,52";300;100;"B_left";17
204;"5";"+2,00";"+2,73";"+1,52";"+2,93";200;273;"B_left";18
204;"8";"+0,48";"+2,93";"+0,00";"+2,73";48;293;"A_left";19
204;"15";"-0,73";"-0,00";"-0,41";"-0,41";-41;-41;"B_left";20
204;"24";"+2,93";"+0,48";"+3,00";"+1,00";300;100;"A_left";21
204;"18";"+0,48";"-0,93";"+1,00";"-1,00";100;-100;"B_left";22
204;"10";"-0,41";"+2,41";"-0,73";"+2,00";-41;241;"A_left";23
205;"18";"+0,48";"-0,93";"+1,00";"-1,00";100;-100;"A_left";0
205;"5";"+2,00";"+2,73";"+1,52";"+2,93";200;273;"A_left";1
205;"19";"+1,00";"-1,00";"+1,52";"-0,93";152;-93;"B_left";2
205;"12";"-0,93";"+1,52";"-1,00";"+1,00";-93;152;"A_left";3
205;"13";"-1,00";"+1,00";"-0,93";"+0,48";-93;48;"B_left";4
205;"4";"+2,41";"+2,41";"+2,00";"+2,73";241;241;"B_left";5
205;"24";"+2,93";"+0,48";"+3,00";"+1,00";300;100;"B_left";6
205;"10";"-0,41";"+2,41";"-0,73";"+2,00";-41;241;"B_left";7
205;"21";"+2,00";"-0,73";"+2,41";"-0,41";241;-41;"A_left";8
205;"7";"+1,00";"+3,00";"+0,48";"+2,93";100;300;"B_left";9
205;"2";"+2,93";"+1,52";"+2,73";"+2,00";293;152;"A_left";10
205;"3";"+2,73";"+2,00";"+2,41";"+2,41";273;200;"B_left";11
205;"14";"-0,93";"+0,48";"-0,73";"-0,00";-73;0;"B_left";12
205;"17";"-0,00";"-0,73";"+0,48";"-0,93";0;-73;"A_left";13
205;"8";"+0,48";"+2,93";"+0,00";"+2,73";48;293;"A_left";14
205;"16";"-0,41";"-0,41";"-0,00";"-0,73";0;-73;"B_left";15
205;"23";"+2,73";"-0,00";"+2,93";"+0,48";293;48;"B_left";16
205;"6";"+1,52";"+2,93";"+1,00";"+3,00";152;293;"B_left";17
205;"15";"-0,73";"-0,00";"-0,41";"-0,41";-41;-41;"B_left";18
205;"22";"+2,41";"-0,41";"+2,73";"-0,00";273;0;"B_left";19
205;"1";"+3,00";"+1,00";"+2,93";"+1,52";300;100;"B_left";20
205;"9";"+0,00";"+2,73";"-0,41";"+2,41";0;273;"A_left";21
205;"20";"+1,52";"-0,93";"+2,00";"-0,73";200;-73;"B_left";22
205;"11";"-0,73";"+2,00";"-0,93";"+1,52";-73;200;"A_left";23
206;"5";"+2,00";"+2,73";"+1,52";"+2,93";200;273;"B_left";0
206;"23";"+2,73";"-0,00";"+2,93";"+0,48";293;48;"A_left";1
206;"21";"+2,00";"-0,73";"+2,41";"-0,41";241;-41;"B_left";2
206;"2";"+2,93";"+1,52";"+2,73";"+2,00";293;152;"B_left";3
206;"17";"-0,00";"-0,73";"+0,48";"-0,93";48;-93;"B_left";4
206;"18";"+0,48";"-0,93";"+1,00";"-1,00";100;-100;"B_left";5
206;"9";"+0,00";"+2,73";"-0,41";"+2,41";0;273;"A_left";6
206;"3";"+2,73";"+2,00";"+2,41";"+2,41";273;200;"A_left";7
206;"8";"+0,48";"+2,93";"+0,00";"+2,73";48;293;"A_left";8
206;"16";"-0,41";"-0,41";"-0,00";"-0,73";0;-73;"B_left";9
206;"20";"+1,52";"-0,93";"+2,00";"-0,73";200;-73;"B_left";10
206;"7";"+1,00";"+3,00";"+0,48";"+2,93";100;300;"A_left";11
206;"6";"+1,52";"+2,93";"+1,00";"+3,00";152;293;"B_left";12
206;"19";"+1,00";"-1,00";"+1,52";"-0,93";152;-93;"A_left";13
206;"15";"-0,73";"-0,00";"-0,41";"-0,41";-41;-41;"B_left";14
206;"24";"+2,93";"+0,48";"+3,00";"+1,00";300;100;"B_left";15
206;"1";"+3,00";"+1,00";"+2,93";"+1,52";300;100;"A_left";16
206;"13";"-1,00";"+1,00";"-0,93";"+0,48";-100;100;"A_left";17
206;"22";"+2,41";"-0,41";"+2,73";"-0,00";273;0;"A_left";18
206;"4";"+2,41";"+2,41";"+2,00";"+2,73";241;241;"A_left";19
206;"11";"-0,73";"+2,00";"-0,93";"+1,52";-73;200;"B_left";20
206;"10";"-0,41";"+2,41";"-0,73";"+2,00";-41;241;"A_left";21
206;"12";"-0,93";"+1,52";"-1,00";"+1,00";-100;100;"A_left";22
206;"14";"-0,93";"+0,48";"-0,73";"-0,00";-73;0;"B_left";23
207;"19";"+1,00";"-1,00";"+1,52";"-0,93";152;-93;"B_left";0
207;"20";"+1,52";"-0,93";"+2,00";"-0,73";200;-73;"B_left";1
207;"2";"+2,93";"+1,52";"+2,73";"+2,00";293;152;"A_left";2
207;"7";"+1,00";"+3,00";"+0,48";"+2,93";100;300;"B_left";3
207;"11";"-0,73";"+2,00";"-0,93";"+1,52";-73;200;"A_left";4
207;"10";"-0,41";"+2,41";"-0,73";"+2,00";-41;241;"B_left";5
207;"4";"+2,41";"+2,41";"+2,00";"+2,73";241;241;"A_left";6
207;"9";"+0,00";"+2,73";"-0,41";"+2,41";0;273;"A_left";7
207;"6";"+1,52";"+2,93";"+1,00";"+3,00";152;293;"A_left";8
207;"15";"-0,73";"-0,00";"-0,41";"-0,41";-41;-41;"A_left";9
207;"3";"+2,73";"+2,00";"+2,41";"+2,41";273;200;"A_left";10
207;"21";"+2,00";"-0,73";"+2,41";"-0,41";241;-41;"A_left";11
207;"14";"-0,93";"+0,48";"-0,73";"-0,00";-73;0;"B_left";12
207;"1";"+3,00";"+1,00";"+2,93";"+1,52";293;152;"A_left";13
207;"16";"-0,41";"-0,41";"-0,00";"-0,73";0;-73;"A_left";14
207;"17";"-0,00";"-0,73";"+0,48";"-0,93";0;-73;"B_left";15
207;"23";"+2,73";"-0,00";"+2,93";"+0,48";293;48;"A_left";16
207;"24";"+2,93";"+0,48";"+3,00";"+1,00";300;100;"A_left";17
207;"18";"+0,48";"-0,93";"+1,00";"-1,00";100;-100;"B_left";18
207;"8";"+0,48";"+2,93";"+0,00";"+2,73";48;293;"A_left";19
207;"13";"-1,00";"+1,00";"-0,93";"+0,48";-93;48;"A_left";20
207;"12";"-0,93";"+1,52";"-1,00";"+1,00";-100;100;"B_left";21
207;"5";"+2,00";"+2,73";"+1,52";"+2,93";200;273;"A_left";22
207;"22";"+2,41";"-0,41";"+2,73";"-0,00";273;0;"B_left";23
208;"1";"+3,00";"+1,00";"+2,93";"+1,52";300;100;"A_left";0
208;"19";"+1,00";"-1,00";"+1,52";"-0,93";152;-93;"B_left";1
208;"15";"-0,73";"-0,00";"-0,41";"-0,41";-41;-41;"B_left";2
208;"22";"+2,41";"-0,41";"+2,73";"-0,00";273;0;"A_left";3
208;"21";"+2,00";"-0,73";"+2,41";"-0,41";241;-41;"A_left";4
208;"8";"+0,48";"+2,93";"+0,00";"+2,73";48;293;"B_left";5
208;"3";"+2,73";"+2,00";"+2,41";"+2,41";273;200;"B_left";6
208;"4";"+2,41";"+2,41";"+2,00";"+2,73";241;241;"A_left";7
208;"9";"+0,00";"+2,73";"-0,41";"+2,41";0;273;"A_left";8
208;"10";"-0,41";"+2,41";"-0,73";"+2,00";-41;241;"A_left";9
208;"7";"+1,00";"+3,00";"+0,48";"+2,93";100;300;"B_left";10
208;"24";"+2,93";"+0,48";"+3,00";"+1,00";300;100;"B_left";11
208;"18";"+0,48";"-0,93";"+1,00";"-1,00";100;-100;"B_left";12
208;"13";"-1,00";"+1,00";"-0,93";"+0,48";-100;100;"B_left";13
208;"20";"+1,52";"-0,93";"+2,00";"-0,73";200;-73;"B_left";14
208;"14";"-0,93";"+0,48";"-0,73";"-0,00";-73;0;"B_left";15
208;"17";"-0,00";"-0,73";"+0,48";"-0,93";48;-93;"B_left";16
208;"16";"-0,41";"-0,41";"-0,00";"-0,73";0;-73;"A_left";17
208;"23";"+2,73";"-0,00";"+2,93";"+0,48";293;48;"B_left";18
208;"5";"+2,00";"+2,73";"+1,52";"+2,93";200;273;"A_left";19
208;"2";"+2,93";"+1,52";"+2,73";"+2,00";293;152;"B_left";20
208;"6";"+1,52";"+2,93";"+1,00";"+3,00";152;293;"A_left";21
208;"11";"-0,73";"+2,00";"-0,93";"+1,52";-73;200;"A_left";22
208;"12";"-0,93";"+1,52";"-1,00";"+1,00";-93;152;"A_left";23
209;"13";"-1,00";"+1,00";"-0,93";"+0,48";-93;48;"A_left";0
209;"19";"+1,00";"-1,00";"+1,52";"-0,93";152;-93;"A_left";1
209;"8";"+0,48";"+2,93";"+0,00";"+2,73";48;293;"A_left";2
209;"17";"-0,00";"-0,73";"+0,48";"-0,93";48;-93;"B_left";3
209;"6";"+1,52";"+2,93";"+1,00";"+3,00";152;293;"B_left";4
209;"14";"-0,93";"+0,48";"-0,73";"-0,00";-93;48;"A_left";5
209;"23";"+2,73";"-0,00";"+2,93";"+0,48";293;48;"B_left";6
209;"16";"-0,41";"-0,41";"-0,00";"-0,73";-41;-41;"A_left";7
209;"12";"-0,93";"+1,52";"-1,00";"+1,00";-93;152;"B_left";8
209;"2";"+2,93";"+1,52";"+2,73";"+2,00";273;200;"B_left";9
209;"4";"+2,41";"+2,41";"+2,00";"+2,73";241;241;"A_left";10
209;"9";"+0,00";"+2,73";"-0,41";"+2,41";0;273;"B_left";11
209;"3";"+2,73";"+2,00";"+2,41";"+2,41";241;241;"A_left";12
209;"7";"+1,00";"+3,00";"+0,48";"+2,93";100;300;"B_left";13
209;"5";"+2,00";"+2,73";"+1,52";"+2,93";200;273;"B_left";14
209;"11";"-0,73";"+2,00";"-0,93";"+1,52";-73;200;"B_left";15
209;"21";"+2,00";"-0,73";"+2,41";"-0,41";241;-41;"A_left";16
209;"15";"-0,73";"-0,00";"-0,41";"-0,41";-41;-41;"B_left";17
209;"24";"+2,93";"+0,48";"+3,00";"+1,00";300;100;"A_left";18
209;"18";"+0,48";"-0,93";"+1,00";"-1,00";100;-100;"A_left";19
209;"20";"+1,52";"-0,93";"+2,00";"-0,73";200;-73;"B_left";20
209;"10";"-0,41";"+2,41";"-0,73";"+2,00";-41;241;"B_left";21
209;"22";"+2,41";"-0,41";"+2,73";"-0,00";273;0;"B_left";22
209;"1";"+3,00";"+1,00";"+2,93";"+1,52";293;152;"B_left";23
210;"6";"+1,52";"+2,93";"+1,00";"+3,00";152;293;"B_left";0
210;"17";"-0,00";"-0,73";"+0,48";"-0,93";0;-73;"B_left";1
210;"4";"+2,41";"+2,41";"+2,00";"+2,73";241;241;"B_left";2
210;"1";"+3,00";"+1,00";"+2,93";"+1,52";293;152;"A_left";3
210;"13";"-1,00";"+1,00";"-0,93";"+0,48";-100;100;"B_left";4
210;"9";"+0,00";"+2,73";"-0,41";"+2,41";0;273;"B_left";5
210;"19";"+1,00";"-1,00";"+1,52";"-0,93";152;-93;"B_left";6
210;"21";"+2,00";"-0,73";"+2,41";"-0,41";241;-41;"B_left";7
210;"24";"+2,93";"+0,48";"+3,00";"+1,00";300;100;"B_left";8
210;"16";"-0,41";"-0,41";"-0,00";"-0,73";-41;-41;"A_left";9
210;"20";"+1,52";"-0,93";"+2,00";"-0,73";200;-73;"B_left";10
210;"23";"+2,73";"-0,00";"+2,93";"+0,48";293;48;"A_left";11
210;"10";"-0,41";"+2,41";"-0,73";"+2,00";-41;241;"B_left";12
210;"12";"-0,93";"+1,52";"-1,00";"+1,00";-100;100;"A_left";13
210;"14";"-0,93";"+0,48";"-0,73";"-0,00";-73;0;"B_left";14
210;"15";"-0,73";"-0,00";"-0,41";"-0,41";-41;-41;"A_left";15
210;"11";"-0,73";"+2,00";"-0,93";"+1,52";-73;200;"B_left";16
210;"7";"+1,00";"+3,00";"+0,48";"+2,93";100;300;"A_left";17
210;"22";"+2,41";"-0,41";"+2,73";"-0,00";273;0;"B_left";18
210;"18";"+0,48";"-0,93";"+1,00";"-1,00";100;-100;"A_left";19
210;"2";"+2,93";"+1,52";"+2,73";"+2,00";273;200;"B_left";20
210;"8";"+0,48";"+2,93";"+0,00";"+2,73";48;293;"A_left";21
210;"3";"+2,73";"+2,00";"+2,41";"+2,41";241;241;"B_left";22
210;"5";"+2,00";"+2,73";"+1,52";"+2,93";200;273;"A_left";23
211;"6";"+1,52";"+2,93";"+1,00";"+3,00";152;293;"A_left";0
211;"24";"+2,93";"+0,48";"+3,00";"+1,00";300;100;"B_left";1
211;"23";"+2,73";"-0,00";"+2,93";"+0,48";273;0;"A_left";2
211;"13";"-1,00";"+1,00";"-0,93";"+0,48";-93;48;"B_left";3
211;"5";"+2,00";"+2,73";"+1,52";"+2,93";200;273;"B_left";4
211;"22";"+2,41";"-0,41";"+2,73";"-0,00";273;0;"A_left";5
211;"12";"-0,93";"+1,52";"-1,00";"+1,00";-100;100;"B_left";6
211;"18";"+0,48";"-0,93";"+1,00";"-1,00";48;-93;"A_left";7
211;"21";"+2,00";"-0,73";"+2,41";"-0,41";241;-41;"A_left";8
211;"8";"+0,48";"+2,93";"+0,00";"+2,73";48;293;"A_left";9
211;"2";"+2,93";"+1,52";"+2,73";"+2,00";273;200;"A_left";10
211;"9";"+0,00";"+2,73";"-0,41";"+2,41";0;273;"B_left";11
211;"14";"-0,93";"+0,48";"-0,73";"-0,00";-73;0;"B_left";12
211;"15";"-0,73";"-0,00";"-0,41";"-0,41";-41;-41;"B_left";13
211;"10";"-0,41";"+2,41";"-0,73";"+2,00";-41;241;"A_left";14
211;"7";"+1,00";"+3,00";"+0,48";"+2,93";100;300;"B_left";15
211;"11";"-0,73";"+2,00";"-0,93";"+1,52";-93;152;"A_left";16
211;"16";"-0,41";"-0,41";"-0,00";"-0,73";-41;-41;"B_left";17
211;"4";"+2,41";"+2,41";"+2,00";"+2,73";241;241;"A_left";18
211;"19";"+1,00";"-1,00";"+1,52";"-0,93";152;-93;"A_left";19
211;"3";"+2,73";"+2,00";"+2,41";"+2,41";241;241;"A_left";20
211;"17";"-0,00";"-0,73";"+0,48";"-0,93";0;-73;"B_left";21
211;"20";"+1,52";"-0,93";"+2,00";"-0,73";152;-93;"A_left";22
211;"1";"+3,00";"+1,00";"+2,93";"+1,52";293;152;"A_left";23
212;"8";"+0,48";"+2,93";"+0,00";"+2,73";48;293;"B_left";0
212;"14";"-0,93";"+0,48";"-0,73";"-0,00";-73;0;"A_left";1
212;"18";"+0,48";"-0,93";"+1,00";"-1,00";100;-100;"B_left";2
212;"5";"+2,00";"+2,73";"+1,52";"+2,93";200;273;"B_left";3
212;"9";"+0,00";"+2,73";"-0,41";"+2,41";0;273;"A_left";4
212;"10";"-0,41";"+2,41";"-0,73";"+2,00";-41;241;"B_left";5
212;"22";"+2,41";"-0,41";"+2,73";"-0,00";273;0;"A_left";6
212;"23";"+2,73";"-0,00";"+2,93";"+0,48";293;48;"B_left";7
212;"20";"+1,52";"-0,93";"+2,00";"-0,73";200;-73;"B_left";8
212;"6";"+1,52";"+2,93";"+1,00";"+3,00";152;293;"B_left";9
212;"7";"+1,00";"+3,00";"+0,48";"+2,93";100;300;"A_left";10
212;"1";"+3,00";"+1,00";"+2,93";"+1,52";300;100;"A_left";11
212;"16";"-0,41";"-0,41";"-0,00";"-0,73";0;-73;"A_left";12
212;"2";"+2,93";"+1,52";"+2,73";"+2,00";293;152;"A_left";13
212;"13";"-1,00";"+1,00";"-0,93";"+0,48";-100;100;"A_left";14
212;"17";"-0,00";"-0,73";"+0,48";"-0,93";48;-93;"A_left";15
212;"21";"+2,00";"-0,73";"+2,41";"-0,41";241;-41;"A_left";16
212;"11";"-0,73";"+2,00";"-0,93";"+1,52";-73;200;"A_left";17
212;"19";"+1,00";"-1,00";"+1,52";"-0,93";152;-93;"A_left";18
212;"24";"+2,93";"+0,48";"+3,00";"+1,00";300;100;"B_left";19
212;"3";"+2,73";"+2,00";"+2,41";"+2,41";273;200;"A_left";20
212;"4";"+2,41";"+2,41";"+2,00";"+2,73";241;241;"A_left";21
212;"15";"-0,73";"-0,00";"-0,41";"-0,41";-41;-41;"A_left";22
212;"12";"-0,93";"+1,52";"-1,00";"+1,00";-93;152;"B_left";23
213;"1";"+3,00";"+1,00";"+2,93";"+1,52";293;152;"A_left";0
213;"7";"+1,00";"+3,00";"+0,48";"+2,93";100;300;"A_left";1
213;"24";"+2,93";"+0,48";"+3,00";"+1,00";300;100;"B_left";2
213;"20";"+1,52";"-0,93";"+2,00";"-0,73";152;-93;"B_left";3
213;"4";"+2,41";"+2,41";"+2,00";"+2,73";200;273;"B_left";4
213;"21";"+2,00";"-0,73";"+2,41";"-0,41";200;-73;"B_left";5
213;"3";"+2,73";"+2,00";"+2,41";"+2,41";273;200;"A_left";6
213;"22";"+2,41";"-0,41";"+2,73";"-0,00";273;0;"A_left";7
213;"11";"-0,73";"+2,00";"-0,93";"+1,52";-73;200;"B_left";8
213;"18";"+0,48";"-0,93";"+1,00";"-1,00";100;-100;"A_left";9
213;"5";"+2,00";"+2,73";"+1,52";"+2,93";200;273;"A_left";10
214;"16";"-0,41";"-0,41";"-0,00";"-0,73";-41;-41;"A_left";0
214;"11";"-0,73";"+2,00";"-0,93";"+1,52";-73;200;"B_left";1
214;"14";"-0,93";"+0,48";"-0,73";"-0,00";-73;0;"B_left";2
214;"19";"+1,00";"-1,00";"+1,52";"-0,93";152;-93;"A_left";3
214;"8";"+0,48";"+2,93";"+0,00";"+2,73";48;293;"B_left";4
214;"22";"+2,41";"-0,41";"+2,73";"-0,00";273;0;"A_left";5
214;"20";"+1,52";"-0,93";"+2,00";"-0,73";200;-73;"A_left";6
214;"6";"+1,52";"+2,93";"+1,00";"+3,00";152;293;"A_left";7
214;"9";"+0,00";"+2,73";"-0,41";"+2,41";0;273;"A_left";8
214;"3";"+2,73";"+2,00";"+2,41";"+2,41";241;241;"A_left";9
214;"18";"+0,48";"-0,93";"+1,00";"-1,00";100;-100;"A_left";10
214;"10";"-0,41";"+2,41";"-0,73";"+2,00";-41;241;"A_left";11
214;"15";"-0,73";"-0,00";"-0,41";"-0,41";-73;0;"B_left";12
214;"17";"-0,00";"-0,73";"+0,48";"-0,93";0;-73;"B_left";13
214;"13";"-1,00";"+1,00";"-0,93";"+0,48";-100;100;"B_left";14
214;"5";"+2,00";"+2,73";"+1,52";"+2,93";200;273;"A_left";15
214;"23";"+2,73";"-0,00";"+2,93";"+0,48";293;48;"A_left";16
214;"2";"+2,93";"+1,52";"+2,73";"+2,00";273;200;"B_left";17
214;"12";"-0,93";"+1,52";"-1,00";"+1,00";-93;152;"B_left";18
214;"24";"+2,93";"+0,48";"+3,00";"+1,00";300;100;"B_left";19
214;"21";"+2,00";"-0,73";"+2,41";"-0,41";241;-41;"B_left";20
214;"7";"+1,00";"+3,00";"+0,48";"+2,93";100;300;"A_left";21
214;"1";"+3,00";"+1,00";"+2,93";"+1,52";293;152;"B_left";22
214;"4";"+2,41";"+2,41";"+2,00";"+2,73";241;241;"A_left";23
215;"1";"+3,00";"+1,00";"+2,93";"+1,52";293;152;"A_left";0
215;"7";"+1,00";"+3,00";"+0,48";"+2,93";100;300;"A_left";1
215;"24";"+2,93";"+0,48";"+3,00";"+1,00";300;100;"B_left";2
215;"20";"+1,52";"-0,93";"+2,00";"-0,73";152;-93;"B_left";3
215;"4";"+2,41";"+2,41";"+2,00";"+2,73";200;273;"B_left";4
215;"21";"+2,00";"-0,73";"+2,41";"-0,41";200;-73;"B_left";5
215;"3";"+2,73";"+2,00";"+2,41";"+2,41";273;200;"A_left";6
215;"22";"+2,41";"-0,41";"+2,73";"-0,00";273;0;"A_left";7
215;"11";"-0,73";"+2,00";"-0,93";"+1,52";-73;200;"B_left";8
215;"18";"+0,48";"-0,93";"+1,00";"-1,00";100;-100;"A_left";9
215;"5";"+2,00";"+2,73";"+1,52";"+2,93";200;273;"A_left";10
215;"23";"+2,73";"-0,00";"+2,93";"+0,48";293;48;"A_left";11
215;"19";"+1,00";"-1,00";"+1,52";"-0,93";152;-93;"A_left";12
215;"9";"+0,00";"+2,73";"-0,41";"+2,41";0;273;"B_left";13
215;"2";"+2,93";"+1,52";"+2,73";"+2,00";293;152;"B_left";14
215;"15";"-0,73";"-0,00";"-0,41";"-0,41";-41;-41;"B_left";15
215;"17";"-0,00";"-0,73";"+0,48";"-0,93";0;-73;"A_left";16
215;"8";"+0,48";"+2,93";"+0,00";"+2,73";0;273;"A_left";17
215;"16";"-0,41";"-0,41";"-0,00";"-0,73";0;-73;"B_left";18
215;"14";"-0,93";"+0,48";"-0,73";"-0,00";-73;0;"B_left";19
215;"6";"+1,52";"+2,93";"+1,00";"+3,00";152;293;"A_left";20
215;"12";"-0,93";"+1,52";"-1,00";"+1,00";-93;152;"A_left";21
215;"13";"-1,00";"+1,00";"-0,93";"+0,48";-93;48;"B_left";22
215;"10";"-0,41";"+2,41";"-0,73";"+2,00";-41;241;"A_left";23
216;"24";"+2,93";"+0,48";"+3,00";"+1,00";300;100;"A_left";0
216;"6";"+1,52";"+2,93";"+1,00";"+3,00";152;293;"B_left";1
216;"2";"+2,93";"+1,52";"+2,73";"+2,00";273;200;"B_left";2
216;"8";"+0,48";"+2,93";"+0,00";"+2,73";48;293;"B_left";3
216;"19";"+1,00";"-1,00";"+1,52";"-0,93";152;-93;"B_left";4
216;"5";"+2,00";"+2,73";"+1,52";"+2,93";200;273;"B_left";5
216;"4";"+2,41";"+2,41";"+2,00";"+2,73";241;241;"A_left";6
216;"14";"-0,93";"+0,48";"-0,73";"-0,00";-73;0;"A_left";7
216;"1";"+3,00";"+1,00";"+2,93";"+1,52";293;152;"A_left";8
216;"16";"-0,41";"-0,41";"-0,00";"-0,73";-41;-41;"A_left";9
216;"13";"-1,00";"+1,00";"-0,93";"+0,48";-93;48;"A_left";10
216;"3";"+2,73";"+2,00";"+2,41";"+2,41";241;241;"A_left";11
216;"21";"+2,00";"-0,73";"+2,41";"-0,41";241;-41;"A_left";12
216;"10";"-0,41";"+2,41";"-0,73";"+2,00";-41;241;"A_left";13
216;"23";"+2,73";"-0,00";"+2,93";"+0,48";293;48;"A_left";14
216;"7";"+1,00";"+3,00";"+0,48";"+2,93";100;300;"A_left";15
216;"20";"+1,52";"-0,93";"+2,00";"-0,73";200;-73;"A_left";16
216;"11";"-0,73";"+2,00";"-0,93";"+1,52";-73;200;"A_left";17
216;"12";"-0,93";"+1,52";"-1,00";"+1,00";-93;152;"A_left";18
216;"22";"+2,41";"-0,41";"+2,73";"-0,00";273;0;"B_left";19
216;"17";"-0,00";"-0,73";"+0,48";"-0,93";0;-73;"B_left";20
216;"18";"+0,48";"-0,93";"+1,00";"-1,00";100;-100;"A_left";21
216;"15";"-0,73";"-0,00";"-0,41";"-0,41";-41;-41;"B_left";22
216;"9";"+0,00";"+2,73";"-0,41";"+2,41";0;273;"B_left";23
217;"3";"+2,73";"+2,00";"+2,41";"+2,41";241;241;"B_left";0
217;"11";"-0,73";"+2,00";"-0,93";"+1,52";-93;152;"B_left";1
217;"22";"+2,41";"-0,41";"+2,73";"-0,00";273;0;"A_left";2
217;"19";"+1,00";"-1,00";"+1,52";"-0,93";100;-100;"B_left";3
217;"7";"+1,00";"+3,00";"+0,48";"+2,93";100;300;"B_left";4
217;"18";"+0,48";"-0,93";"+1,00";"-1,00";100;-100;"B_left";5
217;"6";"+1,52";"+2,93";"+1,00";"+3,00";152;293;"A_left";6
217;"12";"-0,93";"+1,52";"-1,00";"+1,00";-100;100;"B_left";7
217;"5";"+2,00";"+2,73";"+1,52";"+2,93";200;273;"A_left";8
217;"15";"-0,73";"-0,00";"-0,41";"-0,41";-41;-41;"A_left";9
217;"2";"+2,93";"+1,52";"+2,73";"+2,00";273;200;"A_left";10
217;"9";"+0,00";"+2,73";"-0,41";"+2,41";0;273;"B_left";11
217;"20";"+1,52";"-0,93";"+2,00";"-0,73";200;-73;"B_left";12
217;"21";"+2,00";"-0,73";"+2,41";"-0,41";241;-41;"B_left";13
217;"13";"-1,00";"+1,00";"-0,93";"+0,48";-100;100;"A_left";14
217;"8";"+0,48";"+2,93";"+0,00";"+2,73";48;293;"A_left";15
217;"14";"-0,93";"+0,48";"-0,73";"-0,00";-73;0;"B_left";16
217;"23";"+2,73";"-0,00";"+2,93";"+0,48";293;48;"A_left";17
217;"10";"-0,41";"+2,41";"-0,73";"+2,00";-41;241;"A_left";18
217;"24";"+2,93";"+0,48";"+3,00";"+1,00";300;100;"B_left";19
217;"17";"-0,00";"-0,73";"+0,48";"-0,93";48;-93;"B_left";20
217;"1";"+3,00";"+1,00";"+2,93";"+1,52";300;100;"B_left";21
217;"4";"+2,41";"+2,41";"+2,00";"+2,73";241;241;"B_left";22
217;"16";"-0,41";"-0,41";"-0,00";"-0,73";0;-73;"A_left";23
218;"21";"+2,00";"-0,73";"+2,41";"-0,41";200;-73;"A_left";0
218;"11";"-0,73";"+2,00";"-0,93";"+1,52";-93;152;"A_left";1
218;"18";"+0,48";"-0,93";"+1,00";"-1,00";100;-100;"A_left";2
218;"22";"+2,41";"-0,41";"+2,73";"-0,00";241;-41;"A_left";3
218;"8";"+0,48";"+2,93";"+0,00";"+2,73";48;293;"A_left";4
218;"2";"+2,93";"+1,52";"+2,73";"+2,00";293;152;"A_left";5
218;"7";"+1,00";"+3,00";"+0,48";"+2,93";100;300;"A_left";6
218;"16";"-0,41";"-0,41";"-0,00";"-0,73";-41;-41;"B_left";7
218;"15";"-0,73";"-0,00";"-0,41";"-0,41";-41;-41;"B_left";8
218;"14";"-0,93";"+0,48";"-0,73";"-0,00";-93;48;"A_left";9
218;"19";"+1,00";"-1,00";"+1,52";"-0,93";100;-100;"A_left";10
218;"23";"+2,73";"-0,00";"+2,93";"+0,48";293;48;"A_left";11
218;"17";"-0,00";"-0,73";"+0,48";"-0,93";48;-93;"B_left";12
218;"10";"-0,41";"+2,41";"-0,73";"+2,00";-73;200;"A_left";13
218;"1";"+3,00";"+1,00";"+2,93";"+1,52";300;100;"B_left";14
218;"4";"+2,41";"+2,41";"+2,00";"+2,73";241;241;"B_left";15
218;"9";"+0,00";"+2,73";"-0,41";"+2,41";-41;241;"A_left";16
218;"12";"-0,93";"+1,52";"-1,00";"+1,00";-100;100;"A_left";17
218;"20";"+1,52";"-0,93";"+2,00";"-0,73";152;-93;"A_left";18
218;"5";"+2,00";"+2,73";"+1,52";"+2,93";200;273;"B_left";19
218;"6";"+1,52";"+2,93";"+1,00";"+3,00";152;293;"A_left";20
218;"13";"-1,00";"+1,00";"-0,93";"+0,48";-100;100;"A_left";21
218;"24";"+2,93";"+0,48";"+3,00";"+1,00";300;100;"A_left";22
218;"3";"+2,73";"+2,00";"+2,41";"+2,41";241;241;"B_left";23
219;"11";"-0,73";"+2,00";"-0,93";"+1,52";-73;200;"B_left";0
219;"13";"-1,00";"+1,00";"-0,93";"+0,48";-93;48;"B_left";1
219;"16";"-0,41";"-0,41";"-0,00";"-0,73";-41;-41;"A_left";2
219;"24";"+2,93";"+0,48";"+3,00";"+1,00";300;100;"A_left";3
219;"3";"+2,73";"+2,00";"+2,41";"+2,41";241;241;"B_left";4
219;"1";"+3,00";"+1,00";"+2,93";"+1,52";293;152;"B_left";5
219;"10";"-0,41";"+2,41";"-0,73";"+2,00";-41;241;"A_left";6
219;"15";"-0,73";"-0,00";"-0,41";"-0,41";-41;-41;"B_left";7
219;"12";"-0,93";"+1,52";"-1,00";"+1,00";-100;100;"A_left";8
219;"21";"+2,00";"-0,73";"+2,41";"-0,41";241;-41;"A_left";9
219;"17";"-0,00";"-0,73";"+0,48";"-0,93";0;-73;"A_left";10
219;"7";"+1,00";"+3,00";"+0,48";"+2,93";100;300;"B_left";11
219;"5";"+2,00";"+2,73";"+1,52";"+2,93";200;273;"B_left";12
219;"8";"+0,48";"+2,93";"+0,00";"+2,73";48;293;"A_left";13
219;"19";"+1,00";"-1,00";"+1,52";"-0,93";152;-93;"B_left";14
219;"2";"+2,93";"+1,52";"+2,73";"+2,00";273;200;"B_left";15
219;"18";"+0,48";"-0,93";"+1,00";"-1,00";100;-100;"A_left";16
219;"23";"+2,73";"-0,00";"+2,93";"+0,48";293;48;"B_left";17
219;"20";"+1,52";"-0,93";"+2,00";"-0,73";200;-73;"A_left";18
219;"9";"+0,00";"+2,73";"-0,41";"+2,41";0;273;"A_left";19
219;"14";"-0,93";"+0,48";"-0,73";"-0,00";-73;0;"A_left";20
219;"6";"+1,52";"+2,93";"+1,00";"+3,00";152;293;"A_left";21
219;"4";"+2,41";"+2,41";"+2,00";"+2,73";241;241;"A_left";22
219;"22";"+2,41";"-0,41";"+2,73";"-0,00";273;0;"B_left";23
220;"6";"+1,52";"+2,93";"+1,00";"+3,00";152;293;"A_left";0
220;"18";"+0,48";"-0,93";"+1,00";"-1,00";100;-100;"B_left";1
220;"19";"+1,00";"-1,00";"+1,52";"-0,93";152;-93;"B_left";2
220;"14";"-0,93";"+0,48";"-0,73";"-0,00";-73;0;"B_left";3
220;"8";"+0,48";"+2,93";"+0,00";"+2,73";48;293;"B_left";4
220;"4";"+2,41";"+2,41";"+2,00";"+2,73";241;241;"B_left";5
220;"9";"+0,00";"+2,73";"-0,41";"+2,41";0;273;"B_left";6
220;"22";"+2,41";"-0,41";"+2,73";"-0,00";273;0;"A_left";7
220;"2";"+2,93";"+1,52";"+2,73";"+2,00";273;200;"B_left";8
220;"24";"+2,93";"+0,48";"+3,00";"+1,00";300;100;"A_left";9
220;"1";"+3,00";"+1,00";"+2,93";"+1,52";300;100;"B_left";10
220;"11";"-0,73";"+2,00";"-0,93";"+1,52";-73;200;"B_left";11
220;"15";"-0,73";"-0,00";"-0,41";"-0,41";-41;-41;"A_left";12
220;"20";"+1,52";"-0,93";"+2,00";"-0,73";200;-73;"B_left";13
220;"7";"+1,00";"+3,00";"+0,48";"+2,93";100;300;"B_left";14
220;"10";"-0,41";"+2,41";"-0,73";"+2,00";-73;200;"A_left";15
220;"21";"+2,00";"-0,73";"+2,41";"-0,41";241;-41;"A_left";16
220;"5";"+2,00";"+2,73";"+1,52";"+2,93";200;273;"B_left";17
220;"23";"+2,73";"-0,00";"+2,93";"+0,48";273;0;"A_left";18
220;"13";"-1,00";"+1,00";"-0,93";"+0,48";-93;48;"B_left";19
220;"16";"-0,41";"-0,41";"-0,00";"-0,73";-41;-41;"A_left";20
220;"17";"-0,00";"-0,73";"+0,48";"-0,93";48;-93;"B_left";21
220;"12";"-0,93";"+1,52";"-1,00";"+1,00";-93;152;"A_left";22
220;"3";"+2,73";"+2,00";"+2,41";"+2,41";241;241;"B_left";23
221;"22";"+2,41";"-0,41";"+2,73";"-0,00";273;0;"A_left";0
221;"13";"-1,00";"+1,00";"-0,93";"+0,48";-93;48;"B_left";1
221;"24";"+2,93";"+0,48";"+3,00";"+1,00";300;100;"A_left";2
221;"23";"+2,73";"-0,00";"+2,93";"+0,48";293;48;"B_left";3
221;"19";"+1,00";"-1,00";"+1,52";"-0,93";152;-93;"A_left";4
221;"9";"+0,00";"+2,73";"-0,41";"+2,41";0;273;"A_left";5
221;"3";"+2,73";"+2,00";"+2,41";"+2,41";273;200;"B_left";6
221;"14";"-0,93";"+0,48";"-0,73";"-0,00";-73;0;"B_left";7
221;"11";"-0,73";"+2,00";"-0,93";"+1,52";-73;200;"A_left";8
221;"21";"+2,00";"-0,73";"+2,41";"-0,41";241;-41;"B_left";9
221;"10";"-0,41";"+2,41";"-0,73";"+2,00";-41;241;"B_left";10
221;"15";"-0,73";"-0,00";"-0,41";"-0,41";-41;-41;"B_left";11
221;"1";"+3,00";"+1,00";"+2,93";"+1,52";300;100;"B_left";12
221;"2";"+2,93";"+1,52";"+2,73";"+2,00";293;152;"A_left";13
221;"18";"+0,48";"-0,93";"+1,00";"-1,00";100;-100;"B_left";14
221;"17";"-0,00";"-0,73";"+0,48";"-0,93";48;-93;"A_left";15
221;"4";"+2,41";"+2,41";"+2,00";"+2,73";241;241;"B_left";16
221;"16";"-0,41";"-0,41";"-0,00";"-0,73";0;-73;"A_left";17
221;"12";"-0,93";"+1,52";"-1,00";"+1,00";-93;152;"B_left";18
221;"20";"+1,52";"-0,93";"+2,00";"-0,73";200;-73;"B_left";19
221;"8";"+0,48";"+2,93";"+0,00";"+2,73";48;293;"B_left";20
221;"7";"+1,00";"+3,00";"+0,48";"+2,93";100;300;"A_left";21
221;"5";"+2,00";"+2,73";"+1,52";"+2,93";200;273;"A_left";22
221;"6";"+1,52";"+2,93";"+1,00";"+3,00";152;293;"B_left";23
222;"6";"+1,52";"+2,93";"+1,00";"+3,00";100;300;"A_left";0
222;"2";"+2,93";"+1,52";"+2,73";"+2,00";273;200;"A_left";1
222;"19";"+1,00";"-1,00";"+1,52";"-0,93";100;-100;"A_left";2
222;"1";"+3,00";"+1,00";"+2,93";"+1,52";300;100;"B_left";3
222;"11";"-0,73";"+2,00";"-0,93";"+1,52";-73;200;"A_left";4
222;"22";"+2,41";"-0,41";"+2,73";"-0,00";273;0;"A_left";5
222;"23";"+2,73";"-0,00";"+2,93";"+0,48";293;48;"B_left";6
222;"5";"+2,00";"+2,73";"+1,52";"+2,93";200;273;"A_left";7
222;"14";"-0,93";"+0,48";"-0,73";"-0,00";-93;48;"A_left";8
222;"21";"+2,00";"-0,73";"+2,41";"-0,41";241;-41;"A_left";9
222;"15";"-0,73";"-0,00";"-0,41";"-0,41";-73;0;"B_left";10
222;"8";"+0,48";"+2,93";"+0,00";"+2,73";48;293;"B_left";11
222;"20";"+1,52";"-0,93";"+2,00";"-0,73";200;-73;"B_left";12
222;"18";"+0,48";"-0,93";"+1,00";"-1,00";100;-100;"A_left";13
222;"4";"+2,41";"+2,41";"+2,00";"+2,73";241;241;"A_left";14
222;"24";"+2,93";"+0,48";"+3,00";"+1,00";300;100;"B_left";15
222;"3";"+2,73";"+2,00";"+2,41";"+2,41";241;241;"B_left";16
222;"13";"-1,00";"+1,00";"-0,93";"+0,48";-100;100;"A_left";17
222;"17";"-0,00";"-0,73";"+0,48";"-0,93";0;-73;"B_left";18
222;"10";"-0,41";"+2,41";"-0,73";"+2,00";-73;200;"A_left";19
222;"12";"-0,93";"+1,52";"-1,00";"+1,00";-100;100;"A_left";20
222;"16";"-0,41";"-0,41";"-0,00";"-0,73";0;-73;"B_left";21
222;"7";"+1,00";"+3,00";"+0,48";"+2,93";100;300;"B_left";22
222;"9";"+0,00";"+2,73";"-0,41";"+2,41";0;273;"B_left";23
223;"9";"+0,00";"+2,73";"-0,41";"+2,41";0;273;"A_left";0
223;"3";"+2,73";"+2,00";"+2,41";"+2,41";241;241;"A_left";1
223;"14";"-0,93";"+0,48";"-0,73";"-0,00";-73;0;"A_left";2
223;"13";"-1,00";"+1,00";"-0,93";"+0,48";-93;48;"A_left";3
223;"23";"+2,73";"-0,00";"+2,93";"+0,48";293;48;"A_left";4
223;"6";"+1,52";"+2,93";"+1,00";"+3,00";152;293;"B_left";5
223;"19";"+1,00";"-1,00";"+1,52";"-0,93";152;-93;"B_left";6
223;"21";"+2,00";"-0,73";"+2,41";"-0,41";241;-41;"B_left";7
223;"18";"+0,48";"-0,93";"+1,00";"-1,00";48;-93;"A_left";8
223;"7";"+1,00";"+3,00";"+0,48";"+2,93";100;300;"B_left";9
223;"10";"-0,41";"+2,41";"-0,73";"+2,00";-41;241;"B_left";10
223;"24";"+2,93";"+0,48";"+3,00";"+1,00";300;100;"B_left";11
223;"17";"-0,00";"-0,73";"+0,48";"-0,93";0;-73;"A_left";12
223;"20";"+1,52";"-0,93";"+2,00";"-0,73";200;-73;"B_left";13
223;"8";"+0,48";"+2,93";"+0,00";"+2,73";48;293;"A_left";14
223;"11";"-0,73";"+2,00";"-0,93";"+1,52";-73;200;"B_left";15
223;"1";"+3,00";"+1,00";"+2,93";"+1,52";293;152;"A_left";16
223;"5";"+2,00";"+2,73";"+1,52";"+2,93";200;273;"B_left";17
223;"15";"-0,73";"-0,00";"-0,41";"-0,41";-73;0;"A_left";18
223;"16";"-0,41";"-0,41";"-0,00";"-0,73";-41;-41;"A_left";19
223;"4";"+2,41";"+2,41";"+2,00";"+2,73";241;241;"A_left";20
223;"12";"-0,93";"+1,52";"-1,00";"+1,00";-93;152;"B_left";21
223;"2";"+2,93";"+1,52";"+2,73";"+2,00";273;200;"B_left";22
223;"22";"+2,41";"-0,41";"+2,73";"-0,00";273;0;"B_left";23
224;"12";"-0,93";"+1,52";"-1,00";"+1,00";-100;100;"A_left";0
224;"23";"+2,73";"-0,00";"+2,93";"+0,48";293;48;"A_left";1
224;"7";"+1,00";"+3,00";"+0,48";"+2,93";100;300;"B_left";2
224;"4";"+2,41";"+2,41";"+2,00";"+2,73";241;241;"A_left";3
224;"19";"+1,00";"-1,00";"+1,52";"-0,93";152;-93;"A_left";4
224;"15";"-0,73";"-0,00";"-0,41";"-0,41";-41;-41;"B_left";5
224;"13";"-1,00";"+1,00";"-0,93";"+0,48";-93;48;"B_left";6
224;"14";"-0,93";"+0,48";"-0,73";"-0,00";-73;0;"B_left";7
224;"1";"+3,00";"+1,00";"+2,93";"+1,52";300;100;"A_left";8
224;"10";"-0,41";"+2,41";"-0,73";"+2,00";-41;241;"B_left";9
224;"22";"+2,41";"-0,41";"+2,73";"-0,00";273;0;"B_left";10
224;"11";"-0,73";"+2,00";"-0,93";"+1,52";-73;200;"A_left";11
224;"21";"+2,00";"-0,73";"+2,41";"-0,41";241;-41;"B_left";12
224;"8";"+0,48";"+2,93";"+0,00";"+2,73";48;293;"A_left";13
224;"17";"-0,00";"-0,73";"+0,48";"-0,93";48;-93;"B_left";14
224;"18";"+0,48";"-0,93";"+1,00";"-1,00";100;-100;"B_left";15
224;"16";"-0,41";"-0,41";"-0,00";"-0,73";-41;-41;"A_left";16
224;"3";"+2,73";"+2,00";"+2,41";"+2,41";241;241;"B_left";17
224;"24";"+2,93";"+0,48";"+3,00";"+1,00";293;48;"B_left";18
224;"20";"+1,52";"-0,93";"+2,00";"-0,73";200;-73;"A_left";19
224;"5";"+2,00";"+2,73";"+1,52";"+2,93";200;273;"A_left";20
224;"9";"+0,00";"+2,73";"-0,41";"+2,41";0;273;"B_left";21
224;"6";"+1,52";"+2,93";"+1,00";"+3,00";152;293;"B_left";22
224;"2";"+2,93";"+1,52";"+2,73";"+2,00";293;152;"B_left";23
225;"18";"+0,48";"-0,93";"+1,00";"-1,00";100;-100;"B_left";0
225;"9";"+0,00";"+2,73";"-0,41";"+2,41";0;273;"B_left";1
225;"1";"+3,00";"+1,00";"+2,93";"+1,52";300;100;"A_left";2
225;"5";"+2,00";"+2,73";"+1,52";"+2,93";200;273;"B_left";3
225;"21";"+2,00";"-0,73";"+2,41";"-0,41";241;-41;"B_left";4
225;"13";"-1,00";"+1,00";"-0,93";"+0,48";-93;48;"B_left";5
225;"20";"+1,52";"-0,93";"+2,00";"-0,73";200;-73;"A_left";6
225;"4";"+2,41";"+2,41";"+2,00";"+2,73";241;241;"B_left";7
225;"2";"+2,93";"+1,52";"+2,73";"+2,00";293;152;"B_left";8
225;"16";"-0,41";"-0,41";"-0,00";"-0,73";0;-73;"B_left";9
225;"10";"-0,41";"+2,41";"-0,73";"+2,00";-41;241;"A_left";10
225;"15";"-0,73";"-0,00";"-0,41";"-0,41";-41;-41;"B_left";11
225;"19";"+1,00";"-1,00";"+1,52";"-0,93";152;-93;"B_left";12
225;"22";"+2,41";"-0,41";"+2,73";"-0,00";273;0;"A_left";13
225;"7";"+1,00";"+3,00";"+0,48";"+2,93";100;300;"A_left";14
225;"3";"+2,73";"+2,00";"+2,41";"+2,41";273;200;"B_left";15
225;"17";"-0,00";"-0,73";"+0,48";"-0,93";48;-93;"B_left";16
225;"12";"-0,93";"+1,52";"-1,00";"+1,00";-93;152;"A_left";17
225;"24";"+2,93";"+0,48";"+3,00";"+1,00";300;100;"B_left";18
225;"23";"+2,73";"-0,00";"+2,93";"+0,48";293;48;"A_left";19
225;"11";"-0,73";"+2,00";"-0,93";"+1,52";-73;200;"A_left";20
225;"8";"+0,48";"+2,93";"+0,00";"+2,73";48;293;"B_left";21
225;"14";"-0,93";"+0,48";"-0,73";"-0,00";-73;0;"B_left";22
225;"6";"+1,52";"+2,93";"+1,00";"+3,00";152;293;"B_left";23
226;"18";"+0,48";"-0,93";"+1,00";"-1,00";100;-100;"A_left";0
226;"5";"+2,00";"+2,73";"+1,52";"+2,93";200;273;"B_left";1
226;"12";"-0,93";"+1,52";"-1,00";"+1,00";-100;100;"A_left";2
226;"19";"+1,00";"-1,00";"+1,52";"-0,93";152;-93;"A_left";3
226;"8";"+0,48";"+2,93";"+0,00";"+2,73";48;293;"A_left";4
226;"16";"-0,41";"-0,41";"-0,00";"-0,73";-41;-41;"B_left";5
226;"9";"+0,00";"+2,73";"-0,41";"+2,41";0;273;"B_left";6
226;"2";"+2,93";"+1,52";"+2,73";"+2,00";273;200;"B_left";7
226;"7";"+1,00";"+3,00";"+0,48";"+2,93";100;300;"B_left";8
226;"6";"+1,52";"+2,93";"+1,00";"+3,00";152;293;"B_left";9
226;"1";"+3,00";"+1,00";"+2,93";"+1,52";293;152;"A_left";10
226;"11";"-0,73";"+2,00";"-0,93";"+1,52";-73;200;"A_left";11
226;"15";"-0,73";"-0,00";"-0,41";"-0,41";-41;-41;"B_left";12
226;"24";"+2,93";"+0,48";"+3,00";"+1,00";300;100;"A_left";13
226;"20";"+1,52";"-0,93";"+2,00";"-0,73";200;-73;"B_left";14
226;"10";"-0,41";"+2,41";"-0,73";"+2,00";-41;241;"A_left";15
226;"17";"-0,00";"-0,73";"+0,48";"-0,93";0;-73;"A_left";16
226;"4";"+2,41";"+2,41";"+2,00";"+2,73";241;241;"B_left";17
226;"21";"+2,00";"-0,73";"+2,41";"-0,41";241;-41;"A_left";18
226;"23";"+2,73";"-0,00";"+2,93";"+0,48";293;48;"B_left";19
226;"14";"-0,93";"+0,48";"-0,73";"-0,00";-73;0;"B_left";20
226;"3";"+2,73";"+2,00";"+2,41";"+2,41";241;241;"B_left";21
226;"13";"-1,00";"+1,00";"-0,93";"+0,48";-93;48;"B_left";22
226;"22";"+2,41";"-0,41";"+2,73";"-0,00";273;0;"A_left";23
227;"13";"-1,00";"+1,00";"-0,93";"+0,48";-100;100;"A_left";0
227;"21";"+2,00";"-0,73";"+2,41";"-0,41";241;-41;"B_left";1
227;"12";"-0,93";"+1,52";"-1,00";"+1,00";-100;100;"A_left";2
227;"6";"+1,52";"+2,93";"+1,00";"+3,00";152;293;"B_left";3
227;"24";"+2,93";"+0,48";"+3,00";"+1,00";300;100;"B_left";4
227;"1";"+3,00";"+1,00";"+2,93";"+1,52";293;152;"B_left";5
227;"18";"+0,48";"-0,93";"+1,00";"-1,00";100;-100;"B_left";6
227;"20";"+1,52";"-0,93";"+2,00";"-0,73";200;-73;"B_left";7
227;"19";"+1,00";"-1,00";"+1,52";"-0,93";152;-93;"A_left";8
227;"10";"-0,41";"+2,41";"-0,73";"+2,00";-73;200;"B_left";9
227;"23";"+2,73";"-0,00";"+2,93";"+0,48";293;48;"B_left";10
227;"16";"-0,41";"-0,41";"-0,00";"-0,73";0;-73;"B_left";11
227;"7";"+1,00";"+3,00";"+0,48";"+2,93";100;300;"A_left";12
227;"11";"-0,73";"+2,00";"-0,93";"+1,52";-73;200;"B_left";13
227;"5";"+2,00";"+2,73";"+1,52";"+2,93";200;273;"A_left";14
227;"9";"+0,00";"+2,73";"-0,41";"+2,41";0;273;"A_left";15
227;"15";"-0,73";"-0,00";"-0,41";"-0,41";-41;-41;"B_left";16
227;"22";"+2,41";"-0,41";"+2,73";"-0,00";273;0;"A_left";17
227;"3";"+2,73";"+2,00";"+2,41";"+2,41";241;241;"A_left";18
227;"4";"+2,41";"+2,41";"+2,00";"+2,73";241;241;"B_left";19
227;"14";"-0,93";"+0,48";"-0,73";"-0,00";-73;0;"A_left";20
227;"8";"+0,48";"+2,93";"+0,00";"+2,73";48;293;"B_left";21
227;"17";"-0,00";"-0,73";"+0,48";"-0,93";48;-93;"A_left";22
227;"2";"+2,93";"+1,52";"+2,73";"+2,00";273;200;"B_left";23
228;"13";"-1,00";"+1,00";"-0,93";"+0,48";-100;100;"A_left";0
228;"21";"+2,00";"-0,73";"+2,41";"-0,41";241;-41;"B_left";1
228;"12";"-0,93";"+1,52";"-1,00";"+1,00";-100;100;"A_left";2
228;"6";"+1,52";"+2,93";"+1,00";"+3,00";152;293;"B_left";3
228;"24";"+2,93";"+0,48";"+3,00";"+1,00";300;100;"B_left";4
228;"1";"+3,00";"+1,00";"+2,93";"+1,52";293;152;"B_left";5
228;"18";"+0,48";"-0,93";"+1,00";"-1,00";100;-100;"B_left";6
228;"20";"+1,52";"-0,93";"+2,00";"-0,73";200;-73;"B_left";7
228;"19";"+1,00";"-1,00";"+1,52";"-0,93";152;-93;"A_left";8
228;"10";"-0,41";"+2,41";"-0,73";"+2,00";-73;200;"B_left";9
228;"23";"+2,73";"-0,00";"+2,93";"+0,48";293;48;"B_left";10
228;"16";"-0,41";"-0,41";"-0,00";"-0,73";0;-73;"B_left";11
228;"7";"+1,00";"+3,00";"+0,48";"+2,93";100;300;"A_left";12
228;"11";"-0,73";"+2,00";"-0,93";"+1,52";-73;200;"B_left";13
228;"5";"+2,00";"+2,73";"+1,52";"+2,93";200;273;"A_left";14
228;"9";"+0,00";"+2,73";"-0,41";"+2,41";0;273;"A_left";15
228;"15";"-0,73";"-0,00";"-0,41";"-0,41";-41;-41;"B_left";16
228;"22";"+2,41";"-0,41";"+2,73";"-0,00";273;0;"A_left";17
228;"3";"+2,73";"+2,00";"+2,41";"+2,41";241;241;"A_left";18
228;"4";"+2,41";"+2,41";"+2,00";"+2,73";241;241;"B_left";19
228;"14";"-0,93";"+0,48";"-0,73";"-0,00";-73;0;"A_left";20
228;"8";"+0,48";"+2,93";"+0,00";"+2,73";48;293;"B_left";21
228;"17";"-0,00";"-0,73";"+0,48";"-0,93";48;-93;"A_left";22
228;"2";"+2,93";"+1,52";"+2,73";"+2,00";273;200;"B_left";23
229;"22";"+2,41";"-0,41";"+2,73";"-0,00";273;0;"B_left";0
229;"17";"-0,00";"-0,73";"+0,48";"-0,93";48;-93;"A_left";1
229;"20";"+1,52";"-0,93";"+2,00";"-0,73";200;-73;"A_left";2
229;"15";"-0,73";"-0,00";"-0,41";"-0,41";-73;0;"A_left";3
229;"21";"+2,00";"-0,73";"+2,41";"-0,41";241;-41;"A_left";4
229;"24";"+2,93";"+0,48";"+3,00";"+1,00";300;100;"B_left";5
229;"11";"-0,73";"+2,00";"-0,93";"+1,52";-73;200;"B_left";6
229;"12";"-0,93";"+1,52";"-1,00";"+1,00";-93;152;"A_left";7
229;"23";"+2,73";"-0,00";"+2,93";"+0,48";293;48;"A_left";8
229;"19";"+1,00";"-1,00";"+1,52";"-0,93";152;-93;"B_left";9
229;"13";"-1,00";"+1,00";"-0,93";"+0,48";-100;100;"A_left";10
229;"14";"-0,93";"+0,48";"-0,73";"-0,00";-93;48;"B_left";11
229;"18";"+0,48";"-0,93";"+1,00";"-1,00";100;-100;"A_left";12
229;"4";"+2,41";"+2,41";"+2,00";"+2,73";200;273;"A_left";13
229;"9";"+0,00";"+2,73";"-0,41";"+2,41";0;273;"A_left";14
229;"5";"+2,00";"+2,73";"+1,52";"+2,93";200;273;"A_left";15
229;"1";"+3,00";"+1,00";"+2,93";"+1,52";293;152;"A_left";16
229;"3";"+2,73";"+2,00";"+2,41";"+2,41";241;241;"B_left";17
229;"8";"+0,48";"+2,93";"+0,00";"+2,73";48;293;"A_left";18
229;"10";"-0,41";"+2,41";"-0,73";"+2,00";-41;241;"A_left";19
229;"16";"-0,41";"-0,41";"-0,00";"-0,73";0;-73;"B_left";20
229;"7";"+1,00";"+3,00";"+0,48";"+2,93";100;300;"B_left";21
229;"6";"+1,52";"+2,93";"+1,00";"+3,00";152;293;"B_left";22
229;"2";"+2,93";"+1,52";"+2,73";"+2,00";273;200;"A_left";23
230;"20";"+1,52";"-0,93";"+2,00";"-0,73";200;-73;"B_left";0
230;"23";"+2,73";"-0,00";"+2,93";"+0,48";293;48;"A_left";1
230;"18";"+0,48";"-0,93";"+1,00";"-1,00";100;-100;"B_left";2
230;"24";"+2,93";"+0,48";"+3,00";"+1,00";300;100;"B_left";3
230;"17";"-0,00";"-0,73";"+0,48";"-0,93";48;-93;"A_left";4
230;"9";"+0,00";"+2,73";"-0,41";"+2,41";0;273;"A_left";5
230;"11";"-0,73";"+2,00";"-0,93";"+1,52";-73;200;"A_left";6
230;"12";"-0,93";"+1,52";"-1,00";"+1,00";-93;152;"B_left";7
230;"13";"-1,00";"+1,00";"-0,93";"+0,48";-93;48;"B_left";8
230;"14";"-0,93";"+0,48";"-0,73";"-0,00";-73;0;"A_left";9
230;"3";"+2,73";"+2,00";"+2,41";"+2,41";273;200;"A_left";10
230;"6";"+1,52";"+2,93";"+1,00";"+3,00";152;293;"A_left";11
230;"22";"+2,41";"-0,41";"+2,73";"-0,00";273;0;"A_left";12
230;"19";"+1,00";"-1,00";"+1,52";"-0,93";152;-93;"B_left";13
230;"2";"+2,93";"+1,52";"+2,73";"+2,00";293;152;"B_left";14
230;"4";"+2,41";"+2,41";"+2,00";"+2,73";241;241;"A_left";15
230;"7";"+1,00";"+3,00";"+0,48";"+2,93";100;300;"A_left";16
230;"15";"-0,73";"-0,00";"-0,41";"-0,41";-41;-41;"A_left";17
230;"1";"+3,00";"+1,00";"+2,93";"+1,52";300;100;"A_left";18
230;"8";"+0,48";"+2,93";"+0,00";"+2,73";48;293;"A_left";19
230;"5";"+2,00";"+2,73";"+1,52";"+2,93";200;273;"A_left";20
230;"16";"-0,41";"-0,41";"-0,00";"-0,73";0;-73;"B_left";21
230;"21";"+2,00";"-0,73";"+2,41";"-0,41";241;-41;"B_left";22
230;"10";"-0,41";"+2,41";"-0,73";"+2,00";-41;241;"B_left";23
231;"22";"+2,41";"-0,41";"+2,73";"-0,00";273;0;"B_left";0
231;"20";"+1,52";"-0,93";"+2,00";"-0,73";152;-93;"B_left";1
231;"13";"-1,00";"+1,00";"-0,93";"+0,48";-100;100;"B_left";2
231;"8";"+0,48";"+2,93";"+0,00";"+2,73";48;293;"A_left";3
231;"12";"-0,93";"+1,52";"-1,00";"+1,00";-100;100;"B_left";4
231;"19";"+1,00";"-1,00";"+1,52";"-0,93";100;-100;"A_left";5
231;"3";"+2,73";"+2,00";"+2,41";"+2,41";273;200;"B_left";6
231;"17";"-0,00";"-0,73";"+0,48";"-0,93";48;-93;"A_left";7
231;"14";"-0,93";"+0,48";"-0,73";"-0,00";-93;48;"A_left";8
231;"7";"+1,00";"+3,00";"+0,48";"+2,93";100;300;"B_left";9
231;"11";"-0,73";"+2,00";"-0,93";"+1,52";-73;200;"A_left";10
231;"24";"+2,93";"+0,48";"+3,00";"+1,00";300;100;"A_left";11
231;"2";"+2,93";"+1,52";"+2,73";"+2,00";273;200;"A_left";12
231;"18";"+0,48";"-0,93";"+1,00";"-1,00";48;-93;"A_left";13
231;"23";"+2,73";"-0,00";"+2,93";"+0,48";293;48;"A_left";14
231;"6";"+1,52";"+2,93";"+1,00";"+3,00";152;293;"A_left";15
231;"15";"-0,73";"-0,00";"-0,41";"-0,41";-41;-41;"A_left";16
231;"21";"+2,00";"-0,73";"+2,41";"-0,41";200;-73;"A_left";17
231;"16";"-0,41";"-0,41";"-0,00";"-0,73";0;-73;"A_left";18
231;"10";"-0,41";"+2,41";"-0,73";"+2,00";-41;241;"A_left";19
231;"9";"+0,00";"+2,73";"-0,41";"+2,41";0;273;"B_left";20
231;"1";"+3,00";"+1,00";"+2,93";"+1,52";293;152;"A_left";21
231;"4";"+2,41";"+2,41";"+2,00";"+2,73";200;273;"A_left";22
231;"5";"+2,00";"+2,73";"+1,52";"+2,93";200;273;"A_left";23
232;"10";"-0,41";"+2,41";"-0,73";"+2,00";-41;241;"A_left";0
232;"9";"+0,00";"+2,73";"-0,41";"+2,41";0;273;"A_left";1
232;"11";"-0,73";"+2,00";"-0,93";"+1,52";-73;200;"B_left";2
232;"24";"+2,93";"+0,48";"+3,00";"+1,00";300;100;"B_left";3
232;"5";"+2,00";"+2,73";"+1,52";"+2,93";200;273;"A_left";4
232;"4";"+2,41";"+2,41";"+2,00";"+2,73";241;241;"B_left";5
232;"19";"+1,00";"-1,00";"+1,52";"-0,93";152;-93;"B_left";6
232;"22";"+2,41";"-0,41";"+2,73";"-0,00";273;0;"A_left";7
232;"7";"+1,00";"+3,00";"+0,48";"+2,93";100;300;"A_left";8
232;"17";"-0,00";"-0,73";"+0,48";"-0,93";0;-73;"B_left";9
232;"23";"+2,73";"-0,00";"+2,93";"+0,48";293;48;"A_left";10
232;"3";"+2,73";"+2,00";"+2,41";"+2,41";241;241;"A_left";11
232;"12";"-0,93";"+1,52";"-1,00";"+1,00";-93;152;"B_left";12
232;"8";"+0,48";"+2,93";"+0,00";"+2,73";48;293;"A_left";13
232;"21";"+2,00";"-0,73";"+2,41";"-0,41";241;-41;"B_left";14
232;"20";"+1,52";"-0,93";"+2,00";"-0,73";200;-73;"A_left";15
232;"1";"+3,00";"+1,00";"+2,93";"+1,52";293;152;"A_left";16
232;"2";"+2,93";"+1,52";"+2,73";"+2,00";273;200;"A_left";17
232;"14";"-0,93";"+0,48";"-0,73";"-0,00";-73;0;"B_left";18
232;"6";"+1,52";"+2,93";"+1,00";"+3,00";152;293;"B_left";19
232;"16";"-0,41";"-0,41";"-0,00";"-0,73";-41;-41;"A_left";20
232;"15";"-0,73";"-0,00";"-0,41";"-0,41";-41;-41;"B_left";21
232;"18";"+0,48";"-0,93";"+1,00";"-1,00";48;-93;"A_left";22
232;"13";"-1,00";"+1,00";"-0,93";"+0,48";-93;48;"B_left";23
233;"13";"-1,00";"+1,00";"-0,93";"+0,48";-100;100;"A_left";0
233;"23";"+2,73";"-0,00";"+2,93";"+0,48";293;48;"B_left";1
233;"21";"+2,00";"-0,73";"+2,41";"-0,41";241;-41;"B_left";2
233;"16";"-0,41";"-0,41";"-0,00";"-0,73";0;-73;"B_left";3
233;"4";"+2,41";"+2,41";"+2,00";"+2,73";241;241;"B_left";4
233;"1";"+3,00";"+1,00";"+2,93";"+1,52";300;100;"B_left";5
233;"10";"-0,41";"+2,41";"-0,73";"+2,00";-41;241;"B_left";6
233;"8";"+0,48";"+2,93";"+0,00";"+2,73";48;293;"A_left";7
233;"11";"-0,73";"+2,00";"-0,93";"+1,52";-73;200;"A_left";8
233;"9";"+0,00";"+2,73";"-0,41";"+2,41";0;273;"A_left";9
233;"24";"+2,93";"+0,48";"+3,00";"+1,00";300;100;"B_left";10
233;"20";"+1,52";"-0,93";"+2,00";"-0,73";200;-73;"A_left";11
233;"2";"+2,93";"+1,52";"+2,73";"+2,00";273;200;"B_left";12
233;"17";"-0,00";"-0,73";"+0,48";"-0,93";48;-93;"A_left";13
233;"19";"+1,00";"-1,00";"+1,52";"-0,93";152;-93;"A_left";14
233;"14";"-0,93";"+0,48";"-0,73";"-0,00";-93;48;"B_left";15
233;"6";"+1,52";"+2,93";"+1,00";"+3,00";152;293;"B_left";16
233;"12";"-0,93";"+1,52";"-1,00";"+1,00";-93;152;"A_left";17
233;"22";"+2,41";"-0,41";"+2,73";"-0,00";273;0;"B_left";18
233;"5";"+2,00";"+2,73";"+1,52";"+2,93";200;273;"B_left";19
233;"7";"+1,00";"+3,00";"+0,48";"+2,93";100;300;"A_left";20
233;"3";"+2,73";"+2,00";"+2,41";"+2,41";241;241;"A_left";21
233;"18";"+0,48";"-0,93";"+1,00";"-1,00";100;-100;"A_left";22
233;"15";"-0,73";"-0,00";"-0,41";"-0,41";-41;-41;"A_left";23
234;"11";"-0,73";"+2,00";"-0,93";"+1,52";-73;200;"A_left";0
234;"12";"-0,93";"+1,52";"-1,00";"+1,00";-93;152;"B_left";1
234;"8";"+0,48";"+2,93";"+0,00";"+2,73";48;293;"B_left";2
234;"1";"+3,00";"+1,00";"+2,93";"+1,52";293;152;"A_left";3
234;"13";"-1,00";"+1,00";"-0,93";"+0,48";-93;48;"B_left";4
234;"18";"+0,48";"-0,93";"+1,00";"-1,00";48;-93;"A_left";5
234;"22";"+2,41";"-0,41";"+2,73";"-0,00";273;0;"B_left";6
234;"19";"+1,00";"-1,00";"+1,52";"-0,93";152;-93;"A_left";7
234;"7";"+1,00";"+3,00";"+0,48";"+2,93";48;293;"A_left";8
234;"16";"-0,41";"-0,41";"-0,00";"-0,73";0;-73;"B_left";9
234;"23";"+2,73";"-0,00";"+2,93";"+0,48";293;48;"A_left";10
234;"15";"-0,73";"-0,00";"-0,41";"-0,41";-41;-41;"B_left";11
234;"9";"+0,00";"+2,73";"-0,41";"+2,41";0;273;"A_left";12
234;"10";"-0,41";"+2,41";"-0,73";"+2,00";-41;241;"B_left";13
234;"17";"-0,00";"-0,73";"+0,48";"-0,93";0;-73;"A_left";14
234;"14";"-0,93";"+0,48";"-0,73";"-0,00";-73;0;"A_left";15
234;"20";"+1,52";"-0,93";"+2,00";"-0,73";200;-73;"A_left";16
234;"2";"+2,93";"+1,52";"+2,73";"+2,00";273;200;"A_left";17
234;"21";"+2,00";"-0,73";"+2,41";"-0,41";241;-41;"B_left";18
234;"3";"+2,73";"+2,00";"+2,41";"+2,41";241;241;"B_left";19
234;"4";"+2,41";"+2,41";"+2,00";"+2,73";241;241;"A_left";20
234;"24";"+2,93";"+0,48";"+3,00";"+1,00";300;100;"B_left";21
234;"5";"+2,00";"+2,73";"+1,52";"+2,93";200;273;"B_left";22
234;"6";"+1,52";"+2,93";"+1,00";"+3,00";152;293;"B_left";23
235;"13";"-1,00";"+1,00";"-0,93";"+0,48";-93;48;"B_left";0
235;"8";"+0,48";"+2,93";"+0,00";"+2,73";48;293;"B_left";1
235;"2";"+2,93";"+1,52";"+2,73";"+2,00";273;200;"B_left";2
235;"20";"+1,52";"-0,93";"+2,00";"-0,73";200;-73;"B_left";3
235;"19";"+1,00";"-1,00";"+1,52";"-0,93";152;-93;"A_left";4
235;"17";"-0,00";"-0,73";"+0,48";"-0,93";48;-93;"A_left";5
235;"16";"-0,41";"-0,41";"-0,00";"-0,73";0;-73;"A_left";6
235;"7";"+1,00";"+3,00";"+0,48";"+2,93";100;300;"B_left";7
235;"24";"+2,93";"+0,48";"+3,00";"+1,00";300;100;"A_left";8
235;"9";"+0,00";"+2,73";"-0,41";"+2,41";0;273;"B_left";9
235;"3";"+2,73";"+2,00";"+2,41";"+2,41";273;200;"A_left";10
235;"5";"+2,00";"+2,73";"+1,52";"+2,93";200;273;"B_left";11
235;"10";"-0,41";"+2,41";"-0,73";"+2,00";-41;241;"B_left";12
235;"4";"+2,41";"+2,41";"+2,00";"+2,73";241;241;"B_left";13
235;"15";"-0,73";"-0,00";"-0,41";"-0,41";-41;-41;"B_left";14
235;"1";"+3,00";"+1,00";"+2,93";"+1,52";293;152;"A_left";15
235;"18";"+0,48";"-0,93";"+1,00";"-1,00";100;-100;"B_left";16
235;"6";"+1,52";"+2,93";"+1,00";"+3,00";152;293;"A_left";17
235;"23";"+2,73";"-0,00";"+2,93";"+0,48";293;48;"A_left";18
235;"11";"-0,73";"+2,00";"-0,93";"+1,52";-73;200;"A_left";19
235;"21";"+2,00";"-0,73";"+2,41";"-0,41";241;-41;"A_left";20
235;"12";"-0,93";"+1,52";"-1,00";"+1,00";-93;152;"A_left";21
235;"22";"+2,41";"-0,41";"+2,73";"-0,00";273;0;"A_left";22
235;"14";"-0,93";"+0,48";"-0,73";"-0,00";-73;0;"A_left";23
236;"6";"+1,52";"+2,93";"+1,00";"+3,00";152;293;"A_left";0
236;"16";"-0,41";"-0,41";"-0,00";"-0,73";0;-73;"A_left";1
236;"10";"-0,41";"+2,41";"-0,73";"+2,00";-41;241;"A_left";2
236;"23";"+2,73";"-0,00";"+2,93";"+0,48";293;48;"B_left";3
236;"15";"-0,73";"-0,00";"-0,41";"-0,41";-41;-41;"A_left";4
236;"2";"+2,93";"+1,52";"+2,73";"+2,00";293;152;"A_left";5
236;"18";"+0,48";"-0,93";"+1,00";"-1,00";100;-100;"A_left";6
236;"7";"+1,00";"+3,00";"+0,48";"+2,93";100;300;"B_left";7
236;"9";"+0,00";"+2,73";"-0,41";"+2,41";0;273;"A_left";8
236;"4";"+2,41";"+2,41";"+2,00";"+2,73";241;241;"A_left";9
236;"11";"-0,73";"+2,00";"-0,93";"+1,52";-73;200;"A_left";10
236;"19";"+1,00";"-1,00";"+1,52";"-0,93";152;-93;"B_left";11
236;"17";"-0,00";"-0,73";"+0,48";"-0,93";48;-93;"B_left";12
236;"22";"+2,41";"-0,41";"+2,73";"-0,00";273;0;"B_left";13
236;"13";"-1,00";"+1,00";"-0,93";"+0,48";-93;48;"A_left";14
236;"21";"+2,00";"-0,73";"+2,41";"-0,41";241;-41;"B_left";15
236;"8";"+0,48";"+2,93";"+0,00";"+2,73";48;293;"B_left";16
236;"12";"-0,93";"+1,52";"-1,00";"+1,00";-93;152;"B_left";17
236;"14";"-0,93";"+0,48";"-0,73";"-0,00";-73;0;"B_left";18
236;"3";"+2,73";"+2,00";"+2,41";"+2,41";273;200;"B_left";19
236;"5";"+2,00";"+2,73";"+1,52";"+2,93";200;273;"B_left";20
236;"1";"+3,00";"+1,00";"+2,93";"+1,52";300;100;"A_left";21
236;"24";"+2,93";"+0,48";"+3,00";"+1,00";300;100;"B_left";22
236;"20";"+1,52";"-0,93";"+2,00";"-0,73";200;-73;"B_left";23
237;"5";"+2,00";"+2,73";"+1,52";"+2,93";200;273;"B_left";0
237;"13";"-1,00";"+1,00";"-0,93";"+0,48";-100;100;"B_left";1
237;"1";"+3,00";"+1,00";"+2,93";"+1,52";293;152;"B_left";2
237;"3";"+2,73";"+2,00";"+2,41";"+2,41";273;200;"B_left";3
237;"22";"+2,41";"-0,41";"+2,73";"-0,00";273;0;"B_left";4
237;"21";"+2,00";"-0,73";"+2,41";"-0,41";241;-41;"B_left";5
237;"12";"-0,93";"+1,52";"-1,00";"+1,00";-93;152;"B_left";6
237;"2";"+2,93";"+1,52";"+2,73";"+2,00";293;152;"B_left";7
237;"4";"+2,41";"+2,41";"+2,00";"+2,73";241;241;"B_left";8
237;"18";"+0,48";"-0,93";"+1,00";"-1,00";100;-100;"A_left";9
237;"9";"+0,00";"+2,73";"-0,41";"+2,41";0;273;"B_left";10
237;"10";"-0,41";"+2,41";"-0,73";"+2,00";-41;241;"A_left";11
237;"15";"-0,73";"-0,00";"-0,41";"-0,41";-41;-41;"B_left";12
237;"19";"+1,00";"-1,00";"+1,52";"-0,93";152;-93;"B_left";13
237;"24";"+2,93";"+0,48";"+3,00";"+1,00";300;100;"B_left";14
237;"17";"-0,00";"-0,73";"+0,48";"-0,93";48;-93;"B_left";15
237;"11";"-0,73";"+2,00";"-0,93";"+1,52";-73;200;"B_left";16
237;"20";"+1,52";"-0,93";"+2,00";"-0,73";200;-73;"B_left";17
237;"23";"+2,73";"-0,00";"+2,93";"+0,48";293;48;"A_left";18
237;"16";"-0,41";"-0,41";"-0,00";"-0,73";0;-73;"B_left";19
237;"8";"+0,48";"+2,93";"+0,00";"+2,73";48;293;"B_left";20
237;"14";"-0,93";"+0,48";"-0,73";"-0,00";-73;0;"A_left";21
237;"6";"+1,52";"+2,93";"+1,00";"+3,00";152;293;"B_left";22
237;"7";"+1,00";"+3,00";"+0,48";"+2,93";100;300;"B_left";23
238;"5";"+2,00";"+2,73";"+1,52";"+2,93";200;273;"A_left";0
238;"3";"+2,73";"+2,00";"+2,41";"+2,41";273;200;"A_left";1
238;"21";"+2,00";"-0,73";"+2,41";"-0,41";241;-41;"A_left";2
238;"1";"+3,00";"+1,00";"+2,93";"+1,52";293;152;"B_left";3
238;"20";"+1,52";"-0,93";"+2,00";"-0,73";200;-73;"B_left";4
238;"2";"+2,93";"+1,52";"+2,73";"+2,00";273;200;"B_left";5
238;"17";"-0,00";"-0,73";"+0,48";"-0,93";48;-93;"A_left";6
238;"23";"+2,73";"-0,00";"+2,93";"+0,48";293;48;"B_left";7
238;"7";"+1,00";"+3,00";"+0,48";"+2,93";100;300;"B_left";8
238;"9";"+0,00";"+2,73";"-0,41";"+2,41";0;273;"B_left";9
238;"12";"-0,93";"+1,52";"-1,00";"+1,00";-100;100;"B_left";10
238;"19";"+1,00";"-1,00";"+1,52";"-0,93";152;-93;"A_left";11
238;"22";"+2,41";"-0,41";"+2,73";"-0,00";273;0;"A_left";12
238;"6";"+1,52";"+2,93";"+1,00";"+3,00";152;293;"B_left";13
238;"16";"-0,41";"-0,41";"-0,00";"-0,73";-41;-41;"B_left";14
238;"4";"+2,41";"+2,41";"+2,00";"+2,73";241;241;"A_left";15
238;"24";"+2,93";"+0,48";"+3,00";"+1,00";300;100;"A_left";16
238;"18";"+0,48";"-0,93";"+1,00";"-1,00";100;-100;"B_left";17
238;"11";"-0,73";"+2,00";"-0,93";"+1,52";-73;200;"B_left";18
238;"8";"+0,48";"+2,93";"+0,00";"+2,73";48;293;"B_left";19
238;"14";"-0,93";"+0,48";"-0,73";"-0,00";-73;0;"B_left";20
238;"10";"-0,41";"+2,41";"-0,73";"+2,00";-41;241;"A_left";21
238;"15";"-0,73";"-0,00";"-0,41";"-0,41";-41;-41;"B_left";22
238;"13";"-1,00";"+1,00";"-0,93";"+0,48";-93;48;"A_left";23
239;"24";"+2,93";"+0,48";"+3,00";"+1,00";300;100;"A_left";0
239;"7";"+1,00";"+3,00";"+0,48";"+2,93";100;300;"A_left";1
239;"12";"-0,93";"+1,52";"-1,00";"+1,00";-93;152;"B_left";2
239;"13";"-1,00";"+1,00";"-0,93";"+0,48";-93;48;"B_left";3
239;"3";"+2,73";"+2,00";"+2,41";"+2,41";273;200;"B_left";4
239;"23";"+2,73";"-0,00";"+2,93";"+0,48";293;48;"A_left";5
239;"9";"+0,00";"+2,73";"-0,41";"+2,41";0;273;"A_left";6
239;"16";"-0,41";"-0,41";"-0,00";"-0,73";0;-73;"B_left";7
239;"18";"+0,48";"-0,93";"+1,00";"-1,00";100;-100;"A_left";8
239;"10";"-0,41";"+2,41";"-0,73";"+2,00";-41;241;"B_left";9
239;"4";"+2,41";"+2,41";"+2,00";"+2,73";241;241;"B_left";10
239;"5";"+2,00";"+2,73";"+1,52";"+2,93";200;273;"B_left";11
239;"19";"+1,00";"-1,00";"+1,52";"-0,93";152;-93;"A_left";12
239;"8";"+0,48";"+2,93";"+0,00";"+2,73";48;293;"A_left";13
239;"14";"-0,93";"+0,48";"-0,73";"-0,00";-73;0;"B_left";14
239;"2";"+2,93";"+1,52";"+2,73";"+2,00";293;152;"A_left";15
239;"11";"-0,73";"+2,00";"-0,93";"+1,52";-73;200;"B_left";16
239;"17";"-0,00";"-0,73";"+0,48";"-0,93";48;-93;"A_left";17
239;"15";"-0,73";"-0,00";"-0,41";"-0,41";-41;-41;"B_left";18
239;"22";"+2,41";"-0,41";"+2,73";"-0,00";273;0;"B_left";19
239;"6";"+1,52";"+2,93";"+1,00";"+3,00";152;293;"B_left";20
239;"20";"+1,52";"-0,93";"+2,00";"-0,73";200;-73;"B_left";21
239;"21";"+2,00";"-0,73";"+2,41";"-0,41";241;-41;"B_left";22
239;"1";"+3,00";"+1,00";"+2,93";"+1,52";300;100;"B_left";23
240;"13";"-1,00";"+1,00";"-0,93";"+0,48";-93;48;"B_left";0
240;"17";"-0,00";"-0,73";"+0,48";"-0,93";0;-73;"A_left";1
240;"14";"-0,93";"+0,48";"-0,73";"-0,00";-73;0;"B_left";2
240;"20";"+1,52";"-0,93";"+2,00";"-0,73";200;-73;"B_left";3
240;"24";"+2,93";"+0,48";"+3,00";"+1,00";300;100;"B_left";4
240;"5";"+2,00";"+2,73";"+1,52";"+2,93";200;273;"B_left";5
240;"8";"+0,48";"+2,93";"+0,00";"+2,73";48;293;"A_left";6
240;"22";"+2,41";"-0,41";"+2,73";"-0,00";273;0;"B_left";7
240;"7";"+1,00";"+3,00";"+0,48";"+2,93";100;300;"B_left";8
240;"18";"+0,48";"-0,93";"+1,00";"-1,00";48;-93;"A_left";9
240;"4";"+2,41";"+2,41";"+2,00";"+2,73";241;241;"A_left";10
240;"6";"+1,52";"+2,93";"+1,00";"+3,00";152;293;"A_left";11
240;"21";"+2,00";"-0,73";"+2,41";"-0,41";241;-41;"A_left";12
240;"1";"+3,00";"+1,00";"+2,93";"+1,52";293;152;"B_left";13
240;"12";"-0,93";"+1,52";"-1,00";"+1,00";-93;152;"B_left";14
240;"2";"+2,93";"+1,52";"+2,73";"+2,00";273;200;"A_left";15
240;"10";"-0,41";"+2,41";"-0,73";"+2,00";-41;241;"B_left";16
240;"16";"-0,41";"-0,41";"-0,00";"-0,73";-41;-41;"A_left";17
240;"9";"+0,00";"+2,73";"-0,41";"+2,41";0;273;"B_left";18
240;"3";"+2,73";"+2,00";"+2,41";"+2,41";241;241;"B_left";19
240;"23";"+2,73";"-0,00";"+2,93";"+0,48";293;48;"A_left";20
240;"19";"+1,00";"-1,00";"+1,52";"-0,93";152;-93;"B_left";21
240;"15";"-0,73";"-0,00";"-0,41";"-0,41";-41;-41;"B_left";22
240;"11";"-0,73";"+2,00";"-0,93";"+1,52";-73;200;"A_left";23
241;"12";"-0,93";"+1,52";"-1,00";"+1,00";-93;152;"A_left";0
241;"4";"+2,41";"+2,41";"+2,00";"+2,73";241;241;"B_left";1
241;"18";"+0,48";"-0,93";"+1,00";"-1,00";48;-93;"A_left";2
241;"11";"-0,73";"+2,00";"-0,93";"+1,52";-73;200;"B_left";3
241;"20";"+1,52";"-0,93";"+2,00";"-0,73";200;-73;"B_left";4
241;"23";"+2,73";"-0,00";"+2,93";"+0,48";293;48;"B_left";5
241;"9";"+0,00";"+2,73";"-0,41";"+2,41";0;273;"A_left";6
241;"14";"-0,93";"+0,48";"-0,73";"-0,00";-73;0;"B_left";7
241;"13";"-1,00";"+1,00";"-0,93";"+0,48";-93;48;"B_left";8
241;"5";"+2,00";"+2,73";"+1,52";"+2,93";200;273;"A_left";9
241;"8";"+0,48";"+2,93";"+0,00";"+2,73";48;293;"B_left";10
241;"15";"-0,73";"-0,00";"-0,41";"-0,41";-41;-41;"A_left";11
241;"2";"+2,93";"+1,52";"+2,73";"+2,00";273;200;"A_left";12
241;"6";"+1,52";"+2,93";"+1,00";"+3,00";152;293;"B_left";13
241;"24";"+2,93";"+0,48";"+3,00";"+1,00";300;100;"B_left";14
241;"10";"-0,41";"+2,41";"-0,73";"+2,00";-41;241;"A_left";15
241;"16";"-0,41";"-0,41";"-0,00";"-0,73";-41;-41;"A_left";16
241;"1";"+3,00";"+1,00";"+2,93";"+1,52";293;152;"B_left";17
241;"17";"-0,00";"-0,73";"+0,48";"-0,93";0;-73;"B_left";18
241;"22";"+2,41";"-0,41";"+2,73";"-0,00";273;0;"B_left";19
241;"3";"+2,73";"+2,00";"+2,41";"+2,41";241;241;"A_left";20
241;"7";"+1,00";"+3,00";"+0,48";"+2,93";100;300;"A_left";21
241;"19";"+1,00";"-1,00";"+1,52";"-0,93";152;-93;"B_left";22
241;"21";"+2,00";"-0,73";"+2,41";"-0,41";241;-41;"B_left";23
242;"11";"-0,73";"+2,00";"-0,93";"+1,52";-73;200;"B_left";0
242;"10";"-0,41";"+2,41";"-0,73";"+2,00";-41;241;"A_left";1
242;"23";"+2,73";"-0,00";"+2,93";"+0,48";293;48;"B_left";2
242;"5";"+2,00";"+2,73";"+1,52";"+2,93";200;273;"A_left";3
242;"17";"-0,00";"-0,73";"+0,48";"-0,93";48;-93;"B_left";4
242;"3";"+2,73";"+2,00";"+2,41";"+2,41";273;200;"B_left";5
242;"20";"+1,52";"-0,93";"+2,00";"-0,73";200;-73;"B_left";6
242;"14";"-0,93";"+0,48";"-0,73";"-0,00";-73;0;"A_left";7
242;"18";"+0,48";"-0,93";"+1,00";"-1,00";100;-100;"A_left";8
242;"22";"+2,41";"-0,41";"+2,73";"-0,00";273;0;"A_left";9
242;"16";"-0,41";"-0,41";"-0,00";"-0,73";0;-73;"A_left";10
242;"21";"+2,00";"-0,73";"+2,41";"-0,41";241;-41;"A_left";11
242;"6";"+1,52";"+2,93";"+1,00";"+3,00";152;293;"A_left";12
242;"24";"+2,93";"+0,48";"+3,00";"+1,00";300;100;"A_left";13
242;"15";"-0,73";"-0,00";"-0,41";"-0,41";-41;-41;"B_left";14
242;"13";"-1,00";"+1,00";"-0,93";"+0,48";-100;100;"B_left";15
242;"4";"+2,41";"+2,41";"+2,00";"+2,73";241;241;"A_left";16
242;"1";"+3,00";"+1,00";"+2,93";"+1,52";293;152;"A_left";17
242;"12";"-0,93";"+1,52";"-1,00";"+1,00";-93;152;"A_left";18
242;"7";"+1,00";"+3,00";"+0,48";"+2,93";100;300;"B_left";19
242;"19";"+1,00";"-1,00";"+1,52";"-0,93";152;-93;"B_left";20
242;"2";"+2,93";"+1,52";"+2,73";"+2,00";273;200;"B_left";21
242;"9";"+0,00";"+2,73";"-0,41";"+2,41";0;273;"B_left";22
242;"8";"+0,48";"+2,93";"+0,00";"+2,73";48;293;"B_left";23
243;"2";"+2,93";"+1,52";"+2,73";"+2,00";273;200;"B_left";0
243;"22";"+2,41";"-0,41";"+2,73";"-0,00";273;0;"A_left";1
243;"14";"-0,93";"+0,48";"-0,73";"-0,00";-73;0;"B_left";2
243;"3";"+2,73";"+2,00";"+2,41";"+2,41";241;241;"B_left";3
243;"13";"-1,00";"+1,00";"-0,93";"+0,48";-93;48;"B_left";4
243;"20";"+1,52";"-0,93";"+2,00";"-0,73";200;-73;"A_left";5
243;"15";"-0,73";"-0,00";"-0,41";"-0,41";-73;0;"B_left";6
243;"6";"+1,52";"+2,93";"+1,00";"+3,00";152;293;"A_left";7
243;"11";"-0,73";"+2,00";"-0,93";"+1,52";-73;200;"A_left";8
243;"24";"+2,93";"+0,48";"+3,00";"+1,00";300;100;"B_left";9
243;"7";"+1,00";"+3,00";"+0,48";"+2,93";100;300;"B_left";10
243;"19";"+1,00";"-1,00";"+1,52";"-0,93";152;-93;"A_left";11
243;"10";"-0,41";"+2,41";"-0,73";"+2,00";-41;241;"A_left";12
243;"21";"+2,00";"-0,73";"+2,41";"-0,41";241;-41;"A_left";13
243;"23";"+2,73";"-0,00";"+2,93";"+0,48";293;48;"B_left";14
243;"16";"-0,41";"-0,41";"-0,00";"-0,73";-41;-41;"B_left";15
243;"18";"+0,48";"-0,93";"+1,00";"-1,00";100;-100;"B_left";16
243;"12";"-0,93";"+1,52";"-1,00";"+1,00";-93;152;"A_left";17
243;"1";"+3,00";"+1,00";"+2,93";"+1,52";293;152;"B_left";18
243;"4";"+2,41";"+2,41";"+2,00";"+2,73";241;241;"B_left";19
243;"5";"+2,00";"+2,73";"+1,52";"+2,93";200;273;"A_left";20
243;"17";"-0,00";"-0,73";"+0,48";"-0,93";0;-73;"A_left";21
243;"9";"+0,00";"+2,73";"-0,41";"+2,41";0;273;"A_left";22
243;"8";"+0,48";"+2,93";"+0,00";"+2,73";48;293;"A_left";23
244;"15";"-0,73";"-0,00";"-0,41";"-0,41";-41;-41;"B_left";0
244;"7";"+1,00";"+3,00";"+0,48";"+2,93";100;300;"B_left";1
244;"19";"+1,00";"-1,00";"+1,52";"-0,93";152;-93;"B_left";2
244;"18";"+0,48";"-0,93";"+1,00";"-1,00";100;-100;"A_left";3
244;"9";"+0,00";"+2,73";"-0,41";"+2,41";0;273;"B_left";4
244;"14";"-0,93";"+0,48";"-0,73";"-0,00";-73;0;"B_left";5
244;"22";"+2,41";"-0,41";"+2,73";"-0,00";273;0;"A_left";6
244;"13";"-1,00";"+1,00";"-0,93";"+0,48";-93;48;"B_left";7
244;"10";"-0,41";"+2,41";"-0,73";"+2,00";-41;241;"B_left";8
244;"6";"+1,52";"+2,93";"+1,00";"+3,00";152;293;"B_left";9
244;"21";"+2,00";"-0,73";"+2,41";"-0,41";241;-41;"B_left";10
244;"20";"+1,52";"-0,93";"+2,00";"-0,73";200;-73;"B_left";11
244;"16";"-0,41";"-0,41";"-0,00";"-0,73";0;-73;"A_left";12
244;"4";"+2,41";"+2,41";"+2,00";"+2,73";241;241;"A_left";13
244;"23";"+2,73";"-0,00";"+2,93";"+0,48";293;48;"A_left";14
244;"12";"-0,93";"+1,52";"-1,00";"+1,00";-93;152;"B_left";15
244;"3";"+2,73";"+2,00";"+2,41";"+2,41";273;200;"A_left";16
244;"17";"-0,00";"-0,73";"+0,48";"-0,93";0;-73;"B_left";17
244;"1";"+3,00";"+1,00";"+2,93";"+1,52";300;100;"A_left";18
244;"2";"+2,93";"+1,52";"+2,73";"+2,00";293;152;"A_left";19
244;"5";"+2,00";"+2,73";"+1,52";"+2,93";200;273;"A_left";20
244;"24";"+2,93";"+0,48";"+3,00";"+1,00";300;100;"A_left";21
244;"8";"+0,48";"+2,93";"+0,00";"+2,73";48;293;"A_left";22
244;"11";"-0,73";"+2,00";"-0,93";"+1,52";-73;200;"B_left";23
245;"18";"+0,48";"-0,93";"+1,00";"-1,00";100;-100;"A_left";0
245;"11";"-0,73";"+2,00";"-0,93";"+1,52";-93;152;"B_left";1
245;"7";"+1,00";"+3,00";"+0,48";"+2,93";100;300;"B_left";2
245;"19";"+1,00";"-1,00";"+1,52";"-0,93";152;-93;"B_left";3
245;"5";"+2,00";"+2,73";"+1,52";"+2,93";200;273;"B_left";4
245;"17";"-0,00";"-0,73";"+0,48";"-0,93";48;-93;"A_left";5
245;"22";"+2,41";"-0,41";"+2,73";"-0,00";273;0;"B_left";6
245;"12";"-0,93";"+1,52";"-1,00";"+1,00";-93;152;"A_left";7
245;"24";"+2,93";"+0,48";"+3,00";"+1,00";300;100;"A_left";8
245;"14";"-0,93";"+0,48";"-0,73";"-0,00";-73;0;"B_left";9
245;"4";"+2,41";"+2,41";"+2,00";"+2,73";241;241;"A_left";10
245;"6";"+1,52";"+2,93";"+1,00";"+3,00";152;293;"B_left";11
245;"10";"-0,41";"+2,41";"-0,73";"+2,00";-41;241;"A_left";12
245;"16";"-0,41";"-0,41";"-0,00";"-0,73";0;-73;"B_left";13
245;"21";"+2,00";"-0,73";"+2,41";"-0,41";241;-41;"A_left";14
245;"2";"+2,93";"+1,52";"+2,73";"+2,00";293;152;"B_left";15
245;"1";"+3,00";"+1,00";"+2,93";"+1,52";300;100;"B_left";16
245;"20";"+1,52";"-0,93";"+2,00";"-0,73";200;-73;"B_left";17
245;"23";"+2,73";"-0,00";"+2,93";"+0,48";293;48;"A_left";18
245;"15";"-0,73";"-0,00";"-0,41";"-0,41";-41;-41;"B_left";19
245;"9";"+0,00";"+2,73";"-0,41";"+2,41";0;273;"B_left";20
245;"13";"-1,00";"+1,00";"-0,93";"+0,48";-93;48;"A_left";21
245;"8";"+0,48";"+2,93";"+0,00";"+2,73";48;293;"A_left";22
245;"3";"+2,73";"+2,00";"+2,41";"+2,41";273;200;"B_left";23
246;"18";"+0,48";"-0,93";"+1,00";"-1,00";100;-100;"B_left";0
246;"4";"+2,41";"+2,41";"+2,00";"+2,73";241;241;"B_left";1
246;"3";"+2,73";"+2,00";"+2,41";"+2,41";273;200;"B_left";2
246;"20";"+1,52";"-0,93";"+2,00";"-0,73";200;-73;"B_left";3
246;"2";"+2,93";"+1,52";"+2,73";"+2,00";293;152;"A_left";4
246;"14";"-0,93";"+0,48";"-0,73";"-0,00";-73;0;"A_left";5
246;"5";"+2,00";"+2,73";"+1,52";"+2,93";200;273;"A_left";6
246;"19";"+1,00";"-1,00";"+1,52";"-0,93";152;-93;"B_left";7
246;"22";"+2,41";"-0,41";"+2,73";"-0,00";273;0;"B_left";8
246;"7";"+1,00";"+3,00";"+0,48";"+2,93";100;300;"A_left";9
246;"13";"-1,00";"+1,00";"-0,93";"+0,48";-93;48;"B_left";10
246;"12";"-0,93";"+1,52";"-1,00";"+1,00";-93;152;"A_left";11
246;"17";"-0,00";"-0,73";"+0,48";"-0,93";48;-93;"A_left";12
246;"6";"+1,52";"+2,93";"+1,00";"+3,00";152;293;"B_left";13
246;"1";"+3,00";"+1,00";"+2,93";"+1,52";300;100;"A_left";14
246;"11";"-0,73";"+2,00";"-0,93";"+1,52";-73;200;"A_left";15
246;"9";"+0,00";"+2,73";"-0,41";"+2,41";0;273;"A_left";16
246;"8";"+0,48";"+2,93";"+0,00";"+2,73";48;293;"B_left";17
246;"16";"-0,41";"-0,41";"-0,00";"-0,73";0;-73;"A_left";18
246;"21";"+2,00";"-0,73";"+2,41";"-0,41";241;-41;"B_left";19
246;"23";"+2,73";"-0,00";"+2,93";"+0,48";293;48;"A_left";20
246;"10";"-0,41";"+2,41";"-0,73";"+2,00";-41;241;"A_left";21
246;"24";"+2,93";"+0,48";"+3,00";"+1,00";300;100;"B_left";22
246;"15";"-0,73";"-0,00";"-0,41";"-0,41";-41;-41;"B_left";23
247;"10";"-0,41";"+2,41";"-0,73";"+2,00";-41;241;"B_left";0
247;"12";"-0,93";"+1,52";"-1,00";"+1,00";-100;100;"B_left";1
247;"6";"+1,52";"+2,93";"+1,00";"+3,00";152;293;"A_left";2
247;"4";"+2,41";"+2,41";"+2,00";"+2,73";200;273;"B_left";3
247;"15";"-0,73";"-0,00";"-0,41";"-0,41";-41;-41;"A_left";4
247;"22";"+2,41";"-0,41";"+2,73";"-0,00";273;0;"B_left";5
247;"14";"-0,93";"+0,48";"-0,73";"-0,00";-93;48;"B_left";6
247;"17";"-0,00";"-0,73";"+0,48";"-0,93";48;-93;"B_left";7
247;"18";"+0,48";"-0,93";"+1,00";"-1,00";100;-100;"B_left";8
247;"7";"+1,00";"+3,00";"+0,48";"+2,93";100;300;"B_left";9
247;"16";"-0,41";"-0,41";"-0,00";"-0,73";-41;-41;"A_left";10
247;"20";"+1,52";"-0,93";"+2,00";"-0,73";200;-73;"A_left";11
247;"24";"+2,93";"+0,48";"+3,00";"+1,00";300;100;"A_left";12
247;"1";"+3,00";"+1,00";"+2,93";"+1,52";300;100;"B_left";13
247;"21";"+2,00";"-0,73";"+2,41";"-0,41";241;-41;"A_left";14
247;"11";"-0,73";"+2,00";"-0,93";"+1,52";-93;152;"B_left";15
247;"13";"-1,00";"+1,00";"-0,93";"+0,48";-93;48;"B_left";16
247;"19";"+1,00";"-1,00";"+1,52";"-0,93";152;-93;"A_left";17
247;"5";"+2,00";"+2,73";"+1,52";"+2,93";152;293;"A_left";18
247;"3";"+2,73";"+2,00";"+2,41";"+2,41";273;200;"B_left";19
247;"23";"+2,73";"-0,00";"+2,93";"+0,48";293;48;"A_left";20
247;"8";"+0,48";"+2,93";"+0,00";"+2,73";48;293;"B_left";21
247;"2";"+2,93";"+1,52";"+2,73";"+2,00";293;152;"A_left";22
247;"9";"+0,00";"+2,73";"-0,41";"+2,41";0;273;"B_left";23
248;"4";"+2,41";"+2,41";"+2,00";"+2,73";241;241;"A_left";0
248;"23";"+2,73";"-0,00";"+2,93";"+0,48";293;48;"B_left";1
248;"12";"-0,93";"+1,52";"-1,00";"+1,00";-100;100;"B_left";2
248;"15";"-0,73";"-0,00";"-0,41";"-0,41";-41;-41;"A_left";3
248;"22";"+2,41";"-0,41";"+2,73";"-0,00";241;-41;"A_left";4
248;"19";"+1,00";"-1,00";"+1,52";"-0,93";152;-93;"A_left";5
248;"1";"+3,00";"+1,00";"+2,93";"+1,52";300;100;"A_left";6
248;"13";"-1,00";"+1,00";"-0,93";"+0,48";-100;100;"A_left";7
248;"10";"-0,41";"+2,41";"-0,73";"+2,00";-41;241;"A_left";8
248;"6";"+1,52";"+2,93";"+1,00";"+3,00";152;293;"A_left";9
248;"18";"+0,48";"-0,93";"+1,00";"-1,00";100;-100;"B_left";10
248;"2";"+2,93";"+1,52";"+2,73";"+2,00";293;152;"A_left";11
248;"16";"-0,41";"-0,41";"-0,00";"-0,73";0;-73;"B_left";12
248;"24";"+2,93";"+0,48";"+3,00";"+1,00";300;100;"B_left";13
248;"14";"-0,93";"+0,48";"-0,73";"-0,00";-73;0;"B_left";14
248;"8";"+0,48";"+2,93";"+0,00";"+2,73";0;273;"B_left";15
248;"9";"+0,00";"+2,73";"-0,41";"+2,41";0;273;"B_left";16
248;"3";"+2,73";"+2,00";"+2,41";"+2,41";273;200;"B_left";17
248;"20";"+1,52";"-0,93";"+2,00";"-0,73";200;-73;"B_left";18
248;"17";"-0,00";"-0,73";"+0,48";"-0,93";48;-93;"B_left";19
248;"21";"+2,00";"-0,73";"+2,41";"-0,41";241;-41;"B_left";20
248;"7";"+1,00";"+3,00";"+0,48";"+2,93";100;300;"A_left";21
248;"5";"+2,00";"+2,73";"+1,52";"+2,93";200;273;"B_left";22
248;"11";"-0,73";"+2,00";"-0,93";"+1,52";-73;200;"A_left";23
249;"7";"+1,00";"+3,00";"+0,48";"+2,93";100;300;"A_left";0
249;"6";"+1,52";"+2,93";"+1,00";"+3,00";152;293;"B_left";1
249;"17";"-0,00";"-0,73";"+0,48";"-0,93";0;-73;"A_left";2
249;"8";"+0,48";"+2,93";"+0,00";"+2,73";48;293;"A_left";3
249;"22";"+2,41";"-0,41";"+2,73";"-0,00";273;0;"B_left";4
249;"21";"+2,00";"-0,73";"+2,41";"-0,41";200;-73;"B_left";5
249;"9";"+0,00";"+2,73";"-0,41";"+2,41";0;273;"A_left";6
249;"12";"-0,93";"+1,52";"-1,00";"+1,00";-100;100;"A_left";7
249;"13";"-1,00";"+1,00";"-0,93";"+0,48";-100;100;"B_left";8
249;"23";"+2,73";"-0,00";"+2,93";"+0,48";273;0;"A_left";9
249;"20";"+1,52";"-0,93";"+2,00";"-0,73";200;-73;"A_left";10
249;"10";"-0,41";"+2,41";"-0,73";"+2,00";-41;241;"B_left";11
249;"14";"-0,93";"+0,48";"-0,73";"-0,00";-73;0;"A_left";12
249;"4";"+2,41";"+2,41";"+2,00";"+2,73";241;241;"A_left";13
249;"5";"+2,00";"+2,73";"+1,52";"+2,93";200;273;"B_left";14
249;"11";"-0,73";"+2,00";"-0,93";"+1,52";-73;200;"A_left";15
249;"3";"+2,73";"+2,00";"+2,41";"+2,41";273;200;"A_left";16
249;"18";"+0,48";"-0,93";"+1,00";"-1,00";100;-100;"B_left";17
249;"15";"-0,73";"-0,00";"-0,41";"-0,41";-41;-41;"A_left";18
249;"2";"+2,93";"+1,52";"+2,73";"+2,00";273;200;"A_left";19
249;"19";"+1,00";"-1,00";"+1,52";"-0,93";152;-93;"B_left";20
249;"16";"-0,41";"-0,41";"-0,00";"-0,73";-41;-41;"A_left";21
249;"24";"+2,93";"+0,48";"+3,00";"+1,00";300;100;"B_left";22
249;"1";"+3,00";"+1,00";"+2,93";"+1,52";300;100;"A_left";23
250;"12";"-0,93";"+1,52";"-1,00";"+1,00";-93;152;"B_left";0
250;"1";"+3,00";"+1,00";"+2,93";"+1,52";300;100;"A_left";1
250;"21";"+2,00";"-0,73";"+2,41";"-0,41";241;-41;"B_left";2
250;"7";"+1,00";"+3,00";"+0,48";"+2,93";100;300;"A_left";3
250;"19";"+1,00";"-1,00";"+1,52";"-0,93";152;-93;"A_left";4
250;"24";"+2,93";"+0,48";"+3,00";"+1,00";300;100;"A_left";5
250;"20";"+1,52";"-0,93";"+2,00";"-0,73";200;-73;"B_left";6
250;"23";"+2,73";"-0,00";"+2,93";"+0,48";293;48;"B_left";7
250;"2";"+2,93";"+1,52";"+2,73";"+2,00";293;152;"B_left";8
250;"8";"+0,48";"+2,93";"+0,00";"+2,73";48;293;"B_left";9
250;"6";"+1,52";"+2,93";"+1,00";"+3,00";152;293;"A_left";10
250;"15";"-0,73";"-0,00";"-0,41";"-0,41";-41;-41;"B_left";11
250;"5";"+2,00";"+2,73";"+1,52";"+2,93";200;273;"A_left";12
250;"22";"+2,41";"-0,41";"+2,73";"-0,00";273;0;"B_left";13
250;"13";"-1,00";"+1,00";"-0,93";"+0,48";-93;48;"A_left";14
250;"17";"-0,00";"-0,73";"+0,48";"-0,93";48;-93;"A_left";15
250;"14";"-0,93";"+0,48";"-0,73";"-0,00";-73;0;"B_left";16
250;"10";"-0,41";"+2,41";"-0,73";"+2,00";-41;241;"B_left";17
250;"4";"+2,41";"+2,41";"+2,00";"+2,73";241;241;"A_left";18
250;"3";"+2,73";"+2,00";"+2,41";"+2,41";273;200;"A_left";19
250;"11";"-0,73";"+2,00";"-0,93";"+1,52";-73;200;"B_left";20
250;"16";"-0,41";"-0,41";"-0,00";"-0,73";0;-73;"B_left";21
250;"18";"+0,48";"-0,93";"+1,00";"-1,00";100;-100;"B_left";22
250;"9";"+0,00";"+2,73";"-0,41";"+2,41";0;273;"B_left";23
251;"23";"+2,73";"-0,00";"+2,93";"+0,48";293;48;"B_left";0
251;"17";"-0,00";"-0,73";"+0,48";"-0,93";48;-93;"A_left";1
251;"18";"+0,48";"-0,93";"+1,00";"-1,00";100;-100;"B_left";2
251;"21";"+2,00";"-0,73";"+2,41";"-0,41";241;-41;"A_left";3
251;"12";"-0,93";"+1,52";"-1,00";"+1,00";-93;152;"A_left";4
251;"6";"+1,52";"+2,93";"+1,00";"+3,00";152;293;"B_left";5
251;"13";"-1,00";"+1,00";"-0,93";"+0,48";-93;48;"A_left";6
251;"16";"-0,41";"-0,41";"-0,00";"-0,73";0;-73;"A_left";7
251;"10";"-0,41";"+2,41";"-0,73";"+2,00";-41;241;"B_left";8
251;"1";"+3,00";"+1,00";"+2,93";"+1,52";300;100;"A_left";9
251;"11";"-0,73";"+2,00";"-0,93";"+1,52";-73;200;"B_left";10
251;"8";"+0,48";"+2,93";"+0,00";"+2,73";48;293;"B_left";11
251;"5";"+2,00";"+2,73";"+1,52";"+2,93";200;273;"A_left";12
251;"24";"+2,93";"+0,48";"+3,00";"+1,00";300;100;"B_left";13
251;"15";"-0,73";"-0,00";"-0,41";"-0,41";-41;-41;"B_left";14
251;"3";"+2,73";"+2,00";"+2,41";"+2,41";273;200;"A_left";15
251;"14";"-0,93";"+0,48";"-0,73";"-0,00";-73;0;"B_left";16
251;"7";"+1,00";"+3,00";"+0,48";"+2,93";100;300;"B_left";17
251;"2";"+2,93";"+1,52";"+2,73";"+2,00";293;152;"A_left";18
251;"22";"+2,41";"-0,41";"+2,73";"-0,00";273;0;"B_left";19
251;"4";"+2,41";"+2,41";"+2,00";"+2,73";241;241;"A_left";20
251;"20";"+1,52";"-0,93";"+2,00";"-0,73";200;-73;"B_left";21
251;"19";"+1,00";"-1,00";"+1,52";"-0,93";152;-93;"B_left";22
251;"9";"+0,00";"+2,73";"-0,41";"+2,41";0;273;"B_left";23
252;"14";"-0,93";"+0,48";"-0,73";"-0,00";-73;0;"A_left";0
252;"10";"-0,41";"+2,41";"-0,73";"+2,00";-41;241;"A_left";1
252;"6";"+1,52";"+2,93";"+1,00";"+3,00";152;293;"B_left";2
252;"21";"+2,00";"-0,73";"+2,41";"-0,41";241;-41;"A_left";3
252;"7";"+1,00";"+3,00";"+0,48";"+2,93";100;300;"A_left";4
252;"9";"+0,00";"+2,73";"-0,41";"+2,41";0;273;"A_left";5
252;"3";"+2,73";"+2,00";"+2,41";"+2,41";241;241;"B_left";6
252;"5";"+2,00";"+2,73";"+1,52";"+2,93";200;273;"B_left";7
252;"19";"+1,00";"-1,00";"+1,52";"-0,93";100;-100;"A_left";8
252;"22";"+2,41";"-0,41";"+2,73";"-0,00";273;0;"A_left";9
252;"17";"-0,00";"-0,73";"+0,48";"-0,93";0;-73;"A_left";10
252;"23";"+2,73";"-0,00";"+2,93";"+0,48";293;48;"B_left";11
252;"16";"-0,41";"-0,41";"-0,00";"-0,73";0;-73;"B_left";12
252;"2";"+2,93";"+1,52";"+2,73";"+2,00";293;152;"A_left";13
252;"12";"-0,93";"+1,52";"-1,00";"+1,00";-93;152;"B_left";14
252;"4";"+2,41";"+2,41";"+2,00";"+2,73";241;241;"A_left";15
252;"15";"-0,73";"-0,00";"-0,41";"-0,41";-41;-41;"B_left";16
252;"8";"+0,48";"+2,93";"+0,00";"+2,73";48;293;"A_left";17
252;"11";"-0,73";"+2,00";"-0,93";"+1,52";-73;200;"A_left";18
252;"20";"+1,52";"-0,93";"+2,00";"-0,73";200;-73;"B_left";19
252;"24";"+2,93";"+0,48";"+3,00";"+1,00";293;48;"A_left";20
252;"1";"+3,00";"+1,00";"+2,93";"+1,52";293;152;"B_left";21
252;"13";"-1,00";"+1,00";"-0,93";"+0,48";-93;48;"B_left";22
252;"18";"+0,48";"-0,93";"+1,00";"-1,00";100;-100;"B_left";23
253;"2";"+2,93";"+1,52";"+2,73";"+2,00";293;152;"A_left";0
253;"12";"-0,93";"+1,52";"-1,00";"+1,00";-93;152;"A_left";1
253;"4";"+2,41";"+2,41";"+2,00";"+2,73";241;241;"A_left";2
253;"15";"-0,73";"-0,00";"-0,41";"-0,41";-41;-41;"A_left";3
253;"10";"-0,41";"+2,41";"-0,73";"+2,00";-41;241;"A_left";4
253;"16";"-0,41";"-0,41";"-0,00";"-0,73";0;-73;"B_left";5
253;"14";"-0,93";"+0,48";"-0,73";"-0,00";-73;0;"A_left";6
253;"13";"-1,00";"+1,00";"-0,93";"+0,48";-93;48;"A_left";7
253;"23";"+2,73";"-0,00";"+2,93";"+0,48";293;48;"B_left";8
253;"5";"+2,00";"+2,73";"+1,52";"+2,93";200;273;"B_left";9
253;"7";"+1,00";"+3,00";"+0,48";"+2,93";100;300;"B_left";10
253;"3";"+2,73";"+2,00";"+2,41";"+2,41";273;200;"A_left";11
253;"9";"+0,00";"+2,73";"-0,41";"+2,41";0;273;"B_left";12
253;"20";"+1,52";"-0,93";"+2,00";"-0,73";200;-73;"A_left";13
253;"6";"+1,52";"+2,93";"+1,00";"+3,00";152;293;"A_left";14
253;"18";"+0,48";"-0,93";"+1,00";"-1,00";100;-100;"B_left";15
253;"8";"+0,48";"+2,93";"+0,00";"+2,73";48;293;"A_left";16
253;"1";"+3,00";"+1,00";"+2,93";"+1,52";300;100;"A_left";17
253;"11";"-0,73";"+2,00";"-0,93";"+1,52";-73;200;"B_left";18
253;"22";"+2,41";"-0,41";"+2,73";"-0,00";273;0;"B_left";19
253;"24";"+2,93";"+0,48";"+3,00";"+1,00";300;100;"B_left";20
253;"17";"-0,00";"-0,73";"+0,48";"-0,93";48;-93;"B_left";21
253;"21";"+2,00";"-0,73";"+2,41";"-0,41";241;-41;"A_left";22
254;"2";"+2,93";"+1,52";"+2,73";"+2,00";293;152;"A_left";0
254;"12";"-0,93";"+1,52";"-1,00";"+1,00";-93;152;"A_left";1
254;"4";"+2,41";"+2,41";"+2,00";"+2,73";241;241;"A_left";2
254;"15";"-0,73";"-0,00";"-0,41";"-0,41";-41;-41;"A_left";3
254;"10";"-0,41";"+2,41";"-0,73";"+2,00";-41;241;"A_left";4
254;"16";"-0,41";"-0,41";"-0,00";"-0,73";0;-73;"B_left";5
254;"14";"-0,93";"+0,48";"-0,73";"-0,00";-73;0;"A_left";6
254;"13";"-1,00";"+1,00";"-0,93";"+0,48";-93;48;"A_left";7
254;"23";"+2,73";"-0,00";"+2,93";"+0,48";293;48;"B_left";8
254;"5";"+2,00";"+2,73";"+1,52";"+2,93";200;273;"B_left";9
254;"7";"+1,00";"+3,00";"+0,48";"+2,93";100;300;"B_left";10
254;"3";"+2,73";"+2,00";"+2,41";"+2,41";273;200;"A_left";11
254;"9";"+0,00";"+2,73";"-0,41";"+2,41";0;273;"B_left";12
254;"20";"+1,52";"-0,93";"+2,00";"-0,73";200;-73;"A_left";13
254;"6";"+1,52";"+2,93";"+1,00";"+3,00";152;293;"A_left";14
254;"18";"+0,48";"-0,93";"+1,00";"-1,00";100;-100;"B_left";15
254;"8";"+0,48";"+2,93";"+0,00";"+2,73";48;293;"A_left";16
254;"1";"+3,00";"+1,00";"+2,93";"+1,52";300;100;"A_left";17
254;"11";"-0,73";"+2,00";"-0,93";"+1,52";-73;200;"B_left";18
254;"22";"+2,41";"-0,41";"+2,73";"-0,00";273;0;"B_left";19
254;"24";"+2,93";"+0,48";"+3,00";"+1,00";300;100;"B_left";20
254;"17";"-0,00";"-0,73";"+0,48";"-0,93";48;-93;"B_left";21
254;"21";"+2,00";"-0,73";"+2,41";"-0,41";241;-41;"A_left";22
254;"19";"+1,00";"-1,00";"+1,52";"-0,93";152;-93;"B_left";23
255;"4";"+2,41";"+2,41";"+2,00";"+2,73";241;241;"A_left";0
255;"15";"-0,73";"-0,00";"-0,41";"-0,41";-41;-41;"A_left";1
255;"22";"+2,41";"-0,41";"+2,73";"-0,00";273;0;"B_left";2
255;"5";"+2,00";"+2,73";"+1,52";"+2,93";200;273;"A_left";3
255;"21";"+2,00";"-0,73";"+2,41";"-0,41";241;-41;"A_left";4
255;"3";"+2,73";"+2,00";"+2,41";"+2,41";273;200;"A_left";5
255;"12";"-0,93";"+1,52";"-1,00";"+1,00";-93;152;"B_left";6
255;"2";"+2,93";"+1,52";"+2,73";"+2,00";293;152;"B_left";7
255;"19";"+1,00";"-1,00";"+1,52";"-0,93";152;-93;"B_left";8
255;"11";"-0,73";"+2,00";"-0,93";"+1,52";-73;200;"A_left";9
255;"17";"-0,00";"-0,73";"+0,48";"-0,93";48;-93;"A_left";10
255;"24";"+2,93";"+0,48";"+3,00";"+1,00";300;100;"A_left";11
255;"20";"+1,52";"-0,93";"+2,00";"-0,73";200;-73;"B_left";12
255;"6";"+1,52";"+2,93";"+1,00";"+3,00";152;293;"B_left";13
255;"13";"-1,00";"+1,00";"-0,93";"+0,48";-93;48;"B_left";14
255;"18";"+0,48";"-0,93";"+1,00";"-1,00";100;-100;"B_left";15
255;"10";"-0,41";"+2,41";"-0,73";"+2,00";-41;241;"A_left";16
255;"7";"+1,00";"+3,00";"+0,48";"+2,93";100;300;"A_left";17
255;"14";"-0,93";"+0,48";"-0,73";"-0,00";-73;0;"A_left";18
255;"16";"-0,41";"-0,41";"-0,00";"-0,73";0;-73;"A_left";19
255;"9";"+0,00";"+2,73";"-0,41";"+2,41";0;273;"A_left";20
255;"23";"+2,73";"-0,00";"+2,93";"+0,48";293;48;"A_left";21
255;"8";"+0,48";"+2,93";"+0,00";"+2,73";48;293;"B_left";22
255;"1";"+3,00";"+1,00";"+2,93";"+1,52";300;100;"A_left";23
256;"21";"+2,00";"-0,73";"+2,41";"-0,41";241;-41;"A_left";0
256;"18";"+0,48";"-0,93";"+1,00";"-1,00";100;-100;"A_left";1
256;"11";"-0,73";"+2,00";"-0,93";"+1,52";-73;200;"B_left";2
256;"8";"+0,48";"+2,93";"+0,00";"+2,73";48;293;"B_left";3
256;"2";"+2,93";"+1,52";"+2,73";"+2,00";273;200;"B_left";4
256;"15";"-0,73";"-0,00";"-0,41";"-0,41";-41;-41;"A_left";5
256;"3";"+2,73";"+2,00";"+2,41";"+2,41";241;241;"A_left";6
256;"19";"+1,00";"-1,00";"+1,52";"-0,93";152;-93;"B_left";7
256;"24";"+2,93";"+0,48";"+3,00";"+1,00";300;100;"B_left";8
256;"4";"+2,41";"+2,41";"+2,00";"+2,73";241;241;"A_left";9
256;"7";"+1,00";"+3,00";"+0,48";"+2,93";100;300;"A_left";10
256;"20";"+1,52";"-0,93";"+2,00";"-0,73";200;-73;"A_left";11
256;"14";"-0,93";"+0,48";"-0,73";"-0,00";-73;0;"A_left";12
256;"6";"+1,52";"+2,93";"+1,00";"+3,00";152;293;"B_left";13
256;"17";"-0,00";"-0,73";"+0,48";"-0,93";48;-93;"A_left";14
256;"9";"+0,00";"+2,73";"-0,41";"+2,41";0;273;"B_left";15
256;"5";"+2,00";"+2,73";"+1,52";"+2,93";200;273;"A_left";16
256;"22";"+2,41";"-0,41";"+2,73";"-0,00";273;0;"B_left";17
256;"23";"+2,73";"-0,00";"+2,93";"+0,48";293;48;"A_left";18
256;"16";"-0,41";"-0,41";"-0,00";"-0,73";-41;-41;"B_left";19
256;"1";"+3,00";"+1,00";"+2,93";"+1,52";293;152;"A_left";20
256;"13";"-1,00";"+1,00";"-0,93";"+0,48";-93;48;"B_left";21
256;"12";"-0,93";"+1,52";"-1,00";"+1,00";-93;152;"A_left";22
256;"10";"-0,41";"+2,41";"-0,73";"+2,00";-41;241;"B_left";23
257;"4";"+2,41";"+2,41";"+2,00";"+2,73";241;241;"B_left";0
257;"2";"+2,93";"+1,52";"+2,73";"+2,00";293;152;"A_left";1
257;"24";"+2,93";"+0,48";"+3,00";"+1,00";300;100;"B_left";2
257;"22";"+2,41";"-0,41";"+2,73";"-0,00";241;-41;"A_left";3
257;"1";"+3,00";"+1,00";"+2,93";"+1,52";293;152;"A_left";4
257;"17";"-0,00";"-0,73";"+0,48";"-0,93";48;-93;"A_left";5
257;"23";"+2,73";"-0,00";"+2,93";"+0,48";293;48;"B_left";6
257;"21";"+2,00";"-0,73";"+2,41";"-0,41";241;-41;"A_left";7
257;"20";"+1,52";"-0,93";"+2,00";"-0,73";152;-93;"A_left";8
257;"19";"+1,00";"-1,00";"+1,52";"-0,93";152;-93;"A_left";9
257;"6";"+1,52";"+2,93";"+1,00";"+3,00";100;300;"B_left";10
257;"13";"-1,00";"+1,00";"-0,93";"+0,48";-93;48;"A_left";11
257;"11";"-0,73";"+2,00";"-0,93";"+1,52";-93;152;"B_left";12
257;"7";"+1,00";"+3,00";"+0,48";"+2,93";48;293;"B_left";13
257;"10";"-0,41";"+2,41";"-0,73";"+2,00";-73;200;"A_left";14
257;"3";"+2,73";"+2,00";"+2,41";"+2,41";273;200;"B_left";15
257;"18";"+0,48";"-0,93";"+1,00";"-1,00";48;-93;"A_left";16
257;"14";"-0,93";"+0,48";"-0,73";"-0,00";-93;48;"A_left";17
257;"8";"+0,48";"+2,93";"+0,00";"+2,73";48;293;"B_left";18
257;"16";"-0,41";"-0,41";"-0,00";"-0,73";-41;-41;"A_left";19
257;"9";"+0,00";"+2,73";"-0,41";"+2,41";0;273;"B_left";20
257;"5";"+2,00";"+2,73";"+1,52";"+2,93";200;273;"A_left";21
257;"15";"-0,73";"-0,00";"-0,41";"-0,41";-41;-41;"A_left";22
257;"12";"-0,93";"+1,52";"-1,00";"+1,00";-93;152;"A_left";23
258;"24";"+2,93";"+0,48";"+3,00";"+1,00";300;100;"B_left";0
258;"23";"+2,73";"-0,00";"+2,93";"+0,48";293;48;"B_left";1
258;"10";"-0,41";"+2,41";"-0,73";"+2,00";-41;241;"A_left";2
258;"21";"+2,00";"-0,73";"+2,41";"-0,41";241;-41;"A_left";3
258;"5";"+2,00";"+2,73";"+1,52";"+2,93";200;273;"B_left";4
258;"15";"-0,73";"-0,00";"-0,41";"-0,41";-41;-41;"A_left";5
258;"9";"+0,00";"+2,73";"-0,41";"+2,41";0;273;"A_left";6
258;"7";"+1,00";"+3,00";"+0,48";"+2,93";100;300;"B_left";7
258;"14";"-0,93";"+0,48";"-0,73";"-0,00";-73;0;"B_left";8
258;"4";"+2,41";"+2,41";"+2,00";"+2,73";241;241;"A_left";9
258;"20";"+1,52";"-0,93";"+2,00";"-0,73";200;-73;"B_left";10
258;"22";"+2,41";"-0,41";"+2,73";"-0,00";273;0;"A_left";11
258;"13";"-1,00";"+1,00";"-0,93";"+0,48";-100;100;"A_left";12
258;"11";"-0,73";"+2,00";"-0,93";"+1,52";-73;200;"B_left";13
258;"8";"+0,48";"+2,93";"+0,00";"+2,73";48;293;"B_left";14
258;"18";"+0,48";"-0,93";"+1,00";"-1,00";100;-100;"B_left";15
258;"2";"+2,93";"+1,52";"+2,73";"+2,00";273;200;"A_left";16
258;"1";"+3,00";"+1,00";"+2,93";"+1,52";293;152;"B_left";17
258;"12";"-0,93";"+1,52";"-1,00";"+1,00";-93;152;"B_left";18
258;"3";"+2,73";"+2,00";"+2,41";"+2,41";241;241;"B_left";19
258;"17";"-0,00";"-0,73";"+0,48";"-0,93";0;-73;"A_left";20
258;"19";"+1,00";"-1,00";"+1,52";"-0,93";152;-93;"A_left";21
258;"6";"+1,52";"+2,93";"+1,00";"+3,00";152;293;"A_left";22
258;"16";"-0,41";"-0,41";"-0,00";"-0,73";-41;-41;"B_left";23
259;"6";"+1,52";"+2,93";"+1,00";"+3,00";152;293;"B_left";0
259;"9";"+0,00";"+2,73";"-0,41";"+2,41";0;273;"B_left";1
259;"23";"+2,73";"-0,00";"+2,93";"+0,48";293;48;"A_left";2
259;"10";"-0,41";"+2,41";"-0,73";"+2,00";-41;241;"A_left";3
259;"18";"+0,48";"-0,93";"+1,00";"-1,00";100;-100;"B_left";4
259;"3";"+2,73";"+2,00";"+2,41";"+2,41";241;241;"B_left";5
259;"13";"-1,00";"+1,00";"-0,93";"+0,48";-100;100;"B_left";6
259;"11";"-0,73";"+2,00";"-0,93";"+1,52";-73;200;"A_left";7
259;"1";"+3,00";"+1,00";"+2,93";"+1,52";293;152;"B_left";8
259;"20";"+1,52";"-0,93";"+2,00";"-0,73";200;-73;"B_left";9
259;"16";"-0,41";"-0,41";"-0,00";"-0,73";-41;-41;"B_left";10
259;"17";"-0,00";"-0,73";"+0,48";"-0,93";48;-93;"B_left";11
259;"22";"+2,41";"-0,41";"+2,73";"-0,00";273;0;"A_left";12
259;"14";"-0,93";"+0,48";"-0,73";"-0,00";-73;0;"A_left";13
259;"4";"+2,41";"+2,41";"+2,00";"+2,73";241;241;"A_left";14
259;"8";"+0,48";"+2,93";"+0,00";"+2,73";48;293;"B_left";15
259;"24";"+2,93";"+0,48";"+3,00";"+1,00";300;100;"A_left";16
259;"5";"+2,00";"+2,73";"+1,52";"+2,93";200;273;"B_left";17
259;"19";"+1,00";"-1,00";"+1,52";"-0,93";152;-93;"B_left";18
259;"7";"+1,00";"+3,00";"+0,48";"+2,93";100;300;"B_left";19
259;"21";"+2,00";"-0,73";"+2,41";"-0,41";241;-41;"B_left";20
259;"12";"-0,93";"+1,52";"-1,00";"+1,00";-93;152;"B_left";21
259;"15";"-0,73";"-0,00";"-0,41";"-0,41";-41;-41;"B_left";22
259;"2";"+2,93";"+1,52";"+2,73";"+2,00";273;200;"B_left";23
260;"10";"-0,41";"+2,41";"-0,73";"+2,00";-41;241;"B_left";0
260;"20";"+1,52";"-0,93";"+2,00";"-0,73";200;-73;"B_left";1
260;"19";"+1,00";"-1,00";"+1,52";"-0,93";152;-93;"A_left";2
260;"24";"+2,93";"+0,48";"+3,00";"+1,00";300;100;"A_left";3
260;"12";"-0,93";"+1,52";"-1,00";"+1,00";-93;152;"A_left";4
260;"7";"+1,00";"+3,00";"+0,48";"+2,93";100;300;"B_left";5
260;"14";"-0,93";"+0,48";"-0,73";"-0,00";-93;48;"B_left";6
260;"17";"-0,00";"-0,73";"+0,48";"-0,93";48;-93;"A_left";7
260;"13";"-1,00";"+1,00";"-0,93";"+0,48";-100;100;"B_left";8
260;"18";"+0,48";"-0,93";"+1,00";"-1,00";100;-100;"B_left";9
260;"6";"+1,52";"+2,93";"+1,00";"+3,00";152;293;"A_left";10
260;"1";"+3,00";"+1,00";"+2,93";"+1,52";293;152;"B_left";11
260;"4";"+2,41";"+2,41";"+2,00";"+2,73";241;241;"B_left";12
260;"8";"+0,48";"+2,93";"+0,00";"+2,73";48;293;"A_left";13
260;"23";"+2,73";"-0,00";"+2,93";"+0,48";293;48;"B_left";14
260;"3";"+2,73";"+2,00";"+2,41";"+2,41";273;200;"B_left";15
260;"16";"-0,41";"-0,41";"-0,00";"-0,73";0;-73;"B_left";16
260;"2";"+2,93";"+1,52";"+2,73";"+2,00";293;152;"A_left";17
260;"11";"-0,73";"+2,00";"-0,93";"+1,52";-73;200;"B_left";18
260;"5";"+2,00";"+2,73";"+1,52";"+2,93";200;273;"A_left";19
260;"15";"-0,73";"-0,00";"-0,41";"-0,41";-41;-41;"A_left";20
260;"21";"+2,00";"-0,73";"+2,41";"-0,41";241;-41;"B_left";21
260;"9";"+0,00";"+2,73";"-0,41";"+2,41";0;273;"A_left";22
260;"22";"+2,41";"-0,41";"+2,73";"-0,00";273;0;"B_left";23
261;"7";"+1,00";"+3,00";"+0,48";"+2,93";100;300;"B_left";0
261;"2";"+2,93";"+1,52";"+2,73";"+2,00";293;152;"A_left";1
261;"22";"+2,41";"-0,41";"+2,73";"-0,00";273;0;"B_left";2
261;"23";"+2,73";"-0,00";"+2,93";"+0,48";293;48;"A_left";3
261;"12";"-0,93";"+1,52";"-1,00";"+1,00";-93;152;"A_left";4
261;"11";"-0,73";"+2,00";"-0,93";"+1,52";-73;200;"A_left";5
261;"24";"+2,93";"+0,48";"+3,00";"+1,00";300;100;"B_left";6
261;"17";"-0,00";"-0,73";"+0,48";"-0,93";48;-93;"B_left";7
261;"15";"-0,73";"-0,00";"-0,41";"-0,41";-41;-41;"A_left";8
261;"18";"+0,48";"-0,93";"+1,00";"-1,00";100;-100;"B_left";9
261;"16";"-0,41";"-0,41";"-0,00";"-0,73";0;-73;"B_left";10
261;"21";"+2,00";"-0,73";"+2,41";"-0,41";241;-41;"B_left";11
261;"9";"+0,00";"+2,73";"-0,41";"+2,41";0;273;"A_left";12
261;"19";"+1,00";"-1,00";"+1,52";"-0,93";152;-93;"A_left";13
261;"14";"-0,93";"+0,48";"-0,73";"-0,00";-73;0;"B_left";14
261;"8";"+0,48";"+2,93";"+0,00";"+2,73";48;293;"B_left";15
261;"3";"+2,73";"+2,00";"+2,41";"+2,41";273;200;"B_left";16
261;"20";"+1,52";"-0,93";"+2,00";"-0,73";200;-73;"B_left";17
261;"1";"+3,00";"+1,00";"+2,93";"+1,52";300;100;"A_left";18
261;"5";"+2,00";"+2,73";"+1,52";"+2,93";200;273;"B_left";19
261;"4";"+2,41";"+2,41";"+2,00";"+2,73";241;241;"B_left";20
261;"10";"-0,41";"+2,41";"-0,73";"+2,00";-41;241;"A_left";21
261;"13";"-1,00";"+1,00";"-0,93";"+0,48";-93;48;"B_left";22
261;"6";"+1,52";"+2,93";"+1,00";"+3,00";152;293;"A_left";23
262;"18";"+0,48";"-0,93";"+1,00";"-1,00";100;-100;"A_left";0
262;"6";"+1,52";"+2,93";"+1,00";"+3,00";152;293;"B_left";1
262;"8";"+0,48";"+2,93";"+0,00";"+2,73";48;293;"B_left";2
262;"17";"-0,00";"-0,73";"+0,48";"-0,93";48;-93;"A_left";3
262;"9";"+0,00";"+2,73";"-0,41";"+2,41";0;273;"B_left";4
262;"24";"+2,93";"+0,48";"+3,00";"+1,00";300;100;"B_left";5
262;"20";"+1,52";"-0,93";"+2,00";"-0,73";200;-73;"A_left";6
262;"23";"+2,73";"-0,00";"+2,93";"+0,48";293;48;"A_left";7
262;"16";"-0,41";"-0,41";"-0,00";"-0,73";0;-73;"A_left";8
262;"7";"+1,00";"+3,00";"+0,48";"+2,93";100;300;"B_left";9
262;"11";"-0,73";"+2,00";"-0,93";"+1,52";-73;200;"A_left";10
262;"14";"-0,93";"+0,48";"-0,73";"-0,00";-73;0;"B_left";11
262;"10";"-0,41";"+2,41";"-0,73";"+2,00";-41;241;"B_left";12
262;"21";"+2,00";"-0,73";"+2,41";"-0,41";241;-41;"B_left";13
262;"15";"-0,73";"-0,00";"-0,41";"-0,41";-41;-41;"B_left";14
262;"4";"+2,41";"+2,41";"+2,00";"+2,73";241;241;"A_left";15
262;"5";"+2,00";"+2,73";"+1,52";"+2,93";200;273;"A_left";16
262;"13";"-1,00";"+1,00";"-0,93";"+0,48";-100;100;"A_left";17
262;"12";"-0,93";"+1,52";"-1,00";"+1,00";-93;152;"B_left";18
262;"2";"+2,93";"+1,52";"+2,73";"+2,00";293;152;"B_left";19
262;"1";"+3,00";"+1,00";"+2,93";"+1,52";300;100;"A_left";20
262;"3";"+2,73";"+2,00";"+2,41";"+2,41";273;200;"B_left";21
262;"22";"+2,41";"-0,41";"+2,73";"-0,00";273;0;"B_left";22
262;"19";"+1,00";"-1,00";"+1,52";"-0,93";152;-93;"B_left";23
263;"14";"-0,93";"+0,48";"-0,73";"-0,00";-73;0;"A_left";0
263;"21";"+2,00";"-0,73";"+2,41";"-0,41";241;-41;"A_left";1
263;"18";"+0,48";"-0,93";"+1,00";"-1,00";100;-100;"B_left";2
263;"19";"+1,00";"-1,00";"+1,52";"-0,93";152;-93;"B_left";3
263;"1";"+3,00";"+1,00";"+2,93";"+1,52";300;100;"B_left";4
263;"7";"+1,00";"+3,00";"+0,48";"+2,93";100;300;"B_left";5
263;"4";"+2,41";"+2,41";"+2,00";"+2,73";241;241;"A_left";6
263;"13";"-1,00";"+1,00";"-0,93";"+0,48";-93;48;"B_left";7
263;"12";"-0,93";"+1,52";"-1,00";"+1,00";-93;152;"B_left";8
263;"3";"+2,73";"+2,00";"+2,41";"+2,41";273;200;"B_left";9
263;"15";"-0,73";"-0,00";"-0,41";"-0,41";-41;-41;"B_left";10
263;"9";"+0,00";"+2,73";"-0,41";"+2,41";0;273;"A_left";11
263;"20";"+1,52";"-0,93";"+2,00";"-0,73";200;-73;"A_left";12
263;"10";"-0,41";"+2,41";"-0,73";"+2,00";-41;241;"A_left";13
263;"24";"+2,93";"+0,48";"+3,00";"+1,00";300;100;"B_left";14
263;"22";"+2,41";"-0,41";"+2,73";"-0,00";273;0;"A_left";15
263;"17";"-0,00";"-0,73";"+0,48";"-0,93";48;-93;"B_left";16
263;"2";"+2,93";"+1,52";"+2,73";"+2,00";293;152;"B_left";17
263;"16";"-0,41";"-0,41";"-0,00";"-0,73";0;-73;"A_left";18
263;"23";"+2,73";"-0,00";"+2,93";"+0,48";293;48;"B_left";19
263;"6";"+1,52";"+2,93";"+1,00";"+3,00";152;293;"A_left";20
263;"11";"-0,73";"+2,00";"-0,93";"+1,52";-73;200;"B_left";21
263;"5";"+2,00";"+2,73";"+1,52";"+2,93";200;273;"B_left";22
263;"8";"+0,48";"+2,93";"+0,00";"+2,73";48;293;"B_left";23
264;"23";"+2,73";"-0,00";"+2,93";"+0,48";293;48;"B_left";0
264;"14";"-0,93";"+0,48";"-0,73";"-0,00";-93;48;"A_left";1
264;"1";"+3,00";"+1,00";"+2,93";"+1,52";293;152;"B_left";2
264;"6";"+1,52";"+2,93";"+1,00";"+3,00";152;293;"A_left";3
264;"18";"+0,48";"-0,93";"+1,00";"-1,00";100;-100;"A_left";4
264;"9";"+0,00";"+2,73";"-0,41";"+2,41";0;273;"B_left";5
264;"15";"-0,73";"-0,00";"-0,41";"-0,41";-73;0;"B_left";6
264;"24";"+2,93";"+0,48";"+3,00";"+1,00";300;100;"B_left";7
264;"12";"-0,93";"+1,52";"-1,00";"+1,00";-93;152;"B_left";8
264;"10";"-0,41";"+2,41";"-0,73";"+2,00";-41;241;"A_left";9
264;"19";"+1,00";"-1,00";"+1,52";"-0,93";152;-93;"B_left";10
264;"11";"-0,73";"+2,00";"-0,93";"+1,52";-73;200;"B_left";11
264;"5";"+2,00";"+2,73";"+1,52";"+2,93";200;273;"A_left";12
264;"20";"+1,52";"-0,93";"+2,00";"-0,73";200;-73;"B_left";13
264;"4";"+2,41";"+2,41";"+2,00";"+2,73";241;241;"A_left";14
264;"17";"-0,00";"-0,73";"+0,48";"-0,93";48;-93;"B_left";15
264;"21";"+2,00";"-0,73";"+2,41";"-0,41";241;-41;"B_left";16
264;"3";"+2,73";"+2,00";"+2,41";"+2,41";241;241;"B_left";17
264;"7";"+1,00";"+3,00";"+0,48";"+2,93";100;300;"B_left";18
264;"22";"+2,41";"-0,41";"+2,73";"-0,00";273;0;"A_left";19
264;"8";"+0,48";"+2,93";"+0,00";"+2,73";48;293;"B_left";20
264;"13";"-1,00";"+1,00";"-0,93";"+0,48";-100;100;"A_left";21
264;"16";"-0,41";"-0,41";"-0,00";"-0,73";-41;-41;"A_left";22
264;"2";"+2,93";"+1,52";"+2,73";"+2,00";273;200;"A_left";23
265;"17";"-0,00";"-0,73";"+0,48";"-0,93";48;-93;"B_left";0
265;"23";"+2,73";"-0,00";"+2,93";"+0,48";273;0;"A_left";1
265;"3";"+2,73";"+2,00";"+2,41";"+2,41";273;200;"B_left";2
265;"15";"-0,73";"-0,00";"-0,41";"-0,41";-41;-41;"A_left";3
265;"6";"+1,52";"+2,93";"+1,00";"+3,00";152;293;"B_left";4
265;"13";"-1,00";"+1,00";"-0,93";"+0,48";-93;48;"A_left";5
265;"2";"+2,93";"+1,52";"+2,73";"+2,00";293;152;"A_left";6
265;"24";"+2,93";"+0,48";"+3,00";"+1,00";300;100;"B_left";7
265;"22";"+2,41";"-0,41";"+2,73";"-0,00";273;0;"A_left";8
265;"18";"+0,48";"-0,93";"+1,00";"-1,00";100;-100;"A_left";9
265;"21";"+2,00";"-0,73";"+2,41";"-0,41";241;-41;"A_left";10
265;"16";"-0,41";"-0,41";"-0,00";"-0,73";0;-73;"A_left";11
265;"7";"+1,00";"+3,00";"+0,48";"+2,93";100;300;"B_left";12
265;"9";"+0,00";"+2,73";"-0,41";"+2,41";0;273;"B_left";13
265;"8";"+0,48";"+2,93";"+0,00";"+2,73";48;293;"A_left";14
265;"10";"-0,41";"+2,41";"-0,73";"+2,00";-41;241;"A_left";15
265;"4";"+2,41";"+2,41";"+2,00";"+2,73";241;241;"B_left";16
265;"14";"-0,93";"+0,48";"-0,73";"-0,00";-73;0;"A_left";17
265;"20";"+1,52";"-0,93";"+2,00";"-0,73";200;-73;"A_left";18
265;"11";"-0,73";"+2,00";"-0,93";"+1,52";-73;200;"A_left";19
265;"1";"+3,00";"+1,00";"+2,93";"+1,52";293;152;"B_left";20
265;"5";"+2,00";"+2,73";"+1,52";"+2,93";200;273;"A_left";21
265;"19";"+1,00";"-1,00";"+1,52";"-0,93";152;-93;"A_left";22
265;"12";"-0,93";"+1,52";"-1,00";"+1,00";-100;100;"B_left";23
266;"16";"-0,41";"-0,41";"-0,00";"-0,73";-41;-41;"B_left";0
266;"9";"+0,00";"+2,73";"-0,41";"+2,41";0;273;"A_left";1
266;"10";"-0,41";"+2,41";"-0,73";"+2,00";-41;241;"B_left";2
266;"4";"+2,41";"+2,41";"+2,00";"+2,73";241;241;"B_left";3
266;"8";"+0,48";"+2,93";"+0,00";"+2,73";48;293;"A_left";4
266;"12";"-0,93";"+1,52";"-1,00";"+1,00";-100;100;"A_left";5
266;"19";"+1,00";"-1,00";"+1,52";"-0,93";152;-93;"A_left";6
266;"21";"+2,00";"-0,73";"+2,41";"-0,41";241;-41;"B_left";7
266;"23";"+2,73";"-0,00";"+2,93";"+0,48";293;48;"A_left";8
266;"7";"+1,00";"+3,00";"+0,48";"+2,93";100;300;"A_left";9
266;"20";"+1,52";"-0,93";"+2,00";"-0,73";200;-73;"A_left";10
266;"2";"+2,93";"+1,52";"+2,73";"+2,00";273;200;"A_left";11
266;"15";"-0,73";"-0,00";"-0,41";"-0,41";-41;-41;"B_left";12
266;"11";"-0,73";"+2,00";"-0,93";"+1,52";-73;200;"B_left";13
266;"13";"-1,00";"+1,00";"-0,93";"+0,48";-93;48;"A_left";14
266;"22";"+2,41";"-0,41";"+2,73";"-0,00";273;0;"B_left";15
266;"24";"+2,93";"+0,48";"+3,00";"+1,00";300;100;"A_left";16
266;"5";"+2,00";"+2,73";"+1,52";"+2,93";200;273;"B_left";17
266;"3";"+2,73";"+2,00";"+2,41";"+2,41";241;241;"B_left";18
266;"6";"+1,52";"+2,93";"+1,00";"+3,00";152;293;"B_left";19
266;"14";"-0,93";"+0,48";"-0,73";"-0,00";-73;0;"A_left";20
266;"18";"+0,48";"-0,93";"+1,00";"-1,00";48;-93;"A_left";21
266;"17";"-0,00";"-0,73";"+0,48";"-0,93";0;-73;"A_left";22
266;"1";"+3,00";"+1,00";"+2,93";"+1,52";293;152;"B_left";23
267;"12";"-0,93";"+1,52";"-1,00";"+1,00";-100;100;"A_left";0
267;"21";"+2,00";"-0,73";"+2,41";"-0,41";241;-41;"B_left";1
267;"24";"+2,93";"+0,48";"+3,00";"+1,00";300;100;"A_left";2
267;"23";"+2,73";"-0,00";"+2,93";"+0,48";273;0;"B_left";3
267;"20";"+1,52";"-0,93";"+2,00";"-0,73";200;-73;"A_left";4
267;"4";"+2,41";"+2,41";"+2,00";"+2,73";241;241;"B_left";5
267;"15";"-0,73";"-0,00";"-0,41";"-0,41";-41;-41;"A_left";6
267;"19";"+1,00";"-1,00";"+1,52";"-0,93";152;-93;"B_left";7
267;"11";"-0,73";"+2,00";"-0,93";"+1,52";-73;200;"B_left";8
267;"14";"-0,93";"+0,48";"-0,73";"-0,00";-73;0;"B_left";9
267;"1";"+3,00";"+1,00";"+2,93";"+1,52";300;100;"B_left";10
267;"6";"+1,52";"+2,93";"+1,00";"+3,00";152;293;"B_left";11
267;"22";"+2,41";"-0,41";"+2,73";"-0,00";273;0;"A_left";12
267;"2";"+2,93";"+1,52";"+2,73";"+2,00";273;200;"B_left";13
267;"16";"-0,41";"-0,41";"-0,00";"-0,73";-41;-41;"B_left";14
267;"8";"+0,48";"+2,93";"+0,00";"+2,73";48;293;"B_left";15
267;"5";"+2,00";"+2,73";"+1,52";"+2,93";200;273;"A_left";16
267;"7";"+1,00";"+3,00";"+0,48";"+2,93";100;300;"A_left";17
267;"3";"+2,73";"+2,00";"+2,41";"+2,41";241;241;"A_left";18
267;"10";"-0,41";"+2,41";"-0,73";"+2,00";-41;241;"B_left";19
267;"9";"+0,00";"+2,73";"-0,41";"+2,41";0;273;"B_left";20
267;"13";"-1,00";"+1,00";"-0,93";"+0,48";-93;48;"A_left";21
267;"18";"+0,48";"-0,93";"+1,00";"-1,00";48;-93;"A_left";22
267;"17";"-0,00";"-0,73";"+0,48";"-0,93";0;-73;"A_left";23
268;"7";"+1,00";"+3,00";"+0,48";"+2,93";100;300;"B_left";0
268;"5";"+2,00";"+2,73";"+1,52";"+2,93";200;273;"A_left";1
268;"13";"-1,00";"+1,00";"-0,93";"+0,48";-93;48;"B_left";2
268;"14";"-0,93";"+0,48";"-0,73";"-0,00";-93;48;"B_left";3
268;"6";"+1,52";"+2,93";"+1,00";"+3,00";152;293;"A_left";4
268;"23";"+2,73";"-0,00";"+2,93";"+0,48";293;48;"A_left";5
268;"24";"+2,93";"+0,48";"+3,00";"+1,00";300;100;"A_left";6
268;"22";"+2,41";"-0,41";"+2,73";"-0,00";273;0;"A_left";7
268;"10";"-0,41";"+2,41";"-0,73";"+2,00";-41;241;"B_left";8
268;"4";"+2,41";"+2,41";"+2,00";"+2,73";241;241;"A_left";9
268;"20";"+1,52";"-0,93";"+2,00";"-0,73";200;-73;"A_left";10
268;"16";"-0,41";"-0,41";"-0,00";"-0,73";-41;-41;"B_left";11
268;"21";"+2,00";"-0,73";"+2,41";"-0,41";241;-41;"A_left";12
268;"2";"+2,93";"+1,52";"+2,73";"+2,00";273;200;"B_left";13
268;"8";"+0,48";"+2,93";"+0,00";"+2,73";48;293;"A_left";14
268;"3";"+2,73";"+2,00";"+2,41";"+2,41";241;241;"A_left";15
268;"9";"+0,00";"+2,73";"-0,41";"+2,41";0;273;"A_left";16
268;"15";"-0,73";"-0,00";"-0,41";"-0,41";-73;0;"A_left";17
268;"17";"-0,00";"-0,73";"+0,48";"-0,93";48;-93;"A_left";18
268;"1";"+3,00";"+1,00";"+2,93";"+1,52";293;152;"A_left";19
268;"12";"-0,93";"+1,52";"-1,00";"+1,00";-93;152;"B_left";20
268;"18";"+0,48";"-0,93";"+1,00";"-1,00";48;-93;"B_left";21
268;"19";"+1,00";"-1,00";"+1,52";"-0,93";100;-100;"B_left";22
268;"11";"-0,73";"+2,00";"-0,93";"+1,52";-73;200;"B_left";23
269;"17";"-0,00";"-0,73";"+0,48";"-0,93";48;-93;"B_left";0
269;"19";"+1,00";"-1,00";"+1,52";"-0,93";152;-93;"A_left";1
269;"11";"-0,73";"+2,00";"-0,93";"+1,52";-73;200;"A_left";2
269;"21";"+2,00";"-0,73";"+2,41";"-0,41";241;-41;"A_left";3
269;"3";"+2,73";"+2,00";"+2,41";"+2,41";241;241;"A_left";4
269;"5";"+2,00";"+2,73";"+1,52";"+2,93";200;273;"A_left";5
269;"7";"+1,00";"+3,00";"+0,48";"+2,93";100;300;"A_left";6
269;"16";"-0,41";"-0,41";"-0,00";"-0,73";0;-73;"B_left";7
269;"8";"+0,48";"+2,93";"+0,00";"+2,73";48;293;"A_left";8
269;"18";"+0,48";"-0,93";"+1,00";"-1,00";100;-100;"B_left";9
269;"22";"+2,41";"-0,41";"+2,73";"-0,00";273;0;"A_left";10
269;"24";"+2,93";"+0,48";"+3,00";"+1,00";300;100;"B_left";11
269;"23";"+2,73";"-0,00";"+2,93";"+0,48";293;48;"B_left";12
269;"12";"-0,93";"+1,52";"-1,00";"+1,00";-93;152;"A_left";13
269;"4";"+2,41";"+2,41";"+2,00";"+2,73";241;241;"A_left";14
269;"9";"+0,00";"+2,73";"-0,41";"+2,41";0;273;"A_left";15
269;"15";"-0,73";"-0,00";"-0,41";"-0,41";-41;-41;"B_left";16
269;"20";"+1,52";"-0,93";"+2,00";"-0,73";200;-73;"B_left";17
269;"1";"+3,00";"+1,00";"+2,93";"+1,52";293;152;"A_left";18
269;"2";"+2,93";"+1,52";"+2,73";"+2,00";273;200;"A_left";19
269;"13";"-1,00";"+1,00";"-0,93";"+0,48";-100;100;"A_left";20
269;"14";"-0,93";"+0,48";"-0,73";"-0,00";-93;48;"A_left";21
269;"6";"+1,52";"+2,93";"+1,00";"+3,00";152;293;"B_left";22
269;"10";"-0,41";"+2,41";"-0,73";"+2,00";-41;241;"B_left";23
270;"22";"+2,41";"-0,41";"+2,73";"-0,00";273;0;"B_left";0
270;"6";"+1,52";"+2,93";"+1,00";"+3,00";152;293;"A_left";1
270;"17";"-0,00";"-0,73";"+0,48";"-0,93";48;-93;"B_left";2
270;"12";"-0,93";"+1,52";"-1,00";"+1,00";-100;100;"A_left";3
270;"18";"+0,48";"-0,93";"+1,00";"-1,00";48;-93;"A_left";4
270;"23";"+2,73";"-0,00";"+2,93";"+0,48";293;48;"A_left";5
270;"2";"+2,93";"+1,52";"+2,73";"+2,00";273;200;"B_left";6
270;"20";"+1,52";"-0,93";"+2,00";"-0,73";200;-73;"B_left";7
270;"16";"-0,41";"-0,41";"-0,00";"-0,73";-41;-41;"B_left";8
270;"7";"+1,00";"+3,00";"+0,48";"+2,93";100;300;"B_left";9
270;"8";"+0,48";"+2,93";"+0,00";"+2,73";48;293;"A_left";10
270;"11";"-0,73";"+2,00";"-0,93";"+1,52";-73;200;"A_left";11
270;"19";"+1,00";"-1,00";"+1,52";"-0,93";152;-93;"A_left";12
270;"13";"-1,00";"+1,00";"-0,93";"+0,48";-100;100;"A_left";13
270;"10";"-0,41";"+2,41";"-0,73";"+2,00";-41;241;"B_left";14
270;"3";"+2,73";"+2,00";"+2,41";"+2,41";241;241;"B_left";15
270;"9";"+0,00";"+2,73";"-0,41";"+2,41";0;273;"A_left";16
270;"21";"+2,00";"-0,73";"+2,41";"-0,41";241;-41;"A_left";17
270;"1";"+3,00";"+1,00";"+2,93";"+1,52";293;152;"B_left";18
270;"14";"-0,93";"+0,48";"-0,73";"-0,00";-93;48;"A_left";19
270;"15";"-0,73";"-0,00";"-0,41";"-0,41";-41;-41;"B_left";20
270;"5";"+2,00";"+2,73";"+1,52";"+2,93";200;273;"B_left";21
270;"4";"+2,41";"+2,41";"+2,00";"+2,73";241;241;"A_left";22
270;"24";"+2,93";"+0,48";"+3,00";"+1,00";300;100;"A_left";23
271;"16";"-0,41";"-0,41";"-0,00";"-0,73";0;-73;"A_left";0
271;"12";"-0,93";"+1,52";"-1,00";"+1,00";-93;152;"A_left";1
271;"19";"+1,00";"-1,00";"+1,52";"-0,93";152;-93;"A_left";2
271;"5";"+2,00";"+2,73";"+1,52";"+2,93";200;273;"B_left";3
271;"17";"-0,00";"-0,73";"+0,48";"-0,93";48;-93;"A_left";4
271;"3";"+2,73";"+2,00";"+2,41";"+2,41";241;241;"B_left";5
271;"14";"-0,93";"+0,48";"-0,73";"-0,00";-93;48;"A_left";6
271;"23";"+2,73";"-0,00";"+2,93";"+0,48";293;48;"A_left";7
271;"13";"-1,00";"+1,00";"-0,93";"+0,48";-100;100;"B_left";8
271;"4";"+2,41";"+2,41";"+2,00";"+2,73";241;241;"A_left";9
271;"18";"+0,48";"-0,93";"+1,00";"-1,00";100;-100;"B_left";10
271;"15";"-0,73";"-0,00";"-0,41";"-0,41";-41;-41;"B_left";11
271;"2";"+2,93";"+1,52";"+2,73";"+2,00";293;152;"B_left";12
271;"8";"+0,48";"+2,93";"+0,00";"+2,73";48;293;"A_left";13
271;"7";"+1,00";"+3,00";"+0,48";"+2,93";100;300;"A_left";14
271;"22";"+2,41";"-0,41";"+2,73";"-0,00";273;0;"A_left";15
271;"20";"+1,52";"-0,93";"+2,00";"-0,73";200;-73;"A_left";16
271;"24";"+2,93";"+0,48";"+3,00";"+1,00";300;100;"A_left";17
271;"11";"-0,73";"+2,00";"-0,93";"+1,52";-73;200;"B_left";18
271;"10";"-0,41";"+2,41";"-0,73";"+2,00";-41;241;"A_left";19
271;"6";"+1,52";"+2,93";"+1,00";"+3,00";152;293;"A_left";20
271;"21";"+2,00";"-0,73";"+2,41";"-0,41";241;-41;"B_left";21
271;"1";"+3,00";"+1,00";"+2,93";"+1,52";300;100;"A_left";22
271;"9";"+0,00";"+2,73";"-0,41";"+2,41";0;273;"A_left";23
272;"22";"+2,41";"-0,41";"+2,73";"-0,00";273;0;"A_left";0
272;"5";"+2,00";"+2,73";"+1,52";"+2,93";200;273;"A_left";1
272;"16";"-0,41";"-0,41";"-0,00";"-0,73";0;-73;"B_left";2
272;"10";"-0,41";"+2,41";"-0,73";"+2,00";-41;241;"B_left";3
272;"24";"+2,93";"+0,48";"+3,00";"+1,00";300;100;"A_left";4
272;"23";"+2,73";"-0,00";"+2,93";"+0,48";293;48;"B_left";5
272;"14";"-0,93";"+0,48";"-0,73";"-0,00";-73;0;"A_left";6
272;"20";"+1,52";"-0,93";"+2,00";"-0,73";200;-73;"A_left";7
272;"21";"+2,00";"-0,73";"+2,41";"-0,41";241;-41;"A_left";8
272;"6";"+1,52";"+2,93";"+1,00";"+3,00";152;293;"B_left";9
272;"13";"-1,00";"+1,00";"-0,93";"+0,48";-93;48;"B_left";10
272;"15";"-0,73";"-0,00";"-0,41";"-0,41";-41;-41;"A_left";11
272;"11";"-0,73";"+2,00";"-0,93";"+1,52";-73;200;"A_left";12
272;"7";"+1,00";"+3,00";"+0,48";"+2,93";100;300;"B_left";13
272;"4";"+2,41";"+2,41";"+2,00";"+2,73";241;241;"B_left";14
272;"19";"+1,00";"-1,00";"+1,52";"-0,93";152;-93;"A_left";15
272;"17";"-0,00";"-0,73";"+0,48";"-0,93";48;-93;"B_left";16
272;"18";"+0,48";"-0,93";"+1,00";"-1,00";100;-100;"B_left";17
272;"1";"+3,00";"+1,00";"+2,93";"+1,52";300;100;"B_left";18
272;"12";"-0,93";"+1,52";"-1,00";"+1,00";-93;152;"B_left";19
272;"9";"+0,00";"+2,73";"-0,41";"+2,41";0;273;"B_left";20
272;"3";"+2,73";"+2,00";"+2,41";"+2,41";273;200;"B_left";21
272;"2";"+2,93";"+1,52";"+2,73";"+2,00";293;152;"A_left";22
272;"8";"+0,48";"+2,93";"+0,00";"+2,73";48;293;"B_left";23
273;"17";"-0,00";"-0,73";"+0,48";"-0,93";48;-93;"A_left";0
273;"7";"+1,00";"+3,00";"+0,48";"+2,93";100;300;"B_left";1
273;"11";"-0,73";"+2,00";"-0,93";"+1,52";-73;200;"B_left";2
273;"3";"+2,73";"+2,00";"+2,41";"+2,41";273;200;"A_left";3
273;"10";"-0,41";"+2,41";"-0,73";"+2,00";-41;241;"A_left";4
273;"15";"-0,73";"-0,00";"-0,41";"-0,41";-41;-41;"A_left";5
273;"13";"-1,00";"+1,00";"-0,93";"+0,48";-93;48;"A_left";6
273;"21";"+2,00";"-0,73";"+2,41";"-0,41";241;-41;"B_left";7
273;"6";"+1,52";"+2,93";"+1,00";"+3,00";152;293;"B_left";8
273;"18";"+0,48";"-0,93";"+1,00";"-1,00";100;-100;"A_left";9
273;"14";"-0,93";"+0,48";"-0,73";"-0,00";-73;0;"B_left";10
273;"24";"+2,93";"+0,48";"+3,00";"+1,00";300;100;"A_left";11
273;"19";"+1,00";"-1,00";"+1,52";"-0,93";152;-93;"A_left";12
273;"23";"+2,73";"-0,00";"+2,93";"+0,48";293;48;"B_left";13
273;"5";"+2,00";"+2,73";"+1,52";"+2,93";200;273;"A_left";14
273;"8";"+0,48";"+2,93";"+0,00";"+2,73";48;293;"A_left";15
273;"12";"-0,93";"+1,52";"-1,00";"+1,00";-93;152;"A_left";16
273;"22";"+2,41";"-0,41";"+2,73";"-0,00";273;0;"B_left";17
273;"4";"+2,41";"+2,41";"+2,00";"+2,73";241;241;"A_left";18
273;"1";"+3,00";"+1,00";"+2,93";"+1,52";300;100;"A_left";19
273;"2";"+2,93";"+1,52";"+2,73";"+2,00";293;152;"B_left";20
273;"9";"+0,00";"+2,73";"-0,41";"+2,41";0;273;"A_left";21
273;"20";"+1,52";"-0,93";"+2,00";"-0,73";200;-73;"A_left";22
273;"16";"-0,41";"-0,41";"-0,00";"-0,73";0;-73;"A_left";23
